segment_id,track_sample_id,original_audio,label,label_id,genre,generator,split,cache_index
seg_000000,sample_00000,"10,000 People Chanting, ""I'm an Individual"" - Nihilore",REAL,0,Electronic,,train,0
seg_000001,sample_00000,"10,000 People Chanting, ""I'm an Individual"" - Nihilore",REAL,0,Electronic,,train,1
seg_000002,sample_00000,"10,000 People Chanting, ""I'm an Individual"" - Nihilore",REAL,0,Electronic,,train,2
seg_000003,sample_00001,1984 - Punk Rock Opera,REAL,0,Rock,,train,3
seg_000004,sample_00001,1984 - Punk Rock Opera,REAL,0,Rock,,train,4
seg_000005,sample_00001,1984 - Punk Rock Opera,REAL,0,Rock,,train,5
seg_000006,sample_00002,2 (Wasn't There) - Isle of Pine,REAL,0,Rock,,val,6
seg_000007,sample_00002,2 (Wasn't There) - Isle of Pine,REAL,0,Rock,,val,7
seg_000008,sample_00002,2 (Wasn't There) - Isle of Pine,REAL,0,Rock,,val,8
seg_000009,sample_00003,2Much (Andy Spinelli & Alex Sánchez House Edit) - Tentacles,REAL,0,Electronic,,test,9
seg_000010,sample_00003,2Much (Andy Spinelli & Alex Sánchez House Edit) - Tentacles,REAL,0,Electronic,,test,10
seg_000011,sample_00003,2Much (Andy Spinelli & Alex Sánchez House Edit) - Tentacles,REAL,0,Electronic,,test,11
seg_000012,sample_00004,3 am West End - statusq,REAL,0,Electronic,,test,12
seg_000013,sample_00004,3 am West End - statusq,REAL,0,Electronic,,test,13
seg_000014,sample_00004,3 am West End - statusq,REAL,0,Electronic,,test,14
seg_000015,sample_00005,5 (Lexington) - Isle of Pine,REAL,0,Rock,,test,15
seg_000016,sample_00005,5 (Lexington) - Isle of Pine,REAL,0,Rock,,test,16
seg_000017,sample_00005,5 (Lexington) - Isle of Pine,REAL,0,Rock,,test,17
seg_000018,sample_00006,"50,000 Volts of Democracy mp3 - Legally Blind",REAL,0,Rock,,train,18
seg_000019,sample_00006,"50,000 Volts of Democracy mp3 - Legally Blind",REAL,0,Rock,,train,19
seg_000020,sample_00006,"50,000 Volts of Democracy mp3 - Legally Blind",REAL,0,Rock,,train,20
seg_000021,sample_00007,"6 (Coat of Arms, Close) - Isle of Pine",REAL,0,Rock,,train,21
seg_000022,sample_00007,"6 (Coat of Arms, Close) - Isle of Pine",REAL,0,Rock,,train,22
seg_000023,sample_00007,"6 (Coat of Arms, Close) - Isle of Pine",REAL,0,Rock,,train,23
seg_000024,sample_00008,A Dark Blue Arc - Pipe Choir,REAL,0,Rock,,train,24
seg_000025,sample_00008,A Dark Blue Arc - Pipe Choir,REAL,0,Rock,,train,25
seg_000026,sample_00008,A Dark Blue Arc - Pipe Choir,REAL,0,Rock,,train,26
seg_000027,sample_00009,A Different World By Night - Nihilore,REAL,0,Electronic,,train,27
seg_000028,sample_00009,A Different World By Night - Nihilore,REAL,0,Electronic,,train,28
seg_000029,sample_00009,A Different World By Night - Nihilore,REAL,0,Electronic,,train,29
seg_000030,sample_00010,A Lady In Red With A Plan To Steal - Did You Just Hex Me?,REAL,0,Rock,,train,30
seg_000031,sample_00010,A Lady In Red With A Plan To Steal - Did You Just Hex Me?,REAL,0,Rock,,train,31
seg_000032,sample_00010,A Lady In Red With A Plan To Steal - Did You Just Hex Me?,REAL,0,Rock,,train,32
seg_000033,sample_00011,Acoustic Unleashed - Remain,REAL,0,Electronic,,train,33
seg_000034,sample_00011,Acoustic Unleashed - Remain,REAL,0,Electronic,,train,34
seg_000035,sample_00011,Acoustic Unleashed - Remain,REAL,0,Electronic,,train,35
seg_000036,sample_00012,Ad Astra - P C III,REAL,0,Electronic,,train,36
seg_000037,sample_00012,Ad Astra - P C III,REAL,0,Electronic,,train,37
seg_000038,sample_00012,Ad Astra - P C III,REAL,0,Electronic,,train,38
seg_000039,sample_00013,Agora - Malaventura,REAL,0,Pop,,val,39
seg_000040,sample_00013,Agora - Malaventura,REAL,0,Pop,,val,40
seg_000041,sample_00013,Agora - Malaventura,REAL,0,Pop,,val,41
seg_000042,sample_00014,All of Us - Eric Skiff,REAL,0,Electronic,,train,42
seg_000043,sample_00014,All of Us - Eric Skiff,REAL,0,Electronic,,train,43
seg_000044,sample_00014,All of Us - Eric Skiff,REAL,0,Electronic,,train,44
seg_000045,sample_00015,Ancient Whispers I - P C III,REAL,0,Electronic,,train,45
seg_000046,sample_00015,Ancient Whispers I - P C III,REAL,0,Electronic,,train,46
seg_000047,sample_00015,Ancient Whispers I - P C III,REAL,0,Electronic,,train,47
seg_000048,sample_00016,And Over The Rainbows - milky-chu,REAL,0,Electronic,,train,48
seg_000049,sample_00016,And Over The Rainbows - milky-chu,REAL,0,Electronic,,train,49
seg_000050,sample_00016,And Over The Rainbows - milky-chu,REAL,0,Electronic,,train,50
seg_000051,sample_00017,Apparitions Under Glass - Sarin,REAL,0,Rock,,train,51
seg_000052,sample_00017,Apparitions Under Glass - Sarin,REAL,0,Rock,,train,52
seg_000053,sample_00017,Apparitions Under Glass - Sarin,REAL,0,Rock,,train,53
seg_000054,sample_00018,"Aquamarine, My Distant Blue - Nihilore",REAL,0,Electronic,,train,54
seg_000055,sample_00018,"Aquamarine, My Distant Blue - Nihilore",REAL,0,Electronic,,train,55
seg_000056,sample_00018,"Aquamarine, My Distant Blue - Nihilore",REAL,0,Electronic,,train,56
seg_000057,sample_00019,Artificial anxiety - Michett,REAL,0,Electronic,,train,57
seg_000058,sample_00019,Artificial anxiety - Michett,REAL,0,Electronic,,train,58
seg_000059,sample_00019,Artificial anxiety - Michett,REAL,0,Electronic,,train,59
seg_000060,sample_00020,As Nihilism Gives Way To Existentialism - Nihilore,REAL,0,Electronic,,train,60
seg_000061,sample_00020,As Nihilism Gives Way To Existentialism - Nihilore,REAL,0,Electronic,,train,61
seg_000062,sample_00020,As Nihilism Gives Way To Existentialism - Nihilore,REAL,0,Electronic,,train,62
seg_000063,sample_00021,Attention - Pete Prodoehl,REAL,0,Rock,,test,63
seg_000064,sample_00021,Attention - Pete Prodoehl,REAL,0,Rock,,test,64
seg_000065,sample_00021,Attention - Pete Prodoehl,REAL,0,Rock,,test,65
seg_000066,sample_00022,Authenticity - Nihilore,REAL,0,Electronic,,train,66
seg_000067,sample_00022,Authenticity - Nihilore,REAL,0,Electronic,,train,67
seg_000068,sample_00022,Authenticity - Nihilore,REAL,0,Electronic,,train,68
seg_000069,sample_00023,Autobahn - S-B-J,REAL,0,Electronic,,train,69
seg_000070,sample_00023,Autobahn - S-B-J,REAL,0,Electronic,,train,70
seg_000071,sample_00023,Autobahn - S-B-J,REAL,0,Electronic,,train,71
seg_000072,sample_00024,"Autopsy - Oh Yeah, the Future",REAL,0,Pop,,train,72
seg_000073,sample_00024,"Autopsy - Oh Yeah, the Future",REAL,0,Pop,,train,73
seg_000074,sample_00024,"Autopsy - Oh Yeah, the Future",REAL,0,Pop,,train,74
seg_000075,sample_00025,Bergwald Bergwald - Every Now and Every Then,REAL,0,Rock,,train,75
seg_000076,sample_00025,Bergwald Bergwald - Every Now and Every Then,REAL,0,Rock,,train,76
seg_000077,sample_00025,Bergwald Bergwald - Every Now and Every Then,REAL,0,Rock,,train,77
seg_000078,sample_00026,Better Run Away From Me - Miss Derringer,REAL,0,Rock,,train,78
seg_000079,sample_00026,Better Run Away From Me - Miss Derringer,REAL,0,Rock,,train,79
seg_000080,sample_00026,Better Run Away From Me - Miss Derringer,REAL,0,Rock,,train,80
seg_000081,sample_00027,Beyond Luxury - Mors Ontologica,REAL,0,Rock,,val,81
seg_000082,sample_00027,Beyond Luxury - Mors Ontologica,REAL,0,Rock,,val,82
seg_000083,sample_00027,Beyond Luxury - Mors Ontologica,REAL,0,Rock,,val,83
seg_000084,sample_00028,Bizzy - The Tleilaxu Music Machine,REAL,0,Electronic,,test,84
seg_000085,sample_00028,Bizzy - The Tleilaxu Music Machine,REAL,0,Electronic,,test,85
seg_000086,sample_00028,Bizzy - The Tleilaxu Music Machine,REAL,0,Electronic,,test,86
seg_000087,sample_00029,Black Panda - The Crypts!,REAL,0,Rock,,train,87
seg_000088,sample_00029,Black Panda - The Crypts!,REAL,0,Rock,,train,88
seg_000089,sample_00029,Black Panda - The Crypts!,REAL,0,Rock,,train,89
seg_000090,sample_00030,Breathe New Life - Scott Holmes,REAL,0,Rock,,train,90
seg_000091,sample_00030,Breathe New Life - Scott Holmes,REAL,0,Rock,,train,91
seg_000092,sample_00030,Breathe New Life - Scott Holmes,REAL,0,Rock,,train,92
seg_000093,sample_00031,Breeze Funk - Malaventura,REAL,0,Pop,,train,93
seg_000094,sample_00031,Breeze Funk - Malaventura,REAL,0,Pop,,train,94
seg_000095,sample_00031,Breeze Funk - Malaventura,REAL,0,Pop,,train,95
seg_000096,sample_00032,Burn - Room For A Ghost,REAL,0,Rock,,train,96
seg_000097,sample_00032,Burn - Room For A Ghost,REAL,0,Rock,,train,97
seg_000098,sample_00032,Burn - Room For A Ghost,REAL,0,Rock,,train,98
seg_000099,sample_00033,Busby Berkeley - Ergo Phizmiz,REAL,0,Pop,,train,99
seg_000100,sample_00033,Busby Berkeley - Ergo Phizmiz,REAL,0,Pop,,train,100
seg_000101,sample_00033,Busby Berkeley - Ergo Phizmiz,REAL,0,Pop,,train,101
seg_000102,sample_00034,Cassie Lace - The Zombie Dandies,REAL,0,Rock,,train,102
seg_000103,sample_00034,Cassie Lace - The Zombie Dandies,REAL,0,Rock,,train,103
seg_000104,sample_00034,Cassie Lace - The Zombie Dandies,REAL,0,Rock,,train,104
seg_000105,sample_00035,Celia - Ergo Phizmiz,REAL,0,Pop,,train,105
seg_000106,sample_00035,Celia - Ergo Phizmiz,REAL,0,Pop,,train,106
seg_000107,sample_00035,Celia - Ergo Phizmiz,REAL,0,Pop,,train,107
seg_000108,sample_00036,Chipho instrumental - RoccoW,REAL,0,Electronic,,train,108
seg_000109,sample_00036,Chipho instrumental - RoccoW,REAL,0,Electronic,,train,109
seg_000110,sample_00036,Chipho instrumental - RoccoW,REAL,0,Electronic,,train,110
seg_000111,sample_00037,Clay Heart - Nihilore,REAL,0,Electronic,,train,111
seg_000112,sample_00037,Clay Heart - Nihilore,REAL,0,Electronic,,train,112
seg_000113,sample_00037,Clay Heart - Nihilore,REAL,0,Electronic,,train,113
seg_000114,sample_00038,Cloudy - Subway Sonicbeat,REAL,0,Electronic,,train,114
seg_000115,sample_00038,Cloudy - Subway Sonicbeat,REAL,0,Electronic,,train,115
seg_000116,sample_00038,Cloudy - Subway Sonicbeat,REAL,0,Electronic,,train,116
seg_000117,sample_00039,Cold Chains - Rolemusic,REAL,0,Electronic,,train,117
seg_000118,sample_00039,Cold Chains - Rolemusic,REAL,0,Electronic,,train,118
seg_000119,sample_00039,Cold Chains - Rolemusic,REAL,0,Electronic,,train,119
seg_000120,sample_00040,Coliidae - K.D. Expression,REAL,0,Electronic,,train,120
seg_000121,sample_00040,Coliidae - K.D. Expression,REAL,0,Electronic,,train,121
seg_000122,sample_00040,Coliidae - K.D. Expression,REAL,0,Electronic,,train,122
seg_000123,sample_00041,Colossal Stillness - Scott Holmes,REAL,0,Rock,,train,123
seg_000124,sample_00041,Colossal Stillness - Scott Holmes,REAL,0,Rock,,train,124
seg_000125,sample_00041,Colossal Stillness - Scott Holmes,REAL,0,Rock,,train,125
seg_000126,sample_00042,Convicted Jazz Drones - Malaventura,REAL,0,Pop,,train,126
seg_000127,sample_00042,Convicted Jazz Drones - Malaventura,REAL,0,Pop,,train,127
seg_000128,sample_00042,Convicted Jazz Drones - Malaventura,REAL,0,Pop,,train,128
seg_000129,sample_00043,CopperNickle - UncleBibby,REAL,0,Electronic,,val,129
seg_000130,sample_00043,CopperNickle - UncleBibby,REAL,0,Electronic,,val,130
seg_000131,sample_00043,CopperNickle - UncleBibby,REAL,0,Electronic,,val,131
seg_000132,sample_00044,Crossing - Los Llamarada,REAL,0,Rock,,train,132
seg_000133,sample_00044,Crossing - Los Llamarada,REAL,0,Rock,,train,133
seg_000134,sample_00044,Crossing - Los Llamarada,REAL,0,Rock,,train,134
seg_000135,sample_00045,Dance Harder - Three Chain Links,REAL,0,Electronic,,test,135
seg_000136,sample_00045,Dance Harder - Three Chain Links,REAL,0,Electronic,,test,136
seg_000137,sample_00045,Dance Harder - Three Chain Links,REAL,0,Electronic,,test,137
seg_000138,sample_00046,Dance of the Martians (SynthStep Edit) - Maxim Kornyshev,REAL,0,Electronic,,train,138
seg_000139,sample_00046,Dance of the Martians (SynthStep Edit) - Maxim Kornyshev,REAL,0,Electronic,,train,139
seg_000140,sample_00046,Dance of the Martians (SynthStep Edit) - Maxim Kornyshev,REAL,0,Electronic,,train,140
seg_000141,sample_00047,Daylight Savings - My brother Daniel,REAL,0,Electronic,,val,141
seg_000142,sample_00047,Daylight Savings - My brother Daniel,REAL,0,Electronic,,val,142
seg_000143,sample_00047,Daylight Savings - My brother Daniel,REAL,0,Electronic,,val,143
seg_000144,sample_00048,Demolition - Michett,REAL,0,Rock,,train,144
seg_000145,sample_00048,Demolition - Michett,REAL,0,Rock,,train,145
seg_000146,sample_00048,Demolition - Michett,REAL,0,Rock,,train,146
seg_000147,sample_00049,Different Day - First,REAL,0,Pop,,test,147
seg_000148,sample_00049,Different Day - First,REAL,0,Pop,,test,148
seg_000149,sample_00049,Different Day - First,REAL,0,Pop,,test,149
seg_000150,sample_00050,Digital Lightning - Cloudkicker,REAL,0,Rock,,train,150
seg_000151,sample_00050,Digital Lightning - Cloudkicker,REAL,0,Rock,,train,151
seg_000152,sample_00050,Digital Lightning - Cloudkicker,REAL,0,Rock,,train,152
seg_000153,sample_00051,Don't want to be your man - Frigg A Go Go (F.A.G.G.),REAL,0,Rock,,train,153
seg_000154,sample_00051,Don't want to be your man - Frigg A Go Go (F.A.G.G.),REAL,0,Rock,,train,154
seg_000155,sample_00051,Don't want to be your man - Frigg A Go Go (F.A.G.G.),REAL,0,Rock,,train,155
seg_000156,sample_00052,Dr Deimos-Scribble - Mizuki's Last Chance/Dr Deimos,REAL,0,Electronic,,train,156
seg_000157,sample_00052,Dr Deimos-Scribble - Mizuki's Last Chance/Dr Deimos,REAL,0,Electronic,,train,157
seg_000158,sample_00052,Dr Deimos-Scribble - Mizuki's Last Chance/Dr Deimos,REAL,0,Electronic,,train,158
seg_000159,sample_00053,Dr. Bodysnatcher - Modey Lemon,REAL,0,Rock,,train,159
seg_000160,sample_00053,Dr. Bodysnatcher - Modey Lemon,REAL,0,Rock,,train,160
seg_000161,sample_00053,Dr. Bodysnatcher - Modey Lemon,REAL,0,Rock,,train,161
seg_000162,sample_00054,Dreams - ENDRUDARK,REAL,0,Electronic,,train,162
seg_000163,sample_00054,Dreams - ENDRUDARK,REAL,0,Electronic,,train,163
seg_000164,sample_00054,Dreams - ENDRUDARK,REAL,0,Electronic,,train,164
seg_000165,sample_00055,Edge - Mystery Mammal,REAL,0,Electronic,,train,165
seg_000166,sample_00055,Edge - Mystery Mammal,REAL,0,Electronic,,train,166
seg_000167,sample_00055,Edge - Mystery Mammal,REAL,0,Electronic,,train,167
seg_000168,sample_00056,El Burrito - Malaventura,REAL,0,Pop,,test,168
seg_000169,sample_00056,El Burrito - Malaventura,REAL,0,Pop,,test,169
seg_000170,sample_00056,El Burrito - Malaventura,REAL,0,Pop,,test,170
seg_000171,sample_00057,Electric Girlfriend - The Zombie Dandies,REAL,0,Rock,,train,171
seg_000172,sample_00057,Electric Girlfriend - The Zombie Dandies,REAL,0,Rock,,train,172
seg_000173,sample_00057,Electric Girlfriend - The Zombie Dandies,REAL,0,Rock,,train,173
seg_000174,sample_00058,Empower Thee - vargero,REAL,0,Electronic,,train,174
seg_000175,sample_00058,Empower Thee - vargero,REAL,0,Electronic,,train,175
seg_000176,sample_00058,Empower Thee - vargero,REAL,0,Electronic,,train,176
seg_000177,sample_00059,Empty Pockets - Pete Prodoehl,REAL,0,Rock,,val,177
seg_000178,sample_00059,Empty Pockets - Pete Prodoehl,REAL,0,Rock,,val,178
seg_000179,sample_00059,Empty Pockets - Pete Prodoehl,REAL,0,Rock,,val,179
seg_000180,sample_00060,End of the Line - H-LR,REAL,0,Electronic,,train,180
seg_000181,sample_00060,End of the Line - H-LR,REAL,0,Electronic,,train,181
seg_000182,sample_00060,End of the Line - H-LR,REAL,0,Electronic,,train,182
seg_000183,sample_00061,End titles - Itsensäsyöjät,REAL,0,Electronic,,test,183
seg_000184,sample_00061,End titles - Itsensäsyöjät,REAL,0,Electronic,,test,184
seg_000185,sample_00061,End titles - Itsensäsyöjät,REAL,0,Electronic,,test,185
seg_000186,sample_00062,Endless - The Birth and Death of Silence,REAL,0,Electronic,,train,186
seg_000187,sample_00062,Endless - The Birth and Death of Silence,REAL,0,Electronic,,train,187
seg_000188,sample_00062,Endless - The Birth and Death of Silence,REAL,0,Electronic,,train,188
seg_000189,sample_00063,Enemy - Modey Lemon,REAL,0,Rock,,train,189
seg_000190,sample_00063,Enemy - Modey Lemon,REAL,0,Rock,,train,190
seg_000191,sample_00063,Enemy - Modey Lemon,REAL,0,Rock,,train,191
seg_000192,sample_00064,Enthalpy - Rolemusic,REAL,0,Electronic,,train,192
seg_000193,sample_00064,Enthalpy - Rolemusic,REAL,0,Electronic,,train,193
seg_000194,sample_00064,Enthalpy - Rolemusic,REAL,0,Electronic,,train,194
seg_000195,sample_00065,Evil Cannot Create - Caleb Lemond,REAL,0,Pop,,val,195
seg_000196,sample_00065,Evil Cannot Create - Caleb Lemond,REAL,0,Pop,,val,196
seg_000197,sample_00065,Evil Cannot Create - Caleb Lemond,REAL,0,Pop,,val,197
seg_000198,sample_00066,Eyes Getting Louder - Mod Fun,REAL,0,Rock,,train,198
seg_000199,sample_00066,Eyes Getting Louder - Mod Fun,REAL,0,Rock,,train,199
seg_000200,sample_00066,Eyes Getting Louder - Mod Fun,REAL,0,Rock,,train,200
seg_000201,sample_00067,Fear - Los Fancy Free,REAL,0,Rock,,val,201
seg_000202,sample_00067,Fear - Los Fancy Free,REAL,0,Rock,,val,202
seg_000203,sample_00067,Fear - Los Fancy Free,REAL,0,Rock,,val,203
seg_000204,sample_00068,Fifth Ramble - From the album Keith [RSVP007] - My brother Daniel,REAL,0,Electronic,,val,204
seg_000205,sample_00068,Fifth Ramble - From the album Keith [RSVP007] - My brother Daniel,REAL,0,Electronic,,val,205
seg_000206,sample_00068,Fifth Ramble - From the album Keith [RSVP007] - My brother Daniel,REAL,0,Electronic,,val,206
seg_000207,sample_00069,"First Glance - Oh Yeah, the Future",REAL,0,Pop,,train,207
seg_000208,sample_00069,"First Glance - Oh Yeah, the Future",REAL,0,Pop,,train,208
seg_000209,sample_00069,"First Glance - Oh Yeah, the Future",REAL,0,Pop,,train,209
seg_000210,sample_00070,Five 40 Derby/Slow Whistle - The Crypts!,REAL,0,Rock,,train,210
seg_000211,sample_00070,Five 40 Derby/Slow Whistle - The Crypts!,REAL,0,Rock,,train,211
seg_000212,sample_00070,Five 40 Derby/Slow Whistle - The Crypts!,REAL,0,Rock,,train,212
seg_000213,sample_00071,Flashback - Seclorance,REAL,0,Electronic,,train,213
seg_000214,sample_00071,Flashback - Seclorance,REAL,0,Electronic,,train,214
seg_000215,sample_00071,Flashback - Seclorance,REAL,0,Electronic,,train,215
seg_000216,sample_00072,Fleslit - Fleslit,REAL,0,Electronic,,train,216
seg_000217,sample_00072,Fleslit - Fleslit,REAL,0,Electronic,,train,217
seg_000218,sample_00072,Fleslit - Fleslit,REAL,0,Electronic,,train,218
seg_000219,sample_00073,Fly 2 - Andre Jetson,REAL,0,Electronic,,train,219
seg_000220,sample_00073,Fly 2 - Andre Jetson,REAL,0,Electronic,,train,220
seg_000221,sample_00073,Fly 2 - Andre Jetson,REAL,0,Electronic,,train,221
seg_000222,sample_00074,Food and War - Ergo Phizmiz,REAL,0,Pop,,train,222
seg_000223,sample_00074,Food and War - Ergo Phizmiz,REAL,0,Pop,,train,223
seg_000224,sample_00074,Food and War - Ergo Phizmiz,REAL,0,Pop,,train,224
seg_000225,sample_00075,Forest Silence - Serpentarivm,REAL,0,Rock,,train,225
seg_000226,sample_00075,Forest Silence - Serpentarivm,REAL,0,Rock,,train,226
seg_000227,sample_00075,Forest Silence - Serpentarivm,REAL,0,Rock,,train,227
seg_000228,sample_00076,Formic Acid for Blood - Punk Rock Opera,REAL,0,Rock,,train,228
seg_000229,sample_00076,Formic Acid for Blood - Punk Rock Opera,REAL,0,Rock,,train,229
seg_000230,sample_00076,Formic Acid for Blood - Punk Rock Opera,REAL,0,Rock,,train,230
seg_000231,sample_00077,Four and a Half Tatami - Nihilore,REAL,0,Electronic,,train,231
seg_000232,sample_00077,Four and a Half Tatami - Nihilore,REAL,0,Electronic,,train,232
seg_000233,sample_00077,Four and a Half Tatami - Nihilore,REAL,0,Electronic,,train,233
seg_000234,sample_00078,Fridge - Railkid Station,REAL,0,Rock,,train,234
seg_000235,sample_00078,Fridge - Railkid Station,REAL,0,Rock,,train,235
seg_000236,sample_00078,Fridge - Railkid Station,REAL,0,Rock,,train,236
seg_000237,sample_00079,Fuckaboing - RoccoW,REAL,0,Electronic,,test,237
seg_000238,sample_00079,Fuckaboing - RoccoW,REAL,0,Electronic,,test,238
seg_000239,sample_00079,Fuckaboing - RoccoW,REAL,0,Electronic,,test,239
seg_000240,sample_00080,Gila Monster Flop/Music History Lesson:The Sonics - The Crypts!,REAL,0,Rock,,val,240
seg_000241,sample_00080,Gila Monster Flop/Music History Lesson:The Sonics - The Crypts!,REAL,0,Rock,,val,241
seg_000242,sample_00080,Gila Monster Flop/Music History Lesson:The Sonics - The Crypts!,REAL,0,Rock,,val,242
seg_000243,sample_00081,Gloomy Sunday - AmortE,REAL,0,Rock,,train,243
seg_000244,sample_00081,Gloomy Sunday - AmortE,REAL,0,Rock,,train,244
seg_000245,sample_00081,Gloomy Sunday - AmortE,REAL,0,Rock,,train,245
seg_000246,sample_00082,"Go On, Then - Jim Rooster",REAL,0,Electronic,,train,246
seg_000247,sample_00082,"Go On, Then - Jim Rooster",REAL,0,Electronic,,train,247
seg_000248,sample_00082,"Go On, Then - Jim Rooster",REAL,0,Electronic,,train,248
seg_000249,sample_00083,Hahaha - The Moi Non Plus,REAL,0,Rock,,train,249
seg_000250,sample_00083,Hahaha - The Moi Non Plus,REAL,0,Rock,,train,250
seg_000251,sample_00083,Hahaha - The Moi Non Plus,REAL,0,Rock,,train,251
seg_000252,sample_00084,Half a Doubt - Droopies,REAL,0,Rock,,train,252
seg_000253,sample_00084,Half a Doubt - Droopies,REAL,0,Rock,,train,253
seg_000254,sample_00084,Half a Doubt - Droopies,REAL,0,Rock,,train,254
seg_000255,sample_00085,Hammer and a Nail - Vienna Ditto,REAL,0,Electronic,,train,255
seg_000256,sample_00085,Hammer and a Nail - Vienna Ditto,REAL,0,Electronic,,train,256
seg_000257,sample_00085,Hammer and a Nail - Vienna Ditto,REAL,0,Electronic,,train,257
seg_000258,sample_00086,Happy - Lamprey,REAL,0,Rock,,train,258
seg_000259,sample_00086,Happy - Lamprey,REAL,0,Rock,,train,259
seg_000260,sample_00086,Happy - Lamprey,REAL,0,Rock,,train,260
seg_000261,sample_00087,"Head of Ancante, Talking Tree - Ak'chamel, The Giver of Illness",REAL,0,Rock,,test,261
seg_000262,sample_00087,"Head of Ancante, Talking Tree - Ak'chamel, The Giver of Illness",REAL,0,Rock,,test,262
seg_000263,sample_00087,"Head of Ancante, Talking Tree - Ak'chamel, The Giver of Illness",REAL,0,Rock,,test,263
seg_000264,sample_00088,Hisko Detria - Hisko Detria,REAL,0,Rock,,train,264
seg_000265,sample_00088,Hisko Detria - Hisko Detria,REAL,0,Rock,,train,265
seg_000266,sample_00088,Hisko Detria - Hisko Detria,REAL,0,Rock,,train,266
seg_000267,sample_00089,"Hungry - Oh Yeah, the Future",REAL,0,Pop,,test,267
seg_000268,sample_00089,"Hungry - Oh Yeah, the Future",REAL,0,Pop,,test,268
seg_000269,sample_00089,"Hungry - Oh Yeah, the Future",REAL,0,Pop,,test,269
seg_000270,sample_00090,I - Inflammator,REAL,0,Rock,,test,270
seg_000271,sample_00090,I - Inflammator,REAL,0,Rock,,test,271
seg_000272,sample_00090,I - Inflammator,REAL,0,Rock,,test,272
seg_000273,sample_00091,I - Nocturnal Mayhem,REAL,0,Rock,,train,273
seg_000274,sample_00091,I - Nocturnal Mayhem,REAL,0,Rock,,train,274
seg_000275,sample_00091,I - Nocturnal Mayhem,REAL,0,Rock,,train,275
seg_000276,sample_00092,I Can See Everything - Mod Fun,REAL,0,Rock,,train,276
seg_000277,sample_00092,I Can See Everything - Mod Fun,REAL,0,Rock,,train,277
seg_000278,sample_00092,I Can See Everything - Mod Fun,REAL,0,Rock,,train,278
seg_000279,sample_00093,I Close My Eyes - Miss Derringer,REAL,0,Rock,,train,279
seg_000280,sample_00093,I Close My Eyes - Miss Derringer,REAL,0,Rock,,train,280
seg_000281,sample_00093,I Close My Eyes - Miss Derringer,REAL,0,Rock,,train,281
seg_000282,sample_00094,I Dream So Vividly - Uninhabitable Mansions,REAL,0,Rock,,train,282
seg_000283,sample_00094,I Dream So Vividly - Uninhabitable Mansions,REAL,0,Rock,,train,283
seg_000284,sample_00094,I Dream So Vividly - Uninhabitable Mansions,REAL,0,Rock,,train,284
seg_000285,sample_00095,I Fell - Mod Fun,REAL,0,Rock,,val,285
seg_000286,sample_00095,I Fell - Mod Fun,REAL,0,Rock,,val,286
seg_000287,sample_00095,I Fell - Mod Fun,REAL,0,Rock,,val,287
seg_000288,sample_00096,I Know His Blood - Vienna Ditto,REAL,0,Electronic,,train,288
seg_000289,sample_00096,I Know His Blood - Vienna Ditto,REAL,0,Electronic,,train,289
seg_000290,sample_00096,I Know His Blood - Vienna Ditto,REAL,0,Electronic,,train,290
seg_000291,sample_00097,I Think From Now On - Caleb Lemond,REAL,0,Pop,,train,291
seg_000292,sample_00097,I Think From Now On - Caleb Lemond,REAL,0,Pop,,train,292
seg_000293,sample_00097,I Think From Now On - Caleb Lemond,REAL,0,Pop,,train,293
seg_000294,sample_00098,I'm gonna try to reach - Los Llamarada,REAL,0,Rock,,train,294
seg_000295,sample_00098,I'm gonna try to reach - Los Llamarada,REAL,0,Rock,,train,295
seg_000296,sample_00098,I'm gonna try to reach - Los Llamarada,REAL,0,Rock,,train,296
seg_000297,sample_00099,If You're Ther - Nicola Ratti,REAL,0,Electronic,,val,297
seg_000298,sample_00099,If You're Ther - Nicola Ratti,REAL,0,Electronic,,val,298
seg_000299,sample_00099,If You're Ther - Nicola Ratti,REAL,0,Electronic,,val,299
seg_000300,sample_00100,Improvisation - Broken Chord,REAL,0,Electronic,,train,300
seg_000301,sample_00100,Improvisation - Broken Chord,REAL,0,Electronic,,train,301
seg_000302,sample_00100,Improvisation - Broken Chord,REAL,0,Electronic,,train,302
seg_000303,sample_00101,Infinite Light - Pipe Choir,REAL,0,Rock,,train,303
seg_000304,sample_00101,Infinite Light - Pipe Choir,REAL,0,Rock,,train,304
seg_000305,sample_00101,Infinite Light - Pipe Choir,REAL,0,Rock,,train,305
seg_000306,sample_00102,Insectlaration of Independence - Punk Rock Opera,REAL,0,Rock,,train,306
seg_000307,sample_00102,Insectlaration of Independence - Punk Rock Opera,REAL,0,Rock,,train,307
seg_000308,sample_00102,Insectlaration of Independence - Punk Rock Opera,REAL,0,Rock,,train,308
seg_000309,sample_00103,Introduction beats - Itsensäsyöjät,REAL,0,Electronic,,train,309
seg_000310,sample_00103,Introduction beats - Itsensäsyöjät,REAL,0,Electronic,,train,310
seg_000311,sample_00103,Introduction beats - Itsensäsyöjät,REAL,0,Electronic,,train,311
seg_000312,sample_00104,Invaders From Within - Monroeville Music Center,REAL,0,Pop,,train,312
seg_000313,sample_00104,Invaders From Within - Monroeville Music Center,REAL,0,Pop,,train,313
seg_000314,sample_00104,Invaders From Within - Monroeville Music Center,REAL,0,Pop,,train,314
seg_000315,sample_00105,It Can't Be Bargained With - Three Chain Links,REAL,0,Electronic,,train,315
seg_000316,sample_00105,It Can't Be Bargained With - Three Chain Links,REAL,0,Electronic,,train,316
seg_000317,sample_00105,It Can't Be Bargained With - Three Chain Links,REAL,0,Electronic,,train,317
seg_000318,sample_00106,Jangus (inspired by ToeJam and Earl) - UncleBibby,REAL,0,Electronic,,train,318
seg_000319,sample_00106,Jangus (inspired by ToeJam and Earl) - UncleBibby,REAL,0,Electronic,,train,319
seg_000320,sample_00106,Jangus (inspired by ToeJam and Earl) - UncleBibby,REAL,0,Electronic,,train,320
seg_000321,sample_00107,John the Baby - Ergo Phizmiz,REAL,0,Pop,,train,321
seg_000322,sample_00107,John the Baby - Ergo Phizmiz,REAL,0,Pop,,train,322
seg_000323,sample_00107,John the Baby - Ergo Phizmiz,REAL,0,Pop,,train,323
seg_000324,sample_00108,Johnny I Lie - The Moi Non Plus,REAL,0,Rock,,train,324
seg_000325,sample_00108,Johnny I Lie - The Moi Non Plus,REAL,0,Rock,,train,325
seg_000326,sample_00108,Johnny I Lie - The Moi Non Plus,REAL,0,Rock,,train,326
seg_000327,sample_00109,KISS my Boots - The Zombie Dandies,REAL,0,Rock,,train,327
seg_000328,sample_00109,KISS my Boots - The Zombie Dandies,REAL,0,Rock,,train,328
seg_000329,sample_00109,KISS my Boots - The Zombie Dandies,REAL,0,Rock,,train,329
seg_000330,sample_00110,KOMFORT - voyageurs,REAL,0,Rock,,train,330
seg_000331,sample_00110,KOMFORT - voyageurs,REAL,0,Rock,,train,331
seg_000332,sample_00110,KOMFORT - voyageurs,REAL,0,Rock,,train,332
seg_000333,sample_00111,Key trick - Krisa,REAL,0,Electronic,,train,333
seg_000334,sample_00111,Key trick - Krisa,REAL,0,Electronic,,train,334
seg_000335,sample_00111,Key trick - Krisa,REAL,0,Electronic,,train,335
seg_000336,sample_00112,Killing Bosses - Gumbel,REAL,0,Electronic,,train,336
seg_000337,sample_00112,Killing Bosses - Gumbel,REAL,0,Electronic,,train,337
seg_000338,sample_00112,Killing Bosses - Gumbel,REAL,0,Electronic,,train,338
seg_000339,sample_00113,Kissing Scars - Caleb Lemond,REAL,0,Pop,,train,339
seg_000340,sample_00113,Kissing Scars - Caleb Lemond,REAL,0,Pop,,train,340
seg_000341,sample_00113,Kissing Scars - Caleb Lemond,REAL,0,Pop,,train,341
seg_000342,sample_00114,Kumorizoranohajimarutokoro - Hosomi,REAL,0,Electronic,,val,342
seg_000343,sample_00114,Kumorizoranohajimarutokoro - Hosomi,REAL,0,Electronic,,val,343
seg_000344,sample_00114,Kumorizoranohajimarutokoro - Hosomi,REAL,0,Electronic,,val,344
seg_000345,sample_00115,L'arbre - Salmo,REAL,0,Rock,,test,345
seg_000346,sample_00115,L'arbre - Salmo,REAL,0,Rock,,test,346
seg_000347,sample_00115,L'arbre - Salmo,REAL,0,Rock,,test,347
seg_000348,sample_00116,LIQUID SKULLS - voyageurs,REAL,0,Rock,,test,348
seg_000349,sample_00116,LIQUID SKULLS - voyageurs,REAL,0,Rock,,test,349
seg_000350,sample_00116,LIQUID SKULLS - voyageurs,REAL,0,Rock,,test,350
seg_000351,sample_00117,La Nina Blanca - Vienna Ditto,REAL,0,Electronic,,train,351
seg_000352,sample_00117,La Nina Blanca - Vienna Ditto,REAL,0,Electronic,,train,352
seg_000353,sample_00117,La Nina Blanca - Vienna Ditto,REAL,0,Electronic,,train,353
seg_000354,sample_00118,"Lackadaisical - Oh Yeah, the Future",REAL,0,Pop,,train,354
seg_000355,sample_00118,"Lackadaisical - Oh Yeah, the Future",REAL,0,Pop,,train,355
seg_000356,sample_00118,"Lackadaisical - Oh Yeah, the Future",REAL,0,Pop,,train,356
seg_000357,sample_00119,Lady Love - Parsley Flakes,REAL,0,Rock,,train,357
seg_000358,sample_00119,Lady Love - Parsley Flakes,REAL,0,Rock,,train,358
seg_000359,sample_00119,Lady Love - Parsley Flakes,REAL,0,Rock,,train,359
seg_000360,sample_00120,Laika - NGC 1365,REAL,0,Electronic,,train,360
seg_000361,sample_00120,Laika - NGC 1365,REAL,0,Electronic,,train,361
seg_000362,sample_00120,Laika - NGC 1365,REAL,0,Electronic,,train,362
seg_000363,sample_00121,Leaving Here - Mod Fun,REAL,0,Rock,,test,363
seg_000364,sample_00121,Leaving Here - Mod Fun,REAL,0,Rock,,test,364
seg_000365,sample_00121,Leaving Here - Mod Fun,REAL,0,Rock,,test,365
seg_000366,sample_00122,Let You're Body Move - D SMILEZ,REAL,0,Electronic,,test,366
seg_000367,sample_00122,Let You're Body Move - D SMILEZ,REAL,0,Electronic,,test,367
seg_000368,sample_00122,Let You're Body Move - D SMILEZ,REAL,0,Electronic,,test,368
seg_000369,sample_00123,Let's Start Out Slow - RoccoW,REAL,0,Electronic,,test,369
seg_000370,sample_00123,Let's Start Out Slow - RoccoW,REAL,0,Electronic,,test,370
seg_000371,sample_00123,Let's Start Out Slow - RoccoW,REAL,0,Electronic,,test,371
seg_000372,sample_00124,Let's the kids play - Malaventura,REAL,0,Pop,,train,372
seg_000373,sample_00124,Let's the kids play - Malaventura,REAL,0,Pop,,train,373
seg_000374,sample_00124,Let's the kids play - Malaventura,REAL,0,Pop,,train,374
seg_000375,sample_00125,Liar Liar Quietly - Vienna Ditto,REAL,0,Electronic,,train,375
seg_000376,sample_00125,Liar Liar Quietly - Vienna Ditto,REAL,0,Electronic,,train,376
seg_000377,sample_00125,Liar Liar Quietly - Vienna Ditto,REAL,0,Electronic,,train,377
seg_000378,sample_00126,Liberation is not Easy - Frigg A Go Go (F.A.G.G.),REAL,0,Rock,,train,378
seg_000379,sample_00126,Liberation is not Easy - Frigg A Go Go (F.A.G.G.),REAL,0,Rock,,train,379
seg_000380,sample_00126,Liberation is not Easy - Frigg A Go Go (F.A.G.G.),REAL,0,Rock,,train,380
seg_000381,sample_00127,Liberosis - Nihilore,REAL,0,Electronic,,train,381
seg_000382,sample_00127,Liberosis - Nihilore,REAL,0,Electronic,,train,382
seg_000383,sample_00127,Liberosis - Nihilore,REAL,0,Electronic,,train,383
seg_000384,sample_00128,Lights Up - Pipe Choir,REAL,0,Rock,,val,384
seg_000385,sample_00128,Lights Up - Pipe Choir,REAL,0,Rock,,val,385
seg_000386,sample_00128,Lights Up - Pipe Choir,REAL,0,Rock,,val,386
seg_000387,sample_00129,Little Fingers - Vienna Ditto,REAL,0,Electronic,,train,387
seg_000388,sample_00129,Little Fingers - Vienna Ditto,REAL,0,Electronic,,train,388
seg_000389,sample_00129,Little Fingers - Vienna Ditto,REAL,0,Electronic,,train,389
seg_000390,sample_00130,Lost In The Music (D-Smilez Mix) - D SMILEZ,REAL,0,Electronic,,train,390
seg_000391,sample_00130,Lost In The Music (D-Smilez Mix) - D SMILEZ,REAL,0,Electronic,,train,391
seg_000392,sample_00130,Lost In The Music (D-Smilez Mix) - D SMILEZ,REAL,0,Electronic,,train,392
seg_000393,sample_00131,Lost Paradise - Autumn Interlude,REAL,0,Rock,,train,393
seg_000394,sample_00131,Lost Paradise - Autumn Interlude,REAL,0,Rock,,train,394
seg_000395,sample_00131,Lost Paradise - Autumn Interlude,REAL,0,Rock,,train,395
seg_000396,sample_00132,Love Dream - The Zombie Dandies,REAL,0,Rock,,test,396
seg_000397,sample_00132,Love Dream - The Zombie Dandies,REAL,0,Rock,,test,397
seg_000398,sample_00132,Love Dream - The Zombie Dandies,REAL,0,Rock,,test,398
seg_000399,sample_00133,Loved Ones - Rowan Box,REAL,0,Electronic,,val,399
seg_000400,sample_00133,Loved Ones - Rowan Box,REAL,0,Electronic,,val,400
seg_000401,sample_00133,Loved Ones - Rowan Box,REAL,0,Electronic,,val,401
seg_000402,sample_00134,"Lovedreams - Oh Yeah, the Future",REAL,0,Pop,,train,402
seg_000403,sample_00134,"Lovedreams - Oh Yeah, the Future",REAL,0,Pop,,train,403
seg_000404,sample_00134,"Lovedreams - Oh Yeah, the Future",REAL,0,Pop,,train,404
seg_000405,sample_00135,Mandrill - Ergo Phizmiz,REAL,0,Pop,,train,405
seg_000406,sample_00135,Mandrill - Ergo Phizmiz,REAL,0,Pop,,train,406
seg_000407,sample_00135,Mandrill - Ergo Phizmiz,REAL,0,Pop,,train,407
seg_000408,sample_00136,March of the GPA Mechanics - [t]ghost,REAL,0,Rock,,val,408
seg_000409,sample_00136,March of the GPA Mechanics - [t]ghost,REAL,0,Rock,,val,409
seg_000410,sample_00136,March of the GPA Mechanics - [t]ghost,REAL,0,Rock,,val,410
seg_000411,sample_00137,Mettle - Pipe Choir,REAL,0,Rock,,train,411
seg_000412,sample_00137,Mettle - Pipe Choir,REAL,0,Rock,,train,412
seg_000413,sample_00137,Mettle - Pipe Choir,REAL,0,Rock,,train,413
seg_000414,sample_00138,Millitary Industrial Complex - Punk Rock Opera,REAL,0,Rock,,train,414
seg_000415,sample_00138,Millitary Industrial Complex - Punk Rock Opera,REAL,0,Rock,,train,415
seg_000416,sample_00138,Millitary Industrial Complex - Punk Rock Opera,REAL,0,Rock,,train,416
seg_000417,sample_00139,Moja Krypta - AmortE,REAL,0,Rock,,test,417
seg_000418,sample_00139,Moja Krypta - AmortE,REAL,0,Rock,,test,418
seg_000419,sample_00139,Moja Krypta - AmortE,REAL,0,Rock,,test,419
seg_000420,sample_00140,Monkeystage - Ergo Phizmiz,REAL,0,Pop,,train,420
seg_000421,sample_00140,Monkeystage - Ergo Phizmiz,REAL,0,Pop,,train,421
seg_000422,sample_00140,Monkeystage - Ergo Phizmiz,REAL,0,Pop,,train,422
seg_000423,sample_00141,Moontime - The IMG,REAL,0,Rock,,train,423
seg_000424,sample_00141,Moontime - The IMG,REAL,0,Rock,,train,424
seg_000425,sample_00141,Moontime - The IMG,REAL,0,Rock,,train,425
seg_000426,sample_00142,Morning Bell - Nihilore,REAL,0,Electronic,,val,426
seg_000427,sample_00142,Morning Bell - Nihilore,REAL,0,Electronic,,val,427
seg_000428,sample_00142,Morning Bell - Nihilore,REAL,0,Electronic,,val,428
seg_000429,sample_00143,Mosque - Sarin,REAL,0,Rock,,train,429
seg_000430,sample_00143,Mosque - Sarin,REAL,0,Rock,,train,430
seg_000431,sample_00143,Mosque - Sarin,REAL,0,Rock,,train,431
seg_000432,sample_00144,Motocross Mania - Monroeville Music Center,REAL,0,Pop,,test,432
seg_000433,sample_00144,Motocross Mania - Monroeville Music Center,REAL,0,Pop,,test,433
seg_000434,sample_00144,Motocross Mania - Monroeville Music Center,REAL,0,Pop,,test,434
seg_000435,sample_00145,Mountain Mist - Modey Lemon,REAL,0,Rock,,train,435
seg_000436,sample_00145,Mountain Mist - Modey Lemon,REAL,0,Rock,,train,436
seg_000437,sample_00145,Mountain Mist - Modey Lemon,REAL,0,Rock,,train,437
seg_000438,sample_00146,Music For an Underground Circu - Ergo Phizmiz,REAL,0,Pop,,test,438
seg_000439,sample_00146,Music For an Underground Circu - Ergo Phizmiz,REAL,0,Pop,,test,439
seg_000440,sample_00146,Music For an Underground Circu - Ergo Phizmiz,REAL,0,Pop,,test,440
seg_000441,sample_00147,My Body Is A Weapon (Compromise Edit) - Silence is full of birds,REAL,0,Pop,,val,441
seg_000442,sample_00147,My Body Is A Weapon (Compromise Edit) - Silence is full of birds,REAL,0,Pop,,val,442
seg_000443,sample_00147,My Body Is A Weapon (Compromise Edit) - Silence is full of birds,REAL,0,Pop,,val,443
seg_000444,sample_00148,Natron Queen - AmortE,REAL,0,Rock,,train,444
seg_000445,sample_00148,Natron Queen - AmortE,REAL,0,Rock,,train,445
seg_000446,sample_00148,Natron Queen - AmortE,REAL,0,Rock,,train,446
seg_000447,sample_00149,Nature Is Over / Defined - Bird Names,REAL,0,Pop,,train,447
seg_000448,sample_00149,Nature Is Over / Defined - Bird Names,REAL,0,Pop,,train,448
seg_000449,sample_00149,Nature Is Over / Defined - Bird Names,REAL,0,Pop,,train,449
seg_000450,sample_00150,"New Brave Face - Oh Yeah, the Future",REAL,0,Pop,,train,450
seg_000451,sample_00150,"New Brave Face - Oh Yeah, the Future",REAL,0,Pop,,train,451
seg_000452,sample_00150,"New Brave Face - Oh Yeah, the Future",REAL,0,Pop,,train,452
seg_000453,sample_00151,New Life (take 1) - Bird Names,REAL,0,Pop,,val,453
seg_000454,sample_00151,New Life (take 1) - Bird Names,REAL,0,Pop,,val,454
seg_000455,sample_00151,New Life (take 1) - Bird Names,REAL,0,Pop,,val,455
seg_000456,sample_00152,Niche Dreams - Square People,REAL,0,Rock,,train,456
seg_000457,sample_00152,Niche Dreams - Square People,REAL,0,Rock,,train,457
seg_000458,sample_00152,Niche Dreams - Square People,REAL,0,Rock,,train,458
seg_000459,sample_00153,Night Drive - Decktonic,REAL,0,Electronic,,val,459
seg_000460,sample_00153,Night Drive - Decktonic,REAL,0,Electronic,,val,460
seg_000461,sample_00153,Night Drive - Decktonic,REAL,0,Electronic,,val,461
seg_000462,sample_00154,Night Owl - Broke For Free,REAL,0,Electronic,,test,462
seg_000463,sample_00154,Night Owl - Broke For Free,REAL,0,Electronic,,test,463
seg_000464,sample_00154,Night Owl - Broke For Free,REAL,0,Electronic,,test,464
seg_000465,sample_00155,Noam Chomsky's Corporate Carbohydrate Surprise - Quelle Fromage,REAL,0,Electronic,,train,465
seg_000466,sample_00155,Noam Chomsky's Corporate Carbohydrate Surprise - Quelle Fromage,REAL,0,Electronic,,train,466
seg_000467,sample_00155,Noam Chomsky's Corporate Carbohydrate Surprise - Quelle Fromage,REAL,0,Electronic,,train,467
seg_000468,sample_00156,Norweigian Wood II - Bird Names,REAL,0,Pop,,val,468
seg_000469,sample_00156,Norweigian Wood II - Bird Names,REAL,0,Pop,,val,469
seg_000470,sample_00156,Norweigian Wood II - Bird Names,REAL,0,Pop,,val,470
seg_000471,sample_00157,Nose - DUSTdevils,REAL,0,Rock,,train,471
seg_000472,sample_00157,Nose - DUSTdevils,REAL,0,Rock,,train,472
seg_000473,sample_00157,Nose - DUSTdevils,REAL,0,Rock,,train,473
seg_000474,sample_00158,Nostalgia - Malaventura,REAL,0,Pop,,train,474
seg_000475,sample_00158,Nostalgia - Malaventura,REAL,0,Pop,,train,475
seg_000476,sample_00158,Nostalgia - Malaventura,REAL,0,Pop,,train,476
seg_000477,sample_00159,"November 25, 2007 - Kenneth Kirschner",REAL,0,Electronic,,train,477
seg_000478,sample_00159,"November 25, 2007 - Kenneth Kirschner",REAL,0,Electronic,,train,478
seg_000479,sample_00159,"November 25, 2007 - Kenneth Kirschner",REAL,0,Electronic,,train,479
seg_000480,sample_00160,Nuo Maisemat - Paavoharju,REAL,0,Electronic,,val,480
seg_000481,sample_00160,Nuo Maisemat - Paavoharju,REAL,0,Electronic,,val,481
seg_000482,sample_00160,Nuo Maisemat - Paavoharju,REAL,0,Electronic,,val,482
seg_000483,sample_00161,OOOTHERSIDE - Liquid Paper - Mike B. Fort,REAL,0,Electronic,,train,483
seg_000484,sample_00161,OOOTHERSIDE - Liquid Paper - Mike B. Fort,REAL,0,Electronic,,train,484
seg_000485,sample_00161,OOOTHERSIDE - Liquid Paper - Mike B. Fort,REAL,0,Electronic,,train,485
seg_000486,sample_00162,OOOTHERSIDE - This Time - Mike B. Fort,REAL,0,Electronic,,train,486
seg_000487,sample_00162,OOOTHERSIDE - This Time - Mike B. Fort,REAL,0,Electronic,,train,487
seg_000488,sample_00162,OOOTHERSIDE - This Time - Mike B. Fort,REAL,0,Electronic,,train,488
seg_000489,sample_00163,OST 04 Ship under attack - sawsquarenoise,REAL,0,Electronic,,train,489
seg_000490,sample_00163,OST 04 Ship under attack - sawsquarenoise,REAL,0,Electronic,,train,490
seg_000491,sample_00163,OST 04 Ship under attack - sawsquarenoise,REAL,0,Electronic,,train,491
seg_000492,sample_00164,Ohtli - Seclorance,REAL,0,Electronic,,train,492
seg_000493,sample_00164,Ohtli - Seclorance,REAL,0,Electronic,,train,493
seg_000494,sample_00164,Ohtli - Seclorance,REAL,0,Electronic,,train,494
seg_000495,sample_00165,Okiirobo Navigation System - Henry Homesweet,REAL,0,Electronic,,train,495
seg_000496,sample_00165,Okiirobo Navigation System - Henry Homesweet,REAL,0,Electronic,,train,496
seg_000497,sample_00165,Okiirobo Navigation System - Henry Homesweet,REAL,0,Electronic,,train,497
seg_000498,sample_00166,On My Mind - Ergo Phizmiz,REAL,0,Pop,,train,498
seg_000499,sample_00166,On My Mind - Ergo Phizmiz,REAL,0,Pop,,train,499
seg_000500,sample_00166,On My Mind - Ergo Phizmiz,REAL,0,Pop,,train,500
seg_000501,sample_00167,One Eyed Ghost/This is gonna be a rough show - The Crypts!,REAL,0,Rock,,train,501
seg_000502,sample_00167,One Eyed Ghost/This is gonna be a rough show - The Crypts!,REAL,0,Rock,,train,502
seg_000503,sample_00167,One Eyed Ghost/This is gonna be a rough show - The Crypts!,REAL,0,Rock,,train,503
seg_000504,sample_00168,Only Instrumental - Broke For Free,REAL,0,Electronic,,train,504
seg_000505,sample_00168,Only Instrumental - Broke For Free,REAL,0,Electronic,,train,505
seg_000506,sample_00168,Only Instrumental - Broke For Free,REAL,0,Electronic,,train,506
seg_000507,sample_00169,Outro - Caleb Lemond,REAL,0,Pop,,train,507
seg_000508,sample_00169,Outro - Caleb Lemond,REAL,0,Pop,,train,508
seg_000509,sample_00169,Outro - Caleb Lemond,REAL,0,Pop,,train,509
seg_000510,sample_00170,Paris - Fleslit,REAL,0,Electronic,,train,510
seg_000511,sample_00170,Paris - Fleslit,REAL,0,Electronic,,train,511
seg_000512,sample_00170,Paris - Fleslit,REAL,0,Electronic,,train,512
seg_000513,sample_00171,Pista Afuera - Epstein,REAL,0,Electronic,,test,513
seg_000514,sample_00171,Pista Afuera - Epstein,REAL,0,Electronic,,test,514
seg_000515,sample_00171,Pista Afuera - Epstein,REAL,0,Electronic,,test,515
seg_000516,sample_00172,Polinesia - Malaventura,REAL,0,Pop,,train,516
seg_000517,sample_00172,Polinesia - Malaventura,REAL,0,Pop,,train,517
seg_000518,sample_00172,Polinesia - Malaventura,REAL,0,Pop,,train,518
seg_000519,sample_00173,Ponky McFonky - My brother Daniel,REAL,0,Electronic,,train,519
seg_000520,sample_00173,Ponky McFonky - My brother Daniel,REAL,0,Electronic,,train,520
seg_000521,sample_00173,Ponky McFonky - My brother Daniel,REAL,0,Electronic,,train,521
seg_000522,sample_00174,Production - Bird Names,REAL,0,Pop,,test,522
seg_000523,sample_00174,Production - Bird Names,REAL,0,Pop,,test,523
seg_000524,sample_00174,Production - Bird Names,REAL,0,Pop,,test,524
seg_000525,sample_00175,Promo Mix Vocal Edit (Luv Dub Mix) - Pierlo,REAL,0,Electronic,,train,525
seg_000526,sample_00175,Promo Mix Vocal Edit (Luv Dub Mix) - Pierlo,REAL,0,Electronic,,train,526
seg_000527,sample_00175,Promo Mix Vocal Edit (Luv Dub Mix) - Pierlo,REAL,0,Electronic,,train,527
seg_000528,sample_00176,Puertas de Fuego - Guerra de Cerdos,REAL,0,Rock,,test,528
seg_000529,sample_00176,Puertas de Fuego - Guerra de Cerdos,REAL,0,Rock,,test,529
seg_000530,sample_00176,Puertas de Fuego - Guerra de Cerdos,REAL,0,Rock,,test,530
seg_000531,sample_00177,Reagan Shut Down the Asylums - Punk Rock Opera,REAL,0,Rock,,train,531
seg_000532,sample_00177,Reagan Shut Down the Asylums - Punk Rock Opera,REAL,0,Rock,,train,532
seg_000533,sample_00177,Reagan Shut Down the Asylums - Punk Rock Opera,REAL,0,Rock,,train,533
seg_000534,sample_00178,Realize Me - Jim Rooster,REAL,0,Electronic,,test,534
seg_000535,sample_00178,Realize Me - Jim Rooster,REAL,0,Electronic,,test,535
seg_000536,sample_00178,Realize Me - Jim Rooster,REAL,0,Electronic,,test,536
seg_000537,sample_00179,Redlight - Room For A Ghost,REAL,0,Rock,,val,537
seg_000538,sample_00179,Redlight - Room For A Ghost,REAL,0,Rock,,val,538
seg_000539,sample_00179,Redlight - Room For A Ghost,REAL,0,Rock,,val,539
seg_000540,sample_00180,Resistentialism - Nihilore,REAL,0,Electronic,,test,540
seg_000541,sample_00180,Resistentialism - Nihilore,REAL,0,Electronic,,test,541
seg_000542,sample_00180,Resistentialism - Nihilore,REAL,0,Electronic,,test,542
seg_000543,sample_00181,Roach-Man - Punk Rock Opera,REAL,0,Rock,,train,543
seg_000544,sample_00181,Roach-Man - Punk Rock Opera,REAL,0,Rock,,train,544
seg_000545,sample_00181,Roach-Man - Punk Rock Opera,REAL,0,Rock,,train,545
seg_000546,sample_00182,Robocall - Legally Blind,REAL,0,Rock,,train,546
seg_000547,sample_00182,Robocall - Legally Blind,REAL,0,Rock,,train,547
seg_000548,sample_00182,Robocall - Legally Blind,REAL,0,Rock,,train,548
seg_000549,sample_00183,Robot Heart - Mystery Mammal,REAL,0,Electronic,,train,549
seg_000550,sample_00183,Robot Heart - Mystery Mammal,REAL,0,Electronic,,train,550
seg_000551,sample_00183,Robot Heart - Mystery Mammal,REAL,0,Electronic,,train,551
seg_000552,sample_00184,Roland Garros 2048 - Zoliborz,REAL,0,Rock,,train,552
seg_000553,sample_00184,Roland Garros 2048 - Zoliborz,REAL,0,Rock,,train,553
seg_000554,sample_00184,Roland Garros 2048 - Zoliborz,REAL,0,Rock,,train,554
seg_000555,sample_00185,Roller Star - Monroeville Music Center,REAL,0,Pop,,val,555
seg_000556,sample_00185,Roller Star - Monroeville Music Center,REAL,0,Pop,,val,556
seg_000557,sample_00185,Roller Star - Monroeville Music Center,REAL,0,Pop,,val,557
seg_000558,sample_00186,Rolling On - Avaren,REAL,0,Electronic,,train,558
seg_000559,sample_00186,Rolling On - Avaren,REAL,0,Electronic,,train,559
seg_000560,sample_00186,Rolling On - Avaren,REAL,0,Electronic,,train,560
seg_000561,sample_00187,"Roundtrip - Oh Yeah, the Future",REAL,0,Pop,,val,561
seg_000562,sample_00187,"Roundtrip - Oh Yeah, the Future",REAL,0,Pop,,val,562
seg_000563,sample_00187,"Roundtrip - Oh Yeah, the Future",REAL,0,Pop,,val,563
seg_000564,sample_00188,Rumble - Railkid Station,REAL,0,Rock,,train,564
seg_000565,sample_00188,Rumble - Railkid Station,REAL,0,Rock,,train,565
seg_000566,sample_00188,Rumble - Railkid Station,REAL,0,Rock,,train,566
seg_000567,sample_00189,Running Free - Michett featuring Kalipluche,REAL,0,Electronic,,train,567
seg_000568,sample_00189,Running Free - Michett featuring Kalipluche,REAL,0,Electronic,,train,568
seg_000569,sample_00189,Running Free - Michett featuring Kalipluche,REAL,0,Electronic,,train,569
seg_000570,sample_00190,SD (Ill Mix) - H-LR,REAL,0,Electronic,,val,570
seg_000571,sample_00190,SD (Ill Mix) - H-LR,REAL,0,Electronic,,val,571
seg_000572,sample_00190,SD (Ill Mix) - H-LR,REAL,0,Electronic,,val,572
seg_000573,sample_00191,Scape from the city - Rolemusic,REAL,0,Electronic,,train,573
seg_000574,sample_00191,Scape from the city - Rolemusic,REAL,0,Electronic,,train,574
seg_000575,sample_00191,Scape from the city - Rolemusic,REAL,0,Electronic,,train,575
seg_000576,sample_00192,Scramby Eggs - Andy G. Cohen,REAL,0,Rock,,val,576
seg_000577,sample_00192,Scramby Eggs - Andy G. Cohen,REAL,0,Rock,,val,577
seg_000578,sample_00192,Scramby Eggs - Andy G. Cohen,REAL,0,Rock,,val,578
seg_000579,sample_00193,Sea Monster - The Crypts!,REAL,0,Rock,,train,579
seg_000580,sample_00193,Sea Monster - The Crypts!,REAL,0,Rock,,train,580
seg_000581,sample_00193,Sea Monster - The Crypts!,REAL,0,Rock,,train,581
seg_000582,sample_00194,Seppuku Bot - Decktonic,REAL,0,Electronic,,train,582
seg_000583,sample_00194,Seppuku Bot - Decktonic,REAL,0,Electronic,,train,583
seg_000584,sample_00194,Seppuku Bot - Decktonic,REAL,0,Electronic,,train,584
seg_000585,sample_00195,Set Fire to Creation - Nihilore,REAL,0,Electronic,,test,585
seg_000586,sample_00195,Set Fire to Creation - Nihilore,REAL,0,Electronic,,test,586
seg_000587,sample_00195,Set Fire to Creation - Nihilore,REAL,0,Electronic,,test,587
seg_000588,sample_00196,Sfogare Il Dissenso - Deiezione HC,REAL,0,Rock,,test,588
seg_000589,sample_00196,Sfogare Il Dissenso - Deiezione HC,REAL,0,Rock,,test,589
seg_000590,sample_00196,Sfogare Il Dissenso - Deiezione HC,REAL,0,Rock,,test,590
seg_000591,sample_00197,Shadow Government - Bird Names,REAL,0,Pop,,train,591
seg_000592,sample_00197,Shadow Government - Bird Names,REAL,0,Pop,,train,592
seg_000593,sample_00197,Shadow Government - Bird Names,REAL,0,Pop,,train,593
seg_000594,sample_00198,She Works / Tepid Waters - Bird Names,REAL,0,Pop,,test,594
seg_000595,sample_00198,She Works / Tepid Waters - Bird Names,REAL,0,Pop,,test,595
seg_000596,sample_00198,She Works / Tepid Waters - Bird Names,REAL,0,Pop,,test,596
seg_000597,sample_00199,Sheffield Hall - Andy G. Cohen,REAL,0,Rock,,train,597
seg_000598,sample_00199,Sheffield Hall - Andy G. Cohen,REAL,0,Rock,,train,598
seg_000599,sample_00199,Sheffield Hall - Andy G. Cohen,REAL,0,Rock,,train,599
seg_000600,sample_00200,Shipwrecked Crew - Pete Prodoehl,REAL,0,Rock,,val,600
seg_000601,sample_00200,Shipwrecked Crew - Pete Prodoehl,REAL,0,Rock,,val,601
seg_000602,sample_00200,Shipwrecked Crew - Pete Prodoehl,REAL,0,Rock,,val,602
seg_000603,sample_00201,Slot - Neotnas,REAL,0,Electronic,,train,603
seg_000604,sample_00201,Slot - Neotnas,REAL,0,Electronic,,train,604
seg_000605,sample_00201,Slot - Neotnas,REAL,0,Electronic,,train,605
seg_000606,sample_00202,Slow and Steady - Caleb Lemond,REAL,0,Pop,,train,606
seg_000607,sample_00202,Slow and Steady - Caleb Lemond,REAL,0,Pop,,train,607
seg_000608,sample_00202,Slow and Steady - Caleb Lemond,REAL,0,Pop,,train,608
seg_000609,sample_00203,Snakefirewalking - Los Llamarada,REAL,0,Rock,,train,609
seg_000610,sample_00203,Snakefirewalking - Los Llamarada,REAL,0,Rock,,train,610
seg_000611,sample_00203,Snakefirewalking - Los Llamarada,REAL,0,Rock,,train,611
seg_000612,sample_00204,"Snowday - Oh Yeah, the Future",REAL,0,Pop,,train,612
seg_000613,sample_00204,"Snowday - Oh Yeah, the Future",REAL,0,Pop,,train,613
seg_000614,sample_00204,"Snowday - Oh Yeah, the Future",REAL,0,Pop,,train,614
seg_000615,sample_00205,Soleares&beats - Malaventura,REAL,0,Pop,,val,615
seg_000616,sample_00205,Soleares&beats - Malaventura,REAL,0,Pop,,val,616
seg_000617,sample_00205,Soleares&beats - Malaventura,REAL,0,Pop,,val,617
seg_000618,sample_00206,Something Dirty - Ergo Phizmiz,REAL,0,Pop,,test,618
seg_000619,sample_00206,Something Dirty - Ergo Phizmiz,REAL,0,Pop,,test,619
seg_000620,sample_00206,Something Dirty - Ergo Phizmiz,REAL,0,Pop,,test,620
seg_000621,sample_00207,Sonzis FM - Pipe Choir,REAL,0,Rock,,test,621
seg_000622,sample_00207,Sonzis FM - Pipe Choir,REAL,0,Rock,,test,622
seg_000623,sample_00207,Sonzis FM - Pipe Choir,REAL,0,Rock,,test,623
seg_000624,sample_00208,Soul of the Demon - Zombie Raiders,REAL,0,Rock,,train,624
seg_000625,sample_00208,Soul of the Demon - Zombie Raiders,REAL,0,Rock,,train,625
seg_000626,sample_00208,Soul of the Demon - Zombie Raiders,REAL,0,Rock,,train,626
seg_000627,sample_00209,Space is my pace - Malaventura,REAL,0,Pop,,train,627
seg_000628,sample_00209,Space is my pace - Malaventura,REAL,0,Pop,,train,628
seg_000629,sample_00209,Space is my pace - Malaventura,REAL,0,Pop,,train,629
seg_000630,sample_00210,Spanish BEEEYYAAACHHH - Malaventura,REAL,0,Pop,,train,630
seg_000631,sample_00210,Spanish BEEEYYAAACHHH - Malaventura,REAL,0,Pop,,train,631
seg_000632,sample_00210,Spanish BEEEYYAAACHHH - Malaventura,REAL,0,Pop,,train,632
seg_000633,sample_00211,Stockholm Syndrome / People Should Be More Aware - Bird Names,REAL,0,Pop,,val,633
seg_000634,sample_00211,Stockholm Syndrome / People Should Be More Aware - Bird Names,REAL,0,Pop,,val,634
seg_000635,sample_00211,Stockholm Syndrome / People Should Be More Aware - Bird Names,REAL,0,Pop,,val,635
seg_000636,sample_00212,Stranger - Frigg A Go Go (F.A.G.G.),REAL,0,Rock,,train,636
seg_000637,sample_00212,Stranger - Frigg A Go Go (F.A.G.G.),REAL,0,Rock,,train,637
seg_000638,sample_00212,Stranger - Frigg A Go Go (F.A.G.G.),REAL,0,Rock,,train,638
seg_000639,sample_00213,Straw Fields - Rolemusic,REAL,0,Electronic,,train,639
seg_000640,sample_00213,Straw Fields - Rolemusic,REAL,0,Electronic,,train,640
seg_000641,sample_00213,Straw Fields - Rolemusic,REAL,0,Electronic,,train,641
seg_000642,sample_00214,Strongbreeze - Rowan Box,REAL,0,Electronic,,train,642
seg_000643,sample_00214,Strongbreeze - Rowan Box,REAL,0,Electronic,,train,643
seg_000644,sample_00214,Strongbreeze - Rowan Box,REAL,0,Electronic,,train,644
seg_000645,sample_00215,Sturgeon's Law - Nihilore,REAL,0,Electronic,,val,645
seg_000646,sample_00215,Sturgeon's Law - Nihilore,REAL,0,Electronic,,val,646
seg_000647,sample_00215,Sturgeon's Law - Nihilore,REAL,0,Electronic,,val,647
seg_000648,sample_00216,Stuttgart - Portrayal,REAL,0,Rock,,test,648
seg_000649,sample_00216,Stuttgart - Portrayal,REAL,0,Rock,,test,649
seg_000650,sample_00216,Stuttgart - Portrayal,REAL,0,Rock,,test,650
seg_000651,sample_00217,Support Me in This Moment That I'm About To Lose Heart - Nihilore,REAL,0,Electronic,,test,651
seg_000652,sample_00217,Support Me in This Moment That I'm About To Lose Heart - Nihilore,REAL,0,Electronic,,test,652
seg_000653,sample_00217,Support Me in This Moment That I'm About To Lose Heart - Nihilore,REAL,0,Electronic,,test,653
seg_000654,sample_00218,TTL - Twin Heads,REAL,0,Electronic,,train,654
seg_000655,sample_00218,TTL - Twin Heads,REAL,0,Electronic,,train,655
seg_000656,sample_00218,TTL - Twin Heads,REAL,0,Electronic,,train,656
seg_000657,sample_00219,Take It All - Mod Fun,REAL,0,Rock,,train,657
seg_000658,sample_00219,Take It All - Mod Fun,REAL,0,Rock,,train,658
seg_000659,sample_00219,Take It All - Mod Fun,REAL,0,Rock,,train,659
seg_000660,sample_00220,Take Your Fingers - Michael Fakesch,REAL,0,Electronic,,train,660
seg_000661,sample_00220,Take Your Fingers - Michael Fakesch,REAL,0,Electronic,,train,661
seg_000662,sample_00220,Take Your Fingers - Michael Fakesch,REAL,0,Electronic,,train,662
seg_000663,sample_00221,Tapes - Gumbel,REAL,0,Electronic,,train,663
seg_000664,sample_00221,Tapes - Gumbel,REAL,0,Electronic,,train,664
seg_000665,sample_00221,Tapes - Gumbel,REAL,0,Electronic,,train,665
seg_000666,sample_00222,Tartu Tähän Hetkeen - Paavoharju,REAL,0,Electronic,,train,666
seg_000667,sample_00222,Tartu Tähän Hetkeen - Paavoharju,REAL,0,Electronic,,train,667
seg_000668,sample_00222,Tartu Tähän Hetkeen - Paavoharju,REAL,0,Electronic,,train,668
seg_000669,sample_00223,Terve Teille - Чокнутый Пропеллер,REAL,0,Rock,,test,669
seg_000670,sample_00223,Terve Teille - Чокнутый Пропеллер,REAL,0,Rock,,test,670
seg_000671,sample_00223,Terve Teille - Чокнутый Пропеллер,REAL,0,Rock,,test,671
seg_000672,sample_00224,The Adventures Of Roderick Random - Maps And Diagrams,REAL,0,Electronic,,test,672
seg_000673,sample_00224,The Adventures Of Roderick Random - Maps And Diagrams,REAL,0,Electronic,,test,673
seg_000674,sample_00224,The Adventures Of Roderick Random - Maps And Diagrams,REAL,0,Electronic,,test,674
seg_000675,sample_00225,The Big House - Jason Shaw,REAL,0,Electronic,,train,675
seg_000676,sample_00225,The Big House - Jason Shaw,REAL,0,Electronic,,train,676
seg_000677,sample_00225,The Big House - Jason Shaw,REAL,0,Electronic,,train,677
seg_000678,sample_00226,The Boss - Multifaros,REAL,0,Electronic,,train,678
seg_000679,sample_00226,The Boss - Multifaros,REAL,0,Electronic,,train,679
seg_000680,sample_00226,The Boss - Multifaros,REAL,0,Electronic,,train,680
seg_000681,sample_00227,The Cave of Time - Monroeville Music Center,REAL,0,Pop,,train,681
seg_000682,sample_00227,The Cave of Time - Monroeville Music Center,REAL,0,Pop,,train,682
seg_000683,sample_00227,The Cave of Time - Monroeville Music Center,REAL,0,Pop,,train,683
seg_000684,sample_00228,The Coldest Winter - Caleb Lemond,REAL,0,Pop,,train,684
seg_000685,sample_00228,The Coldest Winter - Caleb Lemond,REAL,0,Pop,,train,685
seg_000686,sample_00228,The Coldest Winter - Caleb Lemond,REAL,0,Pop,,train,686
seg_000687,sample_00229,The Contract - The IMG,REAL,0,Rock,,train,687
seg_000688,sample_00229,The Contract - The IMG,REAL,0,Rock,,train,688
seg_000689,sample_00229,The Contract - The IMG,REAL,0,Rock,,train,689
seg_000690,sample_00230,The Courtyard - Uncle Bibby,REAL,0,Electronic,,train,690
seg_000691,sample_00230,The Courtyard - Uncle Bibby,REAL,0,Electronic,,train,691
seg_000692,sample_00230,The Courtyard - Uncle Bibby,REAL,0,Electronic,,train,692
seg_000693,sample_00231,The Dawn - The One They Fear,REAL,0,Rock,,train,693
seg_000694,sample_00231,The Dawn - The One They Fear,REAL,0,Rock,,train,694
seg_000695,sample_00231,The Dawn - The One They Fear,REAL,0,Rock,,train,695
seg_000696,sample_00232,The Dream and the Dreamer - Caleb Lemond,REAL,0,Pop,,train,696
seg_000697,sample_00232,The Dream and the Dreamer - Caleb Lemond,REAL,0,Pop,,train,697
seg_000698,sample_00232,The Dream and the Dreamer - Caleb Lemond,REAL,0,Pop,,train,698
seg_000699,sample_00233,The Factory - Multifaros,REAL,0,Electronic,,train,699
seg_000700,sample_00233,The Factory - Multifaros,REAL,0,Electronic,,train,700
seg_000701,sample_00233,The Factory - Multifaros,REAL,0,Electronic,,train,701
seg_000702,sample_00234,The Front Yard - HarleyLikesMusic,REAL,0,Electronic,,train,702
seg_000703,sample_00234,The Front Yard - HarleyLikesMusic,REAL,0,Electronic,,train,703
seg_000704,sample_00234,The Front Yard - HarleyLikesMusic,REAL,0,Electronic,,train,704
seg_000705,sample_00235,The Monster Mash/Ya Look Fantastic - The Crypts!,REAL,0,Rock,,train,705
seg_000706,sample_00235,The Monster Mash/Ya Look Fantastic - The Crypts!,REAL,0,Rock,,train,706
seg_000707,sample_00235,The Monster Mash/Ya Look Fantastic - The Crypts!,REAL,0,Rock,,train,707
seg_000708,sample_00236,"The Pursuit of Unintentional Humor - Oh Yeah, the Future",REAL,0,Pop,,test,708
seg_000709,sample_00236,"The Pursuit of Unintentional Humor - Oh Yeah, the Future",REAL,0,Pop,,test,709
seg_000710,sample_00236,"The Pursuit of Unintentional Humor - Oh Yeah, the Future",REAL,0,Pop,,test,710
seg_000711,sample_00237,The Queen - Malaventura,REAL,0,Pop,,train,711
seg_000712,sample_00237,The Queen - Malaventura,REAL,0,Pop,,train,712
seg_000713,sample_00237,The Queen - Malaventura,REAL,0,Pop,,train,713
seg_000714,sample_00238,The Race Forever - Monroeville Music Center,REAL,0,Pop,,train,714
seg_000715,sample_00238,The Race Forever - Monroeville Music Center,REAL,0,Pop,,train,715
seg_000716,sample_00238,The Race Forever - Monroeville Music Center,REAL,0,Pop,,train,716
seg_000717,sample_00239,The Reality Machine - Monroeville Music Center,REAL,0,Pop,,train,717
seg_000718,sample_00239,The Reality Machine - Monroeville Music Center,REAL,0,Pop,,train,718
seg_000719,sample_00239,The Reality Machine - Monroeville Music Center,REAL,0,Pop,,train,719
seg_000720,sample_00240,The Sandman - Ergo Phizmiz,REAL,0,Pop,,train,720
seg_000721,sample_00240,The Sandman - Ergo Phizmiz,REAL,0,Pop,,train,721
seg_000722,sample_00240,The Sandman - Ergo Phizmiz,REAL,0,Pop,,train,722
seg_000723,sample_00241,The Secret Garden - Barbarix,REAL,0,Electronic,,test,723
seg_000724,sample_00241,The Secret Garden - Barbarix,REAL,0,Electronic,,test,724
seg_000725,sample_00241,The Secret Garden - Barbarix,REAL,0,Electronic,,test,725
seg_000726,sample_00242,The Stairway - WarpToken,REAL,0,Electronic,,val,726
seg_000727,sample_00242,The Stairway - WarpToken,REAL,0,Electronic,,val,727
seg_000728,sample_00242,The Stairway - WarpToken,REAL,0,Electronic,,val,728
seg_000729,sample_00243,The girl just faded - Los Llamarada,REAL,0,Rock,,val,729
seg_000730,sample_00243,The girl just faded - Los Llamarada,REAL,0,Rock,,val,730
seg_000731,sample_00243,The girl just faded - Los Llamarada,REAL,0,Rock,,val,731
seg_000732,sample_00244,The plot - Malaventura,REAL,0,Pop,,train,732
seg_000733,sample_00244,The plot - Malaventura,REAL,0,Pop,,train,733
seg_000734,sample_00244,The plot - Malaventura,REAL,0,Pop,,train,734
seg_000735,sample_00245,Three Bird - My brother Daniel,REAL,0,Electronic,,val,735
seg_000736,sample_00245,Three Bird - My brother Daniel,REAL,0,Electronic,,val,736
seg_000737,sample_00245,Three Bird - My brother Daniel,REAL,0,Electronic,,val,737
seg_000738,sample_00246,Time Is Love - Silence is full of birds,REAL,0,Pop,,val,738
seg_000739,sample_00246,Time Is Love - Silence is full of birds,REAL,0,Pop,,val,739
seg_000740,sample_00246,Time Is Love - Silence is full of birds,REAL,0,Pop,,val,740
seg_000741,sample_00247,Time Up - ENDRUDARK,REAL,0,Electronic,,train,741
seg_000742,sample_00247,Time Up - ENDRUDARK,REAL,0,Electronic,,train,742
seg_000743,sample_00247,Time Up - ENDRUDARK,REAL,0,Electronic,,train,743
seg_000744,sample_00248,Timen Passing By - Jason Shaw,REAL,0,Electronic,,val,744
seg_000745,sample_00248,Timen Passing By - Jason Shaw,REAL,0,Electronic,,val,745
seg_000746,sample_00248,Timen Passing By - Jason Shaw,REAL,0,Electronic,,val,746
seg_000747,sample_00249,Topam - Twin Heads,REAL,0,Electronic,,train,747
seg_000748,sample_00249,Topam - Twin Heads,REAL,0,Electronic,,train,748
seg_000749,sample_00249,Topam - Twin Heads,REAL,0,Electronic,,train,749
seg_000750,sample_00250,Track 04 - Lightning Bolt,REAL,0,Rock,,train,750
seg_000751,sample_00250,Track 04 - Lightning Bolt,REAL,0,Rock,,train,751
seg_000752,sample_00250,Track 04 - Lightning Bolt,REAL,0,Rock,,train,752
seg_000753,sample_00251,Transmit - Lamprey,REAL,0,Rock,,train,753
seg_000754,sample_00251,Transmit - Lamprey,REAL,0,Rock,,train,754
seg_000755,sample_00251,Transmit - Lamprey,REAL,0,Rock,,train,755
seg_000756,sample_00252,Troubles I've seen - Malaventura,REAL,0,Pop,,test,756
seg_000757,sample_00252,Troubles I've seen - Malaventura,REAL,0,Pop,,test,757
seg_000758,sample_00252,Troubles I've seen - Malaventura,REAL,0,Pop,,test,758
seg_000759,sample_00253,Ugh! Humans Can Join - Mystery Mammal,REAL,0,Electronic,,test,759
seg_000760,sample_00253,Ugh! Humans Can Join - Mystery Mammal,REAL,0,Electronic,,test,760
seg_000761,sample_00253,Ugh! Humans Can Join - Mystery Mammal,REAL,0,Electronic,,test,761
seg_000762,sample_00254,Ugly - Vienna Ditto,REAL,0,Electronic,,train,762
seg_000763,sample_00254,Ugly - Vienna Ditto,REAL,0,Electronic,,train,763
seg_000764,sample_00254,Ugly - Vienna Ditto,REAL,0,Electronic,,train,764
seg_000765,sample_00255,Understand That This Is A Dream - From the album Modulating Coil [RSVP008] - Forrest James,REAL,0,Electronic,,val,765
seg_000766,sample_00255,Understand That This Is A Dream - From the album Modulating Coil [RSVP008] - Forrest James,REAL,0,Electronic,,val,766
seg_000767,sample_00255,Understand That This Is A Dream - From the album Modulating Coil [RSVP008] - Forrest James,REAL,0,Electronic,,val,767
seg_000768,sample_00256,Unexpected Little Happenings - UltraCat,REAL,0,Electronic,,train,768
seg_000769,sample_00256,Unexpected Little Happenings - UltraCat,REAL,0,Electronic,,train,769
seg_000770,sample_00256,Unexpected Little Happenings - UltraCat,REAL,0,Electronic,,train,770
seg_000771,sample_00257,Untitled - Fatal Injection,REAL,0,Rock,,test,771
seg_000772,sample_00257,Untitled - Fatal Injection,REAL,0,Rock,,test,772
seg_000773,sample_00257,Untitled - Fatal Injection,REAL,0,Rock,,test,773
seg_000774,sample_00258,Vanishing Horizon - Jason Shaw,REAL,0,Electronic,,train,774
seg_000775,sample_00258,Vanishing Horizon - Jason Shaw,REAL,0,Electronic,,train,775
seg_000776,sample_00258,Vanishing Horizon - Jason Shaw,REAL,0,Electronic,,train,776
seg_000777,sample_00259,Variations - Decktonic,REAL,0,Electronic,,train,777
seg_000778,sample_00259,Variations - Decktonic,REAL,0,Electronic,,train,778
seg_000779,sample_00259,Variations - Decktonic,REAL,0,Electronic,,train,779
seg_000780,sample_00260,Versailles - Pierce Murphy,REAL,0,Rock,,train,780
seg_000781,sample_00260,Versailles - Pierce Murphy,REAL,0,Rock,,train,781
seg_000782,sample_00260,Versailles - Pierce Murphy,REAL,0,Rock,,train,782
seg_000783,sample_00261,Voxel - Andy G. Cohen,REAL,0,Rock,,val,783
seg_000784,sample_00261,Voxel - Andy G. Cohen,REAL,0,Rock,,val,784
seg_000785,sample_00261,Voxel - Andy G. Cohen,REAL,0,Rock,,val,785
seg_000786,sample_00262,WET DREAMS - voyageurs,REAL,0,Rock,,train,786
seg_000787,sample_00262,WET DREAMS - voyageurs,REAL,0,Rock,,train,787
seg_000788,sample_00262,WET DREAMS - voyageurs,REAL,0,Rock,,train,788
seg_000789,sample_00263,Wake Up - The Moi Non Plus,REAL,0,Rock,,train,789
seg_000790,sample_00263,Wake Up - The Moi Non Plus,REAL,0,Rock,,train,790
seg_000791,sample_00263,Wake Up - The Moi Non Plus,REAL,0,Rock,,train,791
seg_000792,sample_00264,We Are Canucks - David Blair,REAL,0,Pop,,train,792
seg_000793,sample_00264,We Are Canucks - David Blair,REAL,0,Pop,,train,793
seg_000794,sample_00264,We Are Canucks - David Blair,REAL,0,Pop,,train,794
seg_000795,sample_00265,We Misplaced A Cobra In the Uninhabitable Mansions - Uninhabitable Mansions,REAL,0,Rock,,train,795
seg_000796,sample_00265,We Misplaced A Cobra In the Uninhabitable Mansions - Uninhabitable Mansions,REAL,0,Rock,,train,796
seg_000797,sample_00265,We Misplaced A Cobra In the Uninhabitable Mansions - Uninhabitable Mansions,REAL,0,Rock,,train,797
seg_000798,sample_00266,We Move in Waves - Modey Lemon,REAL,0,Rock,,train,798
seg_000799,sample_00266,We Move in Waves - Modey Lemon,REAL,0,Rock,,train,799
seg_000800,sample_00266,We Move in Waves - Modey Lemon,REAL,0,Rock,,train,800
seg_000801,sample_00267,Westside Chillers - Little Glass Men,REAL,0,Electronic,,val,801
seg_000802,sample_00267,Westside Chillers - Little Glass Men,REAL,0,Electronic,,val,802
seg_000803,sample_00267,Westside Chillers - Little Glass Men,REAL,0,Electronic,,val,803
seg_000804,sample_00268,When I Was Taller - Dan Deacon,REAL,0,Electronic,,train,804
seg_000805,sample_00268,When I Was Taller - Dan Deacon,REAL,0,Electronic,,train,805
seg_000806,sample_00268,When I Was Taller - Dan Deacon,REAL,0,Electronic,,train,806
seg_000807,sample_00269,When Will We Ever Learn - Ontayso,REAL,0,Electronic,,train,807
seg_000808,sample_00269,When Will We Ever Learn - Ontayso,REAL,0,Electronic,,train,808
seg_000809,sample_00269,When Will We Ever Learn - Ontayso,REAL,0,Electronic,,train,809
seg_000810,sample_00270,Where Is Everything - The Moi Non Plus,REAL,0,Rock,,test,810
seg_000811,sample_00270,Where Is Everything - The Moi Non Plus,REAL,0,Rock,,test,811
seg_000812,sample_00270,Where Is Everything - The Moi Non Plus,REAL,0,Rock,,test,812
seg_000813,sample_00271,Who Loves You Dear - Mink Lungs,REAL,0,Rock,,test,813
seg_000814,sample_00271,Who Loves You Dear - Mink Lungs,REAL,0,Rock,,test,814
seg_000815,sample_00271,Who Loves You Dear - Mink Lungs,REAL,0,Rock,,test,815
seg_000816,sample_00272,Windows of the Skull (Alternate Version) - Sarin,REAL,0,Rock,,train,816
seg_000817,sample_00272,Windows of the Skull (Alternate Version) - Sarin,REAL,0,Rock,,train,817
seg_000818,sample_00272,Windows of the Skull (Alternate Version) - Sarin,REAL,0,Rock,,train,818
seg_000819,sample_00273,Windows of the Skull - Sarin,REAL,0,Rock,,val,819
seg_000820,sample_00273,Windows of the Skull - Sarin,REAL,0,Rock,,val,820
seg_000821,sample_00273,Windows of the Skull - Sarin,REAL,0,Rock,,val,821
seg_000822,sample_00274,Wir Werden Gott - Japanische Kampfhorspiele,REAL,0,Rock,,train,822
seg_000823,sample_00274,Wir Werden Gott - Japanische Kampfhorspiele,REAL,0,Rock,,train,823
seg_000824,sample_00274,Wir Werden Gott - Japanische Kampfhorspiele,REAL,0,Rock,,train,824
seg_000825,sample_00275,"With the Summer - Oh Yeah, the Future",REAL,0,Pop,,train,825
seg_000826,sample_00275,"With the Summer - Oh Yeah, the Future",REAL,0,Pop,,train,826
seg_000827,sample_00275,"With the Summer - Oh Yeah, the Future",REAL,0,Pop,,train,827
seg_000828,sample_00276,Ynkelig - Die Morgendammerung Des Valhalla,REAL,0,Rock,,train,828
seg_000829,sample_00276,Ynkelig - Die Morgendammerung Des Valhalla,REAL,0,Rock,,train,829
seg_000830,sample_00276,Ynkelig - Die Morgendammerung Des Valhalla,REAL,0,Rock,,train,830
seg_000831,sample_00277,Yoko live at FoEG - Emma Acs,REAL,0,Pop,,train,831
seg_000832,sample_00277,Yoko live at FoEG - Emma Acs,REAL,0,Pop,,train,832
seg_000833,sample_00277,Yoko live at FoEG - Emma Acs,REAL,0,Pop,,train,833
seg_000834,sample_00278,You Are A Monster - Monroeville Music Center,REAL,0,Pop,,train,834
seg_000835,sample_00278,You Are A Monster - Monroeville Music Center,REAL,0,Pop,,train,835
seg_000836,sample_00278,You Are A Monster - Monroeville Music Center,REAL,0,Pop,,train,836
seg_000837,sample_00279,Yurtology - Michett,REAL,0,Electronic,,test,837
seg_000838,sample_00279,Yurtology - Michett,REAL,0,Electronic,,test,838
seg_000839,sample_00279,Yurtology - Michett,REAL,0,Electronic,,test,839
seg_000840,sample_00280,Z-Saber (feat Jake Allison) - Decktonic,REAL,0,Electronic,,train,840
seg_000841,sample_00280,Z-Saber (feat Jake Allison) - Decktonic,REAL,0,Electronic,,train,841
seg_000842,sample_00280,Z-Saber (feat Jake Allison) - Decktonic,REAL,0,Electronic,,train,842
seg_000843,sample_00281,danse macabre - Katapulto,REAL,0,Pop,,train,843
seg_000844,sample_00281,danse macabre - Katapulto,REAL,0,Pop,,train,844
seg_000845,sample_00281,danse macabre - Katapulto,REAL,0,Pop,,train,845
seg_000846,sample_00282,gospellioza - Katapulto,REAL,0,Pop,,train,846
seg_000847,sample_00282,gospellioza - Katapulto,REAL,0,Pop,,train,847
seg_000848,sample_00282,gospellioza - Katapulto,REAL,0,Pop,,train,848
seg_000849,sample_00283,karaoke megablast - Katapulto,REAL,0,Pop,,train,849
seg_000850,sample_00283,karaoke megablast - Katapulto,REAL,0,Pop,,train,850
seg_000851,sample_00283,karaoke megablast - Katapulto,REAL,0,Pop,,train,851
seg_000852,sample_00284,kolorowe wody - Katapulto,REAL,0,Pop,,train,852
seg_000853,sample_00284,kolorowe wody - Katapulto,REAL,0,Pop,,train,853
seg_000854,sample_00284,kolorowe wody - Katapulto,REAL,0,Pop,,train,854
seg_000855,sample_00285,mc trabalenguas - Volumina,REAL,0,Pop,,train,855
seg_000856,sample_00285,mc trabalenguas - Volumina,REAL,0,Pop,,train,856
seg_000857,sample_00285,mc trabalenguas - Volumina,REAL,0,Pop,,train,857
seg_000858,sample_00286,mystery team 2090 - Jesse Futerman,REAL,0,Electronic,,val,858
seg_000859,sample_00286,mystery team 2090 - Jesse Futerman,REAL,0,Electronic,,val,859
seg_000860,sample_00286,mystery team 2090 - Jesse Futerman,REAL,0,Electronic,,val,860
seg_000861,sample_00287,philcollins takes your hand - Katapulto,REAL,0,Pop,,train,861
seg_000862,sample_00287,philcollins takes your hand - Katapulto,REAL,0,Pop,,train,862
seg_000863,sample_00287,philcollins takes your hand - Katapulto,REAL,0,Pop,,train,863
seg_000864,sample_00288,purity & danger - Katapulto,REAL,0,Pop,,train,864
seg_000865,sample_00288,purity & danger - Katapulto,REAL,0,Pop,,train,865
seg_000866,sample_00288,purity & danger - Katapulto,REAL,0,Pop,,train,866
seg_000867,sample_00289,shmoove - epsilon not,REAL,0,Electronic,,train,867
seg_000868,sample_00289,shmoove - epsilon not,REAL,0,Electronic,,train,868
seg_000869,sample_00289,shmoove - epsilon not,REAL,0,Electronic,,train,869
seg_000870,sample_00290,some dextromethorphan - Jeva,REAL,0,Electronic,,val,870
seg_000871,sample_00290,some dextromethorphan - Jeva,REAL,0,Electronic,,val,871
seg_000872,sample_00290,some dextromethorphan - Jeva,REAL,0,Electronic,,val,872
seg_000873,sample_00291,zero rhythm dollar boy - Katapulto,REAL,0,Pop,,train,873
seg_000874,sample_00291,zero rhythm dollar boy - Katapulto,REAL,0,Pop,,train,874
seg_000875,sample_00291,zero rhythm dollar boy - Katapulto,REAL,0,Pop,,train,875
seg_000876,sample_00292,В Наших Сердцах - Чокнутый Пропеллер,REAL,0,Rock,,val,876
seg_000877,sample_00292,В Наших Сердцах - Чокнутый Пропеллер,REAL,0,Rock,,val,877
seg_000878,sample_00292,В Наших Сердцах - Чокнутый Пропеллер,REAL,0,Rock,,val,878
seg_000879,sample_00293,Глазами Детей - Чокнутый Пропеллер,REAL,0,Rock,,train,879
seg_000880,sample_00293,Глазами Детей - Чокнутый Пропеллер,REAL,0,Rock,,train,880
seg_000881,sample_00293,Глазами Детей - Чокнутый Пропеллер,REAL,0,Rock,,train,881
seg_000882,sample_00294,Кортни Лав - Чокнутый Пропеллер,REAL,0,Rock,,train,882
seg_000883,sample_00294,Кортни Лав - Чокнутый Пропеллер,REAL,0,Rock,,train,883
seg_000884,sample_00294,Кортни Лав - Чокнутый Пропеллер,REAL,0,Rock,,train,884
seg_000885,sample_00295,Новый Нью-Йорк 2 - Чокнутый Пропеллер,REAL,0,Rock,,val,885
seg_000886,sample_00295,Новый Нью-Йорк 2 - Чокнутый Пропеллер,REAL,0,Rock,,val,886
seg_000887,sample_00295,Новый Нью-Йорк 2 - Чокнутый Пропеллер,REAL,0,Rock,,val,887
seg_000888,sample_00296,"10,000 People Chanting, ""I'm an Individual"" - Nihilore",FAKE,1,Electronic,acestep,train,888
seg_000889,sample_00296,"10,000 People Chanting, ""I'm an Individual"" - Nihilore",FAKE,1,Electronic,acestep,train,889
seg_000890,sample_00296,"10,000 People Chanting, ""I'm an Individual"" - Nihilore",FAKE,1,Electronic,acestep,train,890
seg_000891,sample_00297,1984 - Punk Rock Opera,FAKE,1,Rock,acestep,train,891
seg_000892,sample_00297,1984 - Punk Rock Opera,FAKE,1,Rock,acestep,train,892
seg_000893,sample_00297,1984 - Punk Rock Opera,FAKE,1,Rock,acestep,train,893
seg_000894,sample_00298,2Much (Andy Spinelli & Alex Sánchez House Edit) - Tentacles,FAKE,1,Electronic,acestep,test,894
seg_000895,sample_00298,2Much (Andy Spinelli & Alex Sánchez House Edit) - Tentacles,FAKE,1,Electronic,acestep,test,895
seg_000896,sample_00298,2Much (Andy Spinelli & Alex Sánchez House Edit) - Tentacles,FAKE,1,Electronic,acestep,test,896
seg_000897,sample_00299,2 (Wasn't There) - Isle of Pine,FAKE,1,Rock,acestep,val,897
seg_000898,sample_00299,2 (Wasn't There) - Isle of Pine,FAKE,1,Rock,acestep,val,898
seg_000899,sample_00299,2 (Wasn't There) - Isle of Pine,FAKE,1,Rock,acestep,val,899
seg_000900,sample_00300,3 am West End - statusq,FAKE,1,Electronic,acestep,test,900
seg_000901,sample_00300,3 am West End - statusq,FAKE,1,Electronic,acestep,test,901
seg_000902,sample_00300,3 am West End - statusq,FAKE,1,Electronic,acestep,test,902
seg_000903,sample_00301,"50,000 Volts of Democracy mp3 - Legally Blind",FAKE,1,Rock,acestep,train,903
seg_000904,sample_00301,"50,000 Volts of Democracy mp3 - Legally Blind",FAKE,1,Rock,acestep,train,904
seg_000905,sample_00301,"50,000 Volts of Democracy mp3 - Legally Blind",FAKE,1,Rock,acestep,train,905
seg_000906,sample_00302,5 (Lexington) - Isle of Pine,FAKE,1,Rock,acestep,test,906
seg_000907,sample_00302,5 (Lexington) - Isle of Pine,FAKE,1,Rock,acestep,test,907
seg_000908,sample_00302,5 (Lexington) - Isle of Pine,FAKE,1,Rock,acestep,test,908
seg_000909,sample_00303,"6 (Coat of Arms, Close) - Isle of Pine",FAKE,1,Rock,acestep,train,909
seg_000910,sample_00303,"6 (Coat of Arms, Close) - Isle of Pine",FAKE,1,Rock,acestep,train,910
seg_000911,sample_00303,"6 (Coat of Arms, Close) - Isle of Pine",FAKE,1,Rock,acestep,train,911
seg_000912,sample_00304,Acoustic Unleashed - Remain,FAKE,1,Electronic,acestep,train,912
seg_000913,sample_00304,Acoustic Unleashed - Remain,FAKE,1,Electronic,acestep,train,913
seg_000914,sample_00304,Acoustic Unleashed - Remain,FAKE,1,Electronic,acestep,train,914
seg_000915,sample_00305,Ad Astra - P C III,FAKE,1,Electronic,acestep,train,915
seg_000916,sample_00305,Ad Astra - P C III,FAKE,1,Electronic,acestep,train,916
seg_000917,sample_00305,Ad Astra - P C III,FAKE,1,Electronic,acestep,train,917
seg_000918,sample_00306,Agora - Malaventura,FAKE,1,Pop,acestep,val,918
seg_000919,sample_00306,Agora - Malaventura,FAKE,1,Pop,acestep,val,919
seg_000920,sample_00306,Agora - Malaventura,FAKE,1,Pop,acestep,val,920
seg_000921,sample_00307,All of Us - Eric Skiff,FAKE,1,Electronic,acestep,train,921
seg_000922,sample_00307,All of Us - Eric Skiff,FAKE,1,Electronic,acestep,train,922
seg_000923,sample_00307,All of Us - Eric Skiff,FAKE,1,Electronic,acestep,train,923
seg_000924,sample_00308,Ancient Whispers I - P C III,FAKE,1,Electronic,acestep,train,924
seg_000925,sample_00308,Ancient Whispers I - P C III,FAKE,1,Electronic,acestep,train,925
seg_000926,sample_00308,Ancient Whispers I - P C III,FAKE,1,Electronic,acestep,train,926
seg_000927,sample_00309,And Over The Rainbows - milky-chu,FAKE,1,Electronic,acestep,train,927
seg_000928,sample_00309,And Over The Rainbows - milky-chu,FAKE,1,Electronic,acestep,train,928
seg_000929,sample_00309,And Over The Rainbows - milky-chu,FAKE,1,Electronic,acestep,train,929
seg_000930,sample_00310,Apparitions Under Glass - Sarin,FAKE,1,Rock,acestep,train,930
seg_000931,sample_00310,Apparitions Under Glass - Sarin,FAKE,1,Rock,acestep,train,931
seg_000932,sample_00310,Apparitions Under Glass - Sarin,FAKE,1,Rock,acestep,train,932
seg_000933,sample_00311,"Aquamarine, My Distant Blue - Nihilore",FAKE,1,Electronic,acestep,train,933
seg_000934,sample_00311,"Aquamarine, My Distant Blue - Nihilore",FAKE,1,Electronic,acestep,train,934
seg_000935,sample_00311,"Aquamarine, My Distant Blue - Nihilore",FAKE,1,Electronic,acestep,train,935
seg_000936,sample_00312,Artificial anxiety - Michett,FAKE,1,Electronic,acestep,train,936
seg_000937,sample_00312,Artificial anxiety - Michett,FAKE,1,Electronic,acestep,train,937
seg_000938,sample_00312,Artificial anxiety - Michett,FAKE,1,Electronic,acestep,train,938
seg_000939,sample_00313,As Nihilism Gives Way To Existentialism - Nihilore,FAKE,1,Electronic,acestep,train,939
seg_000940,sample_00313,As Nihilism Gives Way To Existentialism - Nihilore,FAKE,1,Electronic,acestep,train,940
seg_000941,sample_00313,As Nihilism Gives Way To Existentialism - Nihilore,FAKE,1,Electronic,acestep,train,941
seg_000942,sample_00314,Attention - Pete Prodoehl,FAKE,1,Rock,acestep,test,942
seg_000943,sample_00314,Attention - Pete Prodoehl,FAKE,1,Rock,acestep,test,943
seg_000944,sample_00314,Attention - Pete Prodoehl,FAKE,1,Rock,acestep,test,944
seg_000945,sample_00315,Authenticity - Nihilore,FAKE,1,Electronic,acestep,train,945
seg_000946,sample_00315,Authenticity - Nihilore,FAKE,1,Electronic,acestep,train,946
seg_000947,sample_00315,Authenticity - Nihilore,FAKE,1,Electronic,acestep,train,947
seg_000948,sample_00316,Autobahn - S-B-J,FAKE,1,Electronic,acestep,train,948
seg_000949,sample_00316,Autobahn - S-B-J,FAKE,1,Electronic,acestep,train,949
seg_000950,sample_00316,Autobahn - S-B-J,FAKE,1,Electronic,acestep,train,950
seg_000951,sample_00317,"Autopsy - Oh Yeah, the Future",FAKE,1,Pop,acestep,train,951
seg_000952,sample_00317,"Autopsy - Oh Yeah, the Future",FAKE,1,Pop,acestep,train,952
seg_000953,sample_00317,"Autopsy - Oh Yeah, the Future",FAKE,1,Pop,acestep,train,953
seg_000954,sample_00318,A Dark Blue Arc - Pipe Choir,FAKE,1,Rock,acestep,train,954
seg_000955,sample_00318,A Dark Blue Arc - Pipe Choir,FAKE,1,Rock,acestep,train,955
seg_000956,sample_00318,A Dark Blue Arc - Pipe Choir,FAKE,1,Rock,acestep,train,956
seg_000957,sample_00319,A Different World By Night - Nihilore,FAKE,1,Electronic,acestep,train,957
seg_000958,sample_00319,A Different World By Night - Nihilore,FAKE,1,Electronic,acestep,train,958
seg_000959,sample_00319,A Different World By Night - Nihilore,FAKE,1,Electronic,acestep,train,959
seg_000960,sample_00320,A Lady In Red With A Plan To Steal - Did You Just Hex Me?,FAKE,1,Rock,acestep,train,960
seg_000961,sample_00320,A Lady In Red With A Plan To Steal - Did You Just Hex Me?,FAKE,1,Rock,acestep,train,961
seg_000962,sample_00320,A Lady In Red With A Plan To Steal - Did You Just Hex Me?,FAKE,1,Rock,acestep,train,962
seg_000963,sample_00321,Bergwald Bergwald - Every Now and Every Then,FAKE,1,Rock,acestep,train,963
seg_000964,sample_00321,Bergwald Bergwald - Every Now and Every Then,FAKE,1,Rock,acestep,train,964
seg_000965,sample_00321,Bergwald Bergwald - Every Now and Every Then,FAKE,1,Rock,acestep,train,965
seg_000966,sample_00322,Better Run Away From Me - Miss Derringer,FAKE,1,Rock,acestep,train,966
seg_000967,sample_00322,Better Run Away From Me - Miss Derringer,FAKE,1,Rock,acestep,train,967
seg_000968,sample_00322,Better Run Away From Me - Miss Derringer,FAKE,1,Rock,acestep,train,968
seg_000969,sample_00323,Beyond Luxury - Mors Ontologica,FAKE,1,Rock,acestep,val,969
seg_000970,sample_00323,Beyond Luxury - Mors Ontologica,FAKE,1,Rock,acestep,val,970
seg_000971,sample_00323,Beyond Luxury - Mors Ontologica,FAKE,1,Rock,acestep,val,971
seg_000972,sample_00324,Bizzy - The Tleilaxu Music Machine,FAKE,1,Electronic,acestep,test,972
seg_000973,sample_00324,Bizzy - The Tleilaxu Music Machine,FAKE,1,Electronic,acestep,test,973
seg_000974,sample_00324,Bizzy - The Tleilaxu Music Machine,FAKE,1,Electronic,acestep,test,974
seg_000975,sample_00325,Black Panda - The Crypts!,FAKE,1,Rock,acestep,train,975
seg_000976,sample_00325,Black Panda - The Crypts!,FAKE,1,Rock,acestep,train,976
seg_000977,sample_00325,Black Panda - The Crypts!,FAKE,1,Rock,acestep,train,977
seg_000978,sample_00326,Breathe New Life - Scott Holmes,FAKE,1,Rock,acestep,train,978
seg_000979,sample_00326,Breathe New Life - Scott Holmes,FAKE,1,Rock,acestep,train,979
seg_000980,sample_00326,Breathe New Life - Scott Holmes,FAKE,1,Rock,acestep,train,980
seg_000981,sample_00327,Breeze Funk - Malaventura,FAKE,1,Pop,acestep,train,981
seg_000982,sample_00327,Breeze Funk - Malaventura,FAKE,1,Pop,acestep,train,982
seg_000983,sample_00327,Breeze Funk - Malaventura,FAKE,1,Pop,acestep,train,983
seg_000984,sample_00328,Burn - Room For A Ghost,FAKE,1,Rock,acestep,train,984
seg_000985,sample_00328,Burn - Room For A Ghost,FAKE,1,Rock,acestep,train,985
seg_000986,sample_00328,Burn - Room For A Ghost,FAKE,1,Rock,acestep,train,986
seg_000987,sample_00329,Busby Berkeley - Ergo Phizmiz,FAKE,1,Pop,acestep,train,987
seg_000988,sample_00329,Busby Berkeley - Ergo Phizmiz,FAKE,1,Pop,acestep,train,988
seg_000989,sample_00329,Busby Berkeley - Ergo Phizmiz,FAKE,1,Pop,acestep,train,989
seg_000990,sample_00330,Cassie Lace - The Zombie Dandies,FAKE,1,Rock,acestep,train,990
seg_000991,sample_00330,Cassie Lace - The Zombie Dandies,FAKE,1,Rock,acestep,train,991
seg_000992,sample_00330,Cassie Lace - The Zombie Dandies,FAKE,1,Rock,acestep,train,992
seg_000993,sample_00331,Celia - Ergo Phizmiz,FAKE,1,Pop,acestep,train,993
seg_000994,sample_00331,Celia - Ergo Phizmiz,FAKE,1,Pop,acestep,train,994
seg_000995,sample_00331,Celia - Ergo Phizmiz,FAKE,1,Pop,acestep,train,995
seg_000996,sample_00332,Clay Heart - Nihilore,FAKE,1,Electronic,acestep,train,996
seg_000997,sample_00332,Clay Heart - Nihilore,FAKE,1,Electronic,acestep,train,997
seg_000998,sample_00332,Clay Heart - Nihilore,FAKE,1,Electronic,acestep,train,998
seg_000999,sample_00333,Cloudy - Subway Sonicbeat,FAKE,1,Electronic,acestep,train,999
seg_001000,sample_00333,Cloudy - Subway Sonicbeat,FAKE,1,Electronic,acestep,train,1000
seg_001001,sample_00333,Cloudy - Subway Sonicbeat,FAKE,1,Electronic,acestep,train,1001
seg_001002,sample_00334,Cold Chains - Rolemusic,FAKE,1,Electronic,acestep,train,1002
seg_001003,sample_00334,Cold Chains - Rolemusic,FAKE,1,Electronic,acestep,train,1003
seg_001004,sample_00334,Cold Chains - Rolemusic,FAKE,1,Electronic,acestep,train,1004
seg_001005,sample_00335,Coliidae - K.D. Expression,FAKE,1,Electronic,acestep,train,1005
seg_001006,sample_00335,Coliidae - K.D. Expression,FAKE,1,Electronic,acestep,train,1006
seg_001007,sample_00335,Coliidae - K.D. Expression,FAKE,1,Electronic,acestep,train,1007
seg_001008,sample_00336,Colossal Stillness - Scott Holmes,FAKE,1,Rock,acestep,train,1008
seg_001009,sample_00336,Colossal Stillness - Scott Holmes,FAKE,1,Rock,acestep,train,1009
seg_001010,sample_00336,Colossal Stillness - Scott Holmes,FAKE,1,Rock,acestep,train,1010
seg_001011,sample_00337,Convicted Jazz Drones - Malaventura,FAKE,1,Pop,acestep,train,1011
seg_001012,sample_00337,Convicted Jazz Drones - Malaventura,FAKE,1,Pop,acestep,train,1012
seg_001013,sample_00337,Convicted Jazz Drones - Malaventura,FAKE,1,Pop,acestep,train,1013
seg_001014,sample_00338,CopperNickle - UncleBibby,FAKE,1,Electronic,acestep,val,1014
seg_001015,sample_00338,CopperNickle - UncleBibby,FAKE,1,Electronic,acestep,val,1015
seg_001016,sample_00338,CopperNickle - UncleBibby,FAKE,1,Electronic,acestep,val,1016
seg_001017,sample_00339,Crossing - Los Llamarada,FAKE,1,Rock,acestep,train,1017
seg_001018,sample_00339,Crossing - Los Llamarada,FAKE,1,Rock,acestep,train,1018
seg_001019,sample_00339,Crossing - Los Llamarada,FAKE,1,Rock,acestep,train,1019
seg_001020,sample_00340,Dance Harder - Three Chain Links,FAKE,1,Electronic,acestep,test,1020
seg_001021,sample_00340,Dance Harder - Three Chain Links,FAKE,1,Electronic,acestep,test,1021
seg_001022,sample_00340,Dance Harder - Three Chain Links,FAKE,1,Electronic,acestep,test,1022
seg_001023,sample_00341,Dance of the Martians (SynthStep Edit) - Maxim Kornyshev,FAKE,1,Electronic,acestep,train,1023
seg_001024,sample_00341,Dance of the Martians (SynthStep Edit) - Maxim Kornyshev,FAKE,1,Electronic,acestep,train,1024
seg_001025,sample_00341,Dance of the Martians (SynthStep Edit) - Maxim Kornyshev,FAKE,1,Electronic,acestep,train,1025
seg_001026,sample_00342,danse macabre - Katapulto,FAKE,1,Pop,acestep,train,1026
seg_001027,sample_00342,danse macabre - Katapulto,FAKE,1,Pop,acestep,train,1027
seg_001028,sample_00342,danse macabre - Katapulto,FAKE,1,Pop,acestep,train,1028
seg_001029,sample_00343,Daylight Savings - My brother Daniel,FAKE,1,Electronic,acestep,val,1029
seg_001030,sample_00343,Daylight Savings - My brother Daniel,FAKE,1,Electronic,acestep,val,1030
seg_001031,sample_00343,Daylight Savings - My brother Daniel,FAKE,1,Electronic,acestep,val,1031
seg_001032,sample_00344,Demolition - Michett,FAKE,1,Rock,acestep,train,1032
seg_001033,sample_00344,Demolition - Michett,FAKE,1,Rock,acestep,train,1033
seg_001034,sample_00344,Demolition - Michett,FAKE,1,Rock,acestep,train,1034
seg_001035,sample_00345,Different Day - First,FAKE,1,Pop,acestep,test,1035
seg_001036,sample_00345,Different Day - First,FAKE,1,Pop,acestep,test,1036
seg_001037,sample_00345,Different Day - First,FAKE,1,Pop,acestep,test,1037
seg_001038,sample_00346,Digital Lightning - Cloudkicker,FAKE,1,Rock,acestep,train,1038
seg_001039,sample_00346,Digital Lightning - Cloudkicker,FAKE,1,Rock,acestep,train,1039
seg_001040,sample_00346,Digital Lightning - Cloudkicker,FAKE,1,Rock,acestep,train,1040
seg_001041,sample_00347,Don't want to be your man - Frigg A Go Go (F.A.G.G.),FAKE,1,Rock,acestep,train,1041
seg_001042,sample_00347,Don't want to be your man - Frigg A Go Go (F.A.G.G.),FAKE,1,Rock,acestep,train,1042
seg_001043,sample_00347,Don't want to be your man - Frigg A Go Go (F.A.G.G.),FAKE,1,Rock,acestep,train,1043
seg_001044,sample_00348,Dreams - ENDRUDARK,FAKE,1,Electronic,acestep,train,1044
seg_001045,sample_00348,Dreams - ENDRUDARK,FAKE,1,Electronic,acestep,train,1045
seg_001046,sample_00348,Dreams - ENDRUDARK,FAKE,1,Electronic,acestep,train,1046
seg_001047,sample_00349,Dr. Bodysnatcher - Modey Lemon,FAKE,1,Rock,acestep,train,1047
seg_001048,sample_00349,Dr. Bodysnatcher - Modey Lemon,FAKE,1,Rock,acestep,train,1048
seg_001049,sample_00349,Dr. Bodysnatcher - Modey Lemon,FAKE,1,Rock,acestep,train,1049
seg_001050,sample_00350,Dr Deimos-Scribble - Mizuki's Last Chance/Dr Deimos,FAKE,1,Electronic,acestep,train,1050
seg_001051,sample_00350,Dr Deimos-Scribble - Mizuki's Last Chance/Dr Deimos,FAKE,1,Electronic,acestep,train,1051
seg_001052,sample_00350,Dr Deimos-Scribble - Mizuki's Last Chance/Dr Deimos,FAKE,1,Electronic,acestep,train,1052
seg_001053,sample_00351,Edge - Mystery Mammal,FAKE,1,Electronic,acestep,train,1053
seg_001054,sample_00351,Edge - Mystery Mammal,FAKE,1,Electronic,acestep,train,1054
seg_001055,sample_00351,Edge - Mystery Mammal,FAKE,1,Electronic,acestep,train,1055
seg_001056,sample_00352,Electric Girlfriend - The Zombie Dandies,FAKE,1,Rock,acestep,train,1056
seg_001057,sample_00352,Electric Girlfriend - The Zombie Dandies,FAKE,1,Rock,acestep,train,1057
seg_001058,sample_00352,Electric Girlfriend - The Zombie Dandies,FAKE,1,Rock,acestep,train,1058
seg_001059,sample_00353,El Burrito - Malaventura,FAKE,1,Pop,acestep,test,1059
seg_001060,sample_00353,El Burrito - Malaventura,FAKE,1,Pop,acestep,test,1060
seg_001061,sample_00353,El Burrito - Malaventura,FAKE,1,Pop,acestep,test,1061
seg_001062,sample_00354,Empower Thee - vargero,FAKE,1,Electronic,acestep,train,1062
seg_001063,sample_00354,Empower Thee - vargero,FAKE,1,Electronic,acestep,train,1063
seg_001064,sample_00354,Empower Thee - vargero,FAKE,1,Electronic,acestep,train,1064
seg_001065,sample_00355,Empty Pockets - Pete Prodoehl,FAKE,1,Rock,acestep,val,1065
seg_001066,sample_00355,Empty Pockets - Pete Prodoehl,FAKE,1,Rock,acestep,val,1066
seg_001067,sample_00355,Empty Pockets - Pete Prodoehl,FAKE,1,Rock,acestep,val,1067
seg_001068,sample_00356,Endless - The Birth and Death of Silence,FAKE,1,Electronic,acestep,train,1068
seg_001069,sample_00356,Endless - The Birth and Death of Silence,FAKE,1,Electronic,acestep,train,1069
seg_001070,sample_00356,Endless - The Birth and Death of Silence,FAKE,1,Electronic,acestep,train,1070
seg_001071,sample_00357,End of the Line - H-LR,FAKE,1,Electronic,acestep,train,1071
seg_001072,sample_00357,End of the Line - H-LR,FAKE,1,Electronic,acestep,train,1072
seg_001073,sample_00357,End of the Line - H-LR,FAKE,1,Electronic,acestep,train,1073
seg_001074,sample_00358,End titles - Itsensäsyöjät,FAKE,1,Electronic,acestep,test,1074
seg_001075,sample_00358,End titles - Itsensäsyöjät,FAKE,1,Electronic,acestep,test,1075
seg_001076,sample_00358,End titles - Itsensäsyöjät,FAKE,1,Electronic,acestep,test,1076
seg_001077,sample_00359,Enemy - Modey Lemon,FAKE,1,Rock,acestep,train,1077
seg_001078,sample_00359,Enemy - Modey Lemon,FAKE,1,Rock,acestep,train,1078
seg_001079,sample_00359,Enemy - Modey Lemon,FAKE,1,Rock,acestep,train,1079
seg_001080,sample_00360,Enthalpy - Rolemusic,FAKE,1,Electronic,acestep,train,1080
seg_001081,sample_00360,Enthalpy - Rolemusic,FAKE,1,Electronic,acestep,train,1081
seg_001082,sample_00360,Enthalpy - Rolemusic,FAKE,1,Electronic,acestep,train,1082
seg_001083,sample_00361,Evil Cannot Create - Caleb Lemond,FAKE,1,Pop,acestep,val,1083
seg_001084,sample_00361,Evil Cannot Create - Caleb Lemond,FAKE,1,Pop,acestep,val,1084
seg_001085,sample_00361,Evil Cannot Create - Caleb Lemond,FAKE,1,Pop,acestep,val,1085
seg_001086,sample_00362,Eyes Getting Louder - Mod Fun,FAKE,1,Rock,acestep,train,1086
seg_001087,sample_00362,Eyes Getting Louder - Mod Fun,FAKE,1,Rock,acestep,train,1087
seg_001088,sample_00362,Eyes Getting Louder - Mod Fun,FAKE,1,Rock,acestep,train,1088
seg_001089,sample_00363,Fear - Los Fancy Free,FAKE,1,Rock,acestep,val,1089
seg_001090,sample_00363,Fear - Los Fancy Free,FAKE,1,Rock,acestep,val,1090
seg_001091,sample_00363,Fear - Los Fancy Free,FAKE,1,Rock,acestep,val,1091
seg_001092,sample_00364,Fifth Ramble - From the album Keith [RSVP007] - My brother Daniel,FAKE,1,Electronic,acestep,val,1092
seg_001093,sample_00364,Fifth Ramble - From the album Keith [RSVP007] - My brother Daniel,FAKE,1,Electronic,acestep,val,1093
seg_001094,sample_00364,Fifth Ramble - From the album Keith [RSVP007] - My brother Daniel,FAKE,1,Electronic,acestep,val,1094
seg_001095,sample_00365,"First Glance - Oh Yeah, the Future",FAKE,1,Pop,acestep,train,1095
seg_001096,sample_00365,"First Glance - Oh Yeah, the Future",FAKE,1,Pop,acestep,train,1096
seg_001097,sample_00365,"First Glance - Oh Yeah, the Future",FAKE,1,Pop,acestep,train,1097
seg_001098,sample_00366,Five 40 Derby/Slow Whistle - The Crypts!,FAKE,1,Rock,acestep,train,1098
seg_001099,sample_00366,Five 40 Derby/Slow Whistle - The Crypts!,FAKE,1,Rock,acestep,train,1099
seg_001100,sample_00366,Five 40 Derby/Slow Whistle - The Crypts!,FAKE,1,Rock,acestep,train,1100
seg_001101,sample_00367,Flashback - Seclorance,FAKE,1,Electronic,acestep,train,1101
seg_001102,sample_00367,Flashback - Seclorance,FAKE,1,Electronic,acestep,train,1102
seg_001103,sample_00367,Flashback - Seclorance,FAKE,1,Electronic,acestep,train,1103
seg_001104,sample_00368,Fleslit - Fleslit,FAKE,1,Electronic,acestep,train,1104
seg_001105,sample_00368,Fleslit - Fleslit,FAKE,1,Electronic,acestep,train,1105
seg_001106,sample_00368,Fleslit - Fleslit,FAKE,1,Electronic,acestep,train,1106
seg_001107,sample_00369,Fly 2 - Andre Jetson,FAKE,1,Electronic,acestep,train,1107
seg_001108,sample_00369,Fly 2 - Andre Jetson,FAKE,1,Electronic,acestep,train,1108
seg_001109,sample_00369,Fly 2 - Andre Jetson,FAKE,1,Electronic,acestep,train,1109
seg_001110,sample_00370,Food and War - Ergo Phizmiz,FAKE,1,Pop,acestep,train,1110
seg_001111,sample_00370,Food and War - Ergo Phizmiz,FAKE,1,Pop,acestep,train,1111
seg_001112,sample_00370,Food and War - Ergo Phizmiz,FAKE,1,Pop,acestep,train,1112
seg_001113,sample_00371,Forest Silence - Serpentarivm,FAKE,1,Rock,acestep,train,1113
seg_001114,sample_00371,Forest Silence - Serpentarivm,FAKE,1,Rock,acestep,train,1114
seg_001115,sample_00371,Forest Silence - Serpentarivm,FAKE,1,Rock,acestep,train,1115
seg_001116,sample_00372,Formic Acid for Blood - Punk Rock Opera,FAKE,1,Rock,acestep,train,1116
seg_001117,sample_00372,Formic Acid for Blood - Punk Rock Opera,FAKE,1,Rock,acestep,train,1117
seg_001118,sample_00372,Formic Acid for Blood - Punk Rock Opera,FAKE,1,Rock,acestep,train,1118
seg_001119,sample_00373,Four and a Half Tatami - Nihilore,FAKE,1,Electronic,acestep,train,1119
seg_001120,sample_00373,Four and a Half Tatami - Nihilore,FAKE,1,Electronic,acestep,train,1120
seg_001121,sample_00373,Four and a Half Tatami - Nihilore,FAKE,1,Electronic,acestep,train,1121
seg_001122,sample_00374,Fridge - Railkid Station,FAKE,1,Rock,acestep,train,1122
seg_001123,sample_00374,Fridge - Railkid Station,FAKE,1,Rock,acestep,train,1123
seg_001124,sample_00374,Fridge - Railkid Station,FAKE,1,Rock,acestep,train,1124
seg_001125,sample_00375,Fuckaboing - RoccoW,FAKE,1,Electronic,acestep,test,1125
seg_001126,sample_00375,Fuckaboing - RoccoW,FAKE,1,Electronic,acestep,test,1126
seg_001127,sample_00375,Fuckaboing - RoccoW,FAKE,1,Electronic,acestep,test,1127
seg_001128,sample_00376,Gila Monster Flop/Music History Lesson:The Sonics - The Crypts!,FAKE,1,Rock,acestep,val,1128
seg_001129,sample_00376,Gila Monster Flop/Music History Lesson:The Sonics - The Crypts!,FAKE,1,Rock,acestep,val,1129
seg_001130,sample_00376,Gila Monster Flop/Music History Lesson:The Sonics - The Crypts!,FAKE,1,Rock,acestep,val,1130
seg_001131,sample_00377,Gloomy Sunday - AmortE,FAKE,1,Rock,acestep,train,1131
seg_001132,sample_00377,Gloomy Sunday - AmortE,FAKE,1,Rock,acestep,train,1132
seg_001133,sample_00377,Gloomy Sunday - AmortE,FAKE,1,Rock,acestep,train,1133
seg_001134,sample_00378,gospellioza - Katapulto,FAKE,1,Pop,acestep,train,1134
seg_001135,sample_00378,gospellioza - Katapulto,FAKE,1,Pop,acestep,train,1135
seg_001136,sample_00378,gospellioza - Katapulto,FAKE,1,Pop,acestep,train,1136
seg_001137,sample_00379,"Go On, Then - Jim Rooster",FAKE,1,Electronic,acestep,train,1137
seg_001138,sample_00379,"Go On, Then - Jim Rooster",FAKE,1,Electronic,acestep,train,1138
seg_001139,sample_00379,"Go On, Then - Jim Rooster",FAKE,1,Electronic,acestep,train,1139
seg_001140,sample_00380,Hahaha - The Moi Non Plus,FAKE,1,Rock,acestep,train,1140
seg_001141,sample_00380,Hahaha - The Moi Non Plus,FAKE,1,Rock,acestep,train,1141
seg_001142,sample_00380,Hahaha - The Moi Non Plus,FAKE,1,Rock,acestep,train,1142
seg_001143,sample_00381,Half a Doubt - Droopies,FAKE,1,Rock,acestep,train,1143
seg_001144,sample_00381,Half a Doubt - Droopies,FAKE,1,Rock,acestep,train,1144
seg_001145,sample_00381,Half a Doubt - Droopies,FAKE,1,Rock,acestep,train,1145
seg_001146,sample_00382,Hammer and a Nail - Vienna Ditto,FAKE,1,Electronic,acestep,train,1146
seg_001147,sample_00382,Hammer and a Nail - Vienna Ditto,FAKE,1,Electronic,acestep,train,1147
seg_001148,sample_00382,Hammer and a Nail - Vienna Ditto,FAKE,1,Electronic,acestep,train,1148
seg_001149,sample_00383,Happy - Lamprey,FAKE,1,Rock,acestep,train,1149
seg_001150,sample_00383,Happy - Lamprey,FAKE,1,Rock,acestep,train,1150
seg_001151,sample_00383,Happy - Lamprey,FAKE,1,Rock,acestep,train,1151
seg_001152,sample_00384,"Head of Ancante, Talking Tree - Ak'chamel, The Giver of Illness",FAKE,1,Rock,acestep,test,1152
seg_001153,sample_00384,"Head of Ancante, Talking Tree - Ak'chamel, The Giver of Illness",FAKE,1,Rock,acestep,test,1153
seg_001154,sample_00384,"Head of Ancante, Talking Tree - Ak'chamel, The Giver of Illness",FAKE,1,Rock,acestep,test,1154
seg_001155,sample_00385,Hisko Detria - Hisko Detria,FAKE,1,Rock,acestep,train,1155
seg_001156,sample_00385,Hisko Detria - Hisko Detria,FAKE,1,Rock,acestep,train,1156
seg_001157,sample_00385,Hisko Detria - Hisko Detria,FAKE,1,Rock,acestep,train,1157
seg_001158,sample_00386,"Hungry - Oh Yeah, the Future",FAKE,1,Pop,acestep,test,1158
seg_001159,sample_00386,"Hungry - Oh Yeah, the Future",FAKE,1,Pop,acestep,test,1159
seg_001160,sample_00386,"Hungry - Oh Yeah, the Future",FAKE,1,Pop,acestep,test,1160
seg_001161,sample_00387,If You're Ther - Nicola Ratti,FAKE,1,Electronic,acestep,val,1161
seg_001162,sample_00387,If You're Ther - Nicola Ratti,FAKE,1,Electronic,acestep,val,1162
seg_001163,sample_00387,If You're Ther - Nicola Ratti,FAKE,1,Electronic,acestep,val,1163
seg_001164,sample_00388,Improvisation - Broken Chord,FAKE,1,Electronic,acestep,train,1164
seg_001165,sample_00388,Improvisation - Broken Chord,FAKE,1,Electronic,acestep,train,1165
seg_001166,sample_00388,Improvisation - Broken Chord,FAKE,1,Electronic,acestep,train,1166
seg_001167,sample_00389,Infinite Light - Pipe Choir,FAKE,1,Rock,acestep,train,1167
seg_001168,sample_00389,Infinite Light - Pipe Choir,FAKE,1,Rock,acestep,train,1168
seg_001169,sample_00389,Infinite Light - Pipe Choir,FAKE,1,Rock,acestep,train,1169
seg_001170,sample_00390,Insectlaration of Independence - Punk Rock Opera,FAKE,1,Rock,acestep,train,1170
seg_001171,sample_00390,Insectlaration of Independence - Punk Rock Opera,FAKE,1,Rock,acestep,train,1171
seg_001172,sample_00390,Insectlaration of Independence - Punk Rock Opera,FAKE,1,Rock,acestep,train,1172
seg_001173,sample_00391,Introduction beats - Itsensäsyöjät,FAKE,1,Electronic,acestep,train,1173
seg_001174,sample_00391,Introduction beats - Itsensäsyöjät,FAKE,1,Electronic,acestep,train,1174
seg_001175,sample_00391,Introduction beats - Itsensäsyöjät,FAKE,1,Electronic,acestep,train,1175
seg_001176,sample_00392,Invaders From Within - Monroeville Music Center,FAKE,1,Pop,acestep,train,1176
seg_001177,sample_00392,Invaders From Within - Monroeville Music Center,FAKE,1,Pop,acestep,train,1177
seg_001178,sample_00392,Invaders From Within - Monroeville Music Center,FAKE,1,Pop,acestep,train,1178
seg_001179,sample_00393,It Can't Be Bargained With - Three Chain Links,FAKE,1,Electronic,acestep,train,1179
seg_001180,sample_00393,It Can't Be Bargained With - Three Chain Links,FAKE,1,Electronic,acestep,train,1180
seg_001181,sample_00393,It Can't Be Bargained With - Three Chain Links,FAKE,1,Electronic,acestep,train,1181
seg_001182,sample_00394,I Can See Everything - Mod Fun,FAKE,1,Rock,acestep,train,1182
seg_001183,sample_00394,I Can See Everything - Mod Fun,FAKE,1,Rock,acestep,train,1183
seg_001184,sample_00394,I Can See Everything - Mod Fun,FAKE,1,Rock,acestep,train,1184
seg_001185,sample_00395,I Close My Eyes - Miss Derringer,FAKE,1,Rock,acestep,train,1185
seg_001186,sample_00395,I Close My Eyes - Miss Derringer,FAKE,1,Rock,acestep,train,1186
seg_001187,sample_00395,I Close My Eyes - Miss Derringer,FAKE,1,Rock,acestep,train,1187
seg_001188,sample_00396,I Dream So Vividly - Uninhabitable Mansions,FAKE,1,Rock,acestep,train,1188
seg_001189,sample_00396,I Dream So Vividly - Uninhabitable Mansions,FAKE,1,Rock,acestep,train,1189
seg_001190,sample_00396,I Dream So Vividly - Uninhabitable Mansions,FAKE,1,Rock,acestep,train,1190
seg_001191,sample_00397,I Fell - Mod Fun,FAKE,1,Rock,acestep,val,1191
seg_001192,sample_00397,I Fell - Mod Fun,FAKE,1,Rock,acestep,val,1192
seg_001193,sample_00397,I Fell - Mod Fun,FAKE,1,Rock,acestep,val,1193
seg_001194,sample_00398,I - Inflammator,FAKE,1,Rock,acestep,test,1194
seg_001195,sample_00398,I - Inflammator,FAKE,1,Rock,acestep,test,1195
seg_001196,sample_00398,I - Inflammator,FAKE,1,Rock,acestep,test,1196
seg_001197,sample_00399,I Know His Blood - Vienna Ditto,FAKE,1,Electronic,acestep,train,1197
seg_001198,sample_00399,I Know His Blood - Vienna Ditto,FAKE,1,Electronic,acestep,train,1198
seg_001199,sample_00399,I Know His Blood - Vienna Ditto,FAKE,1,Electronic,acestep,train,1199
seg_001200,sample_00400,I'm gonna try to reach - Los Llamarada,FAKE,1,Rock,acestep,train,1200
seg_001201,sample_00400,I'm gonna try to reach - Los Llamarada,FAKE,1,Rock,acestep,train,1201
seg_001202,sample_00400,I'm gonna try to reach - Los Llamarada,FAKE,1,Rock,acestep,train,1202
seg_001203,sample_00401,I - Nocturnal Mayhem,FAKE,1,Rock,acestep,train,1203
seg_001204,sample_00401,I - Nocturnal Mayhem,FAKE,1,Rock,acestep,train,1204
seg_001205,sample_00401,I - Nocturnal Mayhem,FAKE,1,Rock,acestep,train,1205
seg_001206,sample_00402,I Think From Now On - Caleb Lemond,FAKE,1,Pop,acestep,train,1206
seg_001207,sample_00402,I Think From Now On - Caleb Lemond,FAKE,1,Pop,acestep,train,1207
seg_001208,sample_00402,I Think From Now On - Caleb Lemond,FAKE,1,Pop,acestep,train,1208
seg_001209,sample_00403,Jangus (inspired by ToeJam and Earl) - UncleBibby,FAKE,1,Electronic,acestep,train,1209
seg_001210,sample_00403,Jangus (inspired by ToeJam and Earl) - UncleBibby,FAKE,1,Electronic,acestep,train,1210
seg_001211,sample_00403,Jangus (inspired by ToeJam and Earl) - UncleBibby,FAKE,1,Electronic,acestep,train,1211
seg_001212,sample_00404,Johnny I Lie - The Moi Non Plus,FAKE,1,Rock,acestep,train,1212
seg_001213,sample_00404,Johnny I Lie - The Moi Non Plus,FAKE,1,Rock,acestep,train,1213
seg_001214,sample_00404,Johnny I Lie - The Moi Non Plus,FAKE,1,Rock,acestep,train,1214
seg_001215,sample_00405,John the Baby - Ergo Phizmiz,FAKE,1,Pop,acestep,train,1215
seg_001216,sample_00405,John the Baby - Ergo Phizmiz,FAKE,1,Pop,acestep,train,1216
seg_001217,sample_00405,John the Baby - Ergo Phizmiz,FAKE,1,Pop,acestep,train,1217
seg_001218,sample_00406,karaoke megablast - Katapulto,FAKE,1,Pop,acestep,train,1218
seg_001219,sample_00406,karaoke megablast - Katapulto,FAKE,1,Pop,acestep,train,1219
seg_001220,sample_00406,karaoke megablast - Katapulto,FAKE,1,Pop,acestep,train,1220
seg_001221,sample_00407,Key trick - Krisa,FAKE,1,Electronic,acestep,train,1221
seg_001222,sample_00407,Key trick - Krisa,FAKE,1,Electronic,acestep,train,1222
seg_001223,sample_00407,Key trick - Krisa,FAKE,1,Electronic,acestep,train,1223
seg_001224,sample_00408,Killing Bosses - Gumbel,FAKE,1,Electronic,acestep,train,1224
seg_001225,sample_00408,Killing Bosses - Gumbel,FAKE,1,Electronic,acestep,train,1225
seg_001226,sample_00408,Killing Bosses - Gumbel,FAKE,1,Electronic,acestep,train,1226
seg_001227,sample_00409,Kissing Scars - Caleb Lemond,FAKE,1,Pop,acestep,train,1227
seg_001228,sample_00409,Kissing Scars - Caleb Lemond,FAKE,1,Pop,acestep,train,1228
seg_001229,sample_00409,Kissing Scars - Caleb Lemond,FAKE,1,Pop,acestep,train,1229
seg_001230,sample_00410,KISS my Boots - The Zombie Dandies,FAKE,1,Rock,acestep,train,1230
seg_001231,sample_00410,KISS my Boots - The Zombie Dandies,FAKE,1,Rock,acestep,train,1231
seg_001232,sample_00410,KISS my Boots - The Zombie Dandies,FAKE,1,Rock,acestep,train,1232
seg_001233,sample_00411,kolorowe wody - Katapulto,FAKE,1,Pop,acestep,train,1233
seg_001234,sample_00411,kolorowe wody - Katapulto,FAKE,1,Pop,acestep,train,1234
seg_001235,sample_00411,kolorowe wody - Katapulto,FAKE,1,Pop,acestep,train,1235
seg_001236,sample_00412,KOMFORT - voyageurs,FAKE,1,Rock,acestep,train,1236
seg_001237,sample_00412,KOMFORT - voyageurs,FAKE,1,Rock,acestep,train,1237
seg_001238,sample_00412,KOMFORT - voyageurs,FAKE,1,Rock,acestep,train,1238
seg_001239,sample_00413,Kumorizoranohajimarutokoro - Hosomi,FAKE,1,Electronic,acestep,val,1239
seg_001240,sample_00413,Kumorizoranohajimarutokoro - Hosomi,FAKE,1,Electronic,acestep,val,1240
seg_001241,sample_00413,Kumorizoranohajimarutokoro - Hosomi,FAKE,1,Electronic,acestep,val,1241
seg_001242,sample_00414,"Lackadaisical - Oh Yeah, the Future",FAKE,1,Pop,acestep,train,1242
seg_001243,sample_00414,"Lackadaisical - Oh Yeah, the Future",FAKE,1,Pop,acestep,train,1243
seg_001244,sample_00414,"Lackadaisical - Oh Yeah, the Future",FAKE,1,Pop,acestep,train,1244
seg_001245,sample_00415,Lady Love - Parsley Flakes,FAKE,1,Rock,acestep,train,1245
seg_001246,sample_00415,Lady Love - Parsley Flakes,FAKE,1,Rock,acestep,train,1246
seg_001247,sample_00415,Lady Love - Parsley Flakes,FAKE,1,Rock,acestep,train,1247
seg_001248,sample_00416,Laika - NGC 1365,FAKE,1,Electronic,acestep,train,1248
seg_001249,sample_00416,Laika - NGC 1365,FAKE,1,Electronic,acestep,train,1249
seg_001250,sample_00416,Laika - NGC 1365,FAKE,1,Electronic,acestep,train,1250
seg_001251,sample_00417,La Nina Blanca - Vienna Ditto,FAKE,1,Electronic,acestep,train,1251
seg_001252,sample_00417,La Nina Blanca - Vienna Ditto,FAKE,1,Electronic,acestep,train,1252
seg_001253,sample_00417,La Nina Blanca - Vienna Ditto,FAKE,1,Electronic,acestep,train,1253
seg_001254,sample_00418,Leaving Here - Mod Fun,FAKE,1,Rock,acestep,test,1254
seg_001255,sample_00418,Leaving Here - Mod Fun,FAKE,1,Rock,acestep,test,1255
seg_001256,sample_00418,Leaving Here - Mod Fun,FAKE,1,Rock,acestep,test,1256
seg_001257,sample_00419,Let's Start Out Slow - RoccoW,FAKE,1,Electronic,acestep,test,1257
seg_001258,sample_00419,Let's Start Out Slow - RoccoW,FAKE,1,Electronic,acestep,test,1258
seg_001259,sample_00419,Let's Start Out Slow - RoccoW,FAKE,1,Electronic,acestep,test,1259
seg_001260,sample_00420,Let's the kids play - Malaventura,FAKE,1,Pop,acestep,train,1260
seg_001261,sample_00420,Let's the kids play - Malaventura,FAKE,1,Pop,acestep,train,1261
seg_001262,sample_00420,Let's the kids play - Malaventura,FAKE,1,Pop,acestep,train,1262
seg_001263,sample_00421,Let You're Body Move - D SMILEZ,FAKE,1,Electronic,acestep,test,1263
seg_001264,sample_00421,Let You're Body Move - D SMILEZ,FAKE,1,Electronic,acestep,test,1264
seg_001265,sample_00421,Let You're Body Move - D SMILEZ,FAKE,1,Electronic,acestep,test,1265
seg_001266,sample_00422,Liar Liar Quietly - Vienna Ditto,FAKE,1,Electronic,acestep,train,1266
seg_001267,sample_00422,Liar Liar Quietly - Vienna Ditto,FAKE,1,Electronic,acestep,train,1267
seg_001268,sample_00422,Liar Liar Quietly - Vienna Ditto,FAKE,1,Electronic,acestep,train,1268
seg_001269,sample_00423,Liberation is not Easy - Frigg A Go Go (F.A.G.G.),FAKE,1,Rock,acestep,train,1269
seg_001270,sample_00423,Liberation is not Easy - Frigg A Go Go (F.A.G.G.),FAKE,1,Rock,acestep,train,1270
seg_001271,sample_00423,Liberation is not Easy - Frigg A Go Go (F.A.G.G.),FAKE,1,Rock,acestep,train,1271
seg_001272,sample_00424,Liberosis - Nihilore,FAKE,1,Electronic,acestep,train,1272
seg_001273,sample_00424,Liberosis - Nihilore,FAKE,1,Electronic,acestep,train,1273
seg_001274,sample_00424,Liberosis - Nihilore,FAKE,1,Electronic,acestep,train,1274
seg_001275,sample_00425,Lights Up - Pipe Choir,FAKE,1,Rock,acestep,val,1275
seg_001276,sample_00425,Lights Up - Pipe Choir,FAKE,1,Rock,acestep,val,1276
seg_001277,sample_00425,Lights Up - Pipe Choir,FAKE,1,Rock,acestep,val,1277
seg_001278,sample_00426,LIQUID SKULLS - voyageurs,FAKE,1,Rock,acestep,test,1278
seg_001279,sample_00426,LIQUID SKULLS - voyageurs,FAKE,1,Rock,acestep,test,1279
seg_001280,sample_00426,LIQUID SKULLS - voyageurs,FAKE,1,Rock,acestep,test,1280
seg_001281,sample_00427,Little Fingers - Vienna Ditto,FAKE,1,Electronic,acestep,train,1281
seg_001282,sample_00427,Little Fingers - Vienna Ditto,FAKE,1,Electronic,acestep,train,1282
seg_001283,sample_00427,Little Fingers - Vienna Ditto,FAKE,1,Electronic,acestep,train,1283
seg_001284,sample_00428,Lost In The Music (D-Smilez Mix) - D SMILEZ,FAKE,1,Electronic,acestep,train,1284
seg_001285,sample_00428,Lost In The Music (D-Smilez Mix) - D SMILEZ,FAKE,1,Electronic,acestep,train,1285
seg_001286,sample_00428,Lost In The Music (D-Smilez Mix) - D SMILEZ,FAKE,1,Electronic,acestep,train,1286
seg_001287,sample_00429,Lost Paradise - Autumn Interlude,FAKE,1,Rock,acestep,train,1287
seg_001288,sample_00429,Lost Paradise - Autumn Interlude,FAKE,1,Rock,acestep,train,1288
seg_001289,sample_00429,Lost Paradise - Autumn Interlude,FAKE,1,Rock,acestep,train,1289
seg_001290,sample_00430,"Lovedreams - Oh Yeah, the Future",FAKE,1,Pop,acestep,train,1290
seg_001291,sample_00430,"Lovedreams - Oh Yeah, the Future",FAKE,1,Pop,acestep,train,1291
seg_001292,sample_00430,"Lovedreams - Oh Yeah, the Future",FAKE,1,Pop,acestep,train,1292
seg_001293,sample_00431,Loved Ones - Rowan Box,FAKE,1,Electronic,acestep,val,1293
seg_001294,sample_00431,Loved Ones - Rowan Box,FAKE,1,Electronic,acestep,val,1294
seg_001295,sample_00431,Loved Ones - Rowan Box,FAKE,1,Electronic,acestep,val,1295
seg_001296,sample_00432,Love Dream - The Zombie Dandies,FAKE,1,Rock,acestep,test,1296
seg_001297,sample_00432,Love Dream - The Zombie Dandies,FAKE,1,Rock,acestep,test,1297
seg_001298,sample_00432,Love Dream - The Zombie Dandies,FAKE,1,Rock,acestep,test,1298
seg_001299,sample_00433,L'arbre - Salmo,FAKE,1,Rock,acestep,test,1299
seg_001300,sample_00433,L'arbre - Salmo,FAKE,1,Rock,acestep,test,1300
seg_001301,sample_00433,L'arbre - Salmo,FAKE,1,Rock,acestep,test,1301
seg_001302,sample_00434,Mandrill - Ergo Phizmiz,FAKE,1,Pop,acestep,train,1302
seg_001303,sample_00434,Mandrill - Ergo Phizmiz,FAKE,1,Pop,acestep,train,1303
seg_001304,sample_00434,Mandrill - Ergo Phizmiz,FAKE,1,Pop,acestep,train,1304
seg_001305,sample_00435,March of the GPA Mechanics - [t]ghost,FAKE,1,Rock,acestep,val,1305
seg_001306,sample_00435,March of the GPA Mechanics - [t]ghost,FAKE,1,Rock,acestep,val,1306
seg_001307,sample_00435,March of the GPA Mechanics - [t]ghost,FAKE,1,Rock,acestep,val,1307
seg_001308,sample_00436,mc trabalenguas - Volumina,FAKE,1,Pop,acestep,train,1308
seg_001309,sample_00436,mc trabalenguas - Volumina,FAKE,1,Pop,acestep,train,1309
seg_001310,sample_00436,mc trabalenguas - Volumina,FAKE,1,Pop,acestep,train,1310
seg_001311,sample_00437,Mettle - Pipe Choir,FAKE,1,Rock,acestep,train,1311
seg_001312,sample_00437,Mettle - Pipe Choir,FAKE,1,Rock,acestep,train,1312
seg_001313,sample_00437,Mettle - Pipe Choir,FAKE,1,Rock,acestep,train,1313
seg_001314,sample_00438,Millitary Industrial Complex - Punk Rock Opera,FAKE,1,Rock,acestep,train,1314
seg_001315,sample_00438,Millitary Industrial Complex - Punk Rock Opera,FAKE,1,Rock,acestep,train,1315
seg_001316,sample_00438,Millitary Industrial Complex - Punk Rock Opera,FAKE,1,Rock,acestep,train,1316
seg_001317,sample_00439,Moja Krypta - AmortE,FAKE,1,Rock,acestep,test,1317
seg_001318,sample_00439,Moja Krypta - AmortE,FAKE,1,Rock,acestep,test,1318
seg_001319,sample_00439,Moja Krypta - AmortE,FAKE,1,Rock,acestep,test,1319
seg_001320,sample_00440,Monkeystage - Ergo Phizmiz,FAKE,1,Pop,acestep,train,1320
seg_001321,sample_00440,Monkeystage - Ergo Phizmiz,FAKE,1,Pop,acestep,train,1321
seg_001322,sample_00440,Monkeystage - Ergo Phizmiz,FAKE,1,Pop,acestep,train,1322
seg_001323,sample_00441,Moontime - The IMG,FAKE,1,Rock,acestep,train,1323
seg_001324,sample_00441,Moontime - The IMG,FAKE,1,Rock,acestep,train,1324
seg_001325,sample_00441,Moontime - The IMG,FAKE,1,Rock,acestep,train,1325
seg_001326,sample_00442,Morning Bell - Nihilore,FAKE,1,Electronic,acestep,val,1326
seg_001327,sample_00442,Morning Bell - Nihilore,FAKE,1,Electronic,acestep,val,1327
seg_001328,sample_00442,Morning Bell - Nihilore,FAKE,1,Electronic,acestep,val,1328
seg_001329,sample_00443,Mosque - Sarin,FAKE,1,Rock,acestep,train,1329
seg_001330,sample_00443,Mosque - Sarin,FAKE,1,Rock,acestep,train,1330
seg_001331,sample_00443,Mosque - Sarin,FAKE,1,Rock,acestep,train,1331
seg_001332,sample_00444,Motocross Mania - Monroeville Music Center,FAKE,1,Pop,acestep,test,1332
seg_001333,sample_00444,Motocross Mania - Monroeville Music Center,FAKE,1,Pop,acestep,test,1333
seg_001334,sample_00444,Motocross Mania - Monroeville Music Center,FAKE,1,Pop,acestep,test,1334
seg_001335,sample_00445,Mountain Mist - Modey Lemon,FAKE,1,Rock,acestep,train,1335
seg_001336,sample_00445,Mountain Mist - Modey Lemon,FAKE,1,Rock,acestep,train,1336
seg_001337,sample_00445,Mountain Mist - Modey Lemon,FAKE,1,Rock,acestep,train,1337
seg_001338,sample_00446,Music For an Underground Circu - Ergo Phizmiz,FAKE,1,Pop,acestep,test,1338
seg_001339,sample_00446,Music For an Underground Circu - Ergo Phizmiz,FAKE,1,Pop,acestep,test,1339
seg_001340,sample_00446,Music For an Underground Circu - Ergo Phizmiz,FAKE,1,Pop,acestep,test,1340
seg_001341,sample_00447,mystery team 2090 - Jesse Futerman,FAKE,1,Electronic,acestep,val,1341
seg_001342,sample_00447,mystery team 2090 - Jesse Futerman,FAKE,1,Electronic,acestep,val,1342
seg_001343,sample_00447,mystery team 2090 - Jesse Futerman,FAKE,1,Electronic,acestep,val,1343
seg_001344,sample_00448,My Body Is A Weapon (Compromise Edit) - Silence is full of birds,FAKE,1,Pop,acestep,val,1344
seg_001345,sample_00448,My Body Is A Weapon (Compromise Edit) - Silence is full of birds,FAKE,1,Pop,acestep,val,1345
seg_001346,sample_00448,My Body Is A Weapon (Compromise Edit) - Silence is full of birds,FAKE,1,Pop,acestep,val,1346
seg_001347,sample_00449,Natron Queen - AmortE,FAKE,1,Rock,acestep,train,1347
seg_001348,sample_00449,Natron Queen - AmortE,FAKE,1,Rock,acestep,train,1348
seg_001349,sample_00449,Natron Queen - AmortE,FAKE,1,Rock,acestep,train,1349
seg_001350,sample_00450,Nature Is Over / Defined - Bird Names,FAKE,1,Pop,acestep,train,1350
seg_001351,sample_00450,Nature Is Over / Defined - Bird Names,FAKE,1,Pop,acestep,train,1351
seg_001352,sample_00450,Nature Is Over / Defined - Bird Names,FAKE,1,Pop,acestep,train,1352
seg_001353,sample_00451,"New Brave Face - Oh Yeah, the Future",FAKE,1,Pop,acestep,train,1353
seg_001354,sample_00451,"New Brave Face - Oh Yeah, the Future",FAKE,1,Pop,acestep,train,1354
seg_001355,sample_00451,"New Brave Face - Oh Yeah, the Future",FAKE,1,Pop,acestep,train,1355
seg_001356,sample_00452,New Life (take 1) - Bird Names,FAKE,1,Pop,acestep,val,1356
seg_001357,sample_00452,New Life (take 1) - Bird Names,FAKE,1,Pop,acestep,val,1357
seg_001358,sample_00452,New Life (take 1) - Bird Names,FAKE,1,Pop,acestep,val,1358
seg_001359,sample_00453,Niche Dreams - Square People,FAKE,1,Rock,acestep,train,1359
seg_001360,sample_00453,Niche Dreams - Square People,FAKE,1,Rock,acestep,train,1360
seg_001361,sample_00453,Niche Dreams - Square People,FAKE,1,Rock,acestep,train,1361
seg_001362,sample_00454,Night Drive - Decktonic,FAKE,1,Electronic,acestep,val,1362
seg_001363,sample_00454,Night Drive - Decktonic,FAKE,1,Electronic,acestep,val,1363
seg_001364,sample_00454,Night Drive - Decktonic,FAKE,1,Electronic,acestep,val,1364
seg_001365,sample_00455,Night Owl - Broke For Free,FAKE,1,Electronic,acestep,test,1365
seg_001366,sample_00455,Night Owl - Broke For Free,FAKE,1,Electronic,acestep,test,1366
seg_001367,sample_00455,Night Owl - Broke For Free,FAKE,1,Electronic,acestep,test,1367
seg_001368,sample_00456,Noam Chomsky's Corporate Carbohydrate Surprise - Quelle Fromage,FAKE,1,Electronic,acestep,train,1368
seg_001369,sample_00456,Noam Chomsky's Corporate Carbohydrate Surprise - Quelle Fromage,FAKE,1,Electronic,acestep,train,1369
seg_001370,sample_00456,Noam Chomsky's Corporate Carbohydrate Surprise - Quelle Fromage,FAKE,1,Electronic,acestep,train,1370
seg_001371,sample_00457,Norweigian Wood II - Bird Names,FAKE,1,Pop,acestep,val,1371
seg_001372,sample_00457,Norweigian Wood II - Bird Names,FAKE,1,Pop,acestep,val,1372
seg_001373,sample_00457,Norweigian Wood II - Bird Names,FAKE,1,Pop,acestep,val,1373
seg_001374,sample_00458,Nose - DUSTdevils,FAKE,1,Rock,acestep,train,1374
seg_001375,sample_00458,Nose - DUSTdevils,FAKE,1,Rock,acestep,train,1375
seg_001376,sample_00458,Nose - DUSTdevils,FAKE,1,Rock,acestep,train,1376
seg_001377,sample_00459,Nostalgia - Malaventura,FAKE,1,Pop,acestep,train,1377
seg_001378,sample_00459,Nostalgia - Malaventura,FAKE,1,Pop,acestep,train,1378
seg_001379,sample_00459,Nostalgia - Malaventura,FAKE,1,Pop,acestep,train,1379
seg_001380,sample_00460,"November 25, 2007 - Kenneth Kirschner",FAKE,1,Electronic,acestep,train,1380
seg_001381,sample_00460,"November 25, 2007 - Kenneth Kirschner",FAKE,1,Electronic,acestep,train,1381
seg_001382,sample_00460,"November 25, 2007 - Kenneth Kirschner",FAKE,1,Electronic,acestep,train,1382
seg_001383,sample_00461,Nuo Maisemat - Paavoharju,FAKE,1,Electronic,acestep,val,1383
seg_001384,sample_00461,Nuo Maisemat - Paavoharju,FAKE,1,Electronic,acestep,val,1384
seg_001385,sample_00461,Nuo Maisemat - Paavoharju,FAKE,1,Electronic,acestep,val,1385
seg_001386,sample_00462,Ohtli - Seclorance,FAKE,1,Electronic,acestep,train,1386
seg_001387,sample_00462,Ohtli - Seclorance,FAKE,1,Electronic,acestep,train,1387
seg_001388,sample_00462,Ohtli - Seclorance,FAKE,1,Electronic,acestep,train,1388
seg_001389,sample_00463,Okiirobo Navigation System - Henry Homesweet,FAKE,1,Electronic,acestep,train,1389
seg_001390,sample_00463,Okiirobo Navigation System - Henry Homesweet,FAKE,1,Electronic,acestep,train,1390
seg_001391,sample_00463,Okiirobo Navigation System - Henry Homesweet,FAKE,1,Electronic,acestep,train,1391
seg_001392,sample_00464,One Eyed Ghost/This is gonna be a rough show - The Crypts!,FAKE,1,Rock,acestep,train,1392
seg_001393,sample_00464,One Eyed Ghost/This is gonna be a rough show - The Crypts!,FAKE,1,Rock,acestep,train,1393
seg_001394,sample_00464,One Eyed Ghost/This is gonna be a rough show - The Crypts!,FAKE,1,Rock,acestep,train,1394
seg_001395,sample_00465,Only Instrumental - Broke For Free,FAKE,1,Electronic,acestep,train,1395
seg_001396,sample_00465,Only Instrumental - Broke For Free,FAKE,1,Electronic,acestep,train,1396
seg_001397,sample_00465,Only Instrumental - Broke For Free,FAKE,1,Electronic,acestep,train,1397
seg_001398,sample_00466,On My Mind - Ergo Phizmiz,FAKE,1,Pop,acestep,train,1398
seg_001399,sample_00466,On My Mind - Ergo Phizmiz,FAKE,1,Pop,acestep,train,1399
seg_001400,sample_00466,On My Mind - Ergo Phizmiz,FAKE,1,Pop,acestep,train,1400
seg_001401,sample_00467,OOOTHERSIDE - Liquid Paper - Mike B. Fort,FAKE,1,Electronic,acestep,train,1401
seg_001402,sample_00467,OOOTHERSIDE - Liquid Paper - Mike B. Fort,FAKE,1,Electronic,acestep,train,1402
seg_001403,sample_00467,OOOTHERSIDE - Liquid Paper - Mike B. Fort,FAKE,1,Electronic,acestep,train,1403
seg_001404,sample_00468,OOOTHERSIDE - This Time - Mike B. Fort,FAKE,1,Electronic,acestep,train,1404
seg_001405,sample_00468,OOOTHERSIDE - This Time - Mike B. Fort,FAKE,1,Electronic,acestep,train,1405
seg_001406,sample_00468,OOOTHERSIDE - This Time - Mike B. Fort,FAKE,1,Electronic,acestep,train,1406
seg_001407,sample_00469,OST 04 Ship under attack - sawsquarenoise,FAKE,1,Electronic,acestep,train,1407
seg_001408,sample_00469,OST 04 Ship under attack - sawsquarenoise,FAKE,1,Electronic,acestep,train,1408
seg_001409,sample_00469,OST 04 Ship under attack - sawsquarenoise,FAKE,1,Electronic,acestep,train,1409
seg_001410,sample_00470,Outro - Caleb Lemond,FAKE,1,Pop,acestep,train,1410
seg_001411,sample_00470,Outro - Caleb Lemond,FAKE,1,Pop,acestep,train,1411
seg_001412,sample_00470,Outro - Caleb Lemond,FAKE,1,Pop,acestep,train,1412
seg_001413,sample_00471,Paris - Fleslit,FAKE,1,Electronic,acestep,train,1413
seg_001414,sample_00471,Paris - Fleslit,FAKE,1,Electronic,acestep,train,1414
seg_001415,sample_00471,Paris - Fleslit,FAKE,1,Electronic,acestep,train,1415
seg_001416,sample_00472,philcollins takes your hand - Katapulto,FAKE,1,Pop,acestep,train,1416
seg_001417,sample_00472,philcollins takes your hand - Katapulto,FAKE,1,Pop,acestep,train,1417
seg_001418,sample_00472,philcollins takes your hand - Katapulto,FAKE,1,Pop,acestep,train,1418
seg_001419,sample_00473,Pista Afuera - Epstein,FAKE,1,Electronic,acestep,test,1419
seg_001420,sample_00473,Pista Afuera - Epstein,FAKE,1,Electronic,acestep,test,1420
seg_001421,sample_00473,Pista Afuera - Epstein,FAKE,1,Electronic,acestep,test,1421
seg_001422,sample_00474,Polinesia - Malaventura,FAKE,1,Pop,acestep,train,1422
seg_001423,sample_00474,Polinesia - Malaventura,FAKE,1,Pop,acestep,train,1423
seg_001424,sample_00474,Polinesia - Malaventura,FAKE,1,Pop,acestep,train,1424
seg_001425,sample_00475,Ponky McFonky - My brother Daniel,FAKE,1,Electronic,acestep,train,1425
seg_001426,sample_00475,Ponky McFonky - My brother Daniel,FAKE,1,Electronic,acestep,train,1426
seg_001427,sample_00475,Ponky McFonky - My brother Daniel,FAKE,1,Electronic,acestep,train,1427
seg_001428,sample_00476,Production - Bird Names,FAKE,1,Pop,acestep,test,1428
seg_001429,sample_00476,Production - Bird Names,FAKE,1,Pop,acestep,test,1429
seg_001430,sample_00476,Production - Bird Names,FAKE,1,Pop,acestep,test,1430
seg_001431,sample_00477,Promo Mix Vocal Edit (Luv Dub Mix) - Pierlo,FAKE,1,Electronic,acestep,train,1431
seg_001432,sample_00477,Promo Mix Vocal Edit (Luv Dub Mix) - Pierlo,FAKE,1,Electronic,acestep,train,1432
seg_001433,sample_00477,Promo Mix Vocal Edit (Luv Dub Mix) - Pierlo,FAKE,1,Electronic,acestep,train,1433
seg_001434,sample_00478,Puertas de Fuego - Guerra de Cerdos,FAKE,1,Rock,acestep,test,1434
seg_001435,sample_00478,Puertas de Fuego - Guerra de Cerdos,FAKE,1,Rock,acestep,test,1435
seg_001436,sample_00478,Puertas de Fuego - Guerra de Cerdos,FAKE,1,Rock,acestep,test,1436
seg_001437,sample_00479,purity & danger - Katapulto,FAKE,1,Pop,acestep,train,1437
seg_001438,sample_00479,purity & danger - Katapulto,FAKE,1,Pop,acestep,train,1438
seg_001439,sample_00479,purity & danger - Katapulto,FAKE,1,Pop,acestep,train,1439
seg_001440,sample_00480,Reagan Shut Down the Asylums - Punk Rock Opera,FAKE,1,Rock,acestep,train,1440
seg_001441,sample_00480,Reagan Shut Down the Asylums - Punk Rock Opera,FAKE,1,Rock,acestep,train,1441
seg_001442,sample_00480,Reagan Shut Down the Asylums - Punk Rock Opera,FAKE,1,Rock,acestep,train,1442
seg_001443,sample_00481,Realize Me - Jim Rooster,FAKE,1,Electronic,acestep,test,1443
seg_001444,sample_00481,Realize Me - Jim Rooster,FAKE,1,Electronic,acestep,test,1444
seg_001445,sample_00481,Realize Me - Jim Rooster,FAKE,1,Electronic,acestep,test,1445
seg_001446,sample_00482,Redlight - Room For A Ghost,FAKE,1,Rock,acestep,val,1446
seg_001447,sample_00482,Redlight - Room For A Ghost,FAKE,1,Rock,acestep,val,1447
seg_001448,sample_00482,Redlight - Room For A Ghost,FAKE,1,Rock,acestep,val,1448
seg_001449,sample_00483,Resistentialism - Nihilore,FAKE,1,Electronic,acestep,test,1449
seg_001450,sample_00483,Resistentialism - Nihilore,FAKE,1,Electronic,acestep,test,1450
seg_001451,sample_00483,Resistentialism - Nihilore,FAKE,1,Electronic,acestep,test,1451
seg_001452,sample_00484,Roach-Man - Punk Rock Opera,FAKE,1,Rock,acestep,train,1452
seg_001453,sample_00484,Roach-Man - Punk Rock Opera,FAKE,1,Rock,acestep,train,1453
seg_001454,sample_00484,Roach-Man - Punk Rock Opera,FAKE,1,Rock,acestep,train,1454
seg_001455,sample_00485,Robocall - Legally Blind,FAKE,1,Rock,acestep,train,1455
seg_001456,sample_00485,Robocall - Legally Blind,FAKE,1,Rock,acestep,train,1456
seg_001457,sample_00485,Robocall - Legally Blind,FAKE,1,Rock,acestep,train,1457
seg_001458,sample_00486,Robot Heart - Mystery Mammal,FAKE,1,Electronic,acestep,train,1458
seg_001459,sample_00486,Robot Heart - Mystery Mammal,FAKE,1,Electronic,acestep,train,1459
seg_001460,sample_00486,Robot Heart - Mystery Mammal,FAKE,1,Electronic,acestep,train,1460
seg_001461,sample_00487,Roland Garros 2048 - Zoliborz,FAKE,1,Rock,acestep,train,1461
seg_001462,sample_00487,Roland Garros 2048 - Zoliborz,FAKE,1,Rock,acestep,train,1462
seg_001463,sample_00487,Roland Garros 2048 - Zoliborz,FAKE,1,Rock,acestep,train,1463
seg_001464,sample_00488,Roller Star - Monroeville Music Center,FAKE,1,Pop,acestep,val,1464
seg_001465,sample_00488,Roller Star - Monroeville Music Center,FAKE,1,Pop,acestep,val,1465
seg_001466,sample_00488,Roller Star - Monroeville Music Center,FAKE,1,Pop,acestep,val,1466
seg_001467,sample_00489,Rolling On - Avaren,FAKE,1,Electronic,acestep,train,1467
seg_001468,sample_00489,Rolling On - Avaren,FAKE,1,Electronic,acestep,train,1468
seg_001469,sample_00489,Rolling On - Avaren,FAKE,1,Electronic,acestep,train,1469
seg_001470,sample_00490,"Roundtrip - Oh Yeah, the Future",FAKE,1,Pop,acestep,val,1470
seg_001471,sample_00490,"Roundtrip - Oh Yeah, the Future",FAKE,1,Pop,acestep,val,1471
seg_001472,sample_00490,"Roundtrip - Oh Yeah, the Future",FAKE,1,Pop,acestep,val,1472
seg_001473,sample_00491,Rumble - Railkid Station,FAKE,1,Rock,acestep,train,1473
seg_001474,sample_00491,Rumble - Railkid Station,FAKE,1,Rock,acestep,train,1474
seg_001475,sample_00491,Rumble - Railkid Station,FAKE,1,Rock,acestep,train,1475
seg_001476,sample_00492,Running Free - Michett featuring Kalipluche,FAKE,1,Electronic,acestep,train,1476
seg_001477,sample_00492,Running Free - Michett featuring Kalipluche,FAKE,1,Electronic,acestep,train,1477
seg_001478,sample_00492,Running Free - Michett featuring Kalipluche,FAKE,1,Electronic,acestep,train,1478
seg_001479,sample_00493,Scape from the city - Rolemusic,FAKE,1,Electronic,acestep,train,1479
seg_001480,sample_00493,Scape from the city - Rolemusic,FAKE,1,Electronic,acestep,train,1480
seg_001481,sample_00493,Scape from the city - Rolemusic,FAKE,1,Electronic,acestep,train,1481
seg_001482,sample_00494,Scramby Eggs - Andy G. Cohen,FAKE,1,Rock,acestep,val,1482
seg_001483,sample_00494,Scramby Eggs - Andy G. Cohen,FAKE,1,Rock,acestep,val,1483
seg_001484,sample_00494,Scramby Eggs - Andy G. Cohen,FAKE,1,Rock,acestep,val,1484
seg_001485,sample_00495,SD (Ill Mix) - H-LR,FAKE,1,Electronic,acestep,val,1485
seg_001486,sample_00495,SD (Ill Mix) - H-LR,FAKE,1,Electronic,acestep,val,1486
seg_001487,sample_00495,SD (Ill Mix) - H-LR,FAKE,1,Electronic,acestep,val,1487
seg_001488,sample_00496,Sea Monster - The Crypts!,FAKE,1,Rock,acestep,train,1488
seg_001489,sample_00496,Sea Monster - The Crypts!,FAKE,1,Rock,acestep,train,1489
seg_001490,sample_00496,Sea Monster - The Crypts!,FAKE,1,Rock,acestep,train,1490
seg_001491,sample_00497,Seppuku Bot - Decktonic,FAKE,1,Electronic,acestep,train,1491
seg_001492,sample_00497,Seppuku Bot - Decktonic,FAKE,1,Electronic,acestep,train,1492
seg_001493,sample_00497,Seppuku Bot - Decktonic,FAKE,1,Electronic,acestep,train,1493
seg_001494,sample_00498,Set Fire to Creation - Nihilore,FAKE,1,Electronic,acestep,test,1494
seg_001495,sample_00498,Set Fire to Creation - Nihilore,FAKE,1,Electronic,acestep,test,1495
seg_001496,sample_00498,Set Fire to Creation - Nihilore,FAKE,1,Electronic,acestep,test,1496
seg_001497,sample_00499,Sfogare Il Dissenso - Deiezione HC,FAKE,1,Rock,acestep,test,1497
seg_001498,sample_00499,Sfogare Il Dissenso - Deiezione HC,FAKE,1,Rock,acestep,test,1498
seg_001499,sample_00499,Sfogare Il Dissenso - Deiezione HC,FAKE,1,Rock,acestep,test,1499
seg_001500,sample_00500,Shadow Government - Bird Names,FAKE,1,Pop,acestep,train,1500
seg_001501,sample_00500,Shadow Government - Bird Names,FAKE,1,Pop,acestep,train,1501
seg_001502,sample_00500,Shadow Government - Bird Names,FAKE,1,Pop,acestep,train,1502
seg_001503,sample_00501,Sheffield Hall - Andy G. Cohen,FAKE,1,Rock,acestep,train,1503
seg_001504,sample_00501,Sheffield Hall - Andy G. Cohen,FAKE,1,Rock,acestep,train,1504
seg_001505,sample_00501,Sheffield Hall - Andy G. Cohen,FAKE,1,Rock,acestep,train,1505
seg_001506,sample_00502,She Works / Tepid Waters - Bird Names,FAKE,1,Pop,acestep,test,1506
seg_001507,sample_00502,She Works / Tepid Waters - Bird Names,FAKE,1,Pop,acestep,test,1507
seg_001508,sample_00502,She Works / Tepid Waters - Bird Names,FAKE,1,Pop,acestep,test,1508
seg_001509,sample_00503,Shipwrecked Crew - Pete Prodoehl,FAKE,1,Rock,acestep,val,1509
seg_001510,sample_00503,Shipwrecked Crew - Pete Prodoehl,FAKE,1,Rock,acestep,val,1510
seg_001511,sample_00503,Shipwrecked Crew - Pete Prodoehl,FAKE,1,Rock,acestep,val,1511
seg_001512,sample_00504,shmoove - epsilon not,FAKE,1,Electronic,acestep,train,1512
seg_001513,sample_00504,shmoove - epsilon not,FAKE,1,Electronic,acestep,train,1513
seg_001514,sample_00504,shmoove - epsilon not,FAKE,1,Electronic,acestep,train,1514
seg_001515,sample_00505,Slot - Neotnas,FAKE,1,Electronic,acestep,train,1515
seg_001516,sample_00505,Slot - Neotnas,FAKE,1,Electronic,acestep,train,1516
seg_001517,sample_00505,Slot - Neotnas,FAKE,1,Electronic,acestep,train,1517
seg_001518,sample_00506,Slow and Steady - Caleb Lemond,FAKE,1,Pop,acestep,train,1518
seg_001519,sample_00506,Slow and Steady - Caleb Lemond,FAKE,1,Pop,acestep,train,1519
seg_001520,sample_00506,Slow and Steady - Caleb Lemond,FAKE,1,Pop,acestep,train,1520
seg_001521,sample_00507,Snakefirewalking - Los Llamarada,FAKE,1,Rock,acestep,train,1521
seg_001522,sample_00507,Snakefirewalking - Los Llamarada,FAKE,1,Rock,acestep,train,1522
seg_001523,sample_00507,Snakefirewalking - Los Llamarada,FAKE,1,Rock,acestep,train,1523
seg_001524,sample_00508,"Snowday - Oh Yeah, the Future",FAKE,1,Pop,acestep,train,1524
seg_001525,sample_00508,"Snowday - Oh Yeah, the Future",FAKE,1,Pop,acestep,train,1525
seg_001526,sample_00508,"Snowday - Oh Yeah, the Future",FAKE,1,Pop,acestep,train,1526
seg_001527,sample_00509,Soleares&beats - Malaventura,FAKE,1,Pop,acestep,val,1527
seg_001528,sample_00509,Soleares&beats - Malaventura,FAKE,1,Pop,acestep,val,1528
seg_001529,sample_00509,Soleares&beats - Malaventura,FAKE,1,Pop,acestep,val,1529
seg_001530,sample_00510,Something Dirty - Ergo Phizmiz,FAKE,1,Pop,acestep,test,1530
seg_001531,sample_00510,Something Dirty - Ergo Phizmiz,FAKE,1,Pop,acestep,test,1531
seg_001532,sample_00510,Something Dirty - Ergo Phizmiz,FAKE,1,Pop,acestep,test,1532
seg_001533,sample_00511,some dextromethorphan - Jeva,FAKE,1,Electronic,acestep,val,1533
seg_001534,sample_00511,some dextromethorphan - Jeva,FAKE,1,Electronic,acestep,val,1534
seg_001535,sample_00511,some dextromethorphan - Jeva,FAKE,1,Electronic,acestep,val,1535
seg_001536,sample_00512,Sonzis FM - Pipe Choir,FAKE,1,Rock,acestep,test,1536
seg_001537,sample_00512,Sonzis FM - Pipe Choir,FAKE,1,Rock,acestep,test,1537
seg_001538,sample_00512,Sonzis FM - Pipe Choir,FAKE,1,Rock,acestep,test,1538
seg_001539,sample_00513,Soul of the Demon - Zombie Raiders,FAKE,1,Rock,acestep,train,1539
seg_001540,sample_00513,Soul of the Demon - Zombie Raiders,FAKE,1,Rock,acestep,train,1540
seg_001541,sample_00513,Soul of the Demon - Zombie Raiders,FAKE,1,Rock,acestep,train,1541
seg_001542,sample_00514,Space is my pace - Malaventura,FAKE,1,Pop,acestep,train,1542
seg_001543,sample_00514,Space is my pace - Malaventura,FAKE,1,Pop,acestep,train,1543
seg_001544,sample_00514,Space is my pace - Malaventura,FAKE,1,Pop,acestep,train,1544
seg_001545,sample_00515,Spanish BEEEYYAAACHHH - Malaventura,FAKE,1,Pop,acestep,train,1545
seg_001546,sample_00515,Spanish BEEEYYAAACHHH - Malaventura,FAKE,1,Pop,acestep,train,1546
seg_001547,sample_00515,Spanish BEEEYYAAACHHH - Malaventura,FAKE,1,Pop,acestep,train,1547
seg_001548,sample_00516,Stockholm Syndrome / People Should Be More Aware - Bird Names,FAKE,1,Pop,acestep,val,1548
seg_001549,sample_00516,Stockholm Syndrome / People Should Be More Aware - Bird Names,FAKE,1,Pop,acestep,val,1549
seg_001550,sample_00516,Stockholm Syndrome / People Should Be More Aware - Bird Names,FAKE,1,Pop,acestep,val,1550
seg_001551,sample_00517,Stranger - Frigg A Go Go (F.A.G.G.),FAKE,1,Rock,acestep,train,1551
seg_001552,sample_00517,Stranger - Frigg A Go Go (F.A.G.G.),FAKE,1,Rock,acestep,train,1552
seg_001553,sample_00517,Stranger - Frigg A Go Go (F.A.G.G.),FAKE,1,Rock,acestep,train,1553
seg_001554,sample_00518,Straw Fields - Rolemusic,FAKE,1,Electronic,acestep,train,1554
seg_001555,sample_00518,Straw Fields - Rolemusic,FAKE,1,Electronic,acestep,train,1555
seg_001556,sample_00518,Straw Fields - Rolemusic,FAKE,1,Electronic,acestep,train,1556
seg_001557,sample_00519,Strongbreeze - Rowan Box,FAKE,1,Electronic,acestep,train,1557
seg_001558,sample_00519,Strongbreeze - Rowan Box,FAKE,1,Electronic,acestep,train,1558
seg_001559,sample_00519,Strongbreeze - Rowan Box,FAKE,1,Electronic,acestep,train,1559
seg_001560,sample_00520,Sturgeon's Law - Nihilore,FAKE,1,Electronic,acestep,val,1560
seg_001561,sample_00520,Sturgeon's Law - Nihilore,FAKE,1,Electronic,acestep,val,1561
seg_001562,sample_00520,Sturgeon's Law - Nihilore,FAKE,1,Electronic,acestep,val,1562
seg_001563,sample_00521,Stuttgart - Portrayal,FAKE,1,Rock,acestep,test,1563
seg_001564,sample_00521,Stuttgart - Portrayal,FAKE,1,Rock,acestep,test,1564
seg_001565,sample_00521,Stuttgart - Portrayal,FAKE,1,Rock,acestep,test,1565
seg_001566,sample_00522,Support Me in This Moment That I'm About To Lose Heart - Nihilore,FAKE,1,Electronic,acestep,test,1566
seg_001567,sample_00522,Support Me in This Moment That I'm About To Lose Heart - Nihilore,FAKE,1,Electronic,acestep,test,1567
seg_001568,sample_00522,Support Me in This Moment That I'm About To Lose Heart - Nihilore,FAKE,1,Electronic,acestep,test,1568
seg_001569,sample_00523,Take It All - Mod Fun,FAKE,1,Rock,acestep,train,1569
seg_001570,sample_00523,Take It All - Mod Fun,FAKE,1,Rock,acestep,train,1570
seg_001571,sample_00523,Take It All - Mod Fun,FAKE,1,Rock,acestep,train,1571
seg_001572,sample_00524,Take Your Fingers - Michael Fakesch,FAKE,1,Electronic,acestep,train,1572
seg_001573,sample_00524,Take Your Fingers - Michael Fakesch,FAKE,1,Electronic,acestep,train,1573
seg_001574,sample_00524,Take Your Fingers - Michael Fakesch,FAKE,1,Electronic,acestep,train,1574
seg_001575,sample_00525,Tapes - Gumbel,FAKE,1,Electronic,acestep,train,1575
seg_001576,sample_00525,Tapes - Gumbel,FAKE,1,Electronic,acestep,train,1576
seg_001577,sample_00525,Tapes - Gumbel,FAKE,1,Electronic,acestep,train,1577
seg_001578,sample_00526,Tartu Tähän Hetkeen - Paavoharju,FAKE,1,Electronic,acestep,train,1578
seg_001579,sample_00526,Tartu Tähän Hetkeen - Paavoharju,FAKE,1,Electronic,acestep,train,1579
seg_001580,sample_00526,Tartu Tähän Hetkeen - Paavoharju,FAKE,1,Electronic,acestep,train,1580
seg_001581,sample_00527,Terve Teille - Чокнутый Пропеллер,FAKE,1,Rock,acestep,test,1581
seg_001582,sample_00527,Terve Teille - Чокнутый Пропеллер,FAKE,1,Rock,acestep,test,1582
seg_001583,sample_00527,Terve Teille - Чокнутый Пропеллер,FAKE,1,Rock,acestep,test,1583
seg_001584,sample_00528,The Adventures Of Roderick Random - Maps And Diagrams,FAKE,1,Electronic,acestep,test,1584
seg_001585,sample_00528,The Adventures Of Roderick Random - Maps And Diagrams,FAKE,1,Electronic,acestep,test,1585
seg_001586,sample_00528,The Adventures Of Roderick Random - Maps And Diagrams,FAKE,1,Electronic,acestep,test,1586
seg_001587,sample_00529,The Big House - Jason Shaw,FAKE,1,Electronic,acestep,train,1587
seg_001588,sample_00529,The Big House - Jason Shaw,FAKE,1,Electronic,acestep,train,1588
seg_001589,sample_00529,The Big House - Jason Shaw,FAKE,1,Electronic,acestep,train,1589
seg_001590,sample_00530,The Boss - Multifaros,FAKE,1,Electronic,acestep,train,1590
seg_001591,sample_00530,The Boss - Multifaros,FAKE,1,Electronic,acestep,train,1591
seg_001592,sample_00530,The Boss - Multifaros,FAKE,1,Electronic,acestep,train,1592
seg_001593,sample_00531,The Cave of Time - Monroeville Music Center,FAKE,1,Pop,acestep,train,1593
seg_001594,sample_00531,The Cave of Time - Monroeville Music Center,FAKE,1,Pop,acestep,train,1594
seg_001595,sample_00531,The Cave of Time - Monroeville Music Center,FAKE,1,Pop,acestep,train,1595
seg_001596,sample_00532,The Coldest Winter - Caleb Lemond,FAKE,1,Pop,acestep,train,1596
seg_001597,sample_00532,The Coldest Winter - Caleb Lemond,FAKE,1,Pop,acestep,train,1597
seg_001598,sample_00532,The Coldest Winter - Caleb Lemond,FAKE,1,Pop,acestep,train,1598
seg_001599,sample_00533,The Contract - The IMG,FAKE,1,Rock,acestep,train,1599
seg_001600,sample_00533,The Contract - The IMG,FAKE,1,Rock,acestep,train,1600
seg_001601,sample_00533,The Contract - The IMG,FAKE,1,Rock,acestep,train,1601
seg_001602,sample_00534,The Courtyard - Uncle Bibby,FAKE,1,Electronic,acestep,train,1602
seg_001603,sample_00534,The Courtyard - Uncle Bibby,FAKE,1,Electronic,acestep,train,1603
seg_001604,sample_00534,The Courtyard - Uncle Bibby,FAKE,1,Electronic,acestep,train,1604
seg_001605,sample_00535,The Dawn - The One They Fear,FAKE,1,Rock,acestep,train,1605
seg_001606,sample_00535,The Dawn - The One They Fear,FAKE,1,Rock,acestep,train,1606
seg_001607,sample_00535,The Dawn - The One They Fear,FAKE,1,Rock,acestep,train,1607
seg_001608,sample_00536,The Dream and the Dreamer - Caleb Lemond,FAKE,1,Pop,acestep,train,1608
seg_001609,sample_00536,The Dream and the Dreamer - Caleb Lemond,FAKE,1,Pop,acestep,train,1609
seg_001610,sample_00536,The Dream and the Dreamer - Caleb Lemond,FAKE,1,Pop,acestep,train,1610
seg_001611,sample_00537,The Factory - Multifaros,FAKE,1,Electronic,acestep,train,1611
seg_001612,sample_00537,The Factory - Multifaros,FAKE,1,Electronic,acestep,train,1612
seg_001613,sample_00537,The Factory - Multifaros,FAKE,1,Electronic,acestep,train,1613
seg_001614,sample_00538,The Front Yard - HarleyLikesMusic,FAKE,1,Electronic,acestep,train,1614
seg_001615,sample_00538,The Front Yard - HarleyLikesMusic,FAKE,1,Electronic,acestep,train,1615
seg_001616,sample_00538,The Front Yard - HarleyLikesMusic,FAKE,1,Electronic,acestep,train,1616
seg_001617,sample_00539,The girl just faded - Los Llamarada,FAKE,1,Rock,acestep,val,1617
seg_001618,sample_00539,The girl just faded - Los Llamarada,FAKE,1,Rock,acestep,val,1618
seg_001619,sample_00539,The girl just faded - Los Llamarada,FAKE,1,Rock,acestep,val,1619
seg_001620,sample_00540,The Monster Mash/Ya Look Fantastic - The Crypts!,FAKE,1,Rock,acestep,train,1620
seg_001621,sample_00540,The Monster Mash/Ya Look Fantastic - The Crypts!,FAKE,1,Rock,acestep,train,1621
seg_001622,sample_00540,The Monster Mash/Ya Look Fantastic - The Crypts!,FAKE,1,Rock,acestep,train,1622
seg_001623,sample_00541,The plot - Malaventura,FAKE,1,Pop,acestep,train,1623
seg_001624,sample_00541,The plot - Malaventura,FAKE,1,Pop,acestep,train,1624
seg_001625,sample_00541,The plot - Malaventura,FAKE,1,Pop,acestep,train,1625
seg_001626,sample_00542,"The Pursuit of Unintentional Humor - Oh Yeah, the Future",FAKE,1,Pop,acestep,test,1626
seg_001627,sample_00542,"The Pursuit of Unintentional Humor - Oh Yeah, the Future",FAKE,1,Pop,acestep,test,1627
seg_001628,sample_00542,"The Pursuit of Unintentional Humor - Oh Yeah, the Future",FAKE,1,Pop,acestep,test,1628
seg_001629,sample_00543,The Queen - Malaventura,FAKE,1,Pop,acestep,train,1629
seg_001630,sample_00543,The Queen - Malaventura,FAKE,1,Pop,acestep,train,1630
seg_001631,sample_00543,The Queen - Malaventura,FAKE,1,Pop,acestep,train,1631
seg_001632,sample_00544,The Race Forever - Monroeville Music Center,FAKE,1,Pop,acestep,train,1632
seg_001633,sample_00544,The Race Forever - Monroeville Music Center,FAKE,1,Pop,acestep,train,1633
seg_001634,sample_00544,The Race Forever - Monroeville Music Center,FAKE,1,Pop,acestep,train,1634
seg_001635,sample_00545,The Reality Machine - Monroeville Music Center,FAKE,1,Pop,acestep,train,1635
seg_001636,sample_00545,The Reality Machine - Monroeville Music Center,FAKE,1,Pop,acestep,train,1636
seg_001637,sample_00545,The Reality Machine - Monroeville Music Center,FAKE,1,Pop,acestep,train,1637
seg_001638,sample_00546,The Sandman - Ergo Phizmiz,FAKE,1,Pop,acestep,train,1638
seg_001639,sample_00546,The Sandman - Ergo Phizmiz,FAKE,1,Pop,acestep,train,1639
seg_001640,sample_00546,The Sandman - Ergo Phizmiz,FAKE,1,Pop,acestep,train,1640
seg_001641,sample_00547,The Secret Garden - Barbarix,FAKE,1,Electronic,acestep,test,1641
seg_001642,sample_00547,The Secret Garden - Barbarix,FAKE,1,Electronic,acestep,test,1642
seg_001643,sample_00547,The Secret Garden - Barbarix,FAKE,1,Electronic,acestep,test,1643
seg_001644,sample_00548,The Stairway - WarpToken,FAKE,1,Electronic,acestep,val,1644
seg_001645,sample_00548,The Stairway - WarpToken,FAKE,1,Electronic,acestep,val,1645
seg_001646,sample_00548,The Stairway - WarpToken,FAKE,1,Electronic,acestep,val,1646
seg_001647,sample_00549,Three Bird - My brother Daniel,FAKE,1,Electronic,acestep,val,1647
seg_001648,sample_00549,Three Bird - My brother Daniel,FAKE,1,Electronic,acestep,val,1648
seg_001649,sample_00549,Three Bird - My brother Daniel,FAKE,1,Electronic,acestep,val,1649
seg_001650,sample_00550,Timen Passing By - Jason Shaw,FAKE,1,Electronic,acestep,val,1650
seg_001651,sample_00550,Timen Passing By - Jason Shaw,FAKE,1,Electronic,acestep,val,1651
seg_001652,sample_00550,Timen Passing By - Jason Shaw,FAKE,1,Electronic,acestep,val,1652
seg_001653,sample_00551,Time Is Love - Silence is full of birds,FAKE,1,Pop,acestep,val,1653
seg_001654,sample_00551,Time Is Love - Silence is full of birds,FAKE,1,Pop,acestep,val,1654
seg_001655,sample_00551,Time Is Love - Silence is full of birds,FAKE,1,Pop,acestep,val,1655
seg_001656,sample_00552,Time Up - ENDRUDARK,FAKE,1,Electronic,acestep,train,1656
seg_001657,sample_00552,Time Up - ENDRUDARK,FAKE,1,Electronic,acestep,train,1657
seg_001658,sample_00552,Time Up - ENDRUDARK,FAKE,1,Electronic,acestep,train,1658
seg_001659,sample_00553,Topam - Twin Heads,FAKE,1,Electronic,acestep,train,1659
seg_001660,sample_00553,Topam - Twin Heads,FAKE,1,Electronic,acestep,train,1660
seg_001661,sample_00553,Topam - Twin Heads,FAKE,1,Electronic,acestep,train,1661
seg_001662,sample_00554,Track 04 - Lightning Bolt,FAKE,1,Rock,acestep,train,1662
seg_001663,sample_00554,Track 04 - Lightning Bolt,FAKE,1,Rock,acestep,train,1663
seg_001664,sample_00554,Track 04 - Lightning Bolt,FAKE,1,Rock,acestep,train,1664
seg_001665,sample_00555,Transmit - Lamprey,FAKE,1,Rock,acestep,train,1665
seg_001666,sample_00555,Transmit - Lamprey,FAKE,1,Rock,acestep,train,1666
seg_001667,sample_00555,Transmit - Lamprey,FAKE,1,Rock,acestep,train,1667
seg_001668,sample_00556,Troubles I've seen - Malaventura,FAKE,1,Pop,acestep,test,1668
seg_001669,sample_00556,Troubles I've seen - Malaventura,FAKE,1,Pop,acestep,test,1669
seg_001670,sample_00556,Troubles I've seen - Malaventura,FAKE,1,Pop,acestep,test,1670
seg_001671,sample_00557,TTL - Twin Heads,FAKE,1,Electronic,acestep,train,1671
seg_001672,sample_00557,TTL - Twin Heads,FAKE,1,Electronic,acestep,train,1672
seg_001673,sample_00557,TTL - Twin Heads,FAKE,1,Electronic,acestep,train,1673
seg_001674,sample_00558,Ugh! Humans Can Join - Mystery Mammal,FAKE,1,Electronic,acestep,test,1674
seg_001675,sample_00558,Ugh! Humans Can Join - Mystery Mammal,FAKE,1,Electronic,acestep,test,1675
seg_001676,sample_00558,Ugh! Humans Can Join - Mystery Mammal,FAKE,1,Electronic,acestep,test,1676
seg_001677,sample_00559,Ugly - Vienna Ditto,FAKE,1,Electronic,acestep,train,1677
seg_001678,sample_00559,Ugly - Vienna Ditto,FAKE,1,Electronic,acestep,train,1678
seg_001679,sample_00559,Ugly - Vienna Ditto,FAKE,1,Electronic,acestep,train,1679
seg_001680,sample_00560,Understand That This Is A Dream - From the album Modulating Coil [RSVP008] - Forrest James,FAKE,1,Electronic,acestep,val,1680
seg_001681,sample_00560,Understand That This Is A Dream - From the album Modulating Coil [RSVP008] - Forrest James,FAKE,1,Electronic,acestep,val,1681
seg_001682,sample_00560,Understand That This Is A Dream - From the album Modulating Coil [RSVP008] - Forrest James,FAKE,1,Electronic,acestep,val,1682
seg_001683,sample_00561,Unexpected Little Happenings - UltraCat,FAKE,1,Electronic,acestep,train,1683
seg_001684,sample_00561,Unexpected Little Happenings - UltraCat,FAKE,1,Electronic,acestep,train,1684
seg_001685,sample_00561,Unexpected Little Happenings - UltraCat,FAKE,1,Electronic,acestep,train,1685
seg_001686,sample_00562,Untitled - Fatal Injection,FAKE,1,Rock,acestep,test,1686
seg_001687,sample_00562,Untitled - Fatal Injection,FAKE,1,Rock,acestep,test,1687
seg_001688,sample_00562,Untitled - Fatal Injection,FAKE,1,Rock,acestep,test,1688
seg_001689,sample_00563,Vanishing Horizon - Jason Shaw,FAKE,1,Electronic,acestep,train,1689
seg_001690,sample_00563,Vanishing Horizon - Jason Shaw,FAKE,1,Electronic,acestep,train,1690
seg_001691,sample_00563,Vanishing Horizon - Jason Shaw,FAKE,1,Electronic,acestep,train,1691
seg_001692,sample_00564,Versailles - Pierce Murphy,FAKE,1,Rock,acestep,train,1692
seg_001693,sample_00564,Versailles - Pierce Murphy,FAKE,1,Rock,acestep,train,1693
seg_001694,sample_00564,Versailles - Pierce Murphy,FAKE,1,Rock,acestep,train,1694
seg_001695,sample_00565,Voxel - Andy G. Cohen,FAKE,1,Rock,acestep,val,1695
seg_001696,sample_00565,Voxel - Andy G. Cohen,FAKE,1,Rock,acestep,val,1696
seg_001697,sample_00565,Voxel - Andy G. Cohen,FAKE,1,Rock,acestep,val,1697
seg_001698,sample_00566,Wake Up - The Moi Non Plus,FAKE,1,Rock,acestep,train,1698
seg_001699,sample_00566,Wake Up - The Moi Non Plus,FAKE,1,Rock,acestep,train,1699
seg_001700,sample_00566,Wake Up - The Moi Non Plus,FAKE,1,Rock,acestep,train,1700
seg_001701,sample_00567,Westside Chillers - Little Glass Men,FAKE,1,Electronic,acestep,val,1701
seg_001702,sample_00567,Westside Chillers - Little Glass Men,FAKE,1,Electronic,acestep,val,1702
seg_001703,sample_00567,Westside Chillers - Little Glass Men,FAKE,1,Electronic,acestep,val,1703
seg_001704,sample_00568,WET DREAMS - voyageurs,FAKE,1,Rock,acestep,train,1704
seg_001705,sample_00568,WET DREAMS - voyageurs,FAKE,1,Rock,acestep,train,1705
seg_001706,sample_00568,WET DREAMS - voyageurs,FAKE,1,Rock,acestep,train,1706
seg_001707,sample_00569,We Are Canucks - David Blair,FAKE,1,Pop,acestep,train,1707
seg_001708,sample_00569,We Are Canucks - David Blair,FAKE,1,Pop,acestep,train,1708
seg_001709,sample_00569,We Are Canucks - David Blair,FAKE,1,Pop,acestep,train,1709
seg_001710,sample_00570,We Misplaced A Cobra In the Uninhabitable Mansions - Uninhabitable Mansions,FAKE,1,Rock,acestep,train,1710
seg_001711,sample_00570,We Misplaced A Cobra In the Uninhabitable Mansions - Uninhabitable Mansions,FAKE,1,Rock,acestep,train,1711
seg_001712,sample_00570,We Misplaced A Cobra In the Uninhabitable Mansions - Uninhabitable Mansions,FAKE,1,Rock,acestep,train,1712
seg_001713,sample_00571,We Move in Waves - Modey Lemon,FAKE,1,Rock,acestep,train,1713
seg_001714,sample_00571,We Move in Waves - Modey Lemon,FAKE,1,Rock,acestep,train,1714
seg_001715,sample_00571,We Move in Waves - Modey Lemon,FAKE,1,Rock,acestep,train,1715
seg_001716,sample_00572,When I Was Taller - Dan Deacon,FAKE,1,Electronic,acestep,train,1716
seg_001717,sample_00572,When I Was Taller - Dan Deacon,FAKE,1,Electronic,acestep,train,1717
seg_001718,sample_00572,When I Was Taller - Dan Deacon,FAKE,1,Electronic,acestep,train,1718
seg_001719,sample_00573,When Will We Ever Learn - Ontayso,FAKE,1,Electronic,acestep,train,1719
seg_001720,sample_00573,When Will We Ever Learn - Ontayso,FAKE,1,Electronic,acestep,train,1720
seg_001721,sample_00573,When Will We Ever Learn - Ontayso,FAKE,1,Electronic,acestep,train,1721
seg_001722,sample_00574,Where Is Everything - The Moi Non Plus,FAKE,1,Rock,acestep,test,1722
seg_001723,sample_00574,Where Is Everything - The Moi Non Plus,FAKE,1,Rock,acestep,test,1723
seg_001724,sample_00574,Where Is Everything - The Moi Non Plus,FAKE,1,Rock,acestep,test,1724
seg_001725,sample_00575,Who Loves You Dear - Mink Lungs,FAKE,1,Rock,acestep,test,1725
seg_001726,sample_00575,Who Loves You Dear - Mink Lungs,FAKE,1,Rock,acestep,test,1726
seg_001727,sample_00575,Who Loves You Dear - Mink Lungs,FAKE,1,Rock,acestep,test,1727
seg_001728,sample_00576,Windows of the Skull (Alternate Version) - Sarin,FAKE,1,Rock,acestep,train,1728
seg_001729,sample_00576,Windows of the Skull (Alternate Version) - Sarin,FAKE,1,Rock,acestep,train,1729
seg_001730,sample_00576,Windows of the Skull (Alternate Version) - Sarin,FAKE,1,Rock,acestep,train,1730
seg_001731,sample_00577,Windows of the Skull (Alternate Version) - Sarin,FAKE,1,Rock,acestep,train,1731
seg_001732,sample_00577,Windows of the Skull (Alternate Version) - Sarin,FAKE,1,Rock,acestep,train,1732
seg_001733,sample_00577,Windows of the Skull (Alternate Version) - Sarin,FAKE,1,Rock,acestep,train,1733
seg_001734,sample_00578,Wir Werden Gott - Japanische Kampfhorspiele,FAKE,1,Rock,acestep,train,1734
seg_001735,sample_00578,Wir Werden Gott - Japanische Kampfhorspiele,FAKE,1,Rock,acestep,train,1735
seg_001736,sample_00578,Wir Werden Gott - Japanische Kampfhorspiele,FAKE,1,Rock,acestep,train,1736
seg_001737,sample_00579,"With the Summer - Oh Yeah, the Future",FAKE,1,Pop,acestep,train,1737
seg_001738,sample_00579,"With the Summer - Oh Yeah, the Future",FAKE,1,Pop,acestep,train,1738
seg_001739,sample_00579,"With the Summer - Oh Yeah, the Future",FAKE,1,Pop,acestep,train,1739
seg_001740,sample_00580,Ynkelig - Die Morgendammerung Des Valhalla,FAKE,1,Rock,acestep,train,1740
seg_001741,sample_00580,Ynkelig - Die Morgendammerung Des Valhalla,FAKE,1,Rock,acestep,train,1741
seg_001742,sample_00580,Ynkelig - Die Morgendammerung Des Valhalla,FAKE,1,Rock,acestep,train,1742
seg_001743,sample_00581,Yoko live at FoEG - Emma Acs,FAKE,1,Pop,acestep,train,1743
seg_001744,sample_00581,Yoko live at FoEG - Emma Acs,FAKE,1,Pop,acestep,train,1744
seg_001745,sample_00581,Yoko live at FoEG - Emma Acs,FAKE,1,Pop,acestep,train,1745
seg_001746,sample_00582,You Are A Monster - Monroeville Music Center,FAKE,1,Pop,acestep,train,1746
seg_001747,sample_00582,You Are A Monster - Monroeville Music Center,FAKE,1,Pop,acestep,train,1747
seg_001748,sample_00582,You Are A Monster - Monroeville Music Center,FAKE,1,Pop,acestep,train,1748
seg_001749,sample_00583,Yurtology - Michett,FAKE,1,Electronic,acestep,test,1749
seg_001750,sample_00583,Yurtology - Michett,FAKE,1,Electronic,acestep,test,1750
seg_001751,sample_00583,Yurtology - Michett,FAKE,1,Electronic,acestep,test,1751
seg_001752,sample_00584,zero rhythm dollar boy - Katapulto,FAKE,1,Pop,acestep,train,1752
seg_001753,sample_00584,zero rhythm dollar boy - Katapulto,FAKE,1,Pop,acestep,train,1753
seg_001754,sample_00584,zero rhythm dollar boy - Katapulto,FAKE,1,Pop,acestep,train,1754
seg_001755,sample_00585,Z-Saber (feat Jake Allison) - Decktonic,FAKE,1,Electronic,acestep,train,1755
seg_001756,sample_00585,Z-Saber (feat Jake Allison) - Decktonic,FAKE,1,Electronic,acestep,train,1756
seg_001757,sample_00585,Z-Saber (feat Jake Allison) - Decktonic,FAKE,1,Electronic,acestep,train,1757
seg_001758,sample_00586,В Наших Сердцах - Чокнутый Пропеллер,FAKE,1,Rock,acestep,val,1758
seg_001759,sample_00586,В Наших Сердцах - Чокнутый Пропеллер,FAKE,1,Rock,acestep,val,1759
seg_001760,sample_00586,В Наших Сердцах - Чокнутый Пропеллер,FAKE,1,Rock,acestep,val,1760
seg_001761,sample_00587,Глазами Детей - Чокнутый Пропеллер,FAKE,1,Rock,acestep,train,1761
seg_001762,sample_00587,Глазами Детей - Чокнутый Пропеллер,FAKE,1,Rock,acestep,train,1762
seg_001763,sample_00587,Глазами Детей - Чокнутый Пропеллер,FAKE,1,Rock,acestep,train,1763
seg_001764,sample_00588,Кортни Лав - Чокнутый Пропеллер,FAKE,1,Rock,acestep,train,1764
seg_001765,sample_00588,Кортни Лав - Чокнутый Пропеллер,FAKE,1,Rock,acestep,train,1765
seg_001766,sample_00588,Кортни Лав - Чокнутый Пропеллер,FAKE,1,Rock,acestep,train,1766
seg_001767,sample_00589,Новый Нью-Йорк 2 - Чокнутый Пропеллер,FAKE,1,Rock,acestep,val,1767
seg_001768,sample_00589,Новый Нью-Йорк 2 - Чокнутый Пропеллер,FAKE,1,Rock,acestep,val,1768
seg_001769,sample_00589,Новый Нью-Йорк 2 - Чокнутый Пропеллер,FAKE,1,Rock,acestep,val,1769
seg_001770,sample_00590,Paris - Fleslit,FAKE,1,Electronic,audioldm,train,1770
seg_001771,sample_00590,Paris - Fleslit,FAKE,1,Electronic,audioldm,train,1771
seg_001772,sample_00590,Paris - Fleslit,FAKE,1,Electronic,audioldm,train,1772
seg_001773,sample_00591,"10,000 People Chanting, ""I'm an Individual"" - Nihilore",FAKE,1,Electronic,audioldm,train,1773
seg_001774,sample_00591,"10,000 People Chanting, ""I'm an Individual"" - Nihilore",FAKE,1,Electronic,audioldm,train,1774
seg_001775,sample_00591,"10,000 People Chanting, ""I'm an Individual"" - Nihilore",FAKE,1,Electronic,audioldm,train,1775
seg_001776,sample_00592,Hammer and a Nail - Vienna Ditto,FAKE,1,Electronic,audioldm,train,1776
seg_001777,sample_00592,Hammer and a Nail - Vienna Ditto,FAKE,1,Electronic,audioldm,train,1777
seg_001778,sample_00592,Hammer and a Nail - Vienna Ditto,FAKE,1,Electronic,audioldm,train,1778
seg_001779,sample_00593,Endless - The Birth and Death of Silence,FAKE,1,Electronic,audioldm,train,1779
seg_001780,sample_00593,Endless - The Birth and Death of Silence,FAKE,1,Electronic,audioldm,train,1780
seg_001781,sample_00593,Endless - The Birth and Death of Silence,FAKE,1,Electronic,audioldm,train,1781
seg_001782,sample_00594,The Big House - Jason Shaw,FAKE,1,Electronic,audioldm,train,1782
seg_001783,sample_00594,The Big House - Jason Shaw,FAKE,1,Electronic,audioldm,train,1783
seg_001784,sample_00594,The Big House - Jason Shaw,FAKE,1,Electronic,audioldm,train,1784
seg_001785,sample_00595,Daylight Savings - My brother Daniel,FAKE,1,Electronic,audioldm,val,1785
seg_001786,sample_00595,Daylight Savings - My brother Daniel,FAKE,1,Electronic,audioldm,val,1786
seg_001787,sample_00595,Daylight Savings - My brother Daniel,FAKE,1,Electronic,audioldm,val,1787
seg_001788,sample_00596,Three Bird - My brother Daniel,FAKE,1,Electronic,audioldm,val,1788
seg_001789,sample_00596,Three Bird - My brother Daniel,FAKE,1,Electronic,audioldm,val,1789
seg_001790,sample_00596,Three Bird - My brother Daniel,FAKE,1,Electronic,audioldm,val,1790
seg_001791,sample_00597,"November 25, 2007 - Kenneth Kirschner",FAKE,1,Electronic,audioldm,train,1791
seg_001792,sample_00597,"November 25, 2007 - Kenneth Kirschner",FAKE,1,Electronic,audioldm,train,1792
seg_001793,sample_00597,"November 25, 2007 - Kenneth Kirschner",FAKE,1,Electronic,audioldm,train,1793
seg_001794,sample_00598,Robot Heart - Mystery Mammal,FAKE,1,Electronic,audioldm,train,1794
seg_001795,sample_00598,Robot Heart - Mystery Mammal,FAKE,1,Electronic,audioldm,train,1795
seg_001796,sample_00598,Robot Heart - Mystery Mammal,FAKE,1,Electronic,audioldm,train,1796
seg_001797,sample_00599,Take Your Fingers - Michael Fakesch,FAKE,1,Electronic,audioldm,train,1797
seg_001798,sample_00599,Take Your Fingers - Michael Fakesch,FAKE,1,Electronic,audioldm,train,1798
seg_001799,sample_00599,Take Your Fingers - Michael Fakesch,FAKE,1,Electronic,audioldm,train,1799
seg_001800,sample_00600,Pista Afuera - Epstein,FAKE,1,Electronic,audioldm,test,1800
seg_001801,sample_00600,Pista Afuera - Epstein,FAKE,1,Electronic,audioldm,test,1801
seg_001802,sample_00600,Pista Afuera - Epstein,FAKE,1,Electronic,audioldm,test,1802
seg_001803,sample_00601,Let You're Body Move - D SMILEZ,FAKE,1,Electronic,audioldm,test,1803
seg_001804,sample_00601,Let You're Body Move - D SMILEZ,FAKE,1,Electronic,audioldm,test,1804
seg_001805,sample_00601,Let You're Body Move - D SMILEZ,FAKE,1,Electronic,audioldm,test,1805
seg_001806,sample_00602,Strongbreeze - Rowan Box,FAKE,1,Electronic,audioldm,train,1806
seg_001807,sample_00602,Strongbreeze - Rowan Box,FAKE,1,Electronic,audioldm,train,1807
seg_001808,sample_00602,Strongbreeze - Rowan Box,FAKE,1,Electronic,audioldm,train,1808
seg_001809,sample_00603,Running Free - Michett featuring Kalipluche,FAKE,1,Electronic,audioldm,train,1809
seg_001810,sample_00603,Running Free - Michett featuring Kalipluche,FAKE,1,Electronic,audioldm,train,1810
seg_001811,sample_00603,Running Free - Michett featuring Kalipluche,FAKE,1,Electronic,audioldm,train,1811
seg_001812,sample_00604,Acoustic Unleashed - Remain,FAKE,1,Electronic,audioldm,train,1812
seg_001813,sample_00604,Acoustic Unleashed - Remain,FAKE,1,Electronic,audioldm,train,1813
seg_001814,sample_00604,Acoustic Unleashed - Remain,FAKE,1,Electronic,audioldm,train,1814
seg_001815,sample_00605,When Will We Ever Learn - Ontayso,FAKE,1,Electronic,audioldm,train,1815
seg_001816,sample_00605,When Will We Ever Learn - Ontayso,FAKE,1,Electronic,audioldm,train,1816
seg_001817,sample_00605,When Will We Ever Learn - Ontayso,FAKE,1,Electronic,audioldm,train,1817
seg_001818,sample_00606,The Secret Garden - Barbarix,FAKE,1,Electronic,audioldm,test,1818
seg_001819,sample_00606,The Secret Garden - Barbarix,FAKE,1,Electronic,audioldm,test,1819
seg_001820,sample_00606,The Secret Garden - Barbarix,FAKE,1,Electronic,audioldm,test,1820
seg_001821,sample_00607,OOOTHERSIDE - This Time - Mike B. Fort,FAKE,1,Electronic,audioldm,train,1821
seg_001822,sample_00607,OOOTHERSIDE - This Time - Mike B. Fort,FAKE,1,Electronic,audioldm,train,1822
seg_001823,sample_00607,OOOTHERSIDE - This Time - Mike B. Fort,FAKE,1,Electronic,audioldm,train,1823
seg_001824,sample_00608,Resistentialism - Nihilore,FAKE,1,Electronic,audioldm,test,1824
seg_001825,sample_00608,Resistentialism - Nihilore,FAKE,1,Electronic,audioldm,test,1825
seg_001826,sample_00608,Resistentialism - Nihilore,FAKE,1,Electronic,audioldm,test,1826
seg_001827,sample_00609,Timen Passing By - Jason Shaw,FAKE,1,Electronic,audioldm,val,1827
seg_001828,sample_00609,Timen Passing By - Jason Shaw,FAKE,1,Electronic,audioldm,val,1828
seg_001829,sample_00609,Timen Passing By - Jason Shaw,FAKE,1,Electronic,audioldm,val,1829
seg_001830,sample_00610,Night Drive - Decktonic,FAKE,1,Electronic,audioldm,val,1830
seg_001831,sample_00610,Night Drive - Decktonic,FAKE,1,Electronic,audioldm,val,1831
seg_001832,sample_00610,Night Drive - Decktonic,FAKE,1,Electronic,audioldm,val,1832
seg_001833,sample_00611,Fuckaboing - RoccoW,FAKE,1,Electronic,audioldm,test,1833
seg_001834,sample_00611,Fuckaboing - RoccoW,FAKE,1,Electronic,audioldm,test,1834
seg_001835,sample_00611,Fuckaboing - RoccoW,FAKE,1,Electronic,audioldm,test,1835
seg_001836,sample_00612,Ugh! Humans Can Join - Mystery Mammal,FAKE,1,Electronic,audioldm,test,1836
seg_001837,sample_00612,Ugh! Humans Can Join - Mystery Mammal,FAKE,1,Electronic,audioldm,test,1837
seg_001838,sample_00612,Ugh! Humans Can Join - Mystery Mammal,FAKE,1,Electronic,audioldm,test,1838
seg_001839,sample_00613,The Front Yard - HarleyLikesMusic,FAKE,1,Electronic,audioldm,train,1839
seg_001840,sample_00613,The Front Yard - HarleyLikesMusic,FAKE,1,Electronic,audioldm,train,1840
seg_001841,sample_00613,The Front Yard - HarleyLikesMusic,FAKE,1,Electronic,audioldm,train,1841
seg_001842,sample_00614,Ugly - Vienna Ditto,FAKE,1,Electronic,audioldm,train,1842
seg_001843,sample_00614,Ugly - Vienna Ditto,FAKE,1,Electronic,audioldm,train,1843
seg_001844,sample_00614,Ugly - Vienna Ditto,FAKE,1,Electronic,audioldm,train,1844
seg_001845,sample_00615,Sturgeon's Law - Nihilore,FAKE,1,Electronic,audioldm,val,1845
seg_001846,sample_00615,Sturgeon's Law - Nihilore,FAKE,1,Electronic,audioldm,val,1846
seg_001847,sample_00615,Sturgeon's Law - Nihilore,FAKE,1,Electronic,audioldm,val,1847
seg_001848,sample_00616,Improvisation - Broken Chord,FAKE,1,Electronic,audioldm,train,1848
seg_001849,sample_00616,Improvisation - Broken Chord,FAKE,1,Electronic,audioldm,train,1849
seg_001850,sample_00616,Improvisation - Broken Chord,FAKE,1,Electronic,audioldm,train,1850
seg_001851,sample_00617,mystery team 2090 - Jesse Futerman,FAKE,1,Electronic,audioldm,val,1851
seg_001852,sample_00617,mystery team 2090 - Jesse Futerman,FAKE,1,Electronic,audioldm,val,1852
seg_001853,sample_00617,mystery team 2090 - Jesse Futerman,FAKE,1,Electronic,audioldm,val,1853
seg_001854,sample_00618,Ad Astra - P C III,FAKE,1,Electronic,audioldm,train,1854
seg_001855,sample_00618,Ad Astra - P C III,FAKE,1,Electronic,audioldm,train,1855
seg_001856,sample_00618,Ad Astra - P C III,FAKE,1,Electronic,audioldm,train,1856
seg_001857,sample_00619,Enthalpy - Rolemusic,FAKE,1,Electronic,audioldm,train,1857
seg_001858,sample_00619,Enthalpy - Rolemusic,FAKE,1,Electronic,audioldm,train,1858
seg_001859,sample_00619,Enthalpy - Rolemusic,FAKE,1,Electronic,audioldm,train,1859
seg_001860,sample_00620,Realize Me - Jim Rooster,FAKE,1,Electronic,audioldm,test,1860
seg_001861,sample_00620,Realize Me - Jim Rooster,FAKE,1,Electronic,audioldm,test,1861
seg_001862,sample_00620,Realize Me - Jim Rooster,FAKE,1,Electronic,audioldm,test,1862
seg_001863,sample_00621,As Nihilism Gives Way To Existentialism - Nihilore,FAKE,1,Electronic,audioldm,train,1863
seg_001864,sample_00621,As Nihilism Gives Way To Existentialism - Nihilore,FAKE,1,Electronic,audioldm,train,1864
seg_001865,sample_00621,As Nihilism Gives Way To Existentialism - Nihilore,FAKE,1,Electronic,audioldm,train,1865
seg_001866,sample_00622,Slot - Neotnas,FAKE,1,Electronic,audioldm,train,1866
seg_001867,sample_00622,Slot - Neotnas,FAKE,1,Electronic,audioldm,train,1867
seg_001868,sample_00622,Slot - Neotnas,FAKE,1,Electronic,audioldm,train,1868
seg_001869,sample_00623,Dreams - ENDRUDARK,FAKE,1,Electronic,audioldm,train,1869
seg_001870,sample_00623,Dreams - ENDRUDARK,FAKE,1,Electronic,audioldm,train,1870
seg_001871,sample_00623,Dreams - ENDRUDARK,FAKE,1,Electronic,audioldm,train,1871
seg_001872,sample_00624,OST 04 Ship under attack - sawsquarenoise,FAKE,1,Electronic,audioldm,train,1872
seg_001873,sample_00624,OST 04 Ship under attack - sawsquarenoise,FAKE,1,Electronic,audioldm,train,1873
seg_001874,sample_00624,OST 04 Ship under attack - sawsquarenoise,FAKE,1,Electronic,audioldm,train,1874
seg_001875,sample_00625,Loved Ones - Rowan Box,FAKE,1,Electronic,audioldm,val,1875
seg_001876,sample_00625,Loved Ones - Rowan Box,FAKE,1,Electronic,audioldm,val,1876
seg_001877,sample_00625,Loved Ones - Rowan Box,FAKE,1,Electronic,audioldm,val,1877
seg_001878,sample_00626,Okiirobo Navigation System - Henry Homesweet,FAKE,1,Electronic,audioldm,train,1878
seg_001879,sample_00626,Okiirobo Navigation System - Henry Homesweet,FAKE,1,Electronic,audioldm,train,1879
seg_001880,sample_00626,Okiirobo Navigation System - Henry Homesweet,FAKE,1,Electronic,audioldm,train,1880
seg_001881,sample_00627,Support Me in This Moment That I'm About To Lose Heart - Nihilore,FAKE,1,Electronic,audioldm,test,1881
seg_001882,sample_00627,Support Me in This Moment That I'm About To Lose Heart - Nihilore,FAKE,1,Electronic,audioldm,test,1882
seg_001883,sample_00627,Support Me in This Moment That I'm About To Lose Heart - Nihilore,FAKE,1,Electronic,audioldm,test,1883
seg_001884,sample_00628,OOOTHERSIDE - Liquid Paper - Mike B. Fort,FAKE,1,Electronic,audioldm,train,1884
seg_001885,sample_00628,OOOTHERSIDE - Liquid Paper - Mike B. Fort,FAKE,1,Electronic,audioldm,train,1885
seg_001886,sample_00628,OOOTHERSIDE - Liquid Paper - Mike B. Fort,FAKE,1,Electronic,audioldm,train,1886
seg_001887,sample_00629,Edge - Mystery Mammal,FAKE,1,Electronic,audioldm,train,1887
seg_001888,sample_00629,Edge - Mystery Mammal,FAKE,1,Electronic,audioldm,train,1888
seg_001889,sample_00629,Edge - Mystery Mammal,FAKE,1,Electronic,audioldm,train,1889
seg_001890,sample_00630,Tapes - Gumbel,FAKE,1,Electronic,audioldm,train,1890
seg_001891,sample_00630,Tapes - Gumbel,FAKE,1,Electronic,audioldm,train,1891
seg_001892,sample_00630,Tapes - Gumbel,FAKE,1,Electronic,audioldm,train,1892
seg_001893,sample_00631,Little Fingers - Vienna Ditto,FAKE,1,Electronic,audioldm,train,1893
seg_001894,sample_00631,Little Fingers - Vienna Ditto,FAKE,1,Electronic,audioldm,train,1894
seg_001895,sample_00631,Little Fingers - Vienna Ditto,FAKE,1,Electronic,audioldm,train,1895
seg_001896,sample_00632,Promo Mix Vocal Edit (Luv Dub Mix) - Pierlo,FAKE,1,Electronic,audioldm,train,1896
seg_001897,sample_00632,Promo Mix Vocal Edit (Luv Dub Mix) - Pierlo,FAKE,1,Electronic,audioldm,train,1897
seg_001898,sample_00632,Promo Mix Vocal Edit (Luv Dub Mix) - Pierlo,FAKE,1,Electronic,audioldm,train,1898
seg_001899,sample_00633,Coliidae - K.D. Expression,FAKE,1,Electronic,audioldm,train,1899
seg_001900,sample_00633,Coliidae - K.D. Expression,FAKE,1,Electronic,audioldm,train,1900
seg_001901,sample_00633,Coliidae - K.D. Expression,FAKE,1,Electronic,audioldm,train,1901
seg_001902,sample_00634,Vanishing Horizon - Jason Shaw,FAKE,1,Electronic,audioldm,train,1902
seg_001903,sample_00634,Vanishing Horizon - Jason Shaw,FAKE,1,Electronic,audioldm,train,1903
seg_001904,sample_00634,Vanishing Horizon - Jason Shaw,FAKE,1,Electronic,audioldm,train,1904
seg_001905,sample_00635,Empower Thee - vargero,FAKE,1,Electronic,audioldm,train,1905
seg_001906,sample_00635,Empower Thee - vargero,FAKE,1,Electronic,audioldm,train,1906
seg_001907,sample_00635,Empower Thee - vargero,FAKE,1,Electronic,audioldm,train,1907
seg_001908,sample_00636,Unexpected Little Happenings - UltraCat,FAKE,1,Electronic,audioldm,train,1908
seg_001909,sample_00636,Unexpected Little Happenings - UltraCat,FAKE,1,Electronic,audioldm,train,1909
seg_001910,sample_00636,Unexpected Little Happenings - UltraCat,FAKE,1,Electronic,audioldm,train,1910
seg_001911,sample_00637,Dance Harder - Three Chain Links,FAKE,1,Electronic,audioldm,test,1911
seg_001912,sample_00637,Dance Harder - Three Chain Links,FAKE,1,Electronic,audioldm,test,1912
seg_001913,sample_00637,Dance Harder - Three Chain Links,FAKE,1,Electronic,audioldm,test,1913
seg_001914,sample_00638,Yurtology - Michett,FAKE,1,Electronic,audioldm,test,1914
seg_001915,sample_00638,Yurtology - Michett,FAKE,1,Electronic,audioldm,test,1915
seg_001916,sample_00638,Yurtology - Michett,FAKE,1,Electronic,audioldm,test,1916
seg_001917,sample_00639,CopperNickle - UncleBibby,FAKE,1,Electronic,audioldm,val,1917
seg_001918,sample_00639,CopperNickle - UncleBibby,FAKE,1,Electronic,audioldm,val,1918
seg_001919,sample_00639,CopperNickle - UncleBibby,FAKE,1,Electronic,audioldm,val,1919
seg_001920,sample_00640,Only Instrumental - Broke For Free,FAKE,1,Electronic,audioldm,train,1920
seg_001921,sample_00640,Only Instrumental - Broke For Free,FAKE,1,Electronic,audioldm,train,1921
seg_001922,sample_00640,Only Instrumental - Broke For Free,FAKE,1,Electronic,audioldm,train,1922
seg_001923,sample_00641,A Different World By Night - Nihilore,FAKE,1,Electronic,audioldm,train,1923
seg_001924,sample_00641,A Different World By Night - Nihilore,FAKE,1,Electronic,audioldm,train,1924
seg_001925,sample_00641,A Different World By Night - Nihilore,FAKE,1,Electronic,audioldm,train,1925
seg_001926,sample_00642,Cold Chains - Rolemusic,FAKE,1,Electronic,audioldm,train,1926
seg_001927,sample_00642,Cold Chains - Rolemusic,FAKE,1,Electronic,audioldm,train,1927
seg_001928,sample_00642,Cold Chains - Rolemusic,FAKE,1,Electronic,audioldm,train,1928
seg_001929,sample_00643,Flashback - Seclorance,FAKE,1,Electronic,audioldm,train,1929
seg_001930,sample_00643,Flashback - Seclorance,FAKE,1,Electronic,audioldm,train,1930
seg_001931,sample_00643,Flashback - Seclorance,FAKE,1,Electronic,audioldm,train,1931
seg_001932,sample_00644,The Adventures Of Roderick Random - Maps And Diagrams,FAKE,1,Electronic,audioldm,test,1932
seg_001933,sample_00644,The Adventures Of Roderick Random - Maps And Diagrams,FAKE,1,Electronic,audioldm,test,1933
seg_001934,sample_00644,The Adventures Of Roderick Random - Maps And Diagrams,FAKE,1,Electronic,audioldm,test,1934
seg_001935,sample_00645,Four and a Half Tatami - Nihilore,FAKE,1,Electronic,audioldm,train,1935
seg_001936,sample_00645,Four and a Half Tatami - Nihilore,FAKE,1,Electronic,audioldm,train,1936
seg_001937,sample_00645,Four and a Half Tatami - Nihilore,FAKE,1,Electronic,audioldm,train,1937
seg_001938,sample_00646,"Aquamarine, My Distant Blue - Nihilore",FAKE,1,Electronic,audioldm,train,1938
seg_001939,sample_00646,"Aquamarine, My Distant Blue - Nihilore",FAKE,1,Electronic,audioldm,train,1939
seg_001940,sample_00646,"Aquamarine, My Distant Blue - Nihilore",FAKE,1,Electronic,audioldm,train,1940
seg_001941,sample_00647,Topam - Twin Heads,FAKE,1,Electronic,audioldm,train,1941
seg_001942,sample_00647,Topam - Twin Heads,FAKE,1,Electronic,audioldm,train,1942
seg_001943,sample_00647,Topam - Twin Heads,FAKE,1,Electronic,audioldm,train,1943
seg_001944,sample_00648,Introduction beats - Itsensäsyöjät,FAKE,1,Electronic,audioldm,train,1944
seg_001945,sample_00648,Introduction beats - Itsensäsyöjät,FAKE,1,Electronic,audioldm,train,1945
seg_001946,sample_00648,Introduction beats - Itsensäsyöjät,FAKE,1,Electronic,audioldm,train,1946
seg_001947,sample_00649,Dr Deimos-Scribble - Mizuki's Last Chance/Dr Deimos,FAKE,1,Electronic,audioldm,train,1947
seg_001948,sample_00649,Dr Deimos-Scribble - Mizuki's Last Chance/Dr Deimos,FAKE,1,Electronic,audioldm,train,1948
seg_001949,sample_00649,Dr Deimos-Scribble - Mizuki's Last Chance/Dr Deimos,FAKE,1,Electronic,audioldm,train,1949
seg_001950,sample_00650,Noam Chomsky's Corporate Carbohydrate Surprise - Quelle Fromage,FAKE,1,Electronic,audioldm,train,1950
seg_001951,sample_00650,Noam Chomsky's Corporate Carbohydrate Surprise - Quelle Fromage,FAKE,1,Electronic,audioldm,train,1951
seg_001952,sample_00650,Noam Chomsky's Corporate Carbohydrate Surprise - Quelle Fromage,FAKE,1,Electronic,audioldm,train,1952
seg_001953,sample_00651,Nuo Maisemat - Paavoharju,FAKE,1,Electronic,audioldm,val,1953
seg_001954,sample_00651,Nuo Maisemat - Paavoharju,FAKE,1,Electronic,audioldm,val,1954
seg_001955,sample_00651,Nuo Maisemat - Paavoharju,FAKE,1,Electronic,audioldm,val,1955
seg_001956,sample_00652,Ohtli - Seclorance,FAKE,1,Electronic,audioldm,train,1956
seg_001957,sample_00652,Ohtli - Seclorance,FAKE,1,Electronic,audioldm,train,1957
seg_001958,sample_00652,Ohtli - Seclorance,FAKE,1,Electronic,audioldm,train,1958
seg_001959,sample_00653,The Factory - Multifaros,FAKE,1,Electronic,audioldm,train,1959
seg_001960,sample_00653,The Factory - Multifaros,FAKE,1,Electronic,audioldm,train,1960
seg_001961,sample_00653,The Factory - Multifaros,FAKE,1,Electronic,audioldm,train,1961
seg_001962,sample_00654,Night Owl - Broke For Free,FAKE,1,Electronic,audioldm,test,1962
seg_001963,sample_00654,Night Owl - Broke For Free,FAKE,1,Electronic,audioldm,test,1963
seg_001964,sample_00654,Night Owl - Broke For Free,FAKE,1,Electronic,audioldm,test,1964
seg_001965,sample_00655,"Go On, Then - Jim Rooster",FAKE,1,Electronic,audioldm,train,1965
seg_001966,sample_00655,"Go On, Then - Jim Rooster",FAKE,1,Electronic,audioldm,train,1966
seg_001967,sample_00655,"Go On, Then - Jim Rooster",FAKE,1,Electronic,audioldm,train,1967
seg_001968,sample_00656,Jangus (inspired by ToeJam and Earl) - UncleBibby,FAKE,1,Electronic,audioldm,train,1968
seg_001969,sample_00656,Jangus (inspired by ToeJam and Earl) - UncleBibby,FAKE,1,Electronic,audioldm,train,1969
seg_001970,sample_00656,Jangus (inspired by ToeJam and Earl) - UncleBibby,FAKE,1,Electronic,audioldm,train,1970
seg_001971,sample_00657,Liar Liar Quietly - Vienna Ditto,FAKE,1,Electronic,audioldm,train,1971
seg_001972,sample_00657,Liar Liar Quietly - Vienna Ditto,FAKE,1,Electronic,audioldm,train,1972
seg_001973,sample_00657,Liar Liar Quietly - Vienna Ditto,FAKE,1,Electronic,audioldm,train,1973
seg_001974,sample_00658,The Courtyard - Uncle Bibby,FAKE,1,Electronic,audioldm,train,1974
seg_001975,sample_00658,The Courtyard - Uncle Bibby,FAKE,1,Electronic,audioldm,train,1975
seg_001976,sample_00658,The Courtyard - Uncle Bibby,FAKE,1,Electronic,audioldm,train,1976
seg_001977,sample_00659,Seppuku Bot - Decktonic,FAKE,1,Electronic,audioldm,train,1977
seg_001978,sample_00659,Seppuku Bot - Decktonic,FAKE,1,Electronic,audioldm,train,1978
seg_001979,sample_00659,Seppuku Bot - Decktonic,FAKE,1,Electronic,audioldm,train,1979
seg_001980,sample_00660,When I Was Taller - Dan Deacon,FAKE,1,Electronic,audioldm,train,1980
seg_001981,sample_00660,When I Was Taller - Dan Deacon,FAKE,1,Electronic,audioldm,train,1981
seg_001982,sample_00660,When I Was Taller - Dan Deacon,FAKE,1,Electronic,audioldm,train,1982
seg_001983,sample_00661,Clay Heart - Nihilore,FAKE,1,Electronic,audioldm,train,1983
seg_001984,sample_00661,Clay Heart - Nihilore,FAKE,1,Electronic,audioldm,train,1984
seg_001985,sample_00661,Clay Heart - Nihilore,FAKE,1,Electronic,audioldm,train,1985
seg_001986,sample_00662,SD (Ill Mix) - H-LR,FAKE,1,Electronic,audioldm,val,1986
seg_001987,sample_00662,SD (Ill Mix) - H-LR,FAKE,1,Electronic,audioldm,val,1987
seg_001988,sample_00662,SD (Ill Mix) - H-LR,FAKE,1,Electronic,audioldm,val,1988
seg_001989,sample_00663,All of Us - Eric Skiff,FAKE,1,Electronic,audioldm,train,1989
seg_001990,sample_00663,All of Us - Eric Skiff,FAKE,1,Electronic,audioldm,train,1990
seg_001991,sample_00663,All of Us - Eric Skiff,FAKE,1,Electronic,audioldm,train,1991
seg_001992,sample_00664,Straw Fields - Rolemusic,FAKE,1,Electronic,audioldm,train,1992
seg_001993,sample_00664,Straw Fields - Rolemusic,FAKE,1,Electronic,audioldm,train,1993
seg_001994,sample_00664,Straw Fields - Rolemusic,FAKE,1,Electronic,audioldm,train,1994
seg_001995,sample_00665,Artificial anxiety - Michett,FAKE,1,Electronic,audioldm,train,1995
seg_001996,sample_00665,Artificial anxiety - Michett,FAKE,1,Electronic,audioldm,train,1996
seg_001997,sample_00665,Artificial anxiety - Michett,FAKE,1,Electronic,audioldm,train,1997
seg_001998,sample_00666,Kumorizoranohajimarutokoro - Hosomi,FAKE,1,Electronic,audioldm,val,1998
seg_001999,sample_00666,Kumorizoranohajimarutokoro - Hosomi,FAKE,1,Electronic,audioldm,val,1999
seg_002000,sample_00666,Kumorizoranohajimarutokoro - Hosomi,FAKE,1,Electronic,audioldm,val,2000
seg_002001,sample_00667,Ponky McFonky - My brother Daniel,FAKE,1,Electronic,audioldm,train,2001
seg_002002,sample_00667,Ponky McFonky - My brother Daniel,FAKE,1,Electronic,audioldm,train,2002
seg_002003,sample_00667,Ponky McFonky - My brother Daniel,FAKE,1,Electronic,audioldm,train,2003
seg_002004,sample_00668,Dance of the Martians (SynthStep Edit) - Maxim Kornyshev,FAKE,1,Electronic,audioldm,train,2004
seg_002005,sample_00668,Dance of the Martians (SynthStep Edit) - Maxim Kornyshev,FAKE,1,Electronic,audioldm,train,2005
seg_002006,sample_00668,Dance of the Martians (SynthStep Edit) - Maxim Kornyshev,FAKE,1,Electronic,audioldm,train,2006
seg_002007,sample_00669,TTL - Twin Heads,FAKE,1,Electronic,audioldm,train,2007
seg_002008,sample_00669,TTL - Twin Heads,FAKE,1,Electronic,audioldm,train,2008
seg_002009,sample_00669,TTL - Twin Heads,FAKE,1,Electronic,audioldm,train,2009
seg_002010,sample_00670,shmoove - epsilon not,FAKE,1,Electronic,audioldm,train,2010
seg_002011,sample_00670,shmoove - epsilon not,FAKE,1,Electronic,audioldm,train,2011
seg_002012,sample_00670,shmoove - epsilon not,FAKE,1,Electronic,audioldm,train,2012
seg_002013,sample_00671,Time Up - ENDRUDARK,FAKE,1,Electronic,audioldm,train,2013
seg_002014,sample_00671,Time Up - ENDRUDARK,FAKE,1,Electronic,audioldm,train,2014
seg_002015,sample_00671,Time Up - ENDRUDARK,FAKE,1,Electronic,audioldm,train,2015
seg_002016,sample_00672,2Much (Andy Spinelli & Alex Sánchez House Edit) - Tentacles,FAKE,1,Electronic,audioldm,test,2016
seg_002017,sample_00672,2Much (Andy Spinelli & Alex Sánchez House Edit) - Tentacles,FAKE,1,Electronic,audioldm,test,2017
seg_002018,sample_00672,2Much (Andy Spinelli & Alex Sánchez House Edit) - Tentacles,FAKE,1,Electronic,audioldm,test,2018
seg_002019,sample_00673,some dextromethorphan - Jeva,FAKE,1,Electronic,audioldm,val,2019
seg_002020,sample_00673,some dextromethorphan - Jeva,FAKE,1,Electronic,audioldm,val,2020
seg_002021,sample_00673,some dextromethorphan - Jeva,FAKE,1,Electronic,audioldm,val,2021
seg_002022,sample_00674,I Know His Blood - Vienna Ditto,FAKE,1,Electronic,audioldm,train,2022
seg_002023,sample_00674,I Know His Blood - Vienna Ditto,FAKE,1,Electronic,audioldm,train,2023
seg_002024,sample_00674,I Know His Blood - Vienna Ditto,FAKE,1,Electronic,audioldm,train,2024
seg_002025,sample_00675,Let's Start Out Slow - RoccoW,FAKE,1,Electronic,audioldm,test,2025
seg_002026,sample_00675,Let's Start Out Slow - RoccoW,FAKE,1,Electronic,audioldm,test,2026
seg_002027,sample_00675,Let's Start Out Slow - RoccoW,FAKE,1,Electronic,audioldm,test,2027
seg_002028,sample_00676,Fifth Ramble - From the album Keith [RSVP007] - My brother Daniel,FAKE,1,Electronic,audioldm,val,2028
seg_002029,sample_00676,Fifth Ramble - From the album Keith [RSVP007] - My brother Daniel,FAKE,1,Electronic,audioldm,val,2029
seg_002030,sample_00676,Fifth Ramble - From the album Keith [RSVP007] - My brother Daniel,FAKE,1,Electronic,audioldm,val,2030
seg_002031,sample_00677,End of the Line - H-LR,FAKE,1,Electronic,audioldm,train,2031
seg_002032,sample_00677,End of the Line - H-LR,FAKE,1,Electronic,audioldm,train,2032
seg_002033,sample_00677,End of the Line - H-LR,FAKE,1,Electronic,audioldm,train,2033
seg_002034,sample_00678,Variations - Decktonic,FAKE,1,Electronic,audioldm,train,2034
seg_002035,sample_00678,Variations - Decktonic,FAKE,1,Electronic,audioldm,train,2035
seg_002036,sample_00678,Variations - Decktonic,FAKE,1,Electronic,audioldm,train,2036
seg_002037,sample_00679,The Boss - Multifaros,FAKE,1,Electronic,audioldm,train,2037
seg_002038,sample_00679,The Boss - Multifaros,FAKE,1,Electronic,audioldm,train,2038
seg_002039,sample_00679,The Boss - Multifaros,FAKE,1,Electronic,audioldm,train,2039
seg_002040,sample_00680,Ancient Whispers I - P C III,FAKE,1,Electronic,audioldm,train,2040
seg_002041,sample_00680,Ancient Whispers I - P C III,FAKE,1,Electronic,audioldm,train,2041
seg_002042,sample_00680,Ancient Whispers I - P C III,FAKE,1,Electronic,audioldm,train,2042
seg_002043,sample_00681,Westside Chillers - Little Glass Men,FAKE,1,Electronic,audioldm,val,2043
seg_002044,sample_00681,Westside Chillers - Little Glass Men,FAKE,1,Electronic,audioldm,val,2044
seg_002045,sample_00681,Westside Chillers - Little Glass Men,FAKE,1,Electronic,audioldm,val,2045
seg_002046,sample_00682,Killing Bosses - Gumbel,FAKE,1,Electronic,audioldm,train,2046
seg_002047,sample_00682,Killing Bosses - Gumbel,FAKE,1,Electronic,audioldm,train,2047
seg_002048,sample_00682,Killing Bosses - Gumbel,FAKE,1,Electronic,audioldm,train,2048
seg_002049,sample_00683,Liberosis - Nihilore,FAKE,1,Electronic,audioldm,train,2049
seg_002050,sample_00683,Liberosis - Nihilore,FAKE,1,Electronic,audioldm,train,2050
seg_002051,sample_00683,Liberosis - Nihilore,FAKE,1,Electronic,audioldm,train,2051
seg_002052,sample_00684,La Nina Blanca - Vienna Ditto,FAKE,1,Electronic,audioldm,train,2052
seg_002053,sample_00684,La Nina Blanca - Vienna Ditto,FAKE,1,Electronic,audioldm,train,2053
seg_002054,sample_00684,La Nina Blanca - Vienna Ditto,FAKE,1,Electronic,audioldm,train,2054
seg_002055,sample_00685,Scape from the city - Rolemusic,FAKE,1,Electronic,audioldm,train,2055
seg_002056,sample_00685,Scape from the city - Rolemusic,FAKE,1,Electronic,audioldm,train,2056
seg_002057,sample_00685,Scape from the city - Rolemusic,FAKE,1,Electronic,audioldm,train,2057
seg_002058,sample_00686,Bizzy - The Tleilaxu Music Machine,FAKE,1,Electronic,audioldm,test,2058
seg_002059,sample_00686,Bizzy - The Tleilaxu Music Machine,FAKE,1,Electronic,audioldm,test,2059
seg_002060,sample_00686,Bizzy - The Tleilaxu Music Machine,FAKE,1,Electronic,audioldm,test,2060
seg_002061,sample_00687,3 am West End - statusq,FAKE,1,Electronic,audioldm,test,2061
seg_002062,sample_00687,3 am West End - statusq,FAKE,1,Electronic,audioldm,test,2062
seg_002063,sample_00687,3 am West End - statusq,FAKE,1,Electronic,audioldm,test,2063
seg_002064,sample_00688,Cloudy - Subway Sonicbeat,FAKE,1,Electronic,audioldm,train,2064
seg_002065,sample_00688,Cloudy - Subway Sonicbeat,FAKE,1,Electronic,audioldm,train,2065
seg_002066,sample_00688,Cloudy - Subway Sonicbeat,FAKE,1,Electronic,audioldm,train,2066
seg_002067,sample_00689,Fleslit - Fleslit,FAKE,1,Electronic,audioldm,train,2067
seg_002068,sample_00689,Fleslit - Fleslit,FAKE,1,Electronic,audioldm,train,2068
seg_002069,sample_00689,Fleslit - Fleslit,FAKE,1,Electronic,audioldm,train,2069
seg_002070,sample_00690,Set Fire to Creation - Nihilore,FAKE,1,Electronic,audioldm,test,2070
seg_002071,sample_00690,Set Fire to Creation - Nihilore,FAKE,1,Electronic,audioldm,test,2071
seg_002072,sample_00690,Set Fire to Creation - Nihilore,FAKE,1,Electronic,audioldm,test,2072
seg_002073,sample_00691,Fly 2 - Andre Jetson,FAKE,1,Electronic,audioldm,train,2073
seg_002074,sample_00691,Fly 2 - Andre Jetson,FAKE,1,Electronic,audioldm,train,2074
seg_002075,sample_00691,Fly 2 - Andre Jetson,FAKE,1,Electronic,audioldm,train,2075
seg_002076,sample_00692,If You're Ther - Nicola Ratti,FAKE,1,Electronic,audioldm,val,2076
seg_002077,sample_00692,If You're Ther - Nicola Ratti,FAKE,1,Electronic,audioldm,val,2077
seg_002078,sample_00692,If You're Ther - Nicola Ratti,FAKE,1,Electronic,audioldm,val,2078
seg_002079,sample_00693,Understand That This Is A Dream - From the album Modulating Coil [RSVP008] - Forrest James,FAKE,1,Electronic,audioldm,val,2079
seg_002080,sample_00693,Understand That This Is A Dream - From the album Modulating Coil [RSVP008] - Forrest James,FAKE,1,Electronic,audioldm,val,2080
seg_002081,sample_00693,Understand That This Is A Dream - From the album Modulating Coil [RSVP008] - Forrest James,FAKE,1,Electronic,audioldm,val,2081
seg_002082,sample_00694,It Can't Be Bargained With - Three Chain Links,FAKE,1,Electronic,audioldm,train,2082
seg_002083,sample_00694,It Can't Be Bargained With - Three Chain Links,FAKE,1,Electronic,audioldm,train,2083
seg_002084,sample_00694,It Can't Be Bargained With - Three Chain Links,FAKE,1,Electronic,audioldm,train,2084
seg_002085,sample_00695,Key trick - Krisa,FAKE,1,Electronic,audioldm,train,2085
seg_002086,sample_00695,Key trick - Krisa,FAKE,1,Electronic,audioldm,train,2086
seg_002087,sample_00695,Key trick - Krisa,FAKE,1,Electronic,audioldm,train,2087
seg_002088,sample_00696,Laika - NGC 1365,FAKE,1,Electronic,audioldm,train,2088
seg_002089,sample_00696,Laika - NGC 1365,FAKE,1,Electronic,audioldm,train,2089
seg_002090,sample_00696,Laika - NGC 1365,FAKE,1,Electronic,audioldm,train,2090
seg_002091,sample_00697,End titles - Itsensäsyöjät,FAKE,1,Electronic,audioldm,test,2091
seg_002092,sample_00697,End titles - Itsensäsyöjät,FAKE,1,Electronic,audioldm,test,2092
seg_002093,sample_00697,End titles - Itsensäsyöjät,FAKE,1,Electronic,audioldm,test,2093
seg_002094,sample_00698,Tartu Tähän Hetkeen - Paavoharju,FAKE,1,Electronic,audioldm,train,2094
seg_002095,sample_00698,Tartu Tähän Hetkeen - Paavoharju,FAKE,1,Electronic,audioldm,train,2095
seg_002096,sample_00698,Tartu Tähän Hetkeen - Paavoharju,FAKE,1,Electronic,audioldm,train,2096
seg_002097,sample_00699,Authenticity - Nihilore,FAKE,1,Electronic,audioldm,train,2097
seg_002098,sample_00699,Authenticity - Nihilore,FAKE,1,Electronic,audioldm,train,2098
seg_002099,sample_00699,Authenticity - Nihilore,FAKE,1,Electronic,audioldm,train,2099
seg_002100,sample_00700,The Stairway - WarpToken,FAKE,1,Electronic,audioldm,val,2100
seg_002101,sample_00700,The Stairway - WarpToken,FAKE,1,Electronic,audioldm,val,2101
seg_002102,sample_00700,The Stairway - WarpToken,FAKE,1,Electronic,audioldm,val,2102
seg_002103,sample_00701,And Over The Rainbows - milky-chu,FAKE,1,Electronic,audioldm,train,2103
seg_002104,sample_00701,And Over The Rainbows - milky-chu,FAKE,1,Electronic,audioldm,train,2104
seg_002105,sample_00701,And Over The Rainbows - milky-chu,FAKE,1,Electronic,audioldm,train,2105
seg_002106,sample_00702,Z-Saber (feat Jake Allison) - Decktonic,FAKE,1,Electronic,audioldm,train,2106
seg_002107,sample_00702,Z-Saber (feat Jake Allison) - Decktonic,FAKE,1,Electronic,audioldm,train,2107
seg_002108,sample_00702,Z-Saber (feat Jake Allison) - Decktonic,FAKE,1,Electronic,audioldm,train,2108
seg_002109,sample_00703,Invaders From Within - Monroeville Music Center,FAKE,1,Pop,audioldm,train,2109
seg_002110,sample_00703,Invaders From Within - Monroeville Music Center,FAKE,1,Pop,audioldm,train,2110
seg_002111,sample_00703,Invaders From Within - Monroeville Music Center,FAKE,1,Pop,audioldm,train,2111
seg_002112,sample_00704,Soleares&beats - Malaventura,FAKE,1,Pop,audioldm,val,2112
seg_002113,sample_00704,Soleares&beats - Malaventura,FAKE,1,Pop,audioldm,val,2113
seg_002114,sample_00704,Soleares&beats - Malaventura,FAKE,1,Pop,audioldm,val,2114
seg_002115,sample_00705,Something Dirty - Ergo Phizmiz,FAKE,1,Pop,audioldm,test,2115
seg_002116,sample_00705,Something Dirty - Ergo Phizmiz,FAKE,1,Pop,audioldm,test,2116
seg_002117,sample_00705,Something Dirty - Ergo Phizmiz,FAKE,1,Pop,audioldm,test,2117
seg_002118,sample_00706,"Lovedreams - Oh Yeah, the Future",FAKE,1,Pop,audioldm,train,2118
seg_002119,sample_00706,"Lovedreams - Oh Yeah, the Future",FAKE,1,Pop,audioldm,train,2119
seg_002120,sample_00706,"Lovedreams - Oh Yeah, the Future",FAKE,1,Pop,audioldm,train,2120
seg_002121,sample_00707,Busby Berkeley - Ergo Phizmiz,FAKE,1,Pop,audioldm,train,2121
seg_002122,sample_00707,Busby Berkeley - Ergo Phizmiz,FAKE,1,Pop,audioldm,train,2122
seg_002123,sample_00707,Busby Berkeley - Ergo Phizmiz,FAKE,1,Pop,audioldm,train,2123
seg_002124,sample_00708,On My Mind - Ergo Phizmiz,FAKE,1,Pop,audioldm,train,2124
seg_002125,sample_00708,On My Mind - Ergo Phizmiz,FAKE,1,Pop,audioldm,train,2125
seg_002126,sample_00708,On My Mind - Ergo Phizmiz,FAKE,1,Pop,audioldm,train,2126
seg_002127,sample_00709,"Hungry - Oh Yeah, the Future",FAKE,1,Pop,audioldm,test,2127
seg_002128,sample_00709,"Hungry - Oh Yeah, the Future",FAKE,1,Pop,audioldm,test,2128
seg_002129,sample_00709,"Hungry - Oh Yeah, the Future",FAKE,1,Pop,audioldm,test,2129
seg_002130,sample_00710,The Race Forever - Monroeville Music Center,FAKE,1,Pop,audioldm,train,2130
seg_002131,sample_00710,The Race Forever - Monroeville Music Center,FAKE,1,Pop,audioldm,train,2131
seg_002132,sample_00710,The Race Forever - Monroeville Music Center,FAKE,1,Pop,audioldm,train,2132
seg_002133,sample_00711,Convicted Jazz Drones - Malaventura,FAKE,1,Pop,audioldm,train,2133
seg_002134,sample_00711,Convicted Jazz Drones - Malaventura,FAKE,1,Pop,audioldm,train,2134
seg_002135,sample_00711,Convicted Jazz Drones - Malaventura,FAKE,1,Pop,audioldm,train,2135
seg_002136,sample_00712,Music For an Underground Circu - Ergo Phizmiz,FAKE,1,Pop,audioldm,test,2136
seg_002137,sample_00712,Music For an Underground Circu - Ergo Phizmiz,FAKE,1,Pop,audioldm,test,2137
seg_002138,sample_00712,Music For an Underground Circu - Ergo Phizmiz,FAKE,1,Pop,audioldm,test,2138
seg_002139,sample_00713,Breeze Funk - Malaventura,FAKE,1,Pop,audioldm,train,2139
seg_002140,sample_00713,Breeze Funk - Malaventura,FAKE,1,Pop,audioldm,train,2140
seg_002141,sample_00713,Breeze Funk - Malaventura,FAKE,1,Pop,audioldm,train,2141
seg_002142,sample_00714,philcollins takes your hand - Katapulto,FAKE,1,Pop,audioldm,train,2142
seg_002143,sample_00714,philcollins takes your hand - Katapulto,FAKE,1,Pop,audioldm,train,2143
seg_002144,sample_00714,philcollins takes your hand - Katapulto,FAKE,1,Pop,audioldm,train,2144
seg_002145,sample_00715,Motocross Mania - Monroeville Music Center,FAKE,1,Pop,audioldm,test,2145
seg_002146,sample_00715,Motocross Mania - Monroeville Music Center,FAKE,1,Pop,audioldm,test,2146
seg_002147,sample_00715,Motocross Mania - Monroeville Music Center,FAKE,1,Pop,audioldm,test,2147
seg_002148,sample_00716,"Autopsy - Oh Yeah, the Future",FAKE,1,Pop,audioldm,train,2148
seg_002149,sample_00716,"Autopsy - Oh Yeah, the Future",FAKE,1,Pop,audioldm,train,2149
seg_002150,sample_00716,"Autopsy - Oh Yeah, the Future",FAKE,1,Pop,audioldm,train,2150
seg_002151,sample_00717,"Lackadaisical - Oh Yeah, the Future",FAKE,1,Pop,audioldm,train,2151
seg_002152,sample_00717,"Lackadaisical - Oh Yeah, the Future",FAKE,1,Pop,audioldm,train,2152
seg_002153,sample_00717,"Lackadaisical - Oh Yeah, the Future",FAKE,1,Pop,audioldm,train,2153
seg_002154,sample_00718,John the Baby - Ergo Phizmiz,FAKE,1,Pop,audioldm,train,2154
seg_002155,sample_00718,John the Baby - Ergo Phizmiz,FAKE,1,Pop,audioldm,train,2155
seg_002156,sample_00718,John the Baby - Ergo Phizmiz,FAKE,1,Pop,audioldm,train,2156
seg_002157,sample_00719,zero rhythm dollar boy - Katapulto,FAKE,1,Pop,audioldm,train,2157
seg_002158,sample_00719,zero rhythm dollar boy - Katapulto,FAKE,1,Pop,audioldm,train,2158
seg_002159,sample_00719,zero rhythm dollar boy - Katapulto,FAKE,1,Pop,audioldm,train,2159
seg_002160,sample_00720,Celia - Ergo Phizmiz,FAKE,1,Pop,audioldm,train,2160
seg_002161,sample_00720,Celia - Ergo Phizmiz,FAKE,1,Pop,audioldm,train,2161
seg_002162,sample_00720,Celia - Ergo Phizmiz,FAKE,1,Pop,audioldm,train,2162
seg_002163,sample_00721,Monkeystage - Ergo Phizmiz,FAKE,1,Pop,audioldm,train,2163
seg_002164,sample_00721,Monkeystage - Ergo Phizmiz,FAKE,1,Pop,audioldm,train,2164
seg_002165,sample_00721,Monkeystage - Ergo Phizmiz,FAKE,1,Pop,audioldm,train,2165
seg_002166,sample_00722,Shadow Government - Bird Names,FAKE,1,Pop,audioldm,train,2166
seg_002167,sample_00722,Shadow Government - Bird Names,FAKE,1,Pop,audioldm,train,2167
seg_002168,sample_00722,Shadow Government - Bird Names,FAKE,1,Pop,audioldm,train,2168
seg_002169,sample_00723,Troubles I've seen - Malaventura,FAKE,1,Pop,audioldm,test,2169
seg_002170,sample_00723,Troubles I've seen - Malaventura,FAKE,1,Pop,audioldm,test,2170
seg_002171,sample_00723,Troubles I've seen - Malaventura,FAKE,1,Pop,audioldm,test,2171
seg_002172,sample_00724,gospellioza - Katapulto,FAKE,1,Pop,audioldm,train,2172
seg_002173,sample_00724,gospellioza - Katapulto,FAKE,1,Pop,audioldm,train,2173
seg_002174,sample_00724,gospellioza - Katapulto,FAKE,1,Pop,audioldm,train,2174
seg_002175,sample_00725,Kissing Scars - Caleb Lemond,FAKE,1,Pop,audioldm,train,2175
seg_002176,sample_00725,Kissing Scars - Caleb Lemond,FAKE,1,Pop,audioldm,train,2176
seg_002177,sample_00725,Kissing Scars - Caleb Lemond,FAKE,1,Pop,audioldm,train,2177
seg_002178,sample_00726,Yoko live at FoEG - Emma Acs,FAKE,1,Pop,audioldm,train,2178
seg_002179,sample_00726,Yoko live at FoEG - Emma Acs,FAKE,1,Pop,audioldm,train,2179
seg_002180,sample_00726,Yoko live at FoEG - Emma Acs,FAKE,1,Pop,audioldm,train,2180
seg_002181,sample_00727,Mandrill - Ergo Phizmiz,FAKE,1,Pop,audioldm,train,2181
seg_002182,sample_00727,Mandrill - Ergo Phizmiz,FAKE,1,Pop,audioldm,train,2182
seg_002183,sample_00727,Mandrill - Ergo Phizmiz,FAKE,1,Pop,audioldm,train,2183
seg_002184,sample_00728,Evil Cannot Create - Caleb Lemond,FAKE,1,Pop,audioldm,val,2184
seg_002185,sample_00728,Evil Cannot Create - Caleb Lemond,FAKE,1,Pop,audioldm,val,2185
seg_002186,sample_00728,Evil Cannot Create - Caleb Lemond,FAKE,1,Pop,audioldm,val,2186
seg_002187,sample_00729,Spanish BEEEYYAAACHHH - Malaventura,FAKE,1,Pop,audioldm,train,2187
seg_002188,sample_00729,Spanish BEEEYYAAACHHH - Malaventura,FAKE,1,Pop,audioldm,train,2188
seg_002189,sample_00729,Spanish BEEEYYAAACHHH - Malaventura,FAKE,1,Pop,audioldm,train,2189
seg_002190,sample_00730,Different Day - First,FAKE,1,Pop,audioldm,test,2190
seg_002191,sample_00730,Different Day - First,FAKE,1,Pop,audioldm,test,2191
seg_002192,sample_00730,Different Day - First,FAKE,1,Pop,audioldm,test,2192
seg_002193,sample_00731,danse macabre - Katapulto,FAKE,1,Pop,audioldm,train,2193
seg_002194,sample_00731,danse macabre - Katapulto,FAKE,1,Pop,audioldm,train,2194
seg_002195,sample_00731,danse macabre - Katapulto,FAKE,1,Pop,audioldm,train,2195
seg_002196,sample_00732,Norweigian Wood II - Bird Names,FAKE,1,Pop,audioldm,val,2196
seg_002197,sample_00732,Norweigian Wood II - Bird Names,FAKE,1,Pop,audioldm,val,2197
seg_002198,sample_00732,Norweigian Wood II - Bird Names,FAKE,1,Pop,audioldm,val,2198
seg_002199,sample_00733,Food and War - Ergo Phizmiz,FAKE,1,Pop,audioldm,train,2199
seg_002200,sample_00733,Food and War - Ergo Phizmiz,FAKE,1,Pop,audioldm,train,2200
seg_002201,sample_00733,Food and War - Ergo Phizmiz,FAKE,1,Pop,audioldm,train,2201
seg_002202,sample_00734,kolorowe wody - Katapulto,FAKE,1,Pop,audioldm,train,2202
seg_002203,sample_00734,kolorowe wody - Katapulto,FAKE,1,Pop,audioldm,train,2203
seg_002204,sample_00734,kolorowe wody - Katapulto,FAKE,1,Pop,audioldm,train,2204
seg_002205,sample_00735,mc trabalenguas - Volumina,FAKE,1,Pop,audioldm,train,2205
seg_002206,sample_00735,mc trabalenguas - Volumina,FAKE,1,Pop,audioldm,train,2206
seg_002207,sample_00735,mc trabalenguas - Volumina,FAKE,1,Pop,audioldm,train,2207
seg_002208,sample_00736,"New Brave Face - Oh Yeah, the Future",FAKE,1,Pop,audioldm,train,2208
seg_002209,sample_00736,"New Brave Face - Oh Yeah, the Future",FAKE,1,Pop,audioldm,train,2209
seg_002210,sample_00736,"New Brave Face - Oh Yeah, the Future",FAKE,1,Pop,audioldm,train,2210
seg_002211,sample_00737,We Are Canucks - David Blair,FAKE,1,Pop,audioldm,train,2211
seg_002212,sample_00737,We Are Canucks - David Blair,FAKE,1,Pop,audioldm,train,2212
seg_002213,sample_00737,We Are Canucks - David Blair,FAKE,1,Pop,audioldm,train,2213
seg_002214,sample_00738,Roller Star - Monroeville Music Center,FAKE,1,Pop,audioldm,val,2214
seg_002215,sample_00738,Roller Star - Monroeville Music Center,FAKE,1,Pop,audioldm,val,2215
seg_002216,sample_00738,Roller Star - Monroeville Music Center,FAKE,1,Pop,audioldm,val,2216
seg_002217,sample_00739,I Think From Now On - Caleb Lemond,FAKE,1,Pop,audioldm,train,2217
seg_002218,sample_00739,I Think From Now On - Caleb Lemond,FAKE,1,Pop,audioldm,train,2218
seg_002219,sample_00739,I Think From Now On - Caleb Lemond,FAKE,1,Pop,audioldm,train,2219
seg_002220,sample_00740,The plot - Malaventura,FAKE,1,Pop,audioldm,train,2220
seg_002221,sample_00740,The plot - Malaventura,FAKE,1,Pop,audioldm,train,2221
seg_002222,sample_00740,The plot - Malaventura,FAKE,1,Pop,audioldm,train,2222
seg_002223,sample_00741,The Coldest Winter - Caleb Lemond,FAKE,1,Pop,audioldm,train,2223
seg_002224,sample_00741,The Coldest Winter - Caleb Lemond,FAKE,1,Pop,audioldm,train,2224
seg_002225,sample_00741,The Coldest Winter - Caleb Lemond,FAKE,1,Pop,audioldm,train,2225
seg_002226,sample_00742,Nature Is Over / Defined - Bird Names,FAKE,1,Pop,audioldm,train,2226
seg_002227,sample_00742,Nature Is Over / Defined - Bird Names,FAKE,1,Pop,audioldm,train,2227
seg_002228,sample_00742,Nature Is Over / Defined - Bird Names,FAKE,1,Pop,audioldm,train,2228
seg_002229,sample_00743,Time Is Love - Silence is full of birds,FAKE,1,Pop,audioldm,val,2229
seg_002230,sample_00743,Time Is Love - Silence is full of birds,FAKE,1,Pop,audioldm,val,2230
seg_002231,sample_00743,Time Is Love - Silence is full of birds,FAKE,1,Pop,audioldm,val,2231
seg_002232,sample_00744,Stockholm Syndrome / People Should Be More Aware - Bird Names,FAKE,1,Pop,audioldm,val,2232
seg_002233,sample_00744,Stockholm Syndrome / People Should Be More Aware - Bird Names,FAKE,1,Pop,audioldm,val,2233
seg_002234,sample_00744,Stockholm Syndrome / People Should Be More Aware - Bird Names,FAKE,1,Pop,audioldm,val,2234
seg_002235,sample_00745,purity & danger - Katapulto,FAKE,1,Pop,audioldm,train,2235
seg_002236,sample_00745,purity & danger - Katapulto,FAKE,1,Pop,audioldm,train,2236
seg_002237,sample_00745,purity & danger - Katapulto,FAKE,1,Pop,audioldm,train,2237
seg_002238,sample_00746,She Works / Tepid Waters - Bird Names,FAKE,1,Pop,audioldm,test,2238
seg_002239,sample_00746,She Works / Tepid Waters - Bird Names,FAKE,1,Pop,audioldm,test,2239
seg_002240,sample_00746,She Works / Tepid Waters - Bird Names,FAKE,1,Pop,audioldm,test,2240
seg_002241,sample_00747,The Dream and the Dreamer - Caleb Lemond,FAKE,1,Pop,audioldm,train,2241
seg_002242,sample_00747,The Dream and the Dreamer - Caleb Lemond,FAKE,1,Pop,audioldm,train,2242
seg_002243,sample_00747,The Dream and the Dreamer - Caleb Lemond,FAKE,1,Pop,audioldm,train,2243
seg_002244,sample_00748,"Roundtrip - Oh Yeah, the Future",FAKE,1,Pop,audioldm,val,2244
seg_002245,sample_00748,"Roundtrip - Oh Yeah, the Future",FAKE,1,Pop,audioldm,val,2245
seg_002246,sample_00748,"Roundtrip - Oh Yeah, the Future",FAKE,1,Pop,audioldm,val,2246
seg_002247,sample_00749,New Life (take 1) - Bird Names,FAKE,1,Pop,audioldm,val,2247
seg_002248,sample_00749,New Life (take 1) - Bird Names,FAKE,1,Pop,audioldm,val,2248
seg_002249,sample_00749,New Life (take 1) - Bird Names,FAKE,1,Pop,audioldm,val,2249
seg_002250,sample_00750,The Queen - Malaventura,FAKE,1,Pop,audioldm,train,2250
seg_002251,sample_00750,The Queen - Malaventura,FAKE,1,Pop,audioldm,train,2251
seg_002252,sample_00750,The Queen - Malaventura,FAKE,1,Pop,audioldm,train,2252
seg_002253,sample_00751,My Body Is A Weapon (Compromise Edit) - Silence is full of birds,FAKE,1,Pop,audioldm,val,2253
seg_002254,sample_00751,My Body Is A Weapon (Compromise Edit) - Silence is full of birds,FAKE,1,Pop,audioldm,val,2254
seg_002255,sample_00751,My Body Is A Weapon (Compromise Edit) - Silence is full of birds,FAKE,1,Pop,audioldm,val,2255
seg_002256,sample_00752,Production - Bird Names,FAKE,1,Pop,audioldm,test,2256
seg_002257,sample_00752,Production - Bird Names,FAKE,1,Pop,audioldm,test,2257
seg_002258,sample_00752,Production - Bird Names,FAKE,1,Pop,audioldm,test,2258
seg_002259,sample_00753,Nostalgia - Malaventura,FAKE,1,Pop,audioldm,train,2259
seg_002260,sample_00753,Nostalgia - Malaventura,FAKE,1,Pop,audioldm,train,2260
seg_002261,sample_00753,Nostalgia - Malaventura,FAKE,1,Pop,audioldm,train,2261
seg_002262,sample_00754,Polinesia - Malaventura,FAKE,1,Pop,audioldm,train,2262
seg_002263,sample_00754,Polinesia - Malaventura,FAKE,1,Pop,audioldm,train,2263
seg_002264,sample_00754,Polinesia - Malaventura,FAKE,1,Pop,audioldm,train,2264
seg_002265,sample_00755,Slow and Steady - Caleb Lemond,FAKE,1,Pop,audioldm,train,2265
seg_002266,sample_00755,Slow and Steady - Caleb Lemond,FAKE,1,Pop,audioldm,train,2266
seg_002267,sample_00755,Slow and Steady - Caleb Lemond,FAKE,1,Pop,audioldm,train,2267
seg_002268,sample_00756,The Sandman - Ergo Phizmiz,FAKE,1,Pop,audioldm,train,2268
seg_002269,sample_00756,The Sandman - Ergo Phizmiz,FAKE,1,Pop,audioldm,train,2269
seg_002270,sample_00756,The Sandman - Ergo Phizmiz,FAKE,1,Pop,audioldm,train,2270
seg_002271,sample_00757,Outro - Caleb Lemond,FAKE,1,Pop,audioldm,train,2271
seg_002272,sample_00757,Outro - Caleb Lemond,FAKE,1,Pop,audioldm,train,2272
seg_002273,sample_00757,Outro - Caleb Lemond,FAKE,1,Pop,audioldm,train,2273
seg_002274,sample_00758,"The Pursuit of Unintentional Humor - Oh Yeah, the Future",FAKE,1,Pop,audioldm,test,2274
seg_002275,sample_00758,"The Pursuit of Unintentional Humor - Oh Yeah, the Future",FAKE,1,Pop,audioldm,test,2275
seg_002276,sample_00758,"The Pursuit of Unintentional Humor - Oh Yeah, the Future",FAKE,1,Pop,audioldm,test,2276
seg_002277,sample_00759,"With the Summer - Oh Yeah, the Future",FAKE,1,Pop,audioldm,train,2277
seg_002278,sample_00759,"With the Summer - Oh Yeah, the Future",FAKE,1,Pop,audioldm,train,2278
seg_002279,sample_00759,"With the Summer - Oh Yeah, the Future",FAKE,1,Pop,audioldm,train,2279
seg_002280,sample_00760,Agora - Malaventura,FAKE,1,Pop,audioldm,val,2280
seg_002281,sample_00760,Agora - Malaventura,FAKE,1,Pop,audioldm,val,2281
seg_002282,sample_00760,Agora - Malaventura,FAKE,1,Pop,audioldm,val,2282
seg_002283,sample_00761,Let's the kids play - Malaventura,FAKE,1,Pop,audioldm,train,2283
seg_002284,sample_00761,Let's the kids play - Malaventura,FAKE,1,Pop,audioldm,train,2284
seg_002285,sample_00761,Let's the kids play - Malaventura,FAKE,1,Pop,audioldm,train,2285
seg_002286,sample_00762,karaoke megablast - Katapulto,FAKE,1,Pop,audioldm,train,2286
seg_002287,sample_00762,karaoke megablast - Katapulto,FAKE,1,Pop,audioldm,train,2287
seg_002288,sample_00762,karaoke megablast - Katapulto,FAKE,1,Pop,audioldm,train,2288
seg_002289,sample_00763,El Burrito - Malaventura,FAKE,1,Pop,audioldm,test,2289
seg_002290,sample_00763,El Burrito - Malaventura,FAKE,1,Pop,audioldm,test,2290
seg_002291,sample_00763,El Burrito - Malaventura,FAKE,1,Pop,audioldm,test,2291
seg_002292,sample_00764,Space is my pace - Malaventura,FAKE,1,Pop,audioldm,train,2292
seg_002293,sample_00764,Space is my pace - Malaventura,FAKE,1,Pop,audioldm,train,2293
seg_002294,sample_00764,Space is my pace - Malaventura,FAKE,1,Pop,audioldm,train,2294
seg_002295,sample_00765,"Snowday - Oh Yeah, the Future",FAKE,1,Pop,audioldm,train,2295
seg_002296,sample_00765,"Snowday - Oh Yeah, the Future",FAKE,1,Pop,audioldm,train,2296
seg_002297,sample_00765,"Snowday - Oh Yeah, the Future",FAKE,1,Pop,audioldm,train,2297
seg_002298,sample_00766,Where Is Everything - The Moi Non Plus,FAKE,1,Rock,audioldm,test,2298
seg_002299,sample_00766,Where Is Everything - The Moi Non Plus,FAKE,1,Rock,audioldm,test,2299
seg_002300,sample_00766,Where Is Everything - The Moi Non Plus,FAKE,1,Rock,audioldm,test,2300
seg_002301,sample_00767,Terve Teille - Чокнутый Пропеллер,FAKE,1,Rock,audioldm,test,2301
seg_002302,sample_00767,Terve Teille - Чокнутый Пропеллер,FAKE,1,Rock,audioldm,test,2302
seg_002303,sample_00767,Terve Teille - Чокнутый Пропеллер,FAKE,1,Rock,audioldm,test,2303
seg_002304,sample_00768,Empty Pockets - Pete Prodoehl,FAKE,1,Rock,audioldm,val,2304
seg_002305,sample_00768,Empty Pockets - Pete Prodoehl,FAKE,1,Rock,audioldm,val,2305
seg_002306,sample_00768,Empty Pockets - Pete Prodoehl,FAKE,1,Rock,audioldm,val,2306
seg_002307,sample_00769,We Move in Waves - Modey Lemon,FAKE,1,Rock,audioldm,train,2307
seg_002308,sample_00769,We Move in Waves - Modey Lemon,FAKE,1,Rock,audioldm,train,2308
seg_002309,sample_00769,We Move in Waves - Modey Lemon,FAKE,1,Rock,audioldm,train,2309
seg_002310,sample_00770,Windows of the Skull - Sarin,FAKE,1,Rock,audioldm,val,2310
seg_002311,sample_00770,Windows of the Skull - Sarin,FAKE,1,Rock,audioldm,val,2311
seg_002312,sample_00770,Windows of the Skull - Sarin,FAKE,1,Rock,audioldm,val,2312
seg_002313,sample_00771,Transmit - Lamprey,FAKE,1,Rock,audioldm,train,2313
seg_002314,sample_00771,Transmit - Lamprey,FAKE,1,Rock,audioldm,train,2314
seg_002315,sample_00771,Transmit - Lamprey,FAKE,1,Rock,audioldm,train,2315
seg_002316,sample_00772,Lost Paradise - Autumn Interlude,FAKE,1,Rock,audioldm,train,2316
seg_002317,sample_00772,Lost Paradise - Autumn Interlude,FAKE,1,Rock,audioldm,train,2317
seg_002318,sample_00772,Lost Paradise - Autumn Interlude,FAKE,1,Rock,audioldm,train,2318
seg_002319,sample_00773,Gila Monster Flop/Music History Lesson:The Sonics - The Crypts!,FAKE,1,Rock,audioldm,val,2319
seg_002320,sample_00773,Gila Monster Flop/Music History Lesson:The Sonics - The Crypts!,FAKE,1,Rock,audioldm,val,2320
seg_002321,sample_00773,Gila Monster Flop/Music History Lesson:The Sonics - The Crypts!,FAKE,1,Rock,audioldm,val,2321
seg_002322,sample_00774,Johnny I Lie - The Moi Non Plus,FAKE,1,Rock,audioldm,train,2322
seg_002323,sample_00774,Johnny I Lie - The Moi Non Plus,FAKE,1,Rock,audioldm,train,2323
seg_002324,sample_00774,Johnny I Lie - The Moi Non Plus,FAKE,1,Rock,audioldm,train,2324
seg_002325,sample_00775,Ynkelig - Die Morgendammerung Des Valhalla,FAKE,1,Rock,audioldm,train,2325
seg_002326,sample_00775,Ynkelig - Die Morgendammerung Des Valhalla,FAKE,1,Rock,audioldm,train,2326
seg_002327,sample_00775,Ynkelig - Die Morgendammerung Des Valhalla,FAKE,1,Rock,audioldm,train,2327
seg_002328,sample_00776,Soul of the Demon - Zombie Raiders,FAKE,1,Rock,audioldm,train,2328
seg_002329,sample_00776,Soul of the Demon - Zombie Raiders,FAKE,1,Rock,audioldm,train,2329
seg_002330,sample_00776,Soul of the Demon - Zombie Raiders,FAKE,1,Rock,audioldm,train,2330
seg_002331,sample_00777,Robocall - Legally Blind,FAKE,1,Rock,audioldm,train,2331
seg_002332,sample_00777,Robocall - Legally Blind,FAKE,1,Rock,audioldm,train,2332
seg_002333,sample_00777,Robocall - Legally Blind,FAKE,1,Rock,audioldm,train,2333
seg_002334,sample_00778,Wir Werden Gott - Japanische Kampfhorspiele,FAKE,1,Rock,audioldm,train,2334
seg_002335,sample_00778,Wir Werden Gott - Japanische Kampfhorspiele,FAKE,1,Rock,audioldm,train,2335
seg_002336,sample_00778,Wir Werden Gott - Japanische Kampfhorspiele,FAKE,1,Rock,audioldm,train,2336
seg_002337,sample_00779,KOMFORT - voyageurs,FAKE,1,Rock,audioldm,train,2337
seg_002338,sample_00779,KOMFORT - voyageurs,FAKE,1,Rock,audioldm,train,2338
seg_002339,sample_00779,KOMFORT - voyageurs,FAKE,1,Rock,audioldm,train,2339
seg_002340,sample_00780,Stuttgart - Portrayal,FAKE,1,Rock,audioldm,test,2340
seg_002341,sample_00780,Stuttgart - Portrayal,FAKE,1,Rock,audioldm,test,2341
seg_002342,sample_00780,Stuttgart - Portrayal,FAKE,1,Rock,audioldm,test,2342
seg_002343,sample_00781,Voxel - Andy G. Cohen,FAKE,1,Rock,audioldm,val,2343
seg_002344,sample_00781,Voxel - Andy G. Cohen,FAKE,1,Rock,audioldm,val,2344
seg_002345,sample_00781,Voxel - Andy G. Cohen,FAKE,1,Rock,audioldm,val,2345
seg_002346,sample_00782,I - Nocturnal Mayhem,FAKE,1,Rock,audioldm,train,2346
seg_002347,sample_00782,I - Nocturnal Mayhem,FAKE,1,Rock,audioldm,train,2347
seg_002348,sample_00782,I - Nocturnal Mayhem,FAKE,1,Rock,audioldm,train,2348
seg_002349,sample_00783,Track 04 - Lightning Bolt,FAKE,1,Rock,audioldm,train,2349
seg_002350,sample_00783,Track 04 - Lightning Bolt,FAKE,1,Rock,audioldm,train,2350
seg_002351,sample_00783,Track 04 - Lightning Bolt,FAKE,1,Rock,audioldm,train,2351
seg_002352,sample_00784,Forest Silence - Serpentarivm,FAKE,1,Rock,audioldm,train,2352
seg_002353,sample_00784,Forest Silence - Serpentarivm,FAKE,1,Rock,audioldm,train,2353
seg_002354,sample_00784,Forest Silence - Serpentarivm,FAKE,1,Rock,audioldm,train,2354
seg_002355,sample_00785,Mountain Mist - Modey Lemon,FAKE,1,Rock,audioldm,train,2355
seg_002356,sample_00785,Mountain Mist - Modey Lemon,FAKE,1,Rock,audioldm,train,2356
seg_002357,sample_00785,Mountain Mist - Modey Lemon,FAKE,1,Rock,audioldm,train,2357
seg_002358,sample_00786,Digital Lightning - Cloudkicker,FAKE,1,Rock,audioldm,train,2358
seg_002359,sample_00786,Digital Lightning - Cloudkicker,FAKE,1,Rock,audioldm,train,2359
seg_002360,sample_00786,Digital Lightning - Cloudkicker,FAKE,1,Rock,audioldm,train,2360
seg_002361,sample_00787,Love Dream - The Zombie Dandies,FAKE,1,Rock,audioldm,test,2361
seg_002362,sample_00787,Love Dream - The Zombie Dandies,FAKE,1,Rock,audioldm,test,2362
seg_002363,sample_00787,Love Dream - The Zombie Dandies,FAKE,1,Rock,audioldm,test,2363
seg_002364,sample_00788,Scramby Eggs - Andy G. Cohen,FAKE,1,Rock,audioldm,val,2364
seg_002365,sample_00788,Scramby Eggs - Andy G. Cohen,FAKE,1,Rock,audioldm,val,2365
seg_002366,sample_00788,Scramby Eggs - Andy G. Cohen,FAKE,1,Rock,audioldm,val,2366
seg_002367,sample_00789,Stranger - Frigg A Go Go (F.A.G.G.),FAKE,1,Rock,audioldm,train,2367
seg_002368,sample_00789,Stranger - Frigg A Go Go (F.A.G.G.),FAKE,1,Rock,audioldm,train,2368
seg_002369,sample_00789,Stranger - Frigg A Go Go (F.A.G.G.),FAKE,1,Rock,audioldm,train,2369
seg_002370,sample_00790,Snakefirewalking - Los Llamarada,FAKE,1,Rock,audioldm,train,2370
seg_002371,sample_00790,Snakefirewalking - Los Llamarada,FAKE,1,Rock,audioldm,train,2371
seg_002372,sample_00790,Snakefirewalking - Los Llamarada,FAKE,1,Rock,audioldm,train,2372
seg_002373,sample_00791,Mettle - Pipe Choir,FAKE,1,Rock,audioldm,train,2373
seg_002374,sample_00791,Mettle - Pipe Choir,FAKE,1,Rock,audioldm,train,2374
seg_002375,sample_00791,Mettle - Pipe Choir,FAKE,1,Rock,audioldm,train,2375
seg_002376,sample_00792,One Eyed Ghost/This is gonna be a rough show - The Crypts!,FAKE,1,Rock,audioldm,train,2376
seg_002377,sample_00792,One Eyed Ghost/This is gonna be a rough show - The Crypts!,FAKE,1,Rock,audioldm,train,2377
seg_002378,sample_00792,One Eyed Ghost/This is gonna be a rough show - The Crypts!,FAKE,1,Rock,audioldm,train,2378
seg_002379,sample_00793,1984 - Punk Rock Opera,FAKE,1,Rock,audioldm,train,2379
seg_002380,sample_00793,1984 - Punk Rock Opera,FAKE,1,Rock,audioldm,train,2380
seg_002381,sample_00793,1984 - Punk Rock Opera,FAKE,1,Rock,audioldm,train,2381
seg_002382,sample_00794,"Head of Ancante, Talking Tree - Ak'chamel, The Giver of Illness",FAKE,1,Rock,audioldm,test,2382
seg_002383,sample_00794,"Head of Ancante, Talking Tree - Ak'chamel, The Giver of Illness",FAKE,1,Rock,audioldm,test,2383
seg_002384,sample_00794,"Head of Ancante, Talking Tree - Ak'chamel, The Giver of Illness",FAKE,1,Rock,audioldm,test,2384
seg_002385,sample_00795,I Dream So Vividly - Uninhabitable Mansions,FAKE,1,Rock,audioldm,train,2385
seg_002386,sample_00795,I Dream So Vividly - Uninhabitable Mansions,FAKE,1,Rock,audioldm,train,2386
seg_002387,sample_00795,I Dream So Vividly - Uninhabitable Mansions,FAKE,1,Rock,audioldm,train,2387
seg_002388,sample_00796,Crossing - Los Llamarada,FAKE,1,Rock,audioldm,train,2388
seg_002389,sample_00796,Crossing - Los Llamarada,FAKE,1,Rock,audioldm,train,2389
seg_002390,sample_00796,Crossing - Los Llamarada,FAKE,1,Rock,audioldm,train,2390
seg_002391,sample_00797,Who Loves You Dear - Mink Lungs,FAKE,1,Rock,audioldm,test,2391
seg_002392,sample_00797,Who Loves You Dear - Mink Lungs,FAKE,1,Rock,audioldm,test,2392
seg_002393,sample_00797,Who Loves You Dear - Mink Lungs,FAKE,1,Rock,audioldm,test,2393
seg_002394,sample_00798,LIQUID SKULLS - voyageurs,FAKE,1,Rock,audioldm,test,2394
seg_002395,sample_00798,LIQUID SKULLS - voyageurs,FAKE,1,Rock,audioldm,test,2395
seg_002396,sample_00798,LIQUID SKULLS - voyageurs,FAKE,1,Rock,audioldm,test,2396
seg_002397,sample_00799,Millitary Industrial Complex - Punk Rock Opera,FAKE,1,Rock,audioldm,train,2397
seg_002398,sample_00799,Millitary Industrial Complex - Punk Rock Opera,FAKE,1,Rock,audioldm,train,2398
seg_002399,sample_00799,Millitary Industrial Complex - Punk Rock Opera,FAKE,1,Rock,audioldm,train,2399
seg_002400,sample_00800,Sea Monster - The Crypts!,FAKE,1,Rock,audioldm,train,2400
seg_002401,sample_00800,Sea Monster - The Crypts!,FAKE,1,Rock,audioldm,train,2401
seg_002402,sample_00800,Sea Monster - The Crypts!,FAKE,1,Rock,audioldm,train,2402
seg_002403,sample_00801,Infinite Light - Pipe Choir,FAKE,1,Rock,audioldm,train,2403
seg_002404,sample_00801,Infinite Light - Pipe Choir,FAKE,1,Rock,audioldm,train,2404
seg_002405,sample_00801,Infinite Light - Pipe Choir,FAKE,1,Rock,audioldm,train,2405
seg_002406,sample_00802,I Fell - Mod Fun,FAKE,1,Rock,audioldm,val,2406
seg_002407,sample_00802,I Fell - Mod Fun,FAKE,1,Rock,audioldm,val,2407
seg_002408,sample_00802,I Fell - Mod Fun,FAKE,1,Rock,audioldm,val,2408
seg_002409,sample_00803,Новый Нью-Йорк 2 - Чокнутый Пропеллер,FAKE,1,Rock,audioldm,val,2409
seg_002410,sample_00803,Новый Нью-Йорк 2 - Чокнутый Пропеллер,FAKE,1,Rock,audioldm,val,2410
seg_002411,sample_00803,Новый Нью-Йорк 2 - Чокнутый Пропеллер,FAKE,1,Rock,audioldm,val,2411
seg_002412,sample_00804,I - Inflammator,FAKE,1,Rock,audioldm,test,2412
seg_002413,sample_00804,I - Inflammator,FAKE,1,Rock,audioldm,test,2413
seg_002414,sample_00804,I - Inflammator,FAKE,1,Rock,audioldm,test,2414
seg_002415,sample_00805,Sfogare Il Dissenso - Deiezione HC,FAKE,1,Rock,audioldm,test,2415
seg_002416,sample_00805,Sfogare Il Dissenso - Deiezione HC,FAKE,1,Rock,audioldm,test,2416
seg_002417,sample_00805,Sfogare Il Dissenso - Deiezione HC,FAKE,1,Rock,audioldm,test,2417
seg_002418,sample_00806,Nose - DUSTdevils,FAKE,1,Rock,audioldm,train,2418
seg_002419,sample_00806,Nose - DUSTdevils,FAKE,1,Rock,audioldm,train,2419
seg_002420,sample_00806,Nose - DUSTdevils,FAKE,1,Rock,audioldm,train,2420
seg_002421,sample_00807,March of the GPA Mechanics - [t]ghost,FAKE,1,Rock,audioldm,val,2421
seg_002422,sample_00807,March of the GPA Mechanics - [t]ghost,FAKE,1,Rock,audioldm,val,2422
seg_002423,sample_00807,March of the GPA Mechanics - [t]ghost,FAKE,1,Rock,audioldm,val,2423
seg_002424,sample_00808,Roland Garros 2048 - Zoliborz,FAKE,1,Rock,audioldm,train,2424
seg_002425,sample_00808,Roland Garros 2048 - Zoliborz,FAKE,1,Rock,audioldm,train,2425
seg_002426,sample_00808,Roland Garros 2048 - Zoliborz,FAKE,1,Rock,audioldm,train,2426
seg_002427,sample_00809,Attention - Pete Prodoehl,FAKE,1,Rock,audioldm,test,2427
seg_002428,sample_00809,Attention - Pete Prodoehl,FAKE,1,Rock,audioldm,test,2428
seg_002429,sample_00809,Attention - Pete Prodoehl,FAKE,1,Rock,audioldm,test,2429
seg_002430,sample_00810,Roach-Man - Punk Rock Opera,FAKE,1,Rock,audioldm,train,2430
seg_002431,sample_00810,Roach-Man - Punk Rock Opera,FAKE,1,Rock,audioldm,train,2431
seg_002432,sample_00810,Roach-Man - Punk Rock Opera,FAKE,1,Rock,audioldm,train,2432
seg_002433,sample_00811,Colossal Stillness - Scott Holmes,FAKE,1,Rock,audioldm,train,2433
seg_002434,sample_00811,Colossal Stillness - Scott Holmes,FAKE,1,Rock,audioldm,train,2434
seg_002435,sample_00811,Colossal Stillness - Scott Holmes,FAKE,1,Rock,audioldm,train,2435
seg_002436,sample_00812,2 (Wasn't There) - Isle of Pine,FAKE,1,Rock,audioldm,val,2436
seg_002437,sample_00812,2 (Wasn't There) - Isle of Pine,FAKE,1,Rock,audioldm,val,2437
seg_002438,sample_00812,2 (Wasn't There) - Isle of Pine,FAKE,1,Rock,audioldm,val,2438
seg_002439,sample_00813,The girl just faded - Los Llamarada,FAKE,1,Rock,audioldm,val,2439
seg_002440,sample_00813,The girl just faded - Los Llamarada,FAKE,1,Rock,audioldm,val,2440
seg_002441,sample_00813,The girl just faded - Los Llamarada,FAKE,1,Rock,audioldm,val,2441
seg_002442,sample_00814,The Contract - The IMG,FAKE,1,Rock,audioldm,train,2442
seg_002443,sample_00814,The Contract - The IMG,FAKE,1,Rock,audioldm,train,2443
seg_002444,sample_00814,The Contract - The IMG,FAKE,1,Rock,audioldm,train,2444
seg_002445,sample_00815,Formic Acid for Blood - Punk Rock Opera,FAKE,1,Rock,audioldm,train,2445
seg_002446,sample_00815,Formic Acid for Blood - Punk Rock Opera,FAKE,1,Rock,audioldm,train,2446
seg_002447,sample_00815,Formic Acid for Blood - Punk Rock Opera,FAKE,1,Rock,audioldm,train,2447
seg_002448,sample_00816,Hahaha - The Moi Non Plus,FAKE,1,Rock,audioldm,train,2448
seg_002449,sample_00816,Hahaha - The Moi Non Plus,FAKE,1,Rock,audioldm,train,2449
seg_002450,sample_00816,Hahaha - The Moi Non Plus,FAKE,1,Rock,audioldm,train,2450
seg_002451,sample_00817,Lady Love - Parsley Flakes,FAKE,1,Rock,audioldm,train,2451
seg_002452,sample_00817,Lady Love - Parsley Flakes,FAKE,1,Rock,audioldm,train,2452
seg_002453,sample_00817,Lady Love - Parsley Flakes,FAKE,1,Rock,audioldm,train,2453
seg_002454,sample_00818,The Monster Mash/Ya Look Fantastic - The Crypts!,FAKE,1,Rock,audioldm,train,2454
seg_002455,sample_00818,The Monster Mash/Ya Look Fantastic - The Crypts!,FAKE,1,Rock,audioldm,train,2455
seg_002456,sample_00818,The Monster Mash/Ya Look Fantastic - The Crypts!,FAKE,1,Rock,audioldm,train,2456
seg_002457,sample_00819,В Наших Сердцах - Чокнутый Пропеллер,FAKE,1,Rock,audioldm,val,2457
seg_002458,sample_00819,В Наших Сердцах - Чокнутый Пропеллер,FAKE,1,Rock,audioldm,val,2458
seg_002459,sample_00819,В Наших Сердцах - Чокнутый Пропеллер,FAKE,1,Rock,audioldm,val,2459
seg_002460,sample_00820,Lights Up - Pipe Choir,FAKE,1,Rock,audioldm,val,2460
seg_002461,sample_00820,Lights Up - Pipe Choir,FAKE,1,Rock,audioldm,val,2461
seg_002462,sample_00820,Lights Up - Pipe Choir,FAKE,1,Rock,audioldm,val,2462
seg_002463,sample_00821,Electric Girlfriend - The Zombie Dandies,FAKE,1,Rock,audioldm,train,2463
seg_002464,sample_00821,Electric Girlfriend - The Zombie Dandies,FAKE,1,Rock,audioldm,train,2464
seg_002465,sample_00821,Electric Girlfriend - The Zombie Dandies,FAKE,1,Rock,audioldm,train,2465
seg_002466,sample_00822,Beyond Luxury - Mors Ontologica,FAKE,1,Rock,audioldm,val,2466
seg_002467,sample_00822,Beyond Luxury - Mors Ontologica,FAKE,1,Rock,audioldm,val,2467
seg_002468,sample_00822,Beyond Luxury - Mors Ontologica,FAKE,1,Rock,audioldm,val,2468
seg_002469,sample_00823,L'arbre - Salmo,FAKE,1,Rock,audioldm,test,2469
seg_002470,sample_00823,L'arbre - Salmo,FAKE,1,Rock,audioldm,test,2470
seg_002471,sample_00823,L'arbre - Salmo,FAKE,1,Rock,audioldm,test,2471
seg_002472,sample_00824,Natron Queen - AmortE,FAKE,1,Rock,audioldm,train,2472
seg_002473,sample_00824,Natron Queen - AmortE,FAKE,1,Rock,audioldm,train,2473
seg_002474,sample_00824,Natron Queen - AmortE,FAKE,1,Rock,audioldm,train,2474
seg_002475,sample_00825,Gloomy Sunday - AmortE,FAKE,1,Rock,audioldm,train,2475
seg_002476,sample_00825,Gloomy Sunday - AmortE,FAKE,1,Rock,audioldm,train,2476
seg_002477,sample_00825,Gloomy Sunday - AmortE,FAKE,1,Rock,audioldm,train,2477
seg_002478,sample_00826,I'm gonna try to reach - Los Llamarada,FAKE,1,Rock,audioldm,train,2478
seg_002479,sample_00826,I'm gonna try to reach - Los Llamarada,FAKE,1,Rock,audioldm,train,2479
seg_002480,sample_00826,I'm gonna try to reach - Los Llamarada,FAKE,1,Rock,audioldm,train,2480
seg_002481,sample_00827,Eyes Getting Louder - Mod Fun,FAKE,1,Rock,audioldm,train,2481
seg_002482,sample_00827,Eyes Getting Louder - Mod Fun,FAKE,1,Rock,audioldm,train,2482
seg_002483,sample_00827,Eyes Getting Louder - Mod Fun,FAKE,1,Rock,audioldm,train,2483
seg_002484,sample_00828,Apparitions Under Glass - Sarin,FAKE,1,Rock,audioldm,train,2484
seg_002485,sample_00828,Apparitions Under Glass - Sarin,FAKE,1,Rock,audioldm,train,2485
seg_002486,sample_00828,Apparitions Under Glass - Sarin,FAKE,1,Rock,audioldm,train,2486
seg_002487,sample_00829,KISS my Boots - The Zombie Dandies,FAKE,1,Rock,audioldm,train,2487
seg_002488,sample_00829,KISS my Boots - The Zombie Dandies,FAKE,1,Rock,audioldm,train,2488
seg_002489,sample_00829,KISS my Boots - The Zombie Dandies,FAKE,1,Rock,audioldm,train,2489
seg_002490,sample_00830,We Misplaced A Cobra In the Uninhabitable Mansions - Uninhabitable Mansions,FAKE,1,Rock,audioldm,train,2490
seg_002491,sample_00830,We Misplaced A Cobra In the Uninhabitable Mansions - Uninhabitable Mansions,FAKE,1,Rock,audioldm,train,2491
seg_002492,sample_00830,We Misplaced A Cobra In the Uninhabitable Mansions - Uninhabitable Mansions,FAKE,1,Rock,audioldm,train,2492
seg_002493,sample_00831,Fridge - Railkid Station,FAKE,1,Rock,audioldm,train,2493
seg_002494,sample_00831,Fridge - Railkid Station,FAKE,1,Rock,audioldm,train,2494
seg_002495,sample_00831,Fridge - Railkid Station,FAKE,1,Rock,audioldm,train,2495
seg_002496,sample_00832,I Can See Everything - Mod Fun,FAKE,1,Rock,audioldm,train,2496
seg_002497,sample_00832,I Can See Everything - Mod Fun,FAKE,1,Rock,audioldm,train,2497
seg_002498,sample_00832,I Can See Everything - Mod Fun,FAKE,1,Rock,audioldm,train,2498
seg_002499,sample_00833,Windows of the Skull (Alternate Version) - Sarin,FAKE,1,Rock,audioldm,train,2499
seg_002500,sample_00833,Windows of the Skull (Alternate Version) - Sarin,FAKE,1,Rock,audioldm,train,2500
seg_002501,sample_00833,Windows of the Skull (Alternate Version) - Sarin,FAKE,1,Rock,audioldm,train,2501
seg_002502,sample_00834,Niche Dreams - Square People,FAKE,1,Rock,audioldm,train,2502
seg_002503,sample_00834,Niche Dreams - Square People,FAKE,1,Rock,audioldm,train,2503
seg_002504,sample_00834,Niche Dreams - Square People,FAKE,1,Rock,audioldm,train,2504
seg_002505,sample_00835,Bergwald Bergwald - Every Now and Every Then,FAKE,1,Rock,audioldm,train,2505
seg_002506,sample_00835,Bergwald Bergwald - Every Now and Every Then,FAKE,1,Rock,audioldm,train,2506
seg_002507,sample_00835,Bergwald Bergwald - Every Now and Every Then,FAKE,1,Rock,audioldm,train,2507
seg_002508,sample_00836,Moontime - The IMG,FAKE,1,Rock,audioldm,train,2508
seg_002509,sample_00836,Moontime - The IMG,FAKE,1,Rock,audioldm,train,2509
seg_002510,sample_00836,Moontime - The IMG,FAKE,1,Rock,audioldm,train,2510
seg_002511,sample_00837,Breathe New Life - Scott Holmes,FAKE,1,Rock,audioldm,train,2511
seg_002512,sample_00837,Breathe New Life - Scott Holmes,FAKE,1,Rock,audioldm,train,2512
seg_002513,sample_00837,Breathe New Life - Scott Holmes,FAKE,1,Rock,audioldm,train,2513
seg_002514,sample_00838,Cassie Lace - The Zombie Dandies,FAKE,1,Rock,audioldm,train,2514
seg_002515,sample_00838,Cassie Lace - The Zombie Dandies,FAKE,1,Rock,audioldm,train,2515
seg_002516,sample_00838,Cassie Lace - The Zombie Dandies,FAKE,1,Rock,audioldm,train,2516
seg_002517,sample_00839,"50,000 Volts of Democracy mp3 - Legally Blind",FAKE,1,Rock,audioldm,train,2517
seg_002518,sample_00839,"50,000 Volts of Democracy mp3 - Legally Blind",FAKE,1,Rock,audioldm,train,2518
seg_002519,sample_00839,"50,000 Volts of Democracy mp3 - Legally Blind",FAKE,1,Rock,audioldm,train,2519
seg_002520,sample_00840,Don't want to be your man - Frigg A Go Go (F.A.G.G.),FAKE,1,Rock,audioldm,train,2520
seg_002521,sample_00840,Don't want to be your man - Frigg A Go Go (F.A.G.G.),FAKE,1,Rock,audioldm,train,2521
seg_002522,sample_00840,Don't want to be your man - Frigg A Go Go (F.A.G.G.),FAKE,1,Rock,audioldm,train,2522
seg_002523,sample_00841,Hisko Detria - Hisko Detria,FAKE,1,Rock,audioldm,train,2523
seg_002524,sample_00841,Hisko Detria - Hisko Detria,FAKE,1,Rock,audioldm,train,2524
seg_002525,sample_00841,Hisko Detria - Hisko Detria,FAKE,1,Rock,audioldm,train,2525
seg_002526,sample_00842,Sheffield Hall - Andy G. Cohen,FAKE,1,Rock,audioldm,train,2526
seg_002527,sample_00842,Sheffield Hall - Andy G. Cohen,FAKE,1,Rock,audioldm,train,2527
seg_002528,sample_00842,Sheffield Hall - Andy G. Cohen,FAKE,1,Rock,audioldm,train,2528
seg_002529,sample_00843,Fear - Los Fancy Free,FAKE,1,Rock,audioldm,val,2529
seg_002530,sample_00843,Fear - Los Fancy Free,FAKE,1,Rock,audioldm,val,2530
seg_002531,sample_00843,Fear - Los Fancy Free,FAKE,1,Rock,audioldm,val,2531
seg_002532,sample_00844,Dr. Bodysnatcher - Modey Lemon,FAKE,1,Rock,audioldm,train,2532
seg_002533,sample_00844,Dr. Bodysnatcher - Modey Lemon,FAKE,1,Rock,audioldm,train,2533
seg_002534,sample_00844,Dr. Bodysnatcher - Modey Lemon,FAKE,1,Rock,audioldm,train,2534
seg_002535,sample_00845,A Lady In Red With A Plan To Steal - Did You Just Hex Me?,FAKE,1,Rock,audioldm,train,2535
seg_002536,sample_00845,A Lady In Red With A Plan To Steal - Did You Just Hex Me?,FAKE,1,Rock,audioldm,train,2536
seg_002537,sample_00845,A Lady In Red With A Plan To Steal - Did You Just Hex Me?,FAKE,1,Rock,audioldm,train,2537
seg_002538,sample_00846,Demolition - Michett,FAKE,1,Rock,audioldm,train,2538
seg_002539,sample_00846,Demolition - Michett,FAKE,1,Rock,audioldm,train,2539
seg_002540,sample_00846,Demolition - Michett,FAKE,1,Rock,audioldm,train,2540
seg_002541,sample_00847,Insectlaration of Independence - Punk Rock Opera,FAKE,1,Rock,audioldm,train,2541
seg_002542,sample_00847,Insectlaration of Independence - Punk Rock Opera,FAKE,1,Rock,audioldm,train,2542
seg_002543,sample_00847,Insectlaration of Independence - Punk Rock Opera,FAKE,1,Rock,audioldm,train,2543
seg_002544,sample_00848,Mosque - Sarin,FAKE,1,Rock,audioldm,train,2544
seg_002545,sample_00848,Mosque - Sarin,FAKE,1,Rock,audioldm,train,2545
seg_002546,sample_00848,Mosque - Sarin,FAKE,1,Rock,audioldm,train,2546
seg_002547,sample_00849,I Close My Eyes - Miss Derringer,FAKE,1,Rock,audioldm,train,2547
seg_002548,sample_00849,I Close My Eyes - Miss Derringer,FAKE,1,Rock,audioldm,train,2548
seg_002549,sample_00849,I Close My Eyes - Miss Derringer,FAKE,1,Rock,audioldm,train,2549
seg_002550,sample_00850,The Dawn - The One They Fear,FAKE,1,Rock,audioldm,train,2550
seg_002551,sample_00850,The Dawn - The One They Fear,FAKE,1,Rock,audioldm,train,2551
seg_002552,sample_00850,The Dawn - The One They Fear,FAKE,1,Rock,audioldm,train,2552
seg_002553,sample_00851,WET DREAMS - voyageurs,FAKE,1,Rock,audioldm,train,2553
seg_002554,sample_00851,WET DREAMS - voyageurs,FAKE,1,Rock,audioldm,train,2554
seg_002555,sample_00851,WET DREAMS - voyageurs,FAKE,1,Rock,audioldm,train,2555
seg_002556,sample_00852,Happy - Lamprey,FAKE,1,Rock,audioldm,train,2556
seg_002557,sample_00852,Happy - Lamprey,FAKE,1,Rock,audioldm,train,2557
seg_002558,sample_00852,Happy - Lamprey,FAKE,1,Rock,audioldm,train,2558
seg_002559,sample_00853,Five 40 Derby/Slow Whistle - The Crypts!,FAKE,1,Rock,audioldm,train,2559
seg_002560,sample_00853,Five 40 Derby/Slow Whistle - The Crypts!,FAKE,1,Rock,audioldm,train,2560
seg_002561,sample_00853,Five 40 Derby/Slow Whistle - The Crypts!,FAKE,1,Rock,audioldm,train,2561
seg_002562,sample_00854,Leaving Here - Mod Fun,FAKE,1,Rock,audioldm,test,2562
seg_002563,sample_00854,Leaving Here - Mod Fun,FAKE,1,Rock,audioldm,test,2563
seg_002564,sample_00854,Leaving Here - Mod Fun,FAKE,1,Rock,audioldm,test,2564
seg_002565,sample_00855,Wake Up - The Moi Non Plus,FAKE,1,Rock,audioldm,train,2565
seg_002566,sample_00855,Wake Up - The Moi Non Plus,FAKE,1,Rock,audioldm,train,2566
seg_002567,sample_00855,Wake Up - The Moi Non Plus,FAKE,1,Rock,audioldm,train,2567
seg_002568,sample_00856,Half a Doubt - Droopies,FAKE,1,Rock,audioldm,train,2568
seg_002569,sample_00856,Half a Doubt - Droopies,FAKE,1,Rock,audioldm,train,2569
seg_002570,sample_00856,Half a Doubt - Droopies,FAKE,1,Rock,audioldm,train,2570
seg_002571,sample_00857,Black Panda - The Crypts!,FAKE,1,Rock,audioldm,train,2571
seg_002572,sample_00857,Black Panda - The Crypts!,FAKE,1,Rock,audioldm,train,2572
seg_002573,sample_00857,Black Panda - The Crypts!,FAKE,1,Rock,audioldm,train,2573
seg_002574,sample_00858,Take It All - Mod Fun,FAKE,1,Rock,audioldm,train,2574
seg_002575,sample_00858,Take It All - Mod Fun,FAKE,1,Rock,audioldm,train,2575
seg_002576,sample_00858,Take It All - Mod Fun,FAKE,1,Rock,audioldm,train,2576
seg_002577,sample_00859,A Dark Blue Arc - Pipe Choir,FAKE,1,Rock,audioldm,train,2577
seg_002578,sample_00859,A Dark Blue Arc - Pipe Choir,FAKE,1,Rock,audioldm,train,2578
seg_002579,sample_00859,A Dark Blue Arc - Pipe Choir,FAKE,1,Rock,audioldm,train,2579
seg_002580,sample_00860,Puertas de Fuego - Guerra de Cerdos,FAKE,1,Rock,audioldm,test,2580
seg_002581,sample_00860,Puertas de Fuego - Guerra de Cerdos,FAKE,1,Rock,audioldm,test,2581
seg_002582,sample_00860,Puertas de Fuego - Guerra de Cerdos,FAKE,1,Rock,audioldm,test,2582
seg_002583,sample_00861,Sonzis FM - Pipe Choir,FAKE,1,Rock,audioldm,test,2583
seg_002584,sample_00861,Sonzis FM - Pipe Choir,FAKE,1,Rock,audioldm,test,2584
seg_002585,sample_00861,Sonzis FM - Pipe Choir,FAKE,1,Rock,audioldm,test,2585
seg_002586,sample_00862,Burn - Room For A Ghost,FAKE,1,Rock,audioldm,train,2586
seg_002587,sample_00862,Burn - Room For A Ghost,FAKE,1,Rock,audioldm,train,2587
seg_002588,sample_00862,Burn - Room For A Ghost,FAKE,1,Rock,audioldm,train,2588
seg_002589,sample_00863,5 (Lexington) - Isle of Pine,FAKE,1,Rock,audioldm,test,2589
seg_002590,sample_00863,5 (Lexington) - Isle of Pine,FAKE,1,Rock,audioldm,test,2590
seg_002591,sample_00863,5 (Lexington) - Isle of Pine,FAKE,1,Rock,audioldm,test,2591
seg_002592,sample_00864,Reagan Shut Down the Asylums - Punk Rock Opera,FAKE,1,Rock,audioldm,train,2592
seg_002593,sample_00864,Reagan Shut Down the Asylums - Punk Rock Opera,FAKE,1,Rock,audioldm,train,2593
seg_002594,sample_00864,Reagan Shut Down the Asylums - Punk Rock Opera,FAKE,1,Rock,audioldm,train,2594
seg_002595,sample_00865,Versailles - Pierce Murphy,FAKE,1,Rock,audioldm,train,2595
seg_002596,sample_00865,Versailles - Pierce Murphy,FAKE,1,Rock,audioldm,train,2596
seg_002597,sample_00865,Versailles - Pierce Murphy,FAKE,1,Rock,audioldm,train,2597
seg_002598,sample_00866,Liberation is not Easy - Frigg A Go Go (F.A.G.G.),FAKE,1,Rock,audioldm,train,2598
seg_002599,sample_00866,Liberation is not Easy - Frigg A Go Go (F.A.G.G.),FAKE,1,Rock,audioldm,train,2599
seg_002600,sample_00866,Liberation is not Easy - Frigg A Go Go (F.A.G.G.),FAKE,1,Rock,audioldm,train,2600
seg_002601,sample_00867,Moja Krypta - AmortE,FAKE,1,Rock,audioldm,test,2601
seg_002602,sample_00867,Moja Krypta - AmortE,FAKE,1,Rock,audioldm,test,2602
seg_002603,sample_00867,Moja Krypta - AmortE,FAKE,1,Rock,audioldm,test,2603
seg_002604,sample_00868,Enemy - Modey Lemon,FAKE,1,Rock,audioldm,train,2604
seg_002605,sample_00868,Enemy - Modey Lemon,FAKE,1,Rock,audioldm,train,2605
seg_002606,sample_00868,Enemy - Modey Lemon,FAKE,1,Rock,audioldm,train,2606
seg_002607,sample_00869,Rumble - Railkid Station,FAKE,1,Rock,audioldm,train,2607
seg_002608,sample_00869,Rumble - Railkid Station,FAKE,1,Rock,audioldm,train,2608
seg_002609,sample_00869,Rumble - Railkid Station,FAKE,1,Rock,audioldm,train,2609
seg_002610,sample_00870,Глазами Детей - Чокнутый Пропеллер,FAKE,1,Rock,audioldm,train,2610
seg_002611,sample_00870,Глазами Детей - Чокнутый Пропеллер,FAKE,1,Rock,audioldm,train,2611
seg_002612,sample_00870,Глазами Детей - Чокнутый Пропеллер,FAKE,1,Rock,audioldm,train,2612
seg_002613,sample_00871,"6 (Coat of Arms, Close) - Isle of Pine",FAKE,1,Rock,audioldm,train,2613
seg_002614,sample_00871,"6 (Coat of Arms, Close) - Isle of Pine",FAKE,1,Rock,audioldm,train,2614
seg_002615,sample_00871,"6 (Coat of Arms, Close) - Isle of Pine",FAKE,1,Rock,audioldm,train,2615
seg_002616,sample_00872,Better Run Away From Me - Miss Derringer,FAKE,1,Rock,audioldm,train,2616
seg_002617,sample_00872,Better Run Away From Me - Miss Derringer,FAKE,1,Rock,audioldm,train,2617
seg_002618,sample_00872,Better Run Away From Me - Miss Derringer,FAKE,1,Rock,audioldm,train,2618
seg_002619,sample_00873,Untitled - Fatal Injection,FAKE,1,Rock,audioldm,test,2619
seg_002620,sample_00873,Untitled - Fatal Injection,FAKE,1,Rock,audioldm,test,2620
seg_002621,sample_00873,Untitled - Fatal Injection,FAKE,1,Rock,audioldm,test,2621
seg_002622,sample_00874,Redlight - Room For A Ghost,FAKE,1,Rock,audioldm,val,2622
seg_002623,sample_00874,Redlight - Room For A Ghost,FAKE,1,Rock,audioldm,val,2623
seg_002624,sample_00874,Redlight - Room For A Ghost,FAKE,1,Rock,audioldm,val,2624
seg_002625,sample_00875,Shipwrecked Crew - Pete Prodoehl,FAKE,1,Rock,audioldm,val,2625
seg_002626,sample_00875,Shipwrecked Crew - Pete Prodoehl,FAKE,1,Rock,audioldm,val,2626
seg_002627,sample_00875,Shipwrecked Crew - Pete Prodoehl,FAKE,1,Rock,audioldm,val,2627
seg_002628,sample_00876,Кортни Лав - Чокнутый Пропеллер,FAKE,1,Rock,audioldm,train,2628
seg_002629,sample_00876,Кортни Лав - Чокнутый Пропеллер,FAKE,1,Rock,audioldm,train,2629
seg_002630,sample_00876,Кортни Лав - Чокнутый Пропеллер,FAKE,1,Rock,audioldm,train,2630
seg_002631,sample_00877,You Are A Monster - Monroeville Music Center,FAKE,1,Pop,audioldm,train,2631
seg_002632,sample_00877,You Are A Monster - Monroeville Music Center,FAKE,1,Pop,audioldm,train,2632
seg_002633,sample_00877,You Are A Monster - Monroeville Music Center,FAKE,1,Pop,audioldm,train,2633
seg_002634,sample_00878,Rolling On - Avaren,FAKE,1,Electronic,audioldm,train,2634
seg_002635,sample_00878,Rolling On - Avaren,FAKE,1,Electronic,audioldm,train,2635
seg_002636,sample_00878,Rolling On - Avaren,FAKE,1,Electronic,audioldm,train,2636
seg_002637,sample_00879,The Reality Machine - Monroeville Music Center,FAKE,1,Pop,audioldm,train,2637
seg_002638,sample_00879,The Reality Machine - Monroeville Music Center,FAKE,1,Pop,audioldm,train,2638
seg_002639,sample_00879,The Reality Machine - Monroeville Music Center,FAKE,1,Pop,audioldm,train,2639
seg_002640,sample_00880,Morning Bell - Nihilore,FAKE,1,Electronic,audioldm,val,2640
seg_002641,sample_00880,Morning Bell - Nihilore,FAKE,1,Electronic,audioldm,val,2641
seg_002642,sample_00880,Morning Bell - Nihilore,FAKE,1,Electronic,audioldm,val,2642
seg_002643,sample_00881,Autobahn - S-B-J,FAKE,1,Electronic,audioldm,train,2643
seg_002644,sample_00881,Autobahn - S-B-J,FAKE,1,Electronic,audioldm,train,2644
seg_002645,sample_00881,Autobahn - S-B-J,FAKE,1,Electronic,audioldm,train,2645
seg_002646,sample_00882,Acoustic Unleashed - Remain,FAKE,1,Electronic,brev,train,2646
seg_002647,sample_00882,Acoustic Unleashed - Remain,FAKE,1,Electronic,brev,train,2647
seg_002648,sample_00882,Acoustic Unleashed - Remain,FAKE,1,Electronic,brev,train,2648
seg_002649,sample_00883,Acoustic Unleashed - Remain,FAKE,1,Electronic,brev,train,2649
seg_002650,sample_00883,Acoustic Unleashed - Remain,FAKE,1,Electronic,brev,train,2650
seg_002651,sample_00883,Acoustic Unleashed - Remain,FAKE,1,Electronic,brev,train,2651
seg_002652,sample_00884,Ad Astra - P C III,FAKE,1,Electronic,brev,train,2652
seg_002653,sample_00884,Ad Astra - P C III,FAKE,1,Electronic,brev,train,2653
seg_002654,sample_00884,Ad Astra - P C III,FAKE,1,Electronic,brev,train,2654
seg_002655,sample_00885,Ad Astra - P C III,FAKE,1,Electronic,brev,train,2655
seg_002656,sample_00885,Ad Astra - P C III,FAKE,1,Electronic,brev,train,2656
seg_002657,sample_00885,Ad Astra - P C III,FAKE,1,Electronic,brev,train,2657
seg_002658,sample_00886,All of Us - Eric Skiff,FAKE,1,Electronic,brev,train,2658
seg_002659,sample_00886,All of Us - Eric Skiff,FAKE,1,Electronic,brev,train,2659
seg_002660,sample_00886,All of Us - Eric Skiff,FAKE,1,Electronic,brev,train,2660
seg_002661,sample_00887,All of Us - Eric Skiff,FAKE,1,Electronic,brev,train,2661
seg_002662,sample_00887,All of Us - Eric Skiff,FAKE,1,Electronic,brev,train,2662
seg_002663,sample_00887,All of Us - Eric Skiff,FAKE,1,Electronic,brev,train,2663
seg_002664,sample_00888,"Aquamarine, My Distant Blue - Nihilore",FAKE,1,Electronic,brev,train,2664
seg_002665,sample_00888,"Aquamarine, My Distant Blue - Nihilore",FAKE,1,Electronic,brev,train,2665
seg_002666,sample_00888,"Aquamarine, My Distant Blue - Nihilore",FAKE,1,Electronic,brev,train,2666
seg_002667,sample_00889,"Aquamarine, My Distant Blue - Nihilore",FAKE,1,Electronic,brev,train,2667
seg_002668,sample_00889,"Aquamarine, My Distant Blue - Nihilore",FAKE,1,Electronic,brev,train,2668
seg_002669,sample_00889,"Aquamarine, My Distant Blue - Nihilore",FAKE,1,Electronic,brev,train,2669
seg_002670,sample_00890,Autobahn - S-B-J,FAKE,1,Electronic,brev,train,2670
seg_002671,sample_00890,Autobahn - S-B-J,FAKE,1,Electronic,brev,train,2671
seg_002672,sample_00890,Autobahn - S-B-J,FAKE,1,Electronic,brev,train,2672
seg_002673,sample_00891,Autobahn - S-B-J,FAKE,1,Electronic,brev,train,2673
seg_002674,sample_00891,Autobahn - S-B-J,FAKE,1,Electronic,brev,train,2674
seg_002675,sample_00891,Autobahn - S-B-J,FAKE,1,Electronic,brev,train,2675
seg_002676,sample_00892,Clay Heart - Nihilore,FAKE,1,Electronic,brev,train,2676
seg_002677,sample_00892,Clay Heart - Nihilore,FAKE,1,Electronic,brev,train,2677
seg_002678,sample_00892,Clay Heart - Nihilore,FAKE,1,Electronic,brev,train,2678
seg_002679,sample_00893,Clay Heart - Nihilore,FAKE,1,Electronic,brev,train,2679
seg_002680,sample_00893,Clay Heart - Nihilore,FAKE,1,Electronic,brev,train,2680
seg_002681,sample_00893,Clay Heart - Nihilore,FAKE,1,Electronic,brev,train,2681
seg_002682,sample_00894,Cold Chains - Rolemusic,FAKE,1,Electronic,brev,train,2682
seg_002683,sample_00894,Cold Chains - Rolemusic,FAKE,1,Electronic,brev,train,2683
seg_002684,sample_00894,Cold Chains - Rolemusic,FAKE,1,Electronic,brev,train,2684
seg_002685,sample_00895,Cold Chains - Rolemusic,FAKE,1,Electronic,brev,train,2685
seg_002686,sample_00895,Cold Chains - Rolemusic,FAKE,1,Electronic,brev,train,2686
seg_002687,sample_00895,Cold Chains - Rolemusic,FAKE,1,Electronic,brev,train,2687
seg_002688,sample_00896,Coliidae - K.D. Expression,FAKE,1,Electronic,brev,train,2688
seg_002689,sample_00896,Coliidae - K.D. Expression,FAKE,1,Electronic,brev,train,2689
seg_002690,sample_00896,Coliidae - K.D. Expression,FAKE,1,Electronic,brev,train,2690
seg_002691,sample_00897,Coliidae - K.D. Expression,FAKE,1,Electronic,brev,train,2691
seg_002692,sample_00897,Coliidae - K.D. Expression,FAKE,1,Electronic,brev,train,2692
seg_002693,sample_00897,Coliidae - K.D. Expression,FAKE,1,Electronic,brev,train,2693
seg_002694,sample_00898,CopperNickle - UncleBibby,FAKE,1,Electronic,brev,val,2694
seg_002695,sample_00898,CopperNickle - UncleBibby,FAKE,1,Electronic,brev,val,2695
seg_002696,sample_00898,CopperNickle - UncleBibby,FAKE,1,Electronic,brev,val,2696
seg_002697,sample_00899,CopperNickle - UncleBibby,FAKE,1,Electronic,brev,val,2697
seg_002698,sample_00899,CopperNickle - UncleBibby,FAKE,1,Electronic,brev,val,2698
seg_002699,sample_00899,CopperNickle - UncleBibby,FAKE,1,Electronic,brev,val,2699
seg_002700,sample_00900,Dance Harder - Three Chain Links,FAKE,1,Electronic,brev,test,2700
seg_002701,sample_00900,Dance Harder - Three Chain Links,FAKE,1,Electronic,brev,test,2701
seg_002702,sample_00900,Dance Harder - Three Chain Links,FAKE,1,Electronic,brev,test,2702
seg_002703,sample_00901,Dance Harder - Three Chain Links,FAKE,1,Electronic,brev,test,2703
seg_002704,sample_00901,Dance Harder - Three Chain Links,FAKE,1,Electronic,brev,test,2704
seg_002705,sample_00901,Dance Harder - Three Chain Links,FAKE,1,Electronic,brev,test,2705
seg_002706,sample_00902,Edge - Mystery Mammal,FAKE,1,Electronic,brev,train,2706
seg_002707,sample_00902,Edge - Mystery Mammal,FAKE,1,Electronic,brev,train,2707
seg_002708,sample_00902,Edge - Mystery Mammal,FAKE,1,Electronic,brev,train,2708
seg_002709,sample_00903,Edge - Mystery Mammal,FAKE,1,Electronic,brev,train,2709
seg_002710,sample_00903,Edge - Mystery Mammal,FAKE,1,Electronic,brev,train,2710
seg_002711,sample_00903,Edge - Mystery Mammal,FAKE,1,Electronic,brev,train,2711
seg_002712,sample_00904,Empower Thee - vargero,FAKE,1,Electronic,brev,train,2712
seg_002713,sample_00904,Empower Thee - vargero,FAKE,1,Electronic,brev,train,2713
seg_002714,sample_00904,Empower Thee - vargero,FAKE,1,Electronic,brev,train,2714
seg_002715,sample_00905,Empower Thee - vargero,FAKE,1,Electronic,brev,train,2715
seg_002716,sample_00905,Empower Thee - vargero,FAKE,1,Electronic,brev,train,2716
seg_002717,sample_00905,Empower Thee - vargero,FAKE,1,Electronic,brev,train,2717
seg_002718,sample_00906,Endless - The Birth and Death of Silence,FAKE,1,Electronic,brev,train,2718
seg_002719,sample_00906,Endless - The Birth and Death of Silence,FAKE,1,Electronic,brev,train,2719
seg_002720,sample_00906,Endless - The Birth and Death of Silence,FAKE,1,Electronic,brev,train,2720
seg_002721,sample_00907,Endless - The Birth and Death of Silence,FAKE,1,Electronic,brev,train,2721
seg_002722,sample_00907,Endless - The Birth and Death of Silence,FAKE,1,Electronic,brev,train,2722
seg_002723,sample_00907,Endless - The Birth and Death of Silence,FAKE,1,Electronic,brev,train,2723
seg_002724,sample_00908,Flashback - Seclorance,FAKE,1,Electronic,brev,train,2724
seg_002725,sample_00908,Flashback - Seclorance,FAKE,1,Electronic,brev,train,2725
seg_002726,sample_00908,Flashback - Seclorance,FAKE,1,Electronic,brev,train,2726
seg_002727,sample_00909,Flashback - Seclorance,FAKE,1,Electronic,brev,train,2727
seg_002728,sample_00909,Flashback - Seclorance,FAKE,1,Electronic,brev,train,2728
seg_002729,sample_00909,Flashback - Seclorance,FAKE,1,Electronic,brev,train,2729
seg_002730,sample_00910,Fuckaboing - RoccoW,FAKE,1,Electronic,brev,test,2730
seg_002731,sample_00910,Fuckaboing - RoccoW,FAKE,1,Electronic,brev,test,2731
seg_002732,sample_00910,Fuckaboing - RoccoW,FAKE,1,Electronic,brev,test,2732
seg_002733,sample_00911,Fuckaboing - RoccoW,FAKE,1,Electronic,brev,test,2733
seg_002734,sample_00911,Fuckaboing - RoccoW,FAKE,1,Electronic,brev,test,2734
seg_002735,sample_00911,Fuckaboing - RoccoW,FAKE,1,Electronic,brev,test,2735
seg_002736,sample_00912,"Go On, Then - Jim Rooster",FAKE,1,Electronic,brev,train,2736
seg_002737,sample_00912,"Go On, Then - Jim Rooster",FAKE,1,Electronic,brev,train,2737
seg_002738,sample_00912,"Go On, Then - Jim Rooster",FAKE,1,Electronic,brev,train,2738
seg_002739,sample_00913,"Go On, Then - Jim Rooster",FAKE,1,Electronic,brev,train,2739
seg_002740,sample_00913,"Go On, Then - Jim Rooster",FAKE,1,Electronic,brev,train,2740
seg_002741,sample_00913,"Go On, Then - Jim Rooster",FAKE,1,Electronic,brev,train,2741
seg_002742,sample_00914,Hammer and a Nail - Vienna Ditto,FAKE,1,Electronic,brev,train,2742
seg_002743,sample_00914,Hammer and a Nail - Vienna Ditto,FAKE,1,Electronic,brev,train,2743
seg_002744,sample_00914,Hammer and a Nail - Vienna Ditto,FAKE,1,Electronic,brev,train,2744
seg_002745,sample_00915,Hammer and a Nail - Vienna Ditto,FAKE,1,Electronic,brev,train,2745
seg_002746,sample_00915,Hammer and a Nail - Vienna Ditto,FAKE,1,Electronic,brev,train,2746
seg_002747,sample_00915,Hammer and a Nail - Vienna Ditto,FAKE,1,Electronic,brev,train,2747
seg_002748,sample_00916,Improvisation - Broken Chord,FAKE,1,Electronic,brev,train,2748
seg_002749,sample_00916,Improvisation - Broken Chord,FAKE,1,Electronic,brev,train,2749
seg_002750,sample_00916,Improvisation - Broken Chord,FAKE,1,Electronic,brev,train,2750
seg_002751,sample_00917,Improvisation - Broken Chord,FAKE,1,Electronic,brev,train,2751
seg_002752,sample_00917,Improvisation - Broken Chord,FAKE,1,Electronic,brev,train,2752
seg_002753,sample_00917,Improvisation - Broken Chord,FAKE,1,Electronic,brev,train,2753
seg_002754,sample_00918,Introduction beats - Itsensäsyöjät,FAKE,1,Electronic,brev,train,2754
seg_002755,sample_00918,Introduction beats - Itsensäsyöjät,FAKE,1,Electronic,brev,train,2755
seg_002756,sample_00918,Introduction beats - Itsensäsyöjät,FAKE,1,Electronic,brev,train,2756
seg_002757,sample_00919,Introduction beats - Itsensäsyöjät,FAKE,1,Electronic,brev,train,2757
seg_002758,sample_00919,Introduction beats - Itsensäsyöjät,FAKE,1,Electronic,brev,train,2758
seg_002759,sample_00919,Introduction beats - Itsensäsyöjät,FAKE,1,Electronic,brev,train,2759
seg_002760,sample_00920,Jangus (inspired by ToeJam and Earl) - UncleBibby,FAKE,1,Electronic,brev,train,2760
seg_002761,sample_00920,Jangus (inspired by ToeJam and Earl) - UncleBibby,FAKE,1,Electronic,brev,train,2761
seg_002762,sample_00920,Jangus (inspired by ToeJam and Earl) - UncleBibby,FAKE,1,Electronic,brev,train,2762
seg_002763,sample_00921,Jangus (inspired by ToeJam and Earl) - UncleBibby,FAKE,1,Electronic,brev,train,2763
seg_002764,sample_00921,Jangus (inspired by ToeJam and Earl) - UncleBibby,FAKE,1,Electronic,brev,train,2764
seg_002765,sample_00921,Jangus (inspired by ToeJam and Earl) - UncleBibby,FAKE,1,Electronic,brev,train,2765
seg_002766,sample_00922,mystery team 2090 - Jesse Futerman,FAKE,1,Electronic,brev,val,2766
seg_002767,sample_00922,mystery team 2090 - Jesse Futerman,FAKE,1,Electronic,brev,val,2767
seg_002768,sample_00922,mystery team 2090 - Jesse Futerman,FAKE,1,Electronic,brev,val,2768
seg_002769,sample_00923,mystery team 2090 - Jesse Futerman,FAKE,1,Electronic,brev,val,2769
seg_002770,sample_00923,mystery team 2090 - Jesse Futerman,FAKE,1,Electronic,brev,val,2770
seg_002771,sample_00923,mystery team 2090 - Jesse Futerman,FAKE,1,Electronic,brev,val,2771
seg_002772,sample_00924,Night Drive - Decktonic,FAKE,1,Electronic,brev,val,2772
seg_002773,sample_00924,Night Drive - Decktonic,FAKE,1,Electronic,brev,val,2773
seg_002774,sample_00924,Night Drive - Decktonic,FAKE,1,Electronic,brev,val,2774
seg_002775,sample_00925,Night Drive - Decktonic,FAKE,1,Electronic,brev,val,2775
seg_002776,sample_00925,Night Drive - Decktonic,FAKE,1,Electronic,brev,val,2776
seg_002777,sample_00925,Night Drive - Decktonic,FAKE,1,Electronic,brev,val,2777
seg_002778,sample_00926,Night Owl - Broke For Free,FAKE,1,Electronic,brev,test,2778
seg_002779,sample_00926,Night Owl - Broke For Free,FAKE,1,Electronic,brev,test,2779
seg_002780,sample_00926,Night Owl - Broke For Free,FAKE,1,Electronic,brev,test,2780
seg_002781,sample_00927,Night Owl - Broke For Free,FAKE,1,Electronic,brev,test,2781
seg_002782,sample_00927,Night Owl - Broke For Free,FAKE,1,Electronic,brev,test,2782
seg_002783,sample_00927,Night Owl - Broke For Free,FAKE,1,Electronic,brev,test,2783
seg_002784,sample_00928,Noam Chomsky's Corporate Carbohydrate Surprise - Quelle Fromage,FAKE,1,Electronic,brev,train,2784
seg_002785,sample_00928,Noam Chomsky's Corporate Carbohydrate Surprise - Quelle Fromage,FAKE,1,Electronic,brev,train,2785
seg_002786,sample_00928,Noam Chomsky's Corporate Carbohydrate Surprise - Quelle Fromage,FAKE,1,Electronic,brev,train,2786
seg_002787,sample_00929,Noam Chomsky's Corporate Carbohydrate Surprise - Quelle Fromage,FAKE,1,Electronic,brev,train,2787
seg_002788,sample_00929,Noam Chomsky's Corporate Carbohydrate Surprise - Quelle Fromage,FAKE,1,Electronic,brev,train,2788
seg_002789,sample_00929,Noam Chomsky's Corporate Carbohydrate Surprise - Quelle Fromage,FAKE,1,Electronic,brev,train,2789
seg_002790,sample_00930,Nuo Maisemat - Paavoharju,FAKE,1,Electronic,brev,val,2790
seg_002791,sample_00930,Nuo Maisemat - Paavoharju,FAKE,1,Electronic,brev,val,2791
seg_002792,sample_00930,Nuo Maisemat - Paavoharju,FAKE,1,Electronic,brev,val,2792
seg_002793,sample_00931,Nuo Maisemat - Paavoharju,FAKE,1,Electronic,brev,val,2793
seg_002794,sample_00931,Nuo Maisemat - Paavoharju,FAKE,1,Electronic,brev,val,2794
seg_002795,sample_00931,Nuo Maisemat - Paavoharju,FAKE,1,Electronic,brev,val,2795
seg_002796,sample_00932,Ohtli - Seclorance,FAKE,1,Electronic,brev,train,2796
seg_002797,sample_00932,Ohtli - Seclorance,FAKE,1,Electronic,brev,train,2797
seg_002798,sample_00932,Ohtli - Seclorance,FAKE,1,Electronic,brev,train,2798
seg_002799,sample_00933,Ohtli - Seclorance,FAKE,1,Electronic,brev,train,2799
seg_002800,sample_00933,Ohtli - Seclorance,FAKE,1,Electronic,brev,train,2800
seg_002801,sample_00933,Ohtli - Seclorance,FAKE,1,Electronic,brev,train,2801
seg_002802,sample_00934,Okiirobo Navigation System - Henry Homesweet,FAKE,1,Electronic,brev,train,2802
seg_002803,sample_00934,Okiirobo Navigation System - Henry Homesweet,FAKE,1,Electronic,brev,train,2803
seg_002804,sample_00934,Okiirobo Navigation System - Henry Homesweet,FAKE,1,Electronic,brev,train,2804
seg_002805,sample_00935,Okiirobo Navigation System - Henry Homesweet,FAKE,1,Electronic,brev,train,2805
seg_002806,sample_00935,Okiirobo Navigation System - Henry Homesweet,FAKE,1,Electronic,brev,train,2806
seg_002807,sample_00935,Okiirobo Navigation System - Henry Homesweet,FAKE,1,Electronic,brev,train,2807
seg_002808,sample_00936,Only Instrumental - Broke For Free,FAKE,1,Electronic,brev,train,2808
seg_002809,sample_00936,Only Instrumental - Broke For Free,FAKE,1,Electronic,brev,train,2809
seg_002810,sample_00936,Only Instrumental - Broke For Free,FAKE,1,Electronic,brev,train,2810
seg_002811,sample_00937,Only Instrumental - Broke For Free,FAKE,1,Electronic,brev,train,2811
seg_002812,sample_00937,Only Instrumental - Broke For Free,FAKE,1,Electronic,brev,train,2812
seg_002813,sample_00937,Only Instrumental - Broke For Free,FAKE,1,Electronic,brev,train,2813
seg_002814,sample_00938,OOOTHERSIDE - Liquid Paper - Mike B. Fort,FAKE,1,Electronic,brev,train,2814
seg_002815,sample_00938,OOOTHERSIDE - Liquid Paper - Mike B. Fort,FAKE,1,Electronic,brev,train,2815
seg_002816,sample_00938,OOOTHERSIDE - Liquid Paper - Mike B. Fort,FAKE,1,Electronic,brev,train,2816
seg_002817,sample_00939,OOOTHERSIDE - Liquid Paper - Mike B. Fort,FAKE,1,Electronic,brev,train,2817
seg_002818,sample_00939,OOOTHERSIDE - Liquid Paper - Mike B. Fort,FAKE,1,Electronic,brev,train,2818
seg_002819,sample_00939,OOOTHERSIDE - Liquid Paper - Mike B. Fort,FAKE,1,Electronic,brev,train,2819
seg_002820,sample_00940,OOOTHERSIDE - This Time - Mike B. Fort,FAKE,1,Electronic,brev,train,2820
seg_002821,sample_00940,OOOTHERSIDE - This Time - Mike B. Fort,FAKE,1,Electronic,brev,train,2821
seg_002822,sample_00940,OOOTHERSIDE - This Time - Mike B. Fort,FAKE,1,Electronic,brev,train,2822
seg_002823,sample_00941,OOOTHERSIDE - This Time - Mike B. Fort,FAKE,1,Electronic,brev,train,2823
seg_002824,sample_00941,OOOTHERSIDE - This Time - Mike B. Fort,FAKE,1,Electronic,brev,train,2824
seg_002825,sample_00941,OOOTHERSIDE - This Time - Mike B. Fort,FAKE,1,Electronic,brev,train,2825
seg_002826,sample_00942,OST 04 Ship under attack - sawsquarenoise,FAKE,1,Electronic,brev,train,2826
seg_002827,sample_00942,OST 04 Ship under attack - sawsquarenoise,FAKE,1,Electronic,brev,train,2827
seg_002828,sample_00942,OST 04 Ship under attack - sawsquarenoise,FAKE,1,Electronic,brev,train,2828
seg_002829,sample_00943,OST 04 Ship under attack - sawsquarenoise,FAKE,1,Electronic,brev,train,2829
seg_002830,sample_00943,OST 04 Ship under attack - sawsquarenoise,FAKE,1,Electronic,brev,train,2830
seg_002831,sample_00943,OST 04 Ship under attack - sawsquarenoise,FAKE,1,Electronic,brev,train,2831
seg_002832,sample_00944,Paris - Fleslit,FAKE,1,Electronic,brev,train,2832
seg_002833,sample_00944,Paris - Fleslit,FAKE,1,Electronic,brev,train,2833
seg_002834,sample_00944,Paris - Fleslit,FAKE,1,Electronic,brev,train,2834
seg_002835,sample_00945,Paris - Fleslit,FAKE,1,Electronic,brev,train,2835
seg_002836,sample_00945,Paris - Fleslit,FAKE,1,Electronic,brev,train,2836
seg_002837,sample_00945,Paris - Fleslit,FAKE,1,Electronic,brev,train,2837
seg_002838,sample_00946,Pista Afuera - Epstein,FAKE,1,Electronic,brev,test,2838
seg_002839,sample_00946,Pista Afuera - Epstein,FAKE,1,Electronic,brev,test,2839
seg_002840,sample_00946,Pista Afuera - Epstein,FAKE,1,Electronic,brev,test,2840
seg_002841,sample_00947,Pista Afuera - Epstein,FAKE,1,Electronic,brev,test,2841
seg_002842,sample_00947,Pista Afuera - Epstein,FAKE,1,Electronic,brev,test,2842
seg_002843,sample_00947,Pista Afuera - Epstein,FAKE,1,Electronic,brev,test,2843
seg_002844,sample_00948,Ponky McFonky - My brother Daniel,FAKE,1,Electronic,brev,train,2844
seg_002845,sample_00948,Ponky McFonky - My brother Daniel,FAKE,1,Electronic,brev,train,2845
seg_002846,sample_00948,Ponky McFonky - My brother Daniel,FAKE,1,Electronic,brev,train,2846
seg_002847,sample_00949,Ponky McFonky - My brother Daniel,FAKE,1,Electronic,brev,train,2847
seg_002848,sample_00949,Ponky McFonky - My brother Daniel,FAKE,1,Electronic,brev,train,2848
seg_002849,sample_00949,Ponky McFonky - My brother Daniel,FAKE,1,Electronic,brev,train,2849
seg_002850,sample_00950,Realize Me - Jim Rooster,FAKE,1,Electronic,brev,test,2850
seg_002851,sample_00950,Realize Me - Jim Rooster,FAKE,1,Electronic,brev,test,2851
seg_002852,sample_00950,Realize Me - Jim Rooster,FAKE,1,Electronic,brev,test,2852
seg_002853,sample_00951,Realize Me - Jim Rooster,FAKE,1,Electronic,brev,test,2853
seg_002854,sample_00951,Realize Me - Jim Rooster,FAKE,1,Electronic,brev,test,2854
seg_002855,sample_00951,Realize Me - Jim Rooster,FAKE,1,Electronic,brev,test,2855
seg_002856,sample_00952,Resistentialism - Nihilore,FAKE,1,Electronic,brev,test,2856
seg_002857,sample_00952,Resistentialism - Nihilore,FAKE,1,Electronic,brev,test,2857
seg_002858,sample_00952,Resistentialism - Nihilore,FAKE,1,Electronic,brev,test,2858
seg_002859,sample_00953,Resistentialism - Nihilore,FAKE,1,Electronic,brev,test,2859
seg_002860,sample_00953,Resistentialism - Nihilore,FAKE,1,Electronic,brev,test,2860
seg_002861,sample_00953,Resistentialism - Nihilore,FAKE,1,Electronic,brev,test,2861
seg_002862,sample_00954,Robot Heart - Mystery Mammal,FAKE,1,Electronic,brev,train,2862
seg_002863,sample_00954,Robot Heart - Mystery Mammal,FAKE,1,Electronic,brev,train,2863
seg_002864,sample_00954,Robot Heart - Mystery Mammal,FAKE,1,Electronic,brev,train,2864
seg_002865,sample_00955,Robot Heart - Mystery Mammal,FAKE,1,Electronic,brev,train,2865
seg_002866,sample_00955,Robot Heart - Mystery Mammal,FAKE,1,Electronic,brev,train,2866
seg_002867,sample_00955,Robot Heart - Mystery Mammal,FAKE,1,Electronic,brev,train,2867
seg_002868,sample_00956,Running Free - Michett featuring Kalipluche,FAKE,1,Electronic,brev,train,2868
seg_002869,sample_00956,Running Free - Michett featuring Kalipluche,FAKE,1,Electronic,brev,train,2869
seg_002870,sample_00956,Running Free - Michett featuring Kalipluche,FAKE,1,Electronic,brev,train,2870
seg_002871,sample_00957,Running Free - Michett featuring Kalipluche,FAKE,1,Electronic,brev,train,2871
seg_002872,sample_00957,Running Free - Michett featuring Kalipluche,FAKE,1,Electronic,brev,train,2872
seg_002873,sample_00957,Running Free - Michett featuring Kalipluche,FAKE,1,Electronic,brev,train,2873
seg_002874,sample_00958,SD (Ill Mix) - H-LR,FAKE,1,Electronic,brev,val,2874
seg_002875,sample_00958,SD (Ill Mix) - H-LR,FAKE,1,Electronic,brev,val,2875
seg_002876,sample_00958,SD (Ill Mix) - H-LR,FAKE,1,Electronic,brev,val,2876
seg_002877,sample_00959,SD (Ill Mix) - H-LR,FAKE,1,Electronic,brev,val,2877
seg_002878,sample_00959,SD (Ill Mix) - H-LR,FAKE,1,Electronic,brev,val,2878
seg_002879,sample_00959,SD (Ill Mix) - H-LR,FAKE,1,Electronic,brev,val,2879
seg_002880,sample_00960,Seppuku Bot - Decktonic,FAKE,1,Electronic,brev,train,2880
seg_002881,sample_00960,Seppuku Bot - Decktonic,FAKE,1,Electronic,brev,train,2881
seg_002882,sample_00960,Seppuku Bot - Decktonic,FAKE,1,Electronic,brev,train,2882
seg_002883,sample_00961,Seppuku Bot - Decktonic,FAKE,1,Electronic,brev,train,2883
seg_002884,sample_00961,Seppuku Bot - Decktonic,FAKE,1,Electronic,brev,train,2884
seg_002885,sample_00961,Seppuku Bot - Decktonic,FAKE,1,Electronic,brev,train,2885
seg_002886,sample_00962,Straw Fields - Rolemusic,FAKE,1,Electronic,brev,train,2886
seg_002887,sample_00962,Straw Fields - Rolemusic,FAKE,1,Electronic,brev,train,2887
seg_002888,sample_00962,Straw Fields - Rolemusic,FAKE,1,Electronic,brev,train,2888
seg_002889,sample_00963,Straw Fields - Rolemusic,FAKE,1,Electronic,brev,train,2889
seg_002890,sample_00963,Straw Fields - Rolemusic,FAKE,1,Electronic,brev,train,2890
seg_002891,sample_00963,Straw Fields - Rolemusic,FAKE,1,Electronic,brev,train,2891
seg_002892,sample_00964,Take Your Fingers - Michael Fakesch,FAKE,1,Electronic,brev,train,2892
seg_002893,sample_00964,Take Your Fingers - Michael Fakesch,FAKE,1,Electronic,brev,train,2893
seg_002894,sample_00964,Take Your Fingers - Michael Fakesch,FAKE,1,Electronic,brev,train,2894
seg_002895,sample_00965,Take Your Fingers - Michael Fakesch,FAKE,1,Electronic,brev,train,2895
seg_002896,sample_00965,Take Your Fingers - Michael Fakesch,FAKE,1,Electronic,brev,train,2896
seg_002897,sample_00965,Take Your Fingers - Michael Fakesch,FAKE,1,Electronic,brev,train,2897
seg_002898,sample_00966,Tapes - Gumbel,FAKE,1,Electronic,brev,train,2898
seg_002899,sample_00966,Tapes - Gumbel,FAKE,1,Electronic,brev,train,2899
seg_002900,sample_00966,Tapes - Gumbel,FAKE,1,Electronic,brev,train,2900
seg_002901,sample_00967,Tapes - Gumbel,FAKE,1,Electronic,brev,train,2901
seg_002902,sample_00967,Tapes - Gumbel,FAKE,1,Electronic,brev,train,2902
seg_002903,sample_00967,Tapes - Gumbel,FAKE,1,Electronic,brev,train,2903
seg_002904,sample_00968,The Big House - Jason Shaw,FAKE,1,Electronic,brev,train,2904
seg_002905,sample_00968,The Big House - Jason Shaw,FAKE,1,Electronic,brev,train,2905
seg_002906,sample_00968,The Big House - Jason Shaw,FAKE,1,Electronic,brev,train,2906
seg_002907,sample_00969,The Big House - Jason Shaw,FAKE,1,Electronic,brev,train,2907
seg_002908,sample_00969,The Big House - Jason Shaw,FAKE,1,Electronic,brev,train,2908
seg_002909,sample_00969,The Big House - Jason Shaw,FAKE,1,Electronic,brev,train,2909
seg_002910,sample_00970,The Courtyard - Uncle Bibby,FAKE,1,Electronic,brev,train,2910
seg_002911,sample_00970,The Courtyard - Uncle Bibby,FAKE,1,Electronic,brev,train,2911
seg_002912,sample_00970,The Courtyard - Uncle Bibby,FAKE,1,Electronic,brev,train,2912
seg_002913,sample_00971,The Courtyard - Uncle Bibby,FAKE,1,Electronic,brev,train,2913
seg_002914,sample_00971,The Courtyard - Uncle Bibby,FAKE,1,Electronic,brev,train,2914
seg_002915,sample_00971,The Courtyard - Uncle Bibby,FAKE,1,Electronic,brev,train,2915
seg_002916,sample_00972,The Front Yard - HarleyLikesMusic,FAKE,1,Electronic,brev,train,2916
seg_002917,sample_00972,The Front Yard - HarleyLikesMusic,FAKE,1,Electronic,brev,train,2917
seg_002918,sample_00972,The Front Yard - HarleyLikesMusic,FAKE,1,Electronic,brev,train,2918
seg_002919,sample_00973,The Front Yard - HarleyLikesMusic,FAKE,1,Electronic,brev,train,2919
seg_002920,sample_00973,The Front Yard - HarleyLikesMusic,FAKE,1,Electronic,brev,train,2920
seg_002921,sample_00973,The Front Yard - HarleyLikesMusic,FAKE,1,Electronic,brev,train,2921
seg_002922,sample_00974,Ugh! Humans Can Join - Mystery Mammal,FAKE,1,Electronic,brev,test,2922
seg_002923,sample_00974,Ugh! Humans Can Join - Mystery Mammal,FAKE,1,Electronic,brev,test,2923
seg_002924,sample_00974,Ugh! Humans Can Join - Mystery Mammal,FAKE,1,Electronic,brev,test,2924
seg_002925,sample_00975,Ugh! Humans Can Join - Mystery Mammal,FAKE,1,Electronic,brev,test,2925
seg_002926,sample_00975,Ugh! Humans Can Join - Mystery Mammal,FAKE,1,Electronic,brev,test,2926
seg_002927,sample_00975,Ugh! Humans Can Join - Mystery Mammal,FAKE,1,Electronic,brev,test,2927
seg_002928,sample_00976,Vanishing Horizon - Jason Shaw,FAKE,1,Electronic,brev,train,2928
seg_002929,sample_00976,Vanishing Horizon - Jason Shaw,FAKE,1,Electronic,brev,train,2929
seg_002930,sample_00976,Vanishing Horizon - Jason Shaw,FAKE,1,Electronic,brev,train,2930
seg_002931,sample_00977,Vanishing Horizon - Jason Shaw,FAKE,1,Electronic,brev,train,2931
seg_002932,sample_00977,Vanishing Horizon - Jason Shaw,FAKE,1,Electronic,brev,train,2932
seg_002933,sample_00977,Vanishing Horizon - Jason Shaw,FAKE,1,Electronic,brev,train,2933
seg_002934,sample_00978,When I Was Taller - Dan Deacon,FAKE,1,Electronic,brev,train,2934
seg_002935,sample_00978,When I Was Taller - Dan Deacon,FAKE,1,Electronic,brev,train,2935
seg_002936,sample_00978,When I Was Taller - Dan Deacon,FAKE,1,Electronic,brev,train,2936
seg_002937,sample_00979,When I Was Taller - Dan Deacon,FAKE,1,Electronic,brev,train,2937
seg_002938,sample_00979,When I Was Taller - Dan Deacon,FAKE,1,Electronic,brev,train,2938
seg_002939,sample_00979,When I Was Taller - Dan Deacon,FAKE,1,Electronic,brev,train,2939
seg_002940,sample_00980,"Autopsy - Oh Yeah, the Future",FAKE,1,Pop,brev,train,2940
seg_002941,sample_00980,"Autopsy - Oh Yeah, the Future",FAKE,1,Pop,brev,train,2941
seg_002942,sample_00980,"Autopsy - Oh Yeah, the Future",FAKE,1,Pop,brev,train,2942
seg_002943,sample_00981,"Autopsy - Oh Yeah, the Future",FAKE,1,Pop,brev,train,2943
seg_002944,sample_00981,"Autopsy - Oh Yeah, the Future",FAKE,1,Pop,brev,train,2944
seg_002945,sample_00981,"Autopsy - Oh Yeah, the Future",FAKE,1,Pop,brev,train,2945
seg_002946,sample_00982,Breeze Funk - Malaventura,FAKE,1,Pop,brev,train,2946
seg_002947,sample_00982,Breeze Funk - Malaventura,FAKE,1,Pop,brev,train,2947
seg_002948,sample_00982,Breeze Funk - Malaventura,FAKE,1,Pop,brev,train,2948
seg_002949,sample_00983,Breeze Funk - Malaventura,FAKE,1,Pop,brev,train,2949
seg_002950,sample_00983,Breeze Funk - Malaventura,FAKE,1,Pop,brev,train,2950
seg_002951,sample_00983,Breeze Funk - Malaventura,FAKE,1,Pop,brev,train,2951
seg_002952,sample_00984,Busby Berkeley - Ergo Phizmiz,FAKE,1,Pop,brev,train,2952
seg_002953,sample_00984,Busby Berkeley - Ergo Phizmiz,FAKE,1,Pop,brev,train,2953
seg_002954,sample_00984,Busby Berkeley - Ergo Phizmiz,FAKE,1,Pop,brev,train,2954
seg_002955,sample_00985,Busby Berkeley - Ergo Phizmiz,FAKE,1,Pop,brev,train,2955
seg_002956,sample_00985,Busby Berkeley - Ergo Phizmiz,FAKE,1,Pop,brev,train,2956
seg_002957,sample_00985,Busby Berkeley - Ergo Phizmiz,FAKE,1,Pop,brev,train,2957
seg_002958,sample_00986,Celia - Ergo Phizmiz,FAKE,1,Pop,brev,train,2958
seg_002959,sample_00986,Celia - Ergo Phizmiz,FAKE,1,Pop,brev,train,2959
seg_002960,sample_00986,Celia - Ergo Phizmiz,FAKE,1,Pop,brev,train,2960
seg_002961,sample_00987,Celia - Ergo Phizmiz,FAKE,1,Pop,brev,train,2961
seg_002962,sample_00987,Celia - Ergo Phizmiz,FAKE,1,Pop,brev,train,2962
seg_002963,sample_00987,Celia - Ergo Phizmiz,FAKE,1,Pop,brev,train,2963
seg_002964,sample_00988,Convicted Jazz Drones - Malaventura,FAKE,1,Pop,brev,train,2964
seg_002965,sample_00988,Convicted Jazz Drones - Malaventura,FAKE,1,Pop,brev,train,2965
seg_002966,sample_00988,Convicted Jazz Drones - Malaventura,FAKE,1,Pop,brev,train,2966
seg_002967,sample_00989,Convicted Jazz Drones - Malaventura,FAKE,1,Pop,brev,train,2967
seg_002968,sample_00989,Convicted Jazz Drones - Malaventura,FAKE,1,Pop,brev,train,2968
seg_002969,sample_00989,Convicted Jazz Drones - Malaventura,FAKE,1,Pop,brev,train,2969
seg_002970,sample_00990,danse macabre - Katapulto,FAKE,1,Pop,brev,train,2970
seg_002971,sample_00990,danse macabre - Katapulto,FAKE,1,Pop,brev,train,2971
seg_002972,sample_00990,danse macabre - Katapulto,FAKE,1,Pop,brev,train,2972
seg_002973,sample_00991,danse macabre - Katapulto,FAKE,1,Pop,brev,train,2973
seg_002974,sample_00991,danse macabre - Katapulto,FAKE,1,Pop,brev,train,2974
seg_002975,sample_00991,danse macabre - Katapulto,FAKE,1,Pop,brev,train,2975
seg_002976,sample_00992,Different Day - First,FAKE,1,Pop,brev,test,2976
seg_002977,sample_00992,Different Day - First,FAKE,1,Pop,brev,test,2977
seg_002978,sample_00992,Different Day - First,FAKE,1,Pop,brev,test,2978
seg_002979,sample_00993,Different Day - First,FAKE,1,Pop,brev,test,2979
seg_002980,sample_00993,Different Day - First,FAKE,1,Pop,brev,test,2980
seg_002981,sample_00993,Different Day - First,FAKE,1,Pop,brev,test,2981
seg_002982,sample_00994,Evil Cannot Create - Caleb Lemond,FAKE,1,Pop,brev,val,2982
seg_002983,sample_00994,Evil Cannot Create - Caleb Lemond,FAKE,1,Pop,brev,val,2983
seg_002984,sample_00994,Evil Cannot Create - Caleb Lemond,FAKE,1,Pop,brev,val,2984
seg_002985,sample_00995,Evil Cannot Create - Caleb Lemond,FAKE,1,Pop,brev,val,2985
seg_002986,sample_00995,Evil Cannot Create - Caleb Lemond,FAKE,1,Pop,brev,val,2986
seg_002987,sample_00995,Evil Cannot Create - Caleb Lemond,FAKE,1,Pop,brev,val,2987
seg_002988,sample_00996,"First Glance - Oh Yeah, the Future",FAKE,1,Pop,brev,train,2988
seg_002989,sample_00996,"First Glance - Oh Yeah, the Future",FAKE,1,Pop,brev,train,2989
seg_002990,sample_00996,"First Glance - Oh Yeah, the Future",FAKE,1,Pop,brev,train,2990
seg_002991,sample_00997,"First Glance - Oh Yeah, the Future",FAKE,1,Pop,brev,train,2991
seg_002992,sample_00997,"First Glance - Oh Yeah, the Future",FAKE,1,Pop,brev,train,2992
seg_002993,sample_00997,"First Glance - Oh Yeah, the Future",FAKE,1,Pop,brev,train,2993
seg_002994,sample_00998,Food and War - Ergo Phizmiz,FAKE,1,Pop,brev,train,2994
seg_002995,sample_00998,Food and War - Ergo Phizmiz,FAKE,1,Pop,brev,train,2995
seg_002996,sample_00998,Food and War - Ergo Phizmiz,FAKE,1,Pop,brev,train,2996
seg_002997,sample_00999,Food and War - Ergo Phizmiz,FAKE,1,Pop,brev,train,2997
seg_002998,sample_00999,Food and War - Ergo Phizmiz,FAKE,1,Pop,brev,train,2998
seg_002999,sample_00999,Food and War - Ergo Phizmiz,FAKE,1,Pop,brev,train,2999
seg_003000,sample_01000,gospellioza - Katapulto,FAKE,1,Pop,brev,train,3000
seg_003001,sample_01000,gospellioza - Katapulto,FAKE,1,Pop,brev,train,3001
seg_003002,sample_01000,gospellioza - Katapulto,FAKE,1,Pop,brev,train,3002
seg_003003,sample_01001,gospellioza - Katapulto,FAKE,1,Pop,brev,train,3003
seg_003004,sample_01001,gospellioza - Katapulto,FAKE,1,Pop,brev,train,3004
seg_003005,sample_01001,gospellioza - Katapulto,FAKE,1,Pop,brev,train,3005
seg_003006,sample_01002,"Hungry - Oh Yeah, the Future",FAKE,1,Pop,brev,test,3006
seg_003007,sample_01002,"Hungry - Oh Yeah, the Future",FAKE,1,Pop,brev,test,3007
seg_003008,sample_01002,"Hungry - Oh Yeah, the Future",FAKE,1,Pop,brev,test,3008
seg_003009,sample_01003,"Hungry - Oh Yeah, the Future",FAKE,1,Pop,brev,test,3009
seg_003010,sample_01003,"Hungry - Oh Yeah, the Future",FAKE,1,Pop,brev,test,3010
seg_003011,sample_01003,"Hungry - Oh Yeah, the Future",FAKE,1,Pop,brev,test,3011
seg_003012,sample_01004,I Think From Now On - Caleb Lemond,FAKE,1,Pop,brev,train,3012
seg_003013,sample_01004,I Think From Now On - Caleb Lemond,FAKE,1,Pop,brev,train,3013
seg_003014,sample_01004,I Think From Now On - Caleb Lemond,FAKE,1,Pop,brev,train,3014
seg_003015,sample_01005,I Think From Now On - Caleb Lemond,FAKE,1,Pop,brev,train,3015
seg_003016,sample_01005,I Think From Now On - Caleb Lemond,FAKE,1,Pop,brev,train,3016
seg_003017,sample_01005,I Think From Now On - Caleb Lemond,FAKE,1,Pop,brev,train,3017
seg_003018,sample_01006,Invaders From Within - Monroeville Music Center,FAKE,1,Pop,brev,train,3018
seg_003019,sample_01006,Invaders From Within - Monroeville Music Center,FAKE,1,Pop,brev,train,3019
seg_003020,sample_01006,Invaders From Within - Monroeville Music Center,FAKE,1,Pop,brev,train,3020
seg_003021,sample_01007,Invaders From Within - Monroeville Music Center,FAKE,1,Pop,brev,train,3021
seg_003022,sample_01007,Invaders From Within - Monroeville Music Center,FAKE,1,Pop,brev,train,3022
seg_003023,sample_01007,Invaders From Within - Monroeville Music Center,FAKE,1,Pop,brev,train,3023
seg_003024,sample_01008,John the Baby - Ergo Phizmiz,FAKE,1,Pop,brev,train,3024
seg_003025,sample_01008,John the Baby - Ergo Phizmiz,FAKE,1,Pop,brev,train,3025
seg_003026,sample_01008,John the Baby - Ergo Phizmiz,FAKE,1,Pop,brev,train,3026
seg_003027,sample_01009,John the Baby - Ergo Phizmiz,FAKE,1,Pop,brev,train,3027
seg_003028,sample_01009,John the Baby - Ergo Phizmiz,FAKE,1,Pop,brev,train,3028
seg_003029,sample_01009,John the Baby - Ergo Phizmiz,FAKE,1,Pop,brev,train,3029
seg_003030,sample_01010,Kissing Scars - Caleb Lemond,FAKE,1,Pop,brev,train,3030
seg_003031,sample_01010,Kissing Scars - Caleb Lemond,FAKE,1,Pop,brev,train,3031
seg_003032,sample_01010,Kissing Scars - Caleb Lemond,FAKE,1,Pop,brev,train,3032
seg_003033,sample_01011,Kissing Scars - Caleb Lemond,FAKE,1,Pop,brev,train,3033
seg_003034,sample_01011,Kissing Scars - Caleb Lemond,FAKE,1,Pop,brev,train,3034
seg_003035,sample_01011,Kissing Scars - Caleb Lemond,FAKE,1,Pop,brev,train,3035
seg_003036,sample_01012,kolorowe wody - Katapulto,FAKE,1,Pop,brev,train,3036
seg_003037,sample_01012,kolorowe wody - Katapulto,FAKE,1,Pop,brev,train,3037
seg_003038,sample_01012,kolorowe wody - Katapulto,FAKE,1,Pop,brev,train,3038
seg_003039,sample_01013,kolorowe wody - Katapulto,FAKE,1,Pop,brev,train,3039
seg_003040,sample_01013,kolorowe wody - Katapulto,FAKE,1,Pop,brev,train,3040
seg_003041,sample_01013,kolorowe wody - Katapulto,FAKE,1,Pop,brev,train,3041
seg_003042,sample_01014,"Lackadaisical - Oh Yeah, the Future",FAKE,1,Pop,brev,train,3042
seg_003043,sample_01014,"Lackadaisical - Oh Yeah, the Future",FAKE,1,Pop,brev,train,3043
seg_003044,sample_01014,"Lackadaisical - Oh Yeah, the Future",FAKE,1,Pop,brev,train,3044
seg_003045,sample_01015,"Lackadaisical - Oh Yeah, the Future",FAKE,1,Pop,brev,train,3045
seg_003046,sample_01015,"Lackadaisical - Oh Yeah, the Future",FAKE,1,Pop,brev,train,3046
seg_003047,sample_01015,"Lackadaisical - Oh Yeah, the Future",FAKE,1,Pop,brev,train,3047
seg_003048,sample_01016,"Lovedreams - Oh Yeah, the Future",FAKE,1,Pop,brev,train,3048
seg_003049,sample_01016,"Lovedreams - Oh Yeah, the Future",FAKE,1,Pop,brev,train,3049
seg_003050,sample_01016,"Lovedreams - Oh Yeah, the Future",FAKE,1,Pop,brev,train,3050
seg_003051,sample_01017,"Lovedreams - Oh Yeah, the Future",FAKE,1,Pop,brev,train,3051
seg_003052,sample_01017,"Lovedreams - Oh Yeah, the Future",FAKE,1,Pop,brev,train,3052
seg_003053,sample_01017,"Lovedreams - Oh Yeah, the Future",FAKE,1,Pop,brev,train,3053
seg_003054,sample_01018,Mandrill - Ergo Phizmiz,FAKE,1,Pop,brev,train,3054
seg_003055,sample_01018,Mandrill - Ergo Phizmiz,FAKE,1,Pop,brev,train,3055
seg_003056,sample_01018,Mandrill - Ergo Phizmiz,FAKE,1,Pop,brev,train,3056
seg_003057,sample_01019,Mandrill - Ergo Phizmiz,FAKE,1,Pop,brev,train,3057
seg_003058,sample_01019,Mandrill - Ergo Phizmiz,FAKE,1,Pop,brev,train,3058
seg_003059,sample_01019,Mandrill - Ergo Phizmiz,FAKE,1,Pop,brev,train,3059
seg_003060,sample_01020,mc trabalenguas - Volumina,FAKE,1,Pop,brev,train,3060
seg_003061,sample_01020,mc trabalenguas - Volumina,FAKE,1,Pop,brev,train,3061
seg_003062,sample_01020,mc trabalenguas - Volumina,FAKE,1,Pop,brev,train,3062
seg_003063,sample_01021,mc trabalenguas - Volumina,FAKE,1,Pop,brev,train,3063
seg_003064,sample_01021,mc trabalenguas - Volumina,FAKE,1,Pop,brev,train,3064
seg_003065,sample_01021,mc trabalenguas - Volumina,FAKE,1,Pop,brev,train,3065
seg_003066,sample_01022,Monkeystage - Ergo Phizmiz,FAKE,1,Pop,brev,train,3066
seg_003067,sample_01022,Monkeystage - Ergo Phizmiz,FAKE,1,Pop,brev,train,3067
seg_003068,sample_01022,Monkeystage - Ergo Phizmiz,FAKE,1,Pop,brev,train,3068
seg_003069,sample_01023,Monkeystage - Ergo Phizmiz,FAKE,1,Pop,brev,train,3069
seg_003070,sample_01023,Monkeystage - Ergo Phizmiz,FAKE,1,Pop,brev,train,3070
seg_003071,sample_01023,Monkeystage - Ergo Phizmiz,FAKE,1,Pop,brev,train,3071
seg_003072,sample_01024,Motocross Mania - Monroeville Music Center,FAKE,1,Pop,brev,test,3072
seg_003073,sample_01024,Motocross Mania - Monroeville Music Center,FAKE,1,Pop,brev,test,3073
seg_003074,sample_01024,Motocross Mania - Monroeville Music Center,FAKE,1,Pop,brev,test,3074
seg_003075,sample_01025,Motocross Mania - Monroeville Music Center,FAKE,1,Pop,brev,test,3075
seg_003076,sample_01025,Motocross Mania - Monroeville Music Center,FAKE,1,Pop,brev,test,3076
seg_003077,sample_01025,Motocross Mania - Monroeville Music Center,FAKE,1,Pop,brev,test,3077
seg_003078,sample_01026,Music For an Underground Circu - Ergo Phizmiz,FAKE,1,Pop,brev,test,3078
seg_003079,sample_01026,Music For an Underground Circu - Ergo Phizmiz,FAKE,1,Pop,brev,test,3079
seg_003080,sample_01026,Music For an Underground Circu - Ergo Phizmiz,FAKE,1,Pop,brev,test,3080
seg_003081,sample_01027,Music For an Underground Circu - Ergo Phizmiz,FAKE,1,Pop,brev,test,3081
seg_003082,sample_01027,Music For an Underground Circu - Ergo Phizmiz,FAKE,1,Pop,brev,test,3082
seg_003083,sample_01027,Music For an Underground Circu - Ergo Phizmiz,FAKE,1,Pop,brev,test,3083
seg_003084,sample_01028,Nature Is Over / Defined - Bird Names,FAKE,1,Pop,brev,train,3084
seg_003085,sample_01028,Nature Is Over / Defined - Bird Names,FAKE,1,Pop,brev,train,3085
seg_003086,sample_01028,Nature Is Over / Defined - Bird Names,FAKE,1,Pop,brev,train,3086
seg_003087,sample_01029,Nature Is Over / Defined - Bird Names,FAKE,1,Pop,brev,train,3087
seg_003088,sample_01029,Nature Is Over / Defined - Bird Names,FAKE,1,Pop,brev,train,3088
seg_003089,sample_01029,Nature Is Over / Defined - Bird Names,FAKE,1,Pop,brev,train,3089
seg_003090,sample_01030,New Life (take 1) - Bird Names,FAKE,1,Pop,brev,val,3090
seg_003091,sample_01030,New Life (take 1) - Bird Names,FAKE,1,Pop,brev,val,3091
seg_003092,sample_01030,New Life (take 1) - Bird Names,FAKE,1,Pop,brev,val,3092
seg_003093,sample_01031,New Life (take 1) - Bird Names,FAKE,1,Pop,brev,val,3093
seg_003094,sample_01031,New Life (take 1) - Bird Names,FAKE,1,Pop,brev,val,3094
seg_003095,sample_01031,New Life (take 1) - Bird Names,FAKE,1,Pop,brev,val,3095
seg_003096,sample_01032,Norweigian Wood II - Bird Names,FAKE,1,Pop,brev,val,3096
seg_003097,sample_01032,Norweigian Wood II - Bird Names,FAKE,1,Pop,brev,val,3097
seg_003098,sample_01032,Norweigian Wood II - Bird Names,FAKE,1,Pop,brev,val,3098
seg_003099,sample_01033,Norweigian Wood II - Bird Names,FAKE,1,Pop,brev,val,3099
seg_003100,sample_01033,Norweigian Wood II - Bird Names,FAKE,1,Pop,brev,val,3100
seg_003101,sample_01033,Norweigian Wood II - Bird Names,FAKE,1,Pop,brev,val,3101
seg_003102,sample_01034,On My Mind - Ergo Phizmiz,FAKE,1,Pop,brev,train,3102
seg_003103,sample_01034,On My Mind - Ergo Phizmiz,FAKE,1,Pop,brev,train,3103
seg_003104,sample_01034,On My Mind - Ergo Phizmiz,FAKE,1,Pop,brev,train,3104
seg_003105,sample_01035,On My Mind - Ergo Phizmiz,FAKE,1,Pop,brev,train,3105
seg_003106,sample_01035,On My Mind - Ergo Phizmiz,FAKE,1,Pop,brev,train,3106
seg_003107,sample_01035,On My Mind - Ergo Phizmiz,FAKE,1,Pop,brev,train,3107
seg_003108,sample_01036,philcollins takes your hand - Katapulto,FAKE,1,Pop,brev,train,3108
seg_003109,sample_01036,philcollins takes your hand - Katapulto,FAKE,1,Pop,brev,train,3109
seg_003110,sample_01036,philcollins takes your hand - Katapulto,FAKE,1,Pop,brev,train,3110
seg_003111,sample_01037,philcollins takes your hand - Katapulto,FAKE,1,Pop,brev,train,3111
seg_003112,sample_01037,philcollins takes your hand - Katapulto,FAKE,1,Pop,brev,train,3112
seg_003113,sample_01037,philcollins takes your hand - Katapulto,FAKE,1,Pop,brev,train,3113
seg_003114,sample_01038,purity & danger - Katapulto,FAKE,1,Pop,brev,train,3114
seg_003115,sample_01038,purity & danger - Katapulto,FAKE,1,Pop,brev,train,3115
seg_003116,sample_01038,purity & danger - Katapulto,FAKE,1,Pop,brev,train,3116
seg_003117,sample_01039,purity & danger - Katapulto,FAKE,1,Pop,brev,train,3117
seg_003118,sample_01039,purity & danger - Katapulto,FAKE,1,Pop,brev,train,3118
seg_003119,sample_01039,purity & danger - Katapulto,FAKE,1,Pop,brev,train,3119
seg_003120,sample_01040,Roller Star - Monroeville Music Center,FAKE,1,Pop,brev,val,3120
seg_003121,sample_01040,Roller Star - Monroeville Music Center,FAKE,1,Pop,brev,val,3121
seg_003122,sample_01040,Roller Star - Monroeville Music Center,FAKE,1,Pop,brev,val,3122
seg_003123,sample_01041,Roller Star - Monroeville Music Center,FAKE,1,Pop,brev,val,3123
seg_003124,sample_01041,Roller Star - Monroeville Music Center,FAKE,1,Pop,brev,val,3124
seg_003125,sample_01041,Roller Star - Monroeville Music Center,FAKE,1,Pop,brev,val,3125
seg_003126,sample_01042,"Roundtrip - Oh Yeah, the Future",FAKE,1,Pop,brev,val,3126
seg_003127,sample_01042,"Roundtrip - Oh Yeah, the Future",FAKE,1,Pop,brev,val,3127
seg_003128,sample_01042,"Roundtrip - Oh Yeah, the Future",FAKE,1,Pop,brev,val,3128
seg_003129,sample_01043,"Roundtrip - Oh Yeah, the Future",FAKE,1,Pop,brev,val,3129
seg_003130,sample_01043,"Roundtrip - Oh Yeah, the Future",FAKE,1,Pop,brev,val,3130
seg_003131,sample_01043,"Roundtrip - Oh Yeah, the Future",FAKE,1,Pop,brev,val,3131
seg_003132,sample_01044,Shadow Government - Bird Names,FAKE,1,Pop,brev,train,3132
seg_003133,sample_01044,Shadow Government - Bird Names,FAKE,1,Pop,brev,train,3133
seg_003134,sample_01044,Shadow Government - Bird Names,FAKE,1,Pop,brev,train,3134
seg_003135,sample_01045,Shadow Government - Bird Names,FAKE,1,Pop,brev,train,3135
seg_003136,sample_01045,Shadow Government - Bird Names,FAKE,1,Pop,brev,train,3136
seg_003137,sample_01045,Shadow Government - Bird Names,FAKE,1,Pop,brev,train,3137
seg_003138,sample_01046,She Works / Tepid Waters - Bird Names,FAKE,1,Pop,brev,test,3138
seg_003139,sample_01046,She Works / Tepid Waters - Bird Names,FAKE,1,Pop,brev,test,3139
seg_003140,sample_01046,She Works / Tepid Waters - Bird Names,FAKE,1,Pop,brev,test,3140
seg_003141,sample_01047,She Works / Tepid Waters - Bird Names,FAKE,1,Pop,brev,test,3141
seg_003142,sample_01047,She Works / Tepid Waters - Bird Names,FAKE,1,Pop,brev,test,3142
seg_003143,sample_01047,She Works / Tepid Waters - Bird Names,FAKE,1,Pop,brev,test,3143
seg_003144,sample_01048,Soleares&beats - Malaventura,FAKE,1,Pop,brev,val,3144
seg_003145,sample_01048,Soleares&beats - Malaventura,FAKE,1,Pop,brev,val,3145
seg_003146,sample_01048,Soleares&beats - Malaventura,FAKE,1,Pop,brev,val,3146
seg_003147,sample_01049,Soleares&beats - Malaventura,FAKE,1,Pop,brev,val,3147
seg_003148,sample_01049,Soleares&beats - Malaventura,FAKE,1,Pop,brev,val,3148
seg_003149,sample_01049,Soleares&beats - Malaventura,FAKE,1,Pop,brev,val,3149
seg_003150,sample_01050,Something Dirty - Ergo Phizmiz,FAKE,1,Pop,brev,test,3150
seg_003151,sample_01050,Something Dirty - Ergo Phizmiz,FAKE,1,Pop,brev,test,3151
seg_003152,sample_01050,Something Dirty - Ergo Phizmiz,FAKE,1,Pop,brev,test,3152
seg_003153,sample_01051,Something Dirty - Ergo Phizmiz,FAKE,1,Pop,brev,test,3153
seg_003154,sample_01051,Something Dirty - Ergo Phizmiz,FAKE,1,Pop,brev,test,3154
seg_003155,sample_01051,Something Dirty - Ergo Phizmiz,FAKE,1,Pop,brev,test,3155
seg_003156,sample_01052,Spanish BEEEYYAAACHHH - Malaventura,FAKE,1,Pop,brev,train,3156
seg_003157,sample_01052,Spanish BEEEYYAAACHHH - Malaventura,FAKE,1,Pop,brev,train,3157
seg_003158,sample_01052,Spanish BEEEYYAAACHHH - Malaventura,FAKE,1,Pop,brev,train,3158
seg_003159,sample_01053,Spanish BEEEYYAAACHHH - Malaventura,FAKE,1,Pop,brev,train,3159
seg_003160,sample_01053,Spanish BEEEYYAAACHHH - Malaventura,FAKE,1,Pop,brev,train,3160
seg_003161,sample_01053,Spanish BEEEYYAAACHHH - Malaventura,FAKE,1,Pop,brev,train,3161
seg_003162,sample_01054,Stockholm Syndrome / People Should Be More Aware - Bird Names,FAKE,1,Pop,brev,val,3162
seg_003163,sample_01054,Stockholm Syndrome / People Should Be More Aware - Bird Names,FAKE,1,Pop,brev,val,3163
seg_003164,sample_01054,Stockholm Syndrome / People Should Be More Aware - Bird Names,FAKE,1,Pop,brev,val,3164
seg_003165,sample_01055,Stockholm Syndrome / People Should Be More Aware - Bird Names,FAKE,1,Pop,brev,val,3165
seg_003166,sample_01055,Stockholm Syndrome / People Should Be More Aware - Bird Names,FAKE,1,Pop,brev,val,3166
seg_003167,sample_01055,Stockholm Syndrome / People Should Be More Aware - Bird Names,FAKE,1,Pop,brev,val,3167
seg_003168,sample_01056,The Cave of Time - Monroeville Music Center,FAKE,1,Pop,brev,train,3168
seg_003169,sample_01056,The Cave of Time - Monroeville Music Center,FAKE,1,Pop,brev,train,3169
seg_003170,sample_01056,The Cave of Time - Monroeville Music Center,FAKE,1,Pop,brev,train,3170
seg_003171,sample_01057,The Cave of Time - Monroeville Music Center,FAKE,1,Pop,brev,train,3171
seg_003172,sample_01057,The Cave of Time - Monroeville Music Center,FAKE,1,Pop,brev,train,3172
seg_003173,sample_01057,The Cave of Time - Monroeville Music Center,FAKE,1,Pop,brev,train,3173
seg_003174,sample_01058,The Coldest Winter - Caleb Lemond,FAKE,1,Pop,brev,train,3174
seg_003175,sample_01058,The Coldest Winter - Caleb Lemond,FAKE,1,Pop,brev,train,3175
seg_003176,sample_01058,The Coldest Winter - Caleb Lemond,FAKE,1,Pop,brev,train,3176
seg_003177,sample_01059,The Coldest Winter - Caleb Lemond,FAKE,1,Pop,brev,train,3177
seg_003178,sample_01059,The Coldest Winter - Caleb Lemond,FAKE,1,Pop,brev,train,3178
seg_003179,sample_01059,The Coldest Winter - Caleb Lemond,FAKE,1,Pop,brev,train,3179
seg_003180,sample_01060,The Dream and the Dreamer - Caleb Lemond,FAKE,1,Pop,brev,train,3180
seg_003181,sample_01060,The Dream and the Dreamer - Caleb Lemond,FAKE,1,Pop,brev,train,3181
seg_003182,sample_01060,The Dream and the Dreamer - Caleb Lemond,FAKE,1,Pop,brev,train,3182
seg_003183,sample_01061,The Dream and the Dreamer - Caleb Lemond,FAKE,1,Pop,brev,train,3183
seg_003184,sample_01061,The Dream and the Dreamer - Caleb Lemond,FAKE,1,Pop,brev,train,3184
seg_003185,sample_01061,The Dream and the Dreamer - Caleb Lemond,FAKE,1,Pop,brev,train,3185
seg_003186,sample_01062,The plot - Malaventura,FAKE,1,Pop,brev,train,3186
seg_003187,sample_01062,The plot - Malaventura,FAKE,1,Pop,brev,train,3187
seg_003188,sample_01062,The plot - Malaventura,FAKE,1,Pop,brev,train,3188
seg_003189,sample_01063,The plot - Malaventura,FAKE,1,Pop,brev,train,3189
seg_003190,sample_01063,The plot - Malaventura,FAKE,1,Pop,brev,train,3190
seg_003191,sample_01063,The plot - Malaventura,FAKE,1,Pop,brev,train,3191
seg_003192,sample_01064,The Race Forever - Monroeville Music Center,FAKE,1,Pop,brev,train,3192
seg_003193,sample_01064,The Race Forever - Monroeville Music Center,FAKE,1,Pop,brev,train,3193
seg_003194,sample_01064,The Race Forever - Monroeville Music Center,FAKE,1,Pop,brev,train,3194
seg_003195,sample_01065,The Race Forever - Monroeville Music Center,FAKE,1,Pop,brev,train,3195
seg_003196,sample_01065,The Race Forever - Monroeville Music Center,FAKE,1,Pop,brev,train,3196
seg_003197,sample_01065,The Race Forever - Monroeville Music Center,FAKE,1,Pop,brev,train,3197
seg_003198,sample_01066,The Reality Machine - Monroeville Music Center,FAKE,1,Pop,brev,train,3198
seg_003199,sample_01066,The Reality Machine - Monroeville Music Center,FAKE,1,Pop,brev,train,3199
seg_003200,sample_01066,The Reality Machine - Monroeville Music Center,FAKE,1,Pop,brev,train,3200
seg_003201,sample_01067,The Reality Machine - Monroeville Music Center,FAKE,1,Pop,brev,train,3201
seg_003202,sample_01067,The Reality Machine - Monroeville Music Center,FAKE,1,Pop,brev,train,3202
seg_003203,sample_01067,The Reality Machine - Monroeville Music Center,FAKE,1,Pop,brev,train,3203
seg_003204,sample_01068,Time Is Love - Silence is full of birds,FAKE,1,Pop,brev,val,3204
seg_003205,sample_01068,Time Is Love - Silence is full of birds,FAKE,1,Pop,brev,val,3205
seg_003206,sample_01068,Time Is Love - Silence is full of birds,FAKE,1,Pop,brev,val,3206
seg_003207,sample_01069,Time Is Love - Silence is full of birds,FAKE,1,Pop,brev,val,3207
seg_003208,sample_01069,Time Is Love - Silence is full of birds,FAKE,1,Pop,brev,val,3208
seg_003209,sample_01069,Time Is Love - Silence is full of birds,FAKE,1,Pop,brev,val,3209
seg_003210,sample_01070,Troubles I've seen - Malaventura,FAKE,1,Pop,brev,test,3210
seg_003211,sample_01070,Troubles I've seen - Malaventura,FAKE,1,Pop,brev,test,3211
seg_003212,sample_01070,Troubles I've seen - Malaventura,FAKE,1,Pop,brev,test,3212
seg_003213,sample_01071,Troubles I've seen - Malaventura,FAKE,1,Pop,brev,test,3213
seg_003214,sample_01071,Troubles I've seen - Malaventura,FAKE,1,Pop,brev,test,3214
seg_003215,sample_01071,Troubles I've seen - Malaventura,FAKE,1,Pop,brev,test,3215
seg_003216,sample_01072,We Are Canucks - David Blair,FAKE,1,Pop,brev,train,3216
seg_003217,sample_01072,We Are Canucks - David Blair,FAKE,1,Pop,brev,train,3217
seg_003218,sample_01072,We Are Canucks - David Blair,FAKE,1,Pop,brev,train,3218
seg_003219,sample_01073,We Are Canucks - David Blair,FAKE,1,Pop,brev,train,3219
seg_003220,sample_01073,We Are Canucks - David Blair,FAKE,1,Pop,brev,train,3220
seg_003221,sample_01073,We Are Canucks - David Blair,FAKE,1,Pop,brev,train,3221
seg_003222,sample_01074,Yoko live at FoEG - Emma Acs,FAKE,1,Pop,brev,train,3222
seg_003223,sample_01074,Yoko live at FoEG - Emma Acs,FAKE,1,Pop,brev,train,3223
seg_003224,sample_01074,Yoko live at FoEG - Emma Acs,FAKE,1,Pop,brev,train,3224
seg_003225,sample_01075,Yoko live at FoEG - Emma Acs,FAKE,1,Pop,brev,train,3225
seg_003226,sample_01075,Yoko live at FoEG - Emma Acs,FAKE,1,Pop,brev,train,3226
seg_003227,sample_01075,Yoko live at FoEG - Emma Acs,FAKE,1,Pop,brev,train,3227
seg_003228,sample_01076,You Are A Monster - Monroeville Music Center,FAKE,1,Pop,brev,train,3228
seg_003229,sample_01076,You Are A Monster - Monroeville Music Center,FAKE,1,Pop,brev,train,3229
seg_003230,sample_01076,You Are A Monster - Monroeville Music Center,FAKE,1,Pop,brev,train,3230
seg_003231,sample_01077,You Are A Monster - Monroeville Music Center,FAKE,1,Pop,brev,train,3231
seg_003232,sample_01077,You Are A Monster - Monroeville Music Center,FAKE,1,Pop,brev,train,3232
seg_003233,sample_01077,You Are A Monster - Monroeville Music Center,FAKE,1,Pop,brev,train,3233
seg_003234,sample_01078,zero rhythm dollar boy - Katapulto,FAKE,1,Pop,brev,train,3234
seg_003235,sample_01078,zero rhythm dollar boy - Katapulto,FAKE,1,Pop,brev,train,3235
seg_003236,sample_01078,zero rhythm dollar boy - Katapulto,FAKE,1,Pop,brev,train,3236
seg_003237,sample_01079,zero rhythm dollar boy - Katapulto,FAKE,1,Pop,brev,train,3237
seg_003238,sample_01079,zero rhythm dollar boy - Katapulto,FAKE,1,Pop,brev,train,3238
seg_003239,sample_01079,zero rhythm dollar boy - Katapulto,FAKE,1,Pop,brev,train,3239
seg_003240,sample_01080,"November 25, 2007 - Kenneth Kirschner",FAKE,1,Electronic,brev,train,3240
seg_003241,sample_01080,"November 25, 2007 - Kenneth Kirschner",FAKE,1,Electronic,brev,train,3241
seg_003242,sample_01080,"November 25, 2007 - Kenneth Kirschner",FAKE,1,Electronic,brev,train,3242
seg_003243,sample_01081,1984 - Punk Rock Opera,FAKE,1,Rock,brev,train,3243
seg_003244,sample_01081,1984 - Punk Rock Opera,FAKE,1,Rock,brev,train,3244
seg_003245,sample_01081,1984 - Punk Rock Opera,FAKE,1,Rock,brev,train,3245
seg_003246,sample_01082,2 (Wasn't There) - Isle of Pine,FAKE,1,Rock,brev,val,3246
seg_003247,sample_01082,2 (Wasn't There) - Isle of Pine,FAKE,1,Rock,brev,val,3247
seg_003248,sample_01082,2 (Wasn't There) - Isle of Pine,FAKE,1,Rock,brev,val,3248
seg_003249,sample_01083,2 (Wasn't There) - Isle of Pine,FAKE,1,Rock,brev,val,3249
seg_003250,sample_01083,2 (Wasn't There) - Isle of Pine,FAKE,1,Rock,brev,val,3250
seg_003251,sample_01083,2 (Wasn't There) - Isle of Pine,FAKE,1,Rock,brev,val,3251
seg_003252,sample_01084,Attention - Pete Prodoehl,FAKE,1,Rock,brev,test,3252
seg_003253,sample_01084,Attention - Pete Prodoehl,FAKE,1,Rock,brev,test,3253
seg_003254,sample_01084,Attention - Pete Prodoehl,FAKE,1,Rock,brev,test,3254
seg_003255,sample_01085,Attention - Pete Prodoehl,FAKE,1,Rock,brev,test,3255
seg_003256,sample_01085,Attention - Pete Prodoehl,FAKE,1,Rock,brev,test,3256
seg_003257,sample_01085,Attention - Pete Prodoehl,FAKE,1,Rock,brev,test,3257
seg_003258,sample_01086,Colossal Stillness - Scott Holmes,FAKE,1,Rock,brev,train,3258
seg_003259,sample_01086,Colossal Stillness - Scott Holmes,FAKE,1,Rock,brev,train,3259
seg_003260,sample_01086,Colossal Stillness - Scott Holmes,FAKE,1,Rock,brev,train,3260
seg_003261,sample_01087,Colossal Stillness - Scott Holmes,FAKE,1,Rock,brev,train,3261
seg_003262,sample_01087,Colossal Stillness - Scott Holmes,FAKE,1,Rock,brev,train,3262
seg_003263,sample_01087,Colossal Stillness - Scott Holmes,FAKE,1,Rock,brev,train,3263
seg_003264,sample_01088,Crossing - Los Llamarada,FAKE,1,Rock,brev,train,3264
seg_003265,sample_01088,Crossing - Los Llamarada,FAKE,1,Rock,brev,train,3265
seg_003266,sample_01088,Crossing - Los Llamarada,FAKE,1,Rock,brev,train,3266
seg_003267,sample_01089,Crossing - Los Llamarada,FAKE,1,Rock,brev,train,3267
seg_003268,sample_01089,Crossing - Los Llamarada,FAKE,1,Rock,brev,train,3268
seg_003269,sample_01089,Crossing - Los Llamarada,FAKE,1,Rock,brev,train,3269
seg_003270,sample_01090,Digital Lightning - Cloudkicker,FAKE,1,Rock,brev,train,3270
seg_003271,sample_01090,Digital Lightning - Cloudkicker,FAKE,1,Rock,brev,train,3271
seg_003272,sample_01090,Digital Lightning - Cloudkicker,FAKE,1,Rock,brev,train,3272
seg_003273,sample_01091,Digital Lightning - Cloudkicker,FAKE,1,Rock,brev,train,3273
seg_003274,sample_01091,Digital Lightning - Cloudkicker,FAKE,1,Rock,brev,train,3274
seg_003275,sample_01091,Digital Lightning - Cloudkicker,FAKE,1,Rock,brev,train,3275
seg_003276,sample_01092,Empty Pockets - Pete Prodoehl,FAKE,1,Rock,brev,val,3276
seg_003277,sample_01092,Empty Pockets - Pete Prodoehl,FAKE,1,Rock,brev,val,3277
seg_003278,sample_01092,Empty Pockets - Pete Prodoehl,FAKE,1,Rock,brev,val,3278
seg_003279,sample_01093,Empty Pockets - Pete Prodoehl,FAKE,1,Rock,brev,val,3279
seg_003280,sample_01093,Empty Pockets - Pete Prodoehl,FAKE,1,Rock,brev,val,3280
seg_003281,sample_01093,Empty Pockets - Pete Prodoehl,FAKE,1,Rock,brev,val,3281
seg_003282,sample_01094,Forest Silence - Serpentarivm,FAKE,1,Rock,brev,train,3282
seg_003283,sample_01094,Forest Silence - Serpentarivm,FAKE,1,Rock,brev,train,3283
seg_003284,sample_01094,Forest Silence - Serpentarivm,FAKE,1,Rock,brev,train,3284
seg_003285,sample_01095,Forest Silence - Serpentarivm,FAKE,1,Rock,brev,train,3285
seg_003286,sample_01095,Forest Silence - Serpentarivm,FAKE,1,Rock,brev,train,3286
seg_003287,sample_01095,Forest Silence - Serpentarivm,FAKE,1,Rock,brev,train,3287
seg_003288,sample_01096,Formic Acid for Blood - Punk Rock Opera,FAKE,1,Rock,brev,train,3288
seg_003289,sample_01096,Formic Acid for Blood - Punk Rock Opera,FAKE,1,Rock,brev,train,3289
seg_003290,sample_01096,Formic Acid for Blood - Punk Rock Opera,FAKE,1,Rock,brev,train,3290
seg_003291,sample_01097,Formic Acid for Blood - Punk Rock Opera,FAKE,1,Rock,brev,train,3291
seg_003292,sample_01097,Formic Acid for Blood - Punk Rock Opera,FAKE,1,Rock,brev,train,3292
seg_003293,sample_01097,Formic Acid for Blood - Punk Rock Opera,FAKE,1,Rock,brev,train,3293
seg_003294,sample_01098,Gila Monster Flop/Music History Lesson:The Sonics - The Crypts!,FAKE,1,Rock,brev,val,3294
seg_003295,sample_01098,Gila Monster Flop/Music History Lesson:The Sonics - The Crypts!,FAKE,1,Rock,brev,val,3295
seg_003296,sample_01098,Gila Monster Flop/Music History Lesson:The Sonics - The Crypts!,FAKE,1,Rock,brev,val,3296
seg_003297,sample_01099,Gila Monster Flop/Music History Lesson:The Sonics - The Crypts!,FAKE,1,Rock,brev,val,3297
seg_003298,sample_01099,Gila Monster Flop/Music History Lesson:The Sonics - The Crypts!,FAKE,1,Rock,brev,val,3298
seg_003299,sample_01099,Gila Monster Flop/Music History Lesson:The Sonics - The Crypts!,FAKE,1,Rock,brev,val,3299
seg_003300,sample_01100,"Head of Ancante, Talking Tree - Ak'chamel, The Giver of Illness",FAKE,1,Rock,brev,test,3300
seg_003301,sample_01100,"Head of Ancante, Talking Tree - Ak'chamel, The Giver of Illness",FAKE,1,Rock,brev,test,3301
seg_003302,sample_01100,"Head of Ancante, Talking Tree - Ak'chamel, The Giver of Illness",FAKE,1,Rock,brev,test,3302
seg_003303,sample_01101,"Head of Ancante, Talking Tree - Ak'chamel, The Giver of Illness",FAKE,1,Rock,brev,test,3303
seg_003304,sample_01101,"Head of Ancante, Talking Tree - Ak'chamel, The Giver of Illness",FAKE,1,Rock,brev,test,3304
seg_003305,sample_01101,"Head of Ancante, Talking Tree - Ak'chamel, The Giver of Illness",FAKE,1,Rock,brev,test,3305
seg_003306,sample_01102,I Dream So Vividly - Uninhabitable Mansions,FAKE,1,Rock,brev,train,3306
seg_003307,sample_01102,I Dream So Vividly - Uninhabitable Mansions,FAKE,1,Rock,brev,train,3307
seg_003308,sample_01102,I Dream So Vividly - Uninhabitable Mansions,FAKE,1,Rock,brev,train,3308
seg_003309,sample_01103,I Dream So Vividly - Uninhabitable Mansions,FAKE,1,Rock,brev,train,3309
seg_003310,sample_01103,I Dream So Vividly - Uninhabitable Mansions,FAKE,1,Rock,brev,train,3310
seg_003311,sample_01103,I Dream So Vividly - Uninhabitable Mansions,FAKE,1,Rock,brev,train,3311
seg_003312,sample_01104,I Fell - Mod Fun,FAKE,1,Rock,brev,val,3312
seg_003313,sample_01104,I Fell - Mod Fun,FAKE,1,Rock,brev,val,3313
seg_003314,sample_01104,I Fell - Mod Fun,FAKE,1,Rock,brev,val,3314
seg_003315,sample_01105,I Fell - Mod Fun,FAKE,1,Rock,brev,val,3315
seg_003316,sample_01105,I Fell - Mod Fun,FAKE,1,Rock,brev,val,3316
seg_003317,sample_01105,I Fell - Mod Fun,FAKE,1,Rock,brev,val,3317
seg_003318,sample_01106,Infinite Light - Pipe Choir,FAKE,1,Rock,brev,train,3318
seg_003319,sample_01106,Infinite Light - Pipe Choir,FAKE,1,Rock,brev,train,3319
seg_003320,sample_01106,Infinite Light - Pipe Choir,FAKE,1,Rock,brev,train,3320
seg_003321,sample_01107,Infinite Light - Pipe Choir,FAKE,1,Rock,brev,train,3321
seg_003322,sample_01107,Infinite Light - Pipe Choir,FAKE,1,Rock,brev,train,3322
seg_003323,sample_01107,Infinite Light - Pipe Choir,FAKE,1,Rock,brev,train,3323
seg_003324,sample_01108,I - Inflammator,FAKE,1,Rock,brev,test,3324
seg_003325,sample_01108,I - Inflammator,FAKE,1,Rock,brev,test,3325
seg_003326,sample_01108,I - Inflammator,FAKE,1,Rock,brev,test,3326
seg_003327,sample_01109,I - Inflammator,FAKE,1,Rock,brev,test,3327
seg_003328,sample_01109,I - Inflammator,FAKE,1,Rock,brev,test,3328
seg_003329,sample_01109,I - Inflammator,FAKE,1,Rock,brev,test,3329
seg_003330,sample_01110,Johnny I Lie - The Moi Non Plus,FAKE,1,Rock,brev,train,3330
seg_003331,sample_01110,Johnny I Lie - The Moi Non Plus,FAKE,1,Rock,brev,train,3331
seg_003332,sample_01110,Johnny I Lie - The Moi Non Plus,FAKE,1,Rock,brev,train,3332
seg_003333,sample_01111,Johnny I Lie - The Moi Non Plus,FAKE,1,Rock,brev,train,3333
seg_003334,sample_01111,Johnny I Lie - The Moi Non Plus,FAKE,1,Rock,brev,train,3334
seg_003335,sample_01111,Johnny I Lie - The Moi Non Plus,FAKE,1,Rock,brev,train,3335
seg_003336,sample_01112,KOMFORT - voyageurs,FAKE,1,Rock,brev,train,3336
seg_003337,sample_01112,KOMFORT - voyageurs,FAKE,1,Rock,brev,train,3337
seg_003338,sample_01112,KOMFORT - voyageurs,FAKE,1,Rock,brev,train,3338
seg_003339,sample_01113,KOMFORT - voyageurs,FAKE,1,Rock,brev,train,3339
seg_003340,sample_01113,KOMFORT - voyageurs,FAKE,1,Rock,brev,train,3340
seg_003341,sample_01113,KOMFORT - voyageurs,FAKE,1,Rock,brev,train,3341
seg_003342,sample_01114,LIQUID SKULLS - voyageurs,FAKE,1,Rock,brev,test,3342
seg_003343,sample_01114,LIQUID SKULLS - voyageurs,FAKE,1,Rock,brev,test,3343
seg_003344,sample_01114,LIQUID SKULLS - voyageurs,FAKE,1,Rock,brev,test,3344
seg_003345,sample_01115,LIQUID SKULLS - voyageurs,FAKE,1,Rock,brev,test,3345
seg_003346,sample_01115,LIQUID SKULLS - voyageurs,FAKE,1,Rock,brev,test,3346
seg_003347,sample_01115,LIQUID SKULLS - voyageurs,FAKE,1,Rock,brev,test,3347
seg_003348,sample_01116,Lost Paradise - Autumn Interlude,FAKE,1,Rock,brev,train,3348
seg_003349,sample_01116,Lost Paradise - Autumn Interlude,FAKE,1,Rock,brev,train,3349
seg_003350,sample_01116,Lost Paradise - Autumn Interlude,FAKE,1,Rock,brev,train,3350
seg_003351,sample_01117,Lost Paradise - Autumn Interlude,FAKE,1,Rock,brev,train,3351
seg_003352,sample_01117,Lost Paradise - Autumn Interlude,FAKE,1,Rock,brev,train,3352
seg_003353,sample_01117,Lost Paradise - Autumn Interlude,FAKE,1,Rock,brev,train,3353
seg_003354,sample_01118,Love Dream - The Zombie Dandies,FAKE,1,Rock,brev,test,3354
seg_003355,sample_01118,Love Dream - The Zombie Dandies,FAKE,1,Rock,brev,test,3355
seg_003356,sample_01118,Love Dream - The Zombie Dandies,FAKE,1,Rock,brev,test,3356
seg_003357,sample_01119,Love Dream - The Zombie Dandies,FAKE,1,Rock,brev,test,3357
seg_003358,sample_01119,Love Dream - The Zombie Dandies,FAKE,1,Rock,brev,test,3358
seg_003359,sample_01119,Love Dream - The Zombie Dandies,FAKE,1,Rock,brev,test,3359
seg_003360,sample_01120,March of the GPA Mechanics - [t]ghost,FAKE,1,Rock,brev,val,3360
seg_003361,sample_01120,March of the GPA Mechanics - [t]ghost,FAKE,1,Rock,brev,val,3361
seg_003362,sample_01120,March of the GPA Mechanics - [t]ghost,FAKE,1,Rock,brev,val,3362
seg_003363,sample_01121,March of the GPA Mechanics - [t]ghost,FAKE,1,Rock,brev,val,3363
seg_003364,sample_01121,March of the GPA Mechanics - [t]ghost,FAKE,1,Rock,brev,val,3364
seg_003365,sample_01121,March of the GPA Mechanics - [t]ghost,FAKE,1,Rock,brev,val,3365
seg_003366,sample_01122,Mettle - Pipe Choir,FAKE,1,Rock,brev,train,3366
seg_003367,sample_01122,Mettle - Pipe Choir,FAKE,1,Rock,brev,train,3367
seg_003368,sample_01122,Mettle - Pipe Choir,FAKE,1,Rock,brev,train,3368
seg_003369,sample_01123,Mettle - Pipe Choir,FAKE,1,Rock,brev,train,3369
seg_003370,sample_01123,Mettle - Pipe Choir,FAKE,1,Rock,brev,train,3370
seg_003371,sample_01123,Mettle - Pipe Choir,FAKE,1,Rock,brev,train,3371
seg_003372,sample_01124,Millitary Industrial Complex - Punk Rock Opera,FAKE,1,Rock,brev,train,3372
seg_003373,sample_01124,Millitary Industrial Complex - Punk Rock Opera,FAKE,1,Rock,brev,train,3373
seg_003374,sample_01124,Millitary Industrial Complex - Punk Rock Opera,FAKE,1,Rock,brev,train,3374
seg_003375,sample_01125,Millitary Industrial Complex - Punk Rock Opera,FAKE,1,Rock,brev,train,3375
seg_003376,sample_01125,Millitary Industrial Complex - Punk Rock Opera,FAKE,1,Rock,brev,train,3376
seg_003377,sample_01125,Millitary Industrial Complex - Punk Rock Opera,FAKE,1,Rock,brev,train,3377
seg_003378,sample_01126,Mountain Mist - Modey Lemon,FAKE,1,Rock,brev,train,3378
seg_003379,sample_01126,Mountain Mist - Modey Lemon,FAKE,1,Rock,brev,train,3379
seg_003380,sample_01126,Mountain Mist - Modey Lemon,FAKE,1,Rock,brev,train,3380
seg_003381,sample_01127,Mountain Mist - Modey Lemon,FAKE,1,Rock,brev,train,3381
seg_003382,sample_01127,Mountain Mist - Modey Lemon,FAKE,1,Rock,brev,train,3382
seg_003383,sample_01127,Mountain Mist - Modey Lemon,FAKE,1,Rock,brev,train,3383
seg_003384,sample_01128,I - Nocturnal Mayhem,FAKE,1,Rock,brev,train,3384
seg_003385,sample_01128,I - Nocturnal Mayhem,FAKE,1,Rock,brev,train,3385
seg_003386,sample_01128,I - Nocturnal Mayhem,FAKE,1,Rock,brev,train,3386
seg_003387,sample_01129,I - Nocturnal Mayhem,FAKE,1,Rock,brev,train,3387
seg_003388,sample_01129,I - Nocturnal Mayhem,FAKE,1,Rock,brev,train,3388
seg_003389,sample_01129,I - Nocturnal Mayhem,FAKE,1,Rock,brev,train,3389
seg_003390,sample_01130,Nose - DUSTdevils,FAKE,1,Rock,brev,train,3390
seg_003391,sample_01130,Nose - DUSTdevils,FAKE,1,Rock,brev,train,3391
seg_003392,sample_01130,Nose - DUSTdevils,FAKE,1,Rock,brev,train,3392
seg_003393,sample_01131,Nose - DUSTdevils,FAKE,1,Rock,brev,train,3393
seg_003394,sample_01131,Nose - DUSTdevils,FAKE,1,Rock,brev,train,3394
seg_003395,sample_01131,Nose - DUSTdevils,FAKE,1,Rock,brev,train,3395
seg_003396,sample_01132,One Eyed Ghost/This is gonna be a rough show - The Crypts!,FAKE,1,Rock,brev,train,3396
seg_003397,sample_01132,One Eyed Ghost/This is gonna be a rough show - The Crypts!,FAKE,1,Rock,brev,train,3397
seg_003398,sample_01132,One Eyed Ghost/This is gonna be a rough show - The Crypts!,FAKE,1,Rock,brev,train,3398
seg_003399,sample_01133,One Eyed Ghost/This is gonna be a rough show - The Crypts!,FAKE,1,Rock,brev,train,3399
seg_003400,sample_01133,One Eyed Ghost/This is gonna be a rough show - The Crypts!,FAKE,1,Rock,brev,train,3400
seg_003401,sample_01133,One Eyed Ghost/This is gonna be a rough show - The Crypts!,FAKE,1,Rock,brev,train,3401
seg_003402,sample_01134,Roach-Man - Punk Rock Opera,FAKE,1,Rock,brev,train,3402
seg_003403,sample_01134,Roach-Man - Punk Rock Opera,FAKE,1,Rock,brev,train,3403
seg_003404,sample_01134,Roach-Man - Punk Rock Opera,FAKE,1,Rock,brev,train,3404
seg_003405,sample_01135,Roach-Man - Punk Rock Opera,FAKE,1,Rock,brev,train,3405
seg_003406,sample_01135,Roach-Man - Punk Rock Opera,FAKE,1,Rock,brev,train,3406
seg_003407,sample_01135,Roach-Man - Punk Rock Opera,FAKE,1,Rock,brev,train,3407
seg_003408,sample_01136,Robocall - Legally Blind,FAKE,1,Rock,brev,train,3408
seg_003409,sample_01136,Robocall - Legally Blind,FAKE,1,Rock,brev,train,3409
seg_003410,sample_01136,Robocall - Legally Blind,FAKE,1,Rock,brev,train,3410
seg_003411,sample_01137,Robocall - Legally Blind,FAKE,1,Rock,brev,train,3411
seg_003412,sample_01137,Robocall - Legally Blind,FAKE,1,Rock,brev,train,3412
seg_003413,sample_01137,Robocall - Legally Blind,FAKE,1,Rock,brev,train,3413
seg_003414,sample_01138,Roland Garros 2048 - Zoliborz,FAKE,1,Rock,brev,train,3414
seg_003415,sample_01138,Roland Garros 2048 - Zoliborz,FAKE,1,Rock,brev,train,3415
seg_003416,sample_01138,Roland Garros 2048 - Zoliborz,FAKE,1,Rock,brev,train,3416
seg_003417,sample_01139,Roland Garros 2048 - Zoliborz,FAKE,1,Rock,brev,train,3417
seg_003418,sample_01139,Roland Garros 2048 - Zoliborz,FAKE,1,Rock,brev,train,3418
seg_003419,sample_01139,Roland Garros 2048 - Zoliborz,FAKE,1,Rock,brev,train,3419
seg_003420,sample_01140,Scramby Eggs - Andy G. Cohen,FAKE,1,Rock,brev,val,3420
seg_003421,sample_01140,Scramby Eggs - Andy G. Cohen,FAKE,1,Rock,brev,val,3421
seg_003422,sample_01140,Scramby Eggs - Andy G. Cohen,FAKE,1,Rock,brev,val,3422
seg_003423,sample_01141,Scramby Eggs - Andy G. Cohen,FAKE,1,Rock,brev,val,3423
seg_003424,sample_01141,Scramby Eggs - Andy G. Cohen,FAKE,1,Rock,brev,val,3424
seg_003425,sample_01141,Scramby Eggs - Andy G. Cohen,FAKE,1,Rock,brev,val,3425
seg_003426,sample_01142,Sea Monster - The Crypts!,FAKE,1,Rock,brev,train,3426
seg_003427,sample_01142,Sea Monster - The Crypts!,FAKE,1,Rock,brev,train,3427
seg_003428,sample_01142,Sea Monster - The Crypts!,FAKE,1,Rock,brev,train,3428
seg_003429,sample_01143,Sea Monster - The Crypts!,FAKE,1,Rock,brev,train,3429
seg_003430,sample_01143,Sea Monster - The Crypts!,FAKE,1,Rock,brev,train,3430
seg_003431,sample_01143,Sea Monster - The Crypts!,FAKE,1,Rock,brev,train,3431
seg_003432,sample_01144,Sfogare Il Dissenso - Deiezione HC,FAKE,1,Rock,brev,test,3432
seg_003433,sample_01144,Sfogare Il Dissenso - Deiezione HC,FAKE,1,Rock,brev,test,3433
seg_003434,sample_01144,Sfogare Il Dissenso - Deiezione HC,FAKE,1,Rock,brev,test,3434
seg_003435,sample_01145,Sfogare Il Dissenso - Deiezione HC,FAKE,1,Rock,brev,test,3435
seg_003436,sample_01145,Sfogare Il Dissenso - Deiezione HC,FAKE,1,Rock,brev,test,3436
seg_003437,sample_01145,Sfogare Il Dissenso - Deiezione HC,FAKE,1,Rock,brev,test,3437
seg_003438,sample_01146,Snakefirewalking - Los Llamarada,FAKE,1,Rock,brev,train,3438
seg_003439,sample_01146,Snakefirewalking - Los Llamarada,FAKE,1,Rock,brev,train,3439
seg_003440,sample_01146,Snakefirewalking - Los Llamarada,FAKE,1,Rock,brev,train,3440
seg_003441,sample_01147,Snakefirewalking - Los Llamarada,FAKE,1,Rock,brev,train,3441
seg_003442,sample_01147,Snakefirewalking - Los Llamarada,FAKE,1,Rock,brev,train,3442
seg_003443,sample_01147,Snakefirewalking - Los Llamarada,FAKE,1,Rock,brev,train,3443
seg_003444,sample_01148,Soul of the Demon - Zombie Raiders,FAKE,1,Rock,brev,train,3444
seg_003445,sample_01148,Soul of the Demon - Zombie Raiders,FAKE,1,Rock,brev,train,3445
seg_003446,sample_01148,Soul of the Demon - Zombie Raiders,FAKE,1,Rock,brev,train,3446
seg_003447,sample_01149,Soul of the Demon - Zombie Raiders,FAKE,1,Rock,brev,train,3447
seg_003448,sample_01149,Soul of the Demon - Zombie Raiders,FAKE,1,Rock,brev,train,3448
seg_003449,sample_01149,Soul of the Demon - Zombie Raiders,FAKE,1,Rock,brev,train,3449
seg_003450,sample_01150,Stranger - Frigg A Go Go (F.A.G.G.),FAKE,1,Rock,brev,train,3450
seg_003451,sample_01150,Stranger - Frigg A Go Go (F.A.G.G.),FAKE,1,Rock,brev,train,3451
seg_003452,sample_01150,Stranger - Frigg A Go Go (F.A.G.G.),FAKE,1,Rock,brev,train,3452
seg_003453,sample_01151,Stranger - Frigg A Go Go (F.A.G.G.),FAKE,1,Rock,brev,train,3453
seg_003454,sample_01151,Stranger - Frigg A Go Go (F.A.G.G.),FAKE,1,Rock,brev,train,3454
seg_003455,sample_01151,Stranger - Frigg A Go Go (F.A.G.G.),FAKE,1,Rock,brev,train,3455
seg_003456,sample_01152,Stuttgart - Portrayal,FAKE,1,Rock,brev,test,3456
seg_003457,sample_01152,Stuttgart - Portrayal,FAKE,1,Rock,brev,test,3457
seg_003458,sample_01152,Stuttgart - Portrayal,FAKE,1,Rock,brev,test,3458
seg_003459,sample_01153,Stuttgart - Portrayal,FAKE,1,Rock,brev,test,3459
seg_003460,sample_01153,Stuttgart - Portrayal,FAKE,1,Rock,brev,test,3460
seg_003461,sample_01153,Stuttgart - Portrayal,FAKE,1,Rock,brev,test,3461
seg_003462,sample_01154,Terve Teille - Чокнутый Пропеллер,FAKE,1,Rock,brev,test,3462
seg_003463,sample_01154,Terve Teille - Чокнутый Пропеллер,FAKE,1,Rock,brev,test,3463
seg_003464,sample_01154,Terve Teille - Чокнутый Пропеллер,FAKE,1,Rock,brev,test,3464
seg_003465,sample_01155,Terve Teille - Чокнутый Пропеллер,FAKE,1,Rock,brev,test,3465
seg_003466,sample_01155,Terve Teille - Чокнутый Пропеллер,FAKE,1,Rock,brev,test,3466
seg_003467,sample_01155,Terve Teille - Чокнутый Пропеллер,FAKE,1,Rock,brev,test,3467
seg_003468,sample_01156,The Contract - The IMG,FAKE,1,Rock,brev,train,3468
seg_003469,sample_01156,The Contract - The IMG,FAKE,1,Rock,brev,train,3469
seg_003470,sample_01156,The Contract - The IMG,FAKE,1,Rock,brev,train,3470
seg_003471,sample_01157,The Contract - The IMG,FAKE,1,Rock,brev,train,3471
seg_003472,sample_01157,The Contract - The IMG,FAKE,1,Rock,brev,train,3472
seg_003473,sample_01157,The Contract - The IMG,FAKE,1,Rock,brev,train,3473
seg_003474,sample_01158,The girl just faded - Los Llamarada,FAKE,1,Rock,brev,val,3474
seg_003475,sample_01158,The girl just faded - Los Llamarada,FAKE,1,Rock,brev,val,3475
seg_003476,sample_01158,The girl just faded - Los Llamarada,FAKE,1,Rock,brev,val,3476
seg_003477,sample_01159,The girl just faded - Los Llamarada,FAKE,1,Rock,brev,val,3477
seg_003478,sample_01159,The girl just faded - Los Llamarada,FAKE,1,Rock,brev,val,3478
seg_003479,sample_01159,The girl just faded - Los Llamarada,FAKE,1,Rock,brev,val,3479
seg_003480,sample_01160,Track 04 - Lightning Bolt,FAKE,1,Rock,brev,train,3480
seg_003481,sample_01160,Track 04 - Lightning Bolt,FAKE,1,Rock,brev,train,3481
seg_003482,sample_01160,Track 04 - Lightning Bolt,FAKE,1,Rock,brev,train,3482
seg_003483,sample_01161,Track 04 - Lightning Bolt,FAKE,1,Rock,brev,train,3483
seg_003484,sample_01161,Track 04 - Lightning Bolt,FAKE,1,Rock,brev,train,3484
seg_003485,sample_01161,Track 04 - Lightning Bolt,FAKE,1,Rock,brev,train,3485
seg_003486,sample_01162,Transmit - Lamprey,FAKE,1,Rock,brev,train,3486
seg_003487,sample_01162,Transmit - Lamprey,FAKE,1,Rock,brev,train,3487
seg_003488,sample_01162,Transmit - Lamprey,FAKE,1,Rock,brev,train,3488
seg_003489,sample_01163,Transmit - Lamprey,FAKE,1,Rock,brev,train,3489
seg_003490,sample_01163,Transmit - Lamprey,FAKE,1,Rock,brev,train,3490
seg_003491,sample_01163,Transmit - Lamprey,FAKE,1,Rock,brev,train,3491
seg_003492,sample_01164,Voxel - Andy G. Cohen,FAKE,1,Rock,brev,val,3492
seg_003493,sample_01164,Voxel - Andy G. Cohen,FAKE,1,Rock,brev,val,3493
seg_003494,sample_01164,Voxel - Andy G. Cohen,FAKE,1,Rock,brev,val,3494
seg_003495,sample_01165,Voxel - Andy G. Cohen,FAKE,1,Rock,brev,val,3495
seg_003496,sample_01165,Voxel - Andy G. Cohen,FAKE,1,Rock,brev,val,3496
seg_003497,sample_01165,Voxel - Andy G. Cohen,FAKE,1,Rock,brev,val,3497
seg_003498,sample_01166,We Move in Waves - Modey Lemon,FAKE,1,Rock,brev,train,3498
seg_003499,sample_01166,We Move in Waves - Modey Lemon,FAKE,1,Rock,brev,train,3499
seg_003500,sample_01166,We Move in Waves - Modey Lemon,FAKE,1,Rock,brev,train,3500
seg_003501,sample_01167,We Move in Waves - Modey Lemon,FAKE,1,Rock,brev,train,3501
seg_003502,sample_01167,We Move in Waves - Modey Lemon,FAKE,1,Rock,brev,train,3502
seg_003503,sample_01167,We Move in Waves - Modey Lemon,FAKE,1,Rock,brev,train,3503
seg_003504,sample_01168,Where Is Everything - The Moi Non Plus,FAKE,1,Rock,brev,test,3504
seg_003505,sample_01168,Where Is Everything - The Moi Non Plus,FAKE,1,Rock,brev,test,3505
seg_003506,sample_01168,Where Is Everything - The Moi Non Plus,FAKE,1,Rock,brev,test,3506
seg_003507,sample_01169,Where Is Everything - The Moi Non Plus,FAKE,1,Rock,brev,test,3507
seg_003508,sample_01169,Where Is Everything - The Moi Non Plus,FAKE,1,Rock,brev,test,3508
seg_003509,sample_01169,Where Is Everything - The Moi Non Plus,FAKE,1,Rock,brev,test,3509
seg_003510,sample_01170,Who Loves You Dear - Mink Lungs,FAKE,1,Rock,brev,test,3510
seg_003511,sample_01170,Who Loves You Dear - Mink Lungs,FAKE,1,Rock,brev,test,3511
seg_003512,sample_01170,Who Loves You Dear - Mink Lungs,FAKE,1,Rock,brev,test,3512
seg_003513,sample_01171,Who Loves You Dear - Mink Lungs,FAKE,1,Rock,brev,test,3513
seg_003514,sample_01171,Who Loves You Dear - Mink Lungs,FAKE,1,Rock,brev,test,3514
seg_003515,sample_01171,Who Loves You Dear - Mink Lungs,FAKE,1,Rock,brev,test,3515
seg_003516,sample_01172,Windows of the Skull - Sarin,FAKE,1,Rock,brev,val,3516
seg_003517,sample_01172,Windows of the Skull - Sarin,FAKE,1,Rock,brev,val,3517
seg_003518,sample_01172,Windows of the Skull - Sarin,FAKE,1,Rock,brev,val,3518
seg_003519,sample_01173,Windows of the Skull - Sarin,FAKE,1,Rock,brev,val,3519
seg_003520,sample_01173,Windows of the Skull - Sarin,FAKE,1,Rock,brev,val,3520
seg_003521,sample_01173,Windows of the Skull - Sarin,FAKE,1,Rock,brev,val,3521
seg_003522,sample_01174,Wir Werden Gott - Japanische Kampfhorspiele,FAKE,1,Rock,brev,train,3522
seg_003523,sample_01174,Wir Werden Gott - Japanische Kampfhorspiele,FAKE,1,Rock,brev,train,3523
seg_003524,sample_01174,Wir Werden Gott - Japanische Kampfhorspiele,FAKE,1,Rock,brev,train,3524
seg_003525,sample_01175,Wir Werden Gott - Japanische Kampfhorspiele,FAKE,1,Rock,brev,train,3525
seg_003526,sample_01175,Wir Werden Gott - Japanische Kampfhorspiele,FAKE,1,Rock,brev,train,3526
seg_003527,sample_01175,Wir Werden Gott - Japanische Kampfhorspiele,FAKE,1,Rock,brev,train,3527
seg_003528,sample_01176,Ynkelig - Die Morgendammerung Des Valhalla,FAKE,1,Rock,brev,train,3528
seg_003529,sample_01176,Ynkelig - Die Morgendammerung Des Valhalla,FAKE,1,Rock,brev,train,3529
seg_003530,sample_01176,Ynkelig - Die Morgendammerung Des Valhalla,FAKE,1,Rock,brev,train,3530
seg_003531,sample_01177,Ynkelig - Die Morgendammerung Des Valhalla,FAKE,1,Rock,brev,train,3531
seg_003532,sample_01177,Ynkelig - Die Morgendammerung Des Valhalla,FAKE,1,Rock,brev,train,3532
seg_003533,sample_01177,Ynkelig - Die Morgendammerung Des Valhalla,FAKE,1,Rock,brev,train,3533
seg_003534,sample_01178,Новый Нью-Йорк 2 - Чокнутый Пропеллер,FAKE,1,Rock,brev,val,3534
seg_003535,sample_01178,Новый Нью-Йорк 2 - Чокнутый Пропеллер,FAKE,1,Rock,brev,val,3535
seg_003536,sample_01178,Новый Нью-Йорк 2 - Чокнутый Пропеллер,FAKE,1,Rock,brev,val,3536
seg_003537,sample_01179,Новый Нью-Йорк 2 - Чокнутый Пропеллер,FAKE,1,Rock,brev,val,3537
seg_003538,sample_01179,Новый Нью-Йорк 2 - Чокнутый Пропеллер,FAKE,1,Rock,brev,val,3538
seg_003539,sample_01179,Новый Нью-Йорк 2 - Чокнутый Пропеллер,FAKE,1,Rock,brev,val,3539
seg_003540,sample_01180,"10,000 People Chanting, ""I'm an Individual"" - Nihilore",FAKE,1,Electronic,diffrhythm,train,3540
seg_003541,sample_01180,"10,000 People Chanting, ""I'm an Individual"" - Nihilore",FAKE,1,Electronic,diffrhythm,train,3541
seg_003542,sample_01180,"10,000 People Chanting, ""I'm an Individual"" - Nihilore",FAKE,1,Electronic,diffrhythm,train,3542
seg_003543,sample_01181,2Much (Andy Spinelli & Alex Sánchez House Edit) - Tentacles,FAKE,1,Electronic,diffrhythm,test,3543
seg_003544,sample_01181,2Much (Andy Spinelli & Alex Sánchez House Edit) - Tentacles,FAKE,1,Electronic,diffrhythm,test,3544
seg_003545,sample_01181,2Much (Andy Spinelli & Alex Sánchez House Edit) - Tentacles,FAKE,1,Electronic,diffrhythm,test,3545
seg_003546,sample_01182,3 am West End - statusq,FAKE,1,Electronic,diffrhythm,test,3546
seg_003547,sample_01182,3 am West End - statusq,FAKE,1,Electronic,diffrhythm,test,3547
seg_003548,sample_01182,3 am West End - statusq,FAKE,1,Electronic,diffrhythm,test,3548
seg_003549,sample_01183,Acoustic Unleashed - Remain,FAKE,1,Electronic,diffrhythm,train,3549
seg_003550,sample_01183,Acoustic Unleashed - Remain,FAKE,1,Electronic,diffrhythm,train,3550
seg_003551,sample_01183,Acoustic Unleashed - Remain,FAKE,1,Electronic,diffrhythm,train,3551
seg_003552,sample_01184,Ad Astra - P C III,FAKE,1,Electronic,diffrhythm,train,3552
seg_003553,sample_01184,Ad Astra - P C III,FAKE,1,Electronic,diffrhythm,train,3553
seg_003554,sample_01184,Ad Astra - P C III,FAKE,1,Electronic,diffrhythm,train,3554
seg_003555,sample_01185,All of Us - Eric Skiff,FAKE,1,Electronic,diffrhythm,train,3555
seg_003556,sample_01185,All of Us - Eric Skiff,FAKE,1,Electronic,diffrhythm,train,3556
seg_003557,sample_01185,All of Us - Eric Skiff,FAKE,1,Electronic,diffrhythm,train,3557
seg_003558,sample_01186,Ancient Whispers I - P C III,FAKE,1,Electronic,diffrhythm,train,3558
seg_003559,sample_01186,Ancient Whispers I - P C III,FAKE,1,Electronic,diffrhythm,train,3559
seg_003560,sample_01186,Ancient Whispers I - P C III,FAKE,1,Electronic,diffrhythm,train,3560
seg_003561,sample_01187,And Over The Rainbows - milky-chu,FAKE,1,Electronic,diffrhythm,train,3561
seg_003562,sample_01187,And Over The Rainbows - milky-chu,FAKE,1,Electronic,diffrhythm,train,3562
seg_003563,sample_01187,And Over The Rainbows - milky-chu,FAKE,1,Electronic,diffrhythm,train,3563
seg_003564,sample_01188,"Aquamarine, My Distant Blue - Nihilore",FAKE,1,Electronic,diffrhythm,train,3564
seg_003565,sample_01188,"Aquamarine, My Distant Blue - Nihilore",FAKE,1,Electronic,diffrhythm,train,3565
seg_003566,sample_01188,"Aquamarine, My Distant Blue - Nihilore",FAKE,1,Electronic,diffrhythm,train,3566
seg_003567,sample_01189,Artificial anxiety - Michett,FAKE,1,Electronic,diffrhythm,train,3567
seg_003568,sample_01189,Artificial anxiety - Michett,FAKE,1,Electronic,diffrhythm,train,3568
seg_003569,sample_01189,Artificial anxiety - Michett,FAKE,1,Electronic,diffrhythm,train,3569
seg_003570,sample_01190,As Nihilism Gives Way To Existentialism - Nihilore,FAKE,1,Electronic,diffrhythm,train,3570
seg_003571,sample_01190,As Nihilism Gives Way To Existentialism - Nihilore,FAKE,1,Electronic,diffrhythm,train,3571
seg_003572,sample_01190,As Nihilism Gives Way To Existentialism - Nihilore,FAKE,1,Electronic,diffrhythm,train,3572
seg_003573,sample_01191,Authenticity - Nihilore,FAKE,1,Electronic,diffrhythm,train,3573
seg_003574,sample_01191,Authenticity - Nihilore,FAKE,1,Electronic,diffrhythm,train,3574
seg_003575,sample_01191,Authenticity - Nihilore,FAKE,1,Electronic,diffrhythm,train,3575
seg_003576,sample_01192,Autobahn - S-B-J,FAKE,1,Electronic,diffrhythm,train,3576
seg_003577,sample_01192,Autobahn - S-B-J,FAKE,1,Electronic,diffrhythm,train,3577
seg_003578,sample_01192,Autobahn - S-B-J,FAKE,1,Electronic,diffrhythm,train,3578
seg_003579,sample_01193,A Different World By Night - Nihilore,FAKE,1,Electronic,diffrhythm,train,3579
seg_003580,sample_01193,A Different World By Night - Nihilore,FAKE,1,Electronic,diffrhythm,train,3580
seg_003581,sample_01193,A Different World By Night - Nihilore,FAKE,1,Electronic,diffrhythm,train,3581
seg_003582,sample_01194,Bizzy - The Tleilaxu Music Machine,FAKE,1,Electronic,diffrhythm,test,3582
seg_003583,sample_01194,Bizzy - The Tleilaxu Music Machine,FAKE,1,Electronic,diffrhythm,test,3583
seg_003584,sample_01194,Bizzy - The Tleilaxu Music Machine,FAKE,1,Electronic,diffrhythm,test,3584
seg_003585,sample_01195,Clay Heart - Nihilore,FAKE,1,Electronic,diffrhythm,train,3585
seg_003586,sample_01195,Clay Heart - Nihilore,FAKE,1,Electronic,diffrhythm,train,3586
seg_003587,sample_01195,Clay Heart - Nihilore,FAKE,1,Electronic,diffrhythm,train,3587
seg_003588,sample_01196,Cloudy - Subway Sonicbeat,FAKE,1,Electronic,diffrhythm,train,3588
seg_003589,sample_01196,Cloudy - Subway Sonicbeat,FAKE,1,Electronic,diffrhythm,train,3589
seg_003590,sample_01196,Cloudy - Subway Sonicbeat,FAKE,1,Electronic,diffrhythm,train,3590
seg_003591,sample_01197,Cold Chains - Rolemusic,FAKE,1,Electronic,diffrhythm,train,3591
seg_003592,sample_01197,Cold Chains - Rolemusic,FAKE,1,Electronic,diffrhythm,train,3592
seg_003593,sample_01197,Cold Chains - Rolemusic,FAKE,1,Electronic,diffrhythm,train,3593
seg_003594,sample_01198,Coliidae - K.D. Expression,FAKE,1,Electronic,diffrhythm,train,3594
seg_003595,sample_01198,Coliidae - K.D. Expression,FAKE,1,Electronic,diffrhythm,train,3595
seg_003596,sample_01198,Coliidae - K.D. Expression,FAKE,1,Electronic,diffrhythm,train,3596
seg_003597,sample_01199,CopperNickle - UncleBibby,FAKE,1,Electronic,diffrhythm,val,3597
seg_003598,sample_01199,CopperNickle - UncleBibby,FAKE,1,Electronic,diffrhythm,val,3598
seg_003599,sample_01199,CopperNickle - UncleBibby,FAKE,1,Electronic,diffrhythm,val,3599
seg_003600,sample_01200,Dance Harder - Three Chain Links,FAKE,1,Electronic,diffrhythm,test,3600
seg_003601,sample_01200,Dance Harder - Three Chain Links,FAKE,1,Electronic,diffrhythm,test,3601
seg_003602,sample_01200,Dance Harder - Three Chain Links,FAKE,1,Electronic,diffrhythm,test,3602
seg_003603,sample_01201,Dance of the Martians (SynthStep Edit) - Maxim Kornyshev,FAKE,1,Electronic,diffrhythm,train,3603
seg_003604,sample_01201,Dance of the Martians (SynthStep Edit) - Maxim Kornyshev,FAKE,1,Electronic,diffrhythm,train,3604
seg_003605,sample_01201,Dance of the Martians (SynthStep Edit) - Maxim Kornyshev,FAKE,1,Electronic,diffrhythm,train,3605
seg_003606,sample_01202,Daylight Savings - My brother Daniel,FAKE,1,Electronic,diffrhythm,val,3606
seg_003607,sample_01202,Daylight Savings - My brother Daniel,FAKE,1,Electronic,diffrhythm,val,3607
seg_003608,sample_01202,Daylight Savings - My brother Daniel,FAKE,1,Electronic,diffrhythm,val,3608
seg_003609,sample_01203,Dreams - ENDRUDARK,FAKE,1,Electronic,diffrhythm,train,3609
seg_003610,sample_01203,Dreams - ENDRUDARK,FAKE,1,Electronic,diffrhythm,train,3610
seg_003611,sample_01203,Dreams - ENDRUDARK,FAKE,1,Electronic,diffrhythm,train,3611
seg_003612,sample_01204,Dr Deimos-Scribble - Mizuki's Last Chance/Dr Deimos,FAKE,1,Electronic,diffrhythm,train,3612
seg_003613,sample_01204,Dr Deimos-Scribble - Mizuki's Last Chance/Dr Deimos,FAKE,1,Electronic,diffrhythm,train,3613
seg_003614,sample_01204,Dr Deimos-Scribble - Mizuki's Last Chance/Dr Deimos,FAKE,1,Electronic,diffrhythm,train,3614
seg_003615,sample_01205,Edge - Mystery Mammal,FAKE,1,Electronic,diffrhythm,train,3615
seg_003616,sample_01205,Edge - Mystery Mammal,FAKE,1,Electronic,diffrhythm,train,3616
seg_003617,sample_01205,Edge - Mystery Mammal,FAKE,1,Electronic,diffrhythm,train,3617
seg_003618,sample_01206,Empower Thee - vargero,FAKE,1,Electronic,diffrhythm,train,3618
seg_003619,sample_01206,Empower Thee - vargero,FAKE,1,Electronic,diffrhythm,train,3619
seg_003620,sample_01206,Empower Thee - vargero,FAKE,1,Electronic,diffrhythm,train,3620
seg_003621,sample_01207,Endless - The Birth and Death of Silence,FAKE,1,Electronic,diffrhythm,train,3621
seg_003622,sample_01207,Endless - The Birth and Death of Silence,FAKE,1,Electronic,diffrhythm,train,3622
seg_003623,sample_01207,Endless - The Birth and Death of Silence,FAKE,1,Electronic,diffrhythm,train,3623
seg_003624,sample_01208,End of the Line - H-LR,FAKE,1,Electronic,diffrhythm,train,3624
seg_003625,sample_01208,End of the Line - H-LR,FAKE,1,Electronic,diffrhythm,train,3625
seg_003626,sample_01208,End of the Line - H-LR,FAKE,1,Electronic,diffrhythm,train,3626
seg_003627,sample_01209,End titles - Itsensäsyöjät,FAKE,1,Electronic,diffrhythm,test,3627
seg_003628,sample_01209,End titles - Itsensäsyöjät,FAKE,1,Electronic,diffrhythm,test,3628
seg_003629,sample_01209,End titles - Itsensäsyöjät,FAKE,1,Electronic,diffrhythm,test,3629
seg_003630,sample_01210,Enthalpy - Rolemusic,FAKE,1,Electronic,diffrhythm,train,3630
seg_003631,sample_01210,Enthalpy - Rolemusic,FAKE,1,Electronic,diffrhythm,train,3631
seg_003632,sample_01210,Enthalpy - Rolemusic,FAKE,1,Electronic,diffrhythm,train,3632
seg_003633,sample_01211,Fifth Ramble - From the album Keith [RSVP007] - My brother Daniel,FAKE,1,Electronic,diffrhythm,val,3633
seg_003634,sample_01211,Fifth Ramble - From the album Keith [RSVP007] - My brother Daniel,FAKE,1,Electronic,diffrhythm,val,3634
seg_003635,sample_01211,Fifth Ramble - From the album Keith [RSVP007] - My brother Daniel,FAKE,1,Electronic,diffrhythm,val,3635
seg_003636,sample_01212,Flashback - Seclorance,FAKE,1,Electronic,diffrhythm,train,3636
seg_003637,sample_01212,Flashback - Seclorance,FAKE,1,Electronic,diffrhythm,train,3637
seg_003638,sample_01212,Flashback - Seclorance,FAKE,1,Electronic,diffrhythm,train,3638
seg_003639,sample_01213,Fleslit - Fleslit,FAKE,1,Electronic,diffrhythm,train,3639
seg_003640,sample_01213,Fleslit - Fleslit,FAKE,1,Electronic,diffrhythm,train,3640
seg_003641,sample_01213,Fleslit - Fleslit,FAKE,1,Electronic,diffrhythm,train,3641
seg_003642,sample_01214,Fly 2 - Andre Jetson,FAKE,1,Electronic,diffrhythm,train,3642
seg_003643,sample_01214,Fly 2 - Andre Jetson,FAKE,1,Electronic,diffrhythm,train,3643
seg_003644,sample_01214,Fly 2 - Andre Jetson,FAKE,1,Electronic,diffrhythm,train,3644
seg_003645,sample_01215,Four and a Half Tatami - Nihilore,FAKE,1,Electronic,diffrhythm,train,3645
seg_003646,sample_01215,Four and a Half Tatami - Nihilore,FAKE,1,Electronic,diffrhythm,train,3646
seg_003647,sample_01215,Four and a Half Tatami - Nihilore,FAKE,1,Electronic,diffrhythm,train,3647
seg_003648,sample_01216,Fuckaboing - RoccoW,FAKE,1,Electronic,diffrhythm,test,3648
seg_003649,sample_01216,Fuckaboing - RoccoW,FAKE,1,Electronic,diffrhythm,test,3649
seg_003650,sample_01216,Fuckaboing - RoccoW,FAKE,1,Electronic,diffrhythm,test,3650
seg_003651,sample_01217,"Go On, Then - Jim Rooster",FAKE,1,Electronic,diffrhythm,train,3651
seg_003652,sample_01217,"Go On, Then - Jim Rooster",FAKE,1,Electronic,diffrhythm,train,3652
seg_003653,sample_01217,"Go On, Then - Jim Rooster",FAKE,1,Electronic,diffrhythm,train,3653
seg_003654,sample_01218,Hammer and a Nail - Vienna Ditto,FAKE,1,Electronic,diffrhythm,train,3654
seg_003655,sample_01218,Hammer and a Nail - Vienna Ditto,FAKE,1,Electronic,diffrhythm,train,3655
seg_003656,sample_01218,Hammer and a Nail - Vienna Ditto,FAKE,1,Electronic,diffrhythm,train,3656
seg_003657,sample_01219,If You're Ther - Nicola Ratti,FAKE,1,Electronic,diffrhythm,val,3657
seg_003658,sample_01219,If You're Ther - Nicola Ratti,FAKE,1,Electronic,diffrhythm,val,3658
seg_003659,sample_01219,If You're Ther - Nicola Ratti,FAKE,1,Electronic,diffrhythm,val,3659
seg_003660,sample_01220,Improvisation - Broken Chord,FAKE,1,Electronic,diffrhythm,train,3660
seg_003661,sample_01220,Improvisation - Broken Chord,FAKE,1,Electronic,diffrhythm,train,3661
seg_003662,sample_01220,Improvisation - Broken Chord,FAKE,1,Electronic,diffrhythm,train,3662
seg_003663,sample_01221,Introduction beats - Itsensäsyöjät,FAKE,1,Electronic,diffrhythm,train,3663
seg_003664,sample_01221,Introduction beats - Itsensäsyöjät,FAKE,1,Electronic,diffrhythm,train,3664
seg_003665,sample_01221,Introduction beats - Itsensäsyöjät,FAKE,1,Electronic,diffrhythm,train,3665
seg_003666,sample_01222,It Can't Be Bargained With - Three Chain Links,FAKE,1,Electronic,diffrhythm,train,3666
seg_003667,sample_01222,It Can't Be Bargained With - Three Chain Links,FAKE,1,Electronic,diffrhythm,train,3667
seg_003668,sample_01222,It Can't Be Bargained With - Three Chain Links,FAKE,1,Electronic,diffrhythm,train,3668
seg_003669,sample_01223,I Know His Blood - Vienna Ditto,FAKE,1,Electronic,diffrhythm,train,3669
seg_003670,sample_01223,I Know His Blood - Vienna Ditto,FAKE,1,Electronic,diffrhythm,train,3670
seg_003671,sample_01223,I Know His Blood - Vienna Ditto,FAKE,1,Electronic,diffrhythm,train,3671
seg_003672,sample_01224,Jangus (inspired by ToeJam and Earl) - UncleBibby,FAKE,1,Electronic,diffrhythm,train,3672
seg_003673,sample_01224,Jangus (inspired by ToeJam and Earl) - UncleBibby,FAKE,1,Electronic,diffrhythm,train,3673
seg_003674,sample_01224,Jangus (inspired by ToeJam and Earl) - UncleBibby,FAKE,1,Electronic,diffrhythm,train,3674
seg_003675,sample_01225,Key trick - Krisa,FAKE,1,Electronic,diffrhythm,train,3675
seg_003676,sample_01225,Key trick - Krisa,FAKE,1,Electronic,diffrhythm,train,3676
seg_003677,sample_01225,Key trick - Krisa,FAKE,1,Electronic,diffrhythm,train,3677
seg_003678,sample_01226,Killing Bosses - Gumbel,FAKE,1,Electronic,diffrhythm,train,3678
seg_003679,sample_01226,Killing Bosses - Gumbel,FAKE,1,Electronic,diffrhythm,train,3679
seg_003680,sample_01226,Killing Bosses - Gumbel,FAKE,1,Electronic,diffrhythm,train,3680
seg_003681,sample_01227,Kumorizoranohajimarutokoro - Hosomi,FAKE,1,Electronic,diffrhythm,val,3681
seg_003682,sample_01227,Kumorizoranohajimarutokoro - Hosomi,FAKE,1,Electronic,diffrhythm,val,3682
seg_003683,sample_01227,Kumorizoranohajimarutokoro - Hosomi,FAKE,1,Electronic,diffrhythm,val,3683
seg_003684,sample_01228,Laika - NGC 1365,FAKE,1,Electronic,diffrhythm,train,3684
seg_003685,sample_01228,Laika - NGC 1365,FAKE,1,Electronic,diffrhythm,train,3685
seg_003686,sample_01228,Laika - NGC 1365,FAKE,1,Electronic,diffrhythm,train,3686
seg_003687,sample_01229,La Nina Blanca - Vienna Ditto,FAKE,1,Electronic,diffrhythm,train,3687
seg_003688,sample_01229,La Nina Blanca - Vienna Ditto,FAKE,1,Electronic,diffrhythm,train,3688
seg_003689,sample_01229,La Nina Blanca - Vienna Ditto,FAKE,1,Electronic,diffrhythm,train,3689
seg_003690,sample_01230,Let's Start Out Slow - RoccoW,FAKE,1,Electronic,diffrhythm,test,3690
seg_003691,sample_01230,Let's Start Out Slow - RoccoW,FAKE,1,Electronic,diffrhythm,test,3691
seg_003692,sample_01230,Let's Start Out Slow - RoccoW,FAKE,1,Electronic,diffrhythm,test,3692
seg_003693,sample_01231,Let You're Body Move - D SMILEZ,FAKE,1,Electronic,diffrhythm,test,3693
seg_003694,sample_01231,Let You're Body Move - D SMILEZ,FAKE,1,Electronic,diffrhythm,test,3694
seg_003695,sample_01231,Let You're Body Move - D SMILEZ,FAKE,1,Electronic,diffrhythm,test,3695
seg_003696,sample_01232,Liar Liar Quietly - Vienna Ditto,FAKE,1,Electronic,diffrhythm,train,3696
seg_003697,sample_01232,Liar Liar Quietly - Vienna Ditto,FAKE,1,Electronic,diffrhythm,train,3697
seg_003698,sample_01232,Liar Liar Quietly - Vienna Ditto,FAKE,1,Electronic,diffrhythm,train,3698
seg_003699,sample_01233,Liberosis - Nihilore,FAKE,1,Electronic,diffrhythm,train,3699
seg_003700,sample_01233,Liberosis - Nihilore,FAKE,1,Electronic,diffrhythm,train,3700
seg_003701,sample_01233,Liberosis - Nihilore,FAKE,1,Electronic,diffrhythm,train,3701
seg_003702,sample_01234,Little Fingers - Vienna Ditto,FAKE,1,Electronic,diffrhythm,train,3702
seg_003703,sample_01234,Little Fingers - Vienna Ditto,FAKE,1,Electronic,diffrhythm,train,3703
seg_003704,sample_01234,Little Fingers - Vienna Ditto,FAKE,1,Electronic,diffrhythm,train,3704
seg_003705,sample_01235,Lost In The Music (D-Smilez Mix) - D SMILEZ,FAKE,1,Electronic,diffrhythm,train,3705
seg_003706,sample_01235,Lost In The Music (D-Smilez Mix) - D SMILEZ,FAKE,1,Electronic,diffrhythm,train,3706
seg_003707,sample_01235,Lost In The Music (D-Smilez Mix) - D SMILEZ,FAKE,1,Electronic,diffrhythm,train,3707
seg_003708,sample_01236,Loved Ones - Rowan Box,FAKE,1,Electronic,diffrhythm,val,3708
seg_003709,sample_01236,Loved Ones - Rowan Box,FAKE,1,Electronic,diffrhythm,val,3709
seg_003710,sample_01236,Loved Ones - Rowan Box,FAKE,1,Electronic,diffrhythm,val,3710
seg_003711,sample_01237,Morning Bell - Nihilore,FAKE,1,Electronic,diffrhythm,val,3711
seg_003712,sample_01237,Morning Bell - Nihilore,FAKE,1,Electronic,diffrhythm,val,3712
seg_003713,sample_01237,Morning Bell - Nihilore,FAKE,1,Electronic,diffrhythm,val,3713
seg_003714,sample_01238,mystery team 2090 - Jesse Futerman,FAKE,1,Electronic,diffrhythm,val,3714
seg_003715,sample_01238,mystery team 2090 - Jesse Futerman,FAKE,1,Electronic,diffrhythm,val,3715
seg_003716,sample_01238,mystery team 2090 - Jesse Futerman,FAKE,1,Electronic,diffrhythm,val,3716
seg_003717,sample_01239,Night Drive - Decktonic,FAKE,1,Electronic,diffrhythm,val,3717
seg_003718,sample_01239,Night Drive - Decktonic,FAKE,1,Electronic,diffrhythm,val,3718
seg_003719,sample_01239,Night Drive - Decktonic,FAKE,1,Electronic,diffrhythm,val,3719
seg_003720,sample_01240,Night Owl - Broke For Free,FAKE,1,Electronic,diffrhythm,test,3720
seg_003721,sample_01240,Night Owl - Broke For Free,FAKE,1,Electronic,diffrhythm,test,3721
seg_003722,sample_01240,Night Owl - Broke For Free,FAKE,1,Electronic,diffrhythm,test,3722
seg_003723,sample_01241,Noam Chomsky's Corporate Carbohydrate Surprise - Quelle Fromage,FAKE,1,Electronic,diffrhythm,train,3723
seg_003724,sample_01241,Noam Chomsky's Corporate Carbohydrate Surprise - Quelle Fromage,FAKE,1,Electronic,diffrhythm,train,3724
seg_003725,sample_01241,Noam Chomsky's Corporate Carbohydrate Surprise - Quelle Fromage,FAKE,1,Electronic,diffrhythm,train,3725
seg_003726,sample_01242,"November 25, 2007 - Kenneth Kirschner",FAKE,1,Electronic,diffrhythm,train,3726
seg_003727,sample_01242,"November 25, 2007 - Kenneth Kirschner",FAKE,1,Electronic,diffrhythm,train,3727
seg_003728,sample_01242,"November 25, 2007 - Kenneth Kirschner",FAKE,1,Electronic,diffrhythm,train,3728
seg_003729,sample_01243,Nuo Maisemat - Paavoharju,FAKE,1,Electronic,diffrhythm,val,3729
seg_003730,sample_01243,Nuo Maisemat - Paavoharju,FAKE,1,Electronic,diffrhythm,val,3730
seg_003731,sample_01243,Nuo Maisemat - Paavoharju,FAKE,1,Electronic,diffrhythm,val,3731
seg_003732,sample_01244,Ohtli - Seclorance,FAKE,1,Electronic,diffrhythm,train,3732
seg_003733,sample_01244,Ohtli - Seclorance,FAKE,1,Electronic,diffrhythm,train,3733
seg_003734,sample_01244,Ohtli - Seclorance,FAKE,1,Electronic,diffrhythm,train,3734
seg_003735,sample_01245,Okiirobo Navigation System - Henry Homesweet,FAKE,1,Electronic,diffrhythm,train,3735
seg_003736,sample_01245,Okiirobo Navigation System - Henry Homesweet,FAKE,1,Electronic,diffrhythm,train,3736
seg_003737,sample_01245,Okiirobo Navigation System - Henry Homesweet,FAKE,1,Electronic,diffrhythm,train,3737
seg_003738,sample_01246,Only Instrumental - Broke For Free,FAKE,1,Electronic,diffrhythm,train,3738
seg_003739,sample_01246,Only Instrumental - Broke For Free,FAKE,1,Electronic,diffrhythm,train,3739
seg_003740,sample_01246,Only Instrumental - Broke For Free,FAKE,1,Electronic,diffrhythm,train,3740
seg_003741,sample_01247,OOOTHERSIDE - Liquid Paper - Mike B. Fort,FAKE,1,Electronic,diffrhythm,train,3741
seg_003742,sample_01247,OOOTHERSIDE - Liquid Paper - Mike B. Fort,FAKE,1,Electronic,diffrhythm,train,3742
seg_003743,sample_01247,OOOTHERSIDE - Liquid Paper - Mike B. Fort,FAKE,1,Electronic,diffrhythm,train,3743
seg_003744,sample_01248,OOOTHERSIDE - This Time - Mike B. Fort,FAKE,1,Electronic,diffrhythm,train,3744
seg_003745,sample_01248,OOOTHERSIDE - This Time - Mike B. Fort,FAKE,1,Electronic,diffrhythm,train,3745
seg_003746,sample_01248,OOOTHERSIDE - This Time - Mike B. Fort,FAKE,1,Electronic,diffrhythm,train,3746
seg_003747,sample_01249,OST 04 Ship under attack - sawsquarenoise,FAKE,1,Electronic,diffrhythm,train,3747
seg_003748,sample_01249,OST 04 Ship under attack - sawsquarenoise,FAKE,1,Electronic,diffrhythm,train,3748
seg_003749,sample_01249,OST 04 Ship under attack - sawsquarenoise,FAKE,1,Electronic,diffrhythm,train,3749
seg_003750,sample_01250,Paris - Fleslit,FAKE,1,Electronic,diffrhythm,train,3750
seg_003751,sample_01250,Paris - Fleslit,FAKE,1,Electronic,diffrhythm,train,3751
seg_003752,sample_01250,Paris - Fleslit,FAKE,1,Electronic,diffrhythm,train,3752
seg_003753,sample_01251,Pista Afuera - Epstein,FAKE,1,Electronic,diffrhythm,test,3753
seg_003754,sample_01251,Pista Afuera - Epstein,FAKE,1,Electronic,diffrhythm,test,3754
seg_003755,sample_01251,Pista Afuera - Epstein,FAKE,1,Electronic,diffrhythm,test,3755
seg_003756,sample_01252,Ponky McFonky - My brother Daniel,FAKE,1,Electronic,diffrhythm,train,3756
seg_003757,sample_01252,Ponky McFonky - My brother Daniel,FAKE,1,Electronic,diffrhythm,train,3757
seg_003758,sample_01252,Ponky McFonky - My brother Daniel,FAKE,1,Electronic,diffrhythm,train,3758
seg_003759,sample_01253,Promo Mix Vocal Edit (Luv Dub Mix) - Pierlo,FAKE,1,Electronic,diffrhythm,train,3759
seg_003760,sample_01253,Promo Mix Vocal Edit (Luv Dub Mix) - Pierlo,FAKE,1,Electronic,diffrhythm,train,3760
seg_003761,sample_01253,Promo Mix Vocal Edit (Luv Dub Mix) - Pierlo,FAKE,1,Electronic,diffrhythm,train,3761
seg_003762,sample_01254,Realize Me - Jim Rooster,FAKE,1,Electronic,diffrhythm,test,3762
seg_003763,sample_01254,Realize Me - Jim Rooster,FAKE,1,Electronic,diffrhythm,test,3763
seg_003764,sample_01254,Realize Me - Jim Rooster,FAKE,1,Electronic,diffrhythm,test,3764
seg_003765,sample_01255,Resistentialism - Nihilore,FAKE,1,Electronic,diffrhythm,test,3765
seg_003766,sample_01255,Resistentialism - Nihilore,FAKE,1,Electronic,diffrhythm,test,3766
seg_003767,sample_01255,Resistentialism - Nihilore,FAKE,1,Electronic,diffrhythm,test,3767
seg_003768,sample_01256,Robot Heart - Mystery Mammal,FAKE,1,Electronic,diffrhythm,train,3768
seg_003769,sample_01256,Robot Heart - Mystery Mammal,FAKE,1,Electronic,diffrhythm,train,3769
seg_003770,sample_01256,Robot Heart - Mystery Mammal,FAKE,1,Electronic,diffrhythm,train,3770
seg_003771,sample_01257,Rolling On - Avaren,FAKE,1,Electronic,diffrhythm,train,3771
seg_003772,sample_01257,Rolling On - Avaren,FAKE,1,Electronic,diffrhythm,train,3772
seg_003773,sample_01257,Rolling On - Avaren,FAKE,1,Electronic,diffrhythm,train,3773
seg_003774,sample_01258,Running Free - Michett featuring Kalipluche,FAKE,1,Electronic,diffrhythm,train,3774
seg_003775,sample_01258,Running Free - Michett featuring Kalipluche,FAKE,1,Electronic,diffrhythm,train,3775
seg_003776,sample_01258,Running Free - Michett featuring Kalipluche,FAKE,1,Electronic,diffrhythm,train,3776
seg_003777,sample_01259,Scape from the city - Rolemusic,FAKE,1,Electronic,diffrhythm,train,3777
seg_003778,sample_01259,Scape from the city - Rolemusic,FAKE,1,Electronic,diffrhythm,train,3778
seg_003779,sample_01259,Scape from the city - Rolemusic,FAKE,1,Electronic,diffrhythm,train,3779
seg_003780,sample_01260,SD (Ill Mix) - H-LR,FAKE,1,Electronic,diffrhythm,val,3780
seg_003781,sample_01260,SD (Ill Mix) - H-LR,FAKE,1,Electronic,diffrhythm,val,3781
seg_003782,sample_01260,SD (Ill Mix) - H-LR,FAKE,1,Electronic,diffrhythm,val,3782
seg_003783,sample_01261,Seppuku Bot - Decktonic,FAKE,1,Electronic,diffrhythm,train,3783
seg_003784,sample_01261,Seppuku Bot - Decktonic,FAKE,1,Electronic,diffrhythm,train,3784
seg_003785,sample_01261,Seppuku Bot - Decktonic,FAKE,1,Electronic,diffrhythm,train,3785
seg_003786,sample_01262,Set Fire to Creation - Nihilore,FAKE,1,Electronic,diffrhythm,test,3786
seg_003787,sample_01262,Set Fire to Creation - Nihilore,FAKE,1,Electronic,diffrhythm,test,3787
seg_003788,sample_01262,Set Fire to Creation - Nihilore,FAKE,1,Electronic,diffrhythm,test,3788
seg_003789,sample_01263,shmoove - epsilon not,FAKE,1,Electronic,diffrhythm,train,3789
seg_003790,sample_01263,shmoove - epsilon not,FAKE,1,Electronic,diffrhythm,train,3790
seg_003791,sample_01263,shmoove - epsilon not,FAKE,1,Electronic,diffrhythm,train,3791
seg_003792,sample_01264,Slot - Neotnas,FAKE,1,Electronic,diffrhythm,train,3792
seg_003793,sample_01264,Slot - Neotnas,FAKE,1,Electronic,diffrhythm,train,3793
seg_003794,sample_01264,Slot - Neotnas,FAKE,1,Electronic,diffrhythm,train,3794
seg_003795,sample_01265,some dextromethorphan - Jeva,FAKE,1,Electronic,diffrhythm,val,3795
seg_003796,sample_01265,some dextromethorphan - Jeva,FAKE,1,Electronic,diffrhythm,val,3796
seg_003797,sample_01265,some dextromethorphan - Jeva,FAKE,1,Electronic,diffrhythm,val,3797
seg_003798,sample_01266,Straw Fields - Rolemusic,FAKE,1,Electronic,diffrhythm,train,3798
seg_003799,sample_01266,Straw Fields - Rolemusic,FAKE,1,Electronic,diffrhythm,train,3799
seg_003800,sample_01266,Straw Fields - Rolemusic,FAKE,1,Electronic,diffrhythm,train,3800
seg_003801,sample_01267,Strongbreeze - Rowan Box,FAKE,1,Electronic,diffrhythm,train,3801
seg_003802,sample_01267,Strongbreeze - Rowan Box,FAKE,1,Electronic,diffrhythm,train,3802
seg_003803,sample_01267,Strongbreeze - Rowan Box,FAKE,1,Electronic,diffrhythm,train,3803
seg_003804,sample_01268,Sturgeon's Law - Nihilore,FAKE,1,Electronic,diffrhythm,val,3804
seg_003805,sample_01268,Sturgeon's Law - Nihilore,FAKE,1,Electronic,diffrhythm,val,3805
seg_003806,sample_01268,Sturgeon's Law - Nihilore,FAKE,1,Electronic,diffrhythm,val,3806
seg_003807,sample_01269,Support Me in This Moment That I'm About To Lose Heart - Nihilore,FAKE,1,Electronic,diffrhythm,test,3807
seg_003808,sample_01269,Support Me in This Moment That I'm About To Lose Heart - Nihilore,FAKE,1,Electronic,diffrhythm,test,3808
seg_003809,sample_01269,Support Me in This Moment That I'm About To Lose Heart - Nihilore,FAKE,1,Electronic,diffrhythm,test,3809
seg_003810,sample_01270,Take Your Fingers - Michael Fakesch,FAKE,1,Electronic,diffrhythm,train,3810
seg_003811,sample_01270,Take Your Fingers - Michael Fakesch,FAKE,1,Electronic,diffrhythm,train,3811
seg_003812,sample_01270,Take Your Fingers - Michael Fakesch,FAKE,1,Electronic,diffrhythm,train,3812
seg_003813,sample_01271,Tapes - Gumbel,FAKE,1,Electronic,diffrhythm,train,3813
seg_003814,sample_01271,Tapes - Gumbel,FAKE,1,Electronic,diffrhythm,train,3814
seg_003815,sample_01271,Tapes - Gumbel,FAKE,1,Electronic,diffrhythm,train,3815
seg_003816,sample_01272,Tartu Tähän Hetkeen - Paavoharju,FAKE,1,Electronic,diffrhythm,train,3816
seg_003817,sample_01272,Tartu Tähän Hetkeen - Paavoharju,FAKE,1,Electronic,diffrhythm,train,3817
seg_003818,sample_01272,Tartu Tähän Hetkeen - Paavoharju,FAKE,1,Electronic,diffrhythm,train,3818
seg_003819,sample_01273,The Adventures Of Roderick Random - Maps And Diagrams,FAKE,1,Electronic,diffrhythm,test,3819
seg_003820,sample_01273,The Adventures Of Roderick Random - Maps And Diagrams,FAKE,1,Electronic,diffrhythm,test,3820
seg_003821,sample_01273,The Adventures Of Roderick Random - Maps And Diagrams,FAKE,1,Electronic,diffrhythm,test,3821
seg_003822,sample_01274,The Big House - Jason Shaw,FAKE,1,Electronic,diffrhythm,train,3822
seg_003823,sample_01274,The Big House - Jason Shaw,FAKE,1,Electronic,diffrhythm,train,3823
seg_003824,sample_01274,The Big House - Jason Shaw,FAKE,1,Electronic,diffrhythm,train,3824
seg_003825,sample_01275,The Boss - Multifaros,FAKE,1,Electronic,diffrhythm,train,3825
seg_003826,sample_01275,The Boss - Multifaros,FAKE,1,Electronic,diffrhythm,train,3826
seg_003827,sample_01275,The Boss - Multifaros,FAKE,1,Electronic,diffrhythm,train,3827
seg_003828,sample_01276,The Courtyard - Uncle Bibby,FAKE,1,Electronic,diffrhythm,train,3828
seg_003829,sample_01276,The Courtyard - Uncle Bibby,FAKE,1,Electronic,diffrhythm,train,3829
seg_003830,sample_01276,The Courtyard - Uncle Bibby,FAKE,1,Electronic,diffrhythm,train,3830
seg_003831,sample_01277,The Factory - Multifaros,FAKE,1,Electronic,diffrhythm,train,3831
seg_003832,sample_01277,The Factory - Multifaros,FAKE,1,Electronic,diffrhythm,train,3832
seg_003833,sample_01277,The Factory - Multifaros,FAKE,1,Electronic,diffrhythm,train,3833
seg_003834,sample_01278,The Front Yard - HarleyLikesMusic,FAKE,1,Electronic,diffrhythm,train,3834
seg_003835,sample_01278,The Front Yard - HarleyLikesMusic,FAKE,1,Electronic,diffrhythm,train,3835
seg_003836,sample_01278,The Front Yard - HarleyLikesMusic,FAKE,1,Electronic,diffrhythm,train,3836
seg_003837,sample_01279,The Secret Garden - Barbarix,FAKE,1,Electronic,diffrhythm,test,3837
seg_003838,sample_01279,The Secret Garden - Barbarix,FAKE,1,Electronic,diffrhythm,test,3838
seg_003839,sample_01279,The Secret Garden - Barbarix,FAKE,1,Electronic,diffrhythm,test,3839
seg_003840,sample_01280,The Stairway - WarpToken,FAKE,1,Electronic,diffrhythm,val,3840
seg_003841,sample_01280,The Stairway - WarpToken,FAKE,1,Electronic,diffrhythm,val,3841
seg_003842,sample_01280,The Stairway - WarpToken,FAKE,1,Electronic,diffrhythm,val,3842
seg_003843,sample_01281,Three Bird - My brother Daniel,FAKE,1,Electronic,diffrhythm,val,3843
seg_003844,sample_01281,Three Bird - My brother Daniel,FAKE,1,Electronic,diffrhythm,val,3844
seg_003845,sample_01281,Three Bird - My brother Daniel,FAKE,1,Electronic,diffrhythm,val,3845
seg_003846,sample_01282,Timen Passing By - Jason Shaw,FAKE,1,Electronic,diffrhythm,val,3846
seg_003847,sample_01282,Timen Passing By - Jason Shaw,FAKE,1,Electronic,diffrhythm,val,3847
seg_003848,sample_01282,Timen Passing By - Jason Shaw,FAKE,1,Electronic,diffrhythm,val,3848
seg_003849,sample_01283,Time Up - ENDRUDARK,FAKE,1,Electronic,diffrhythm,train,3849
seg_003850,sample_01283,Time Up - ENDRUDARK,FAKE,1,Electronic,diffrhythm,train,3850
seg_003851,sample_01283,Time Up - ENDRUDARK,FAKE,1,Electronic,diffrhythm,train,3851
seg_003852,sample_01284,Topam - Twin Heads,FAKE,1,Electronic,diffrhythm,train,3852
seg_003853,sample_01284,Topam - Twin Heads,FAKE,1,Electronic,diffrhythm,train,3853
seg_003854,sample_01284,Topam - Twin Heads,FAKE,1,Electronic,diffrhythm,train,3854
seg_003855,sample_01285,TTL - Twin Heads,FAKE,1,Electronic,diffrhythm,train,3855
seg_003856,sample_01285,TTL - Twin Heads,FAKE,1,Electronic,diffrhythm,train,3856
seg_003857,sample_01285,TTL - Twin Heads,FAKE,1,Electronic,diffrhythm,train,3857
seg_003858,sample_01286,Ugh! Humans Can Join - Mystery Mammal,FAKE,1,Electronic,diffrhythm,test,3858
seg_003859,sample_01286,Ugh! Humans Can Join - Mystery Mammal,FAKE,1,Electronic,diffrhythm,test,3859
seg_003860,sample_01286,Ugh! Humans Can Join - Mystery Mammal,FAKE,1,Electronic,diffrhythm,test,3860
seg_003861,sample_01287,Ugly - Vienna Ditto,FAKE,1,Electronic,diffrhythm,train,3861
seg_003862,sample_01287,Ugly - Vienna Ditto,FAKE,1,Electronic,diffrhythm,train,3862
seg_003863,sample_01287,Ugly - Vienna Ditto,FAKE,1,Electronic,diffrhythm,train,3863
seg_003864,sample_01288,Understand That This Is A Dream - From the album Modulating Coil [RSVP008] - Forrest James,FAKE,1,Electronic,diffrhythm,val,3864
seg_003865,sample_01288,Understand That This Is A Dream - From the album Modulating Coil [RSVP008] - Forrest James,FAKE,1,Electronic,diffrhythm,val,3865
seg_003866,sample_01288,Understand That This Is A Dream - From the album Modulating Coil [RSVP008] - Forrest James,FAKE,1,Electronic,diffrhythm,val,3866
seg_003867,sample_01289,Unexpected Little Happenings - UltraCat,FAKE,1,Electronic,diffrhythm,train,3867
seg_003868,sample_01289,Unexpected Little Happenings - UltraCat,FAKE,1,Electronic,diffrhythm,train,3868
seg_003869,sample_01289,Unexpected Little Happenings - UltraCat,FAKE,1,Electronic,diffrhythm,train,3869
seg_003870,sample_01290,Vanishing Horizon - Jason Shaw,FAKE,1,Electronic,diffrhythm,train,3870
seg_003871,sample_01290,Vanishing Horizon - Jason Shaw,FAKE,1,Electronic,diffrhythm,train,3871
seg_003872,sample_01290,Vanishing Horizon - Jason Shaw,FAKE,1,Electronic,diffrhythm,train,3872
seg_003873,sample_01291,Westside Chillers - Little Glass Men,FAKE,1,Electronic,diffrhythm,val,3873
seg_003874,sample_01291,Westside Chillers - Little Glass Men,FAKE,1,Electronic,diffrhythm,val,3874
seg_003875,sample_01291,Westside Chillers - Little Glass Men,FAKE,1,Electronic,diffrhythm,val,3875
seg_003876,sample_01292,When I Was Taller - Dan Deacon,FAKE,1,Electronic,diffrhythm,train,3876
seg_003877,sample_01292,When I Was Taller - Dan Deacon,FAKE,1,Electronic,diffrhythm,train,3877
seg_003878,sample_01292,When I Was Taller - Dan Deacon,FAKE,1,Electronic,diffrhythm,train,3878
seg_003879,sample_01293,When Will We Ever Learn - Ontayso,FAKE,1,Electronic,diffrhythm,train,3879
seg_003880,sample_01293,When Will We Ever Learn - Ontayso,FAKE,1,Electronic,diffrhythm,train,3880
seg_003881,sample_01293,When Will We Ever Learn - Ontayso,FAKE,1,Electronic,diffrhythm,train,3881
seg_003882,sample_01294,Yurtology - Michett,FAKE,1,Electronic,diffrhythm,test,3882
seg_003883,sample_01294,Yurtology - Michett,FAKE,1,Electronic,diffrhythm,test,3883
seg_003884,sample_01294,Yurtology - Michett,FAKE,1,Electronic,diffrhythm,test,3884
seg_003885,sample_01295,Agora - Malaventura,FAKE,1,Pop,diffrhythm,val,3885
seg_003886,sample_01295,Agora - Malaventura,FAKE,1,Pop,diffrhythm,val,3886
seg_003887,sample_01295,Agora - Malaventura,FAKE,1,Pop,diffrhythm,val,3887
seg_003888,sample_01296,"Autopsy - Oh Yeah, the Future",FAKE,1,Pop,diffrhythm,train,3888
seg_003889,sample_01296,"Autopsy - Oh Yeah, the Future",FAKE,1,Pop,diffrhythm,train,3889
seg_003890,sample_01296,"Autopsy - Oh Yeah, the Future",FAKE,1,Pop,diffrhythm,train,3890
seg_003891,sample_01297,Breeze Funk - Malaventura,FAKE,1,Pop,diffrhythm,train,3891
seg_003892,sample_01297,Breeze Funk - Malaventura,FAKE,1,Pop,diffrhythm,train,3892
seg_003893,sample_01297,Breeze Funk - Malaventura,FAKE,1,Pop,diffrhythm,train,3893
seg_003894,sample_01298,Busby Berkeley - Ergo Phizmiz,FAKE,1,Pop,diffrhythm,train,3894
seg_003895,sample_01298,Busby Berkeley - Ergo Phizmiz,FAKE,1,Pop,diffrhythm,train,3895
seg_003896,sample_01298,Busby Berkeley - Ergo Phizmiz,FAKE,1,Pop,diffrhythm,train,3896
seg_003897,sample_01299,Celia - Ergo Phizmiz,FAKE,1,Pop,diffrhythm,train,3897
seg_003898,sample_01299,Celia - Ergo Phizmiz,FAKE,1,Pop,diffrhythm,train,3898
seg_003899,sample_01299,Celia - Ergo Phizmiz,FAKE,1,Pop,diffrhythm,train,3899
seg_003900,sample_01300,Convicted Jazz Drones - Malaventura,FAKE,1,Pop,diffrhythm,train,3900
seg_003901,sample_01300,Convicted Jazz Drones - Malaventura,FAKE,1,Pop,diffrhythm,train,3901
seg_003902,sample_01300,Convicted Jazz Drones - Malaventura,FAKE,1,Pop,diffrhythm,train,3902
seg_003903,sample_01301,danse macabre - Katapulto,FAKE,1,Pop,diffrhythm,train,3903
seg_003904,sample_01301,danse macabre - Katapulto,FAKE,1,Pop,diffrhythm,train,3904
seg_003905,sample_01301,danse macabre - Katapulto,FAKE,1,Pop,diffrhythm,train,3905
seg_003906,sample_01302,Different Day - First,FAKE,1,Pop,diffrhythm,test,3906
seg_003907,sample_01302,Different Day - First,FAKE,1,Pop,diffrhythm,test,3907
seg_003908,sample_01302,Different Day - First,FAKE,1,Pop,diffrhythm,test,3908
seg_003909,sample_01303,El Burrito - Malaventura,FAKE,1,Pop,diffrhythm,test,3909
seg_003910,sample_01303,El Burrito - Malaventura,FAKE,1,Pop,diffrhythm,test,3910
seg_003911,sample_01303,El Burrito - Malaventura,FAKE,1,Pop,diffrhythm,test,3911
seg_003912,sample_01304,Evil Cannot Create - Caleb Lemond,FAKE,1,Pop,diffrhythm,val,3912
seg_003913,sample_01304,Evil Cannot Create - Caleb Lemond,FAKE,1,Pop,diffrhythm,val,3913
seg_003914,sample_01304,Evil Cannot Create - Caleb Lemond,FAKE,1,Pop,diffrhythm,val,3914
seg_003915,sample_01305,"First Glance - Oh Yeah, the Future",FAKE,1,Pop,diffrhythm,train,3915
seg_003916,sample_01305,"First Glance - Oh Yeah, the Future",FAKE,1,Pop,diffrhythm,train,3916
seg_003917,sample_01305,"First Glance - Oh Yeah, the Future",FAKE,1,Pop,diffrhythm,train,3917
seg_003918,sample_01306,Food and War - Ergo Phizmiz,FAKE,1,Pop,diffrhythm,train,3918
seg_003919,sample_01306,Food and War - Ergo Phizmiz,FAKE,1,Pop,diffrhythm,train,3919
seg_003920,sample_01306,Food and War - Ergo Phizmiz,FAKE,1,Pop,diffrhythm,train,3920
seg_003921,sample_01307,gospellioza - Katapulto,FAKE,1,Pop,diffrhythm,train,3921
seg_003922,sample_01307,gospellioza - Katapulto,FAKE,1,Pop,diffrhythm,train,3922
seg_003923,sample_01307,gospellioza - Katapulto,FAKE,1,Pop,diffrhythm,train,3923
seg_003924,sample_01308,"Hungry - Oh Yeah, the Future",FAKE,1,Pop,diffrhythm,test,3924
seg_003925,sample_01308,"Hungry - Oh Yeah, the Future",FAKE,1,Pop,diffrhythm,test,3925
seg_003926,sample_01308,"Hungry - Oh Yeah, the Future",FAKE,1,Pop,diffrhythm,test,3926
seg_003927,sample_01309,Invaders From Within - Monroeville Music Center,FAKE,1,Pop,diffrhythm,train,3927
seg_003928,sample_01309,Invaders From Within - Monroeville Music Center,FAKE,1,Pop,diffrhythm,train,3928
seg_003929,sample_01309,Invaders From Within - Monroeville Music Center,FAKE,1,Pop,diffrhythm,train,3929
seg_003930,sample_01310,I Think From Now On - Caleb Lemond,FAKE,1,Pop,diffrhythm,train,3930
seg_003931,sample_01310,I Think From Now On - Caleb Lemond,FAKE,1,Pop,diffrhythm,train,3931
seg_003932,sample_01310,I Think From Now On - Caleb Lemond,FAKE,1,Pop,diffrhythm,train,3932
seg_003933,sample_01311,John the Baby - Ergo Phizmiz,FAKE,1,Pop,diffrhythm,train,3933
seg_003934,sample_01311,John the Baby - Ergo Phizmiz,FAKE,1,Pop,diffrhythm,train,3934
seg_003935,sample_01311,John the Baby - Ergo Phizmiz,FAKE,1,Pop,diffrhythm,train,3935
seg_003936,sample_01312,karaoke megablast - Katapulto,FAKE,1,Pop,diffrhythm,train,3936
seg_003937,sample_01312,karaoke megablast - Katapulto,FAKE,1,Pop,diffrhythm,train,3937
seg_003938,sample_01312,karaoke megablast - Katapulto,FAKE,1,Pop,diffrhythm,train,3938
seg_003939,sample_01313,Kissing Scars - Caleb Lemond,FAKE,1,Pop,diffrhythm,train,3939
seg_003940,sample_01313,Kissing Scars - Caleb Lemond,FAKE,1,Pop,diffrhythm,train,3940
seg_003941,sample_01313,Kissing Scars - Caleb Lemond,FAKE,1,Pop,diffrhythm,train,3941
seg_003942,sample_01314,kolorowe wody - Katapulto,FAKE,1,Pop,diffrhythm,train,3942
seg_003943,sample_01314,kolorowe wody - Katapulto,FAKE,1,Pop,diffrhythm,train,3943
seg_003944,sample_01314,kolorowe wody - Katapulto,FAKE,1,Pop,diffrhythm,train,3944
seg_003945,sample_01315,"Lackadaisical - Oh Yeah, the Future",FAKE,1,Pop,diffrhythm,train,3945
seg_003946,sample_01315,"Lackadaisical - Oh Yeah, the Future",FAKE,1,Pop,diffrhythm,train,3946
seg_003947,sample_01315,"Lackadaisical - Oh Yeah, the Future",FAKE,1,Pop,diffrhythm,train,3947
seg_003948,sample_01316,Let's the kids play - Malaventura,FAKE,1,Pop,diffrhythm,train,3948
seg_003949,sample_01316,Let's the kids play - Malaventura,FAKE,1,Pop,diffrhythm,train,3949
seg_003950,sample_01316,Let's the kids play - Malaventura,FAKE,1,Pop,diffrhythm,train,3950
seg_003951,sample_01317,Let's the kids play - Malaventura,FAKE,1,Pop,diffrhythm,train,3951
seg_003952,sample_01317,Let's the kids play - Malaventura,FAKE,1,Pop,diffrhythm,train,3952
seg_003953,sample_01317,Let's the kids play - Malaventura,FAKE,1,Pop,diffrhythm,train,3953
seg_003954,sample_01318,"Lovedreams - Oh Yeah, the Future",FAKE,1,Pop,diffrhythm,train,3954
seg_003955,sample_01318,"Lovedreams - Oh Yeah, the Future",FAKE,1,Pop,diffrhythm,train,3955
seg_003956,sample_01318,"Lovedreams - Oh Yeah, the Future",FAKE,1,Pop,diffrhythm,train,3956
seg_003957,sample_01319,Mandrill - Ergo Phizmiz,FAKE,1,Pop,diffrhythm,train,3957
seg_003958,sample_01319,Mandrill - Ergo Phizmiz,FAKE,1,Pop,diffrhythm,train,3958
seg_003959,sample_01319,Mandrill - Ergo Phizmiz,FAKE,1,Pop,diffrhythm,train,3959
seg_003960,sample_01320,mc trabalenguas - Volumina,FAKE,1,Pop,diffrhythm,train,3960
seg_003961,sample_01320,mc trabalenguas - Volumina,FAKE,1,Pop,diffrhythm,train,3961
seg_003962,sample_01320,mc trabalenguas - Volumina,FAKE,1,Pop,diffrhythm,train,3962
seg_003963,sample_01321,Monkeystage - Ergo Phizmiz,FAKE,1,Pop,diffrhythm,train,3963
seg_003964,sample_01321,Monkeystage - Ergo Phizmiz,FAKE,1,Pop,diffrhythm,train,3964
seg_003965,sample_01321,Monkeystage - Ergo Phizmiz,FAKE,1,Pop,diffrhythm,train,3965
seg_003966,sample_01322,Motocross Mania - Monroeville Music Center,FAKE,1,Pop,diffrhythm,test,3966
seg_003967,sample_01322,Motocross Mania - Monroeville Music Center,FAKE,1,Pop,diffrhythm,test,3967
seg_003968,sample_01322,Motocross Mania - Monroeville Music Center,FAKE,1,Pop,diffrhythm,test,3968
seg_003969,sample_01323,Music For an Underground Circu - Ergo Phizmiz,FAKE,1,Pop,diffrhythm,test,3969
seg_003970,sample_01323,Music For an Underground Circu - Ergo Phizmiz,FAKE,1,Pop,diffrhythm,test,3970
seg_003971,sample_01323,Music For an Underground Circu - Ergo Phizmiz,FAKE,1,Pop,diffrhythm,test,3971
seg_003972,sample_01324,My Body Is A Weapon (Compromise Edit) - Silence is full of birds,FAKE,1,Pop,diffrhythm,val,3972
seg_003973,sample_01324,My Body Is A Weapon (Compromise Edit) - Silence is full of birds,FAKE,1,Pop,diffrhythm,val,3973
seg_003974,sample_01324,My Body Is A Weapon (Compromise Edit) - Silence is full of birds,FAKE,1,Pop,diffrhythm,val,3974
seg_003975,sample_01325,My Body Is A Weapon (Compromise Edit) - Silence is full of birds,FAKE,1,Pop,diffrhythm,val,3975
seg_003976,sample_01325,My Body Is A Weapon (Compromise Edit) - Silence is full of birds,FAKE,1,Pop,diffrhythm,val,3976
seg_003977,sample_01325,My Body Is A Weapon (Compromise Edit) - Silence is full of birds,FAKE,1,Pop,diffrhythm,val,3977
seg_003978,sample_01326,Nature Is Over / Defined - Bird Names,FAKE,1,Pop,diffrhythm,train,3978
seg_003979,sample_01326,Nature Is Over / Defined - Bird Names,FAKE,1,Pop,diffrhythm,train,3979
seg_003980,sample_01326,Nature Is Over / Defined - Bird Names,FAKE,1,Pop,diffrhythm,train,3980
seg_003981,sample_01327,Nature Is Over / Defined - Bird Names,FAKE,1,Pop,diffrhythm,train,3981
seg_003982,sample_01327,Nature Is Over / Defined - Bird Names,FAKE,1,Pop,diffrhythm,train,3982
seg_003983,sample_01327,Nature Is Over / Defined - Bird Names,FAKE,1,Pop,diffrhythm,train,3983
seg_003984,sample_01328,"New Brave Face - Oh Yeah, the Future",FAKE,1,Pop,diffrhythm,train,3984
seg_003985,sample_01328,"New Brave Face - Oh Yeah, the Future",FAKE,1,Pop,diffrhythm,train,3985
seg_003986,sample_01328,"New Brave Face - Oh Yeah, the Future",FAKE,1,Pop,diffrhythm,train,3986
seg_003987,sample_01329,New Life (take 1) - Bird Names,FAKE,1,Pop,diffrhythm,val,3987
seg_003988,sample_01329,New Life (take 1) - Bird Names,FAKE,1,Pop,diffrhythm,val,3988
seg_003989,sample_01329,New Life (take 1) - Bird Names,FAKE,1,Pop,diffrhythm,val,3989
seg_003990,sample_01330,New Life (take 1) - Bird Names,FAKE,1,Pop,diffrhythm,val,3990
seg_003991,sample_01330,New Life (take 1) - Bird Names,FAKE,1,Pop,diffrhythm,val,3991
seg_003992,sample_01330,New Life (take 1) - Bird Names,FAKE,1,Pop,diffrhythm,val,3992
seg_003993,sample_01331,Norweigian Wood II - Bird Names,FAKE,1,Pop,diffrhythm,val,3993
seg_003994,sample_01331,Norweigian Wood II - Bird Names,FAKE,1,Pop,diffrhythm,val,3994
seg_003995,sample_01331,Norweigian Wood II - Bird Names,FAKE,1,Pop,diffrhythm,val,3995
seg_003996,sample_01332,Nostalgia - Malaventura,FAKE,1,Pop,diffrhythm,train,3996
seg_003997,sample_01332,Nostalgia - Malaventura,FAKE,1,Pop,diffrhythm,train,3997
seg_003998,sample_01332,Nostalgia - Malaventura,FAKE,1,Pop,diffrhythm,train,3998
seg_003999,sample_01333,On My Mind - Ergo Phizmiz,FAKE,1,Pop,diffrhythm,train,3999
seg_004000,sample_01333,On My Mind - Ergo Phizmiz,FAKE,1,Pop,diffrhythm,train,4000
seg_004001,sample_01333,On My Mind - Ergo Phizmiz,FAKE,1,Pop,diffrhythm,train,4001
seg_004002,sample_01334,Outro - Caleb Lemond,FAKE,1,Pop,diffrhythm,train,4002
seg_004003,sample_01334,Outro - Caleb Lemond,FAKE,1,Pop,diffrhythm,train,4003
seg_004004,sample_01334,Outro - Caleb Lemond,FAKE,1,Pop,diffrhythm,train,4004
seg_004005,sample_01335,philcollins takes your hand - Katapulto,FAKE,1,Pop,diffrhythm,train,4005
seg_004006,sample_01335,philcollins takes your hand - Katapulto,FAKE,1,Pop,diffrhythm,train,4006
seg_004007,sample_01335,philcollins takes your hand - Katapulto,FAKE,1,Pop,diffrhythm,train,4007
seg_004008,sample_01336,Polinesia - Malaventura,FAKE,1,Pop,diffrhythm,train,4008
seg_004009,sample_01336,Polinesia - Malaventura,FAKE,1,Pop,diffrhythm,train,4009
seg_004010,sample_01336,Polinesia - Malaventura,FAKE,1,Pop,diffrhythm,train,4010
seg_004011,sample_01337,Production - Bird Names,FAKE,1,Pop,diffrhythm,test,4011
seg_004012,sample_01337,Production - Bird Names,FAKE,1,Pop,diffrhythm,test,4012
seg_004013,sample_01337,Production - Bird Names,FAKE,1,Pop,diffrhythm,test,4013
seg_004014,sample_01338,purity & danger - Katapulto,FAKE,1,Pop,diffrhythm,train,4014
seg_004015,sample_01338,purity & danger - Katapulto,FAKE,1,Pop,diffrhythm,train,4015
seg_004016,sample_01338,purity & danger - Katapulto,FAKE,1,Pop,diffrhythm,train,4016
seg_004017,sample_01339,purity & danger - Katapulto,FAKE,1,Pop,diffrhythm,train,4017
seg_004018,sample_01339,purity & danger - Katapulto,FAKE,1,Pop,diffrhythm,train,4018
seg_004019,sample_01339,purity & danger - Katapulto,FAKE,1,Pop,diffrhythm,train,4019
seg_004020,sample_01340,Roller Star - Monroeville Music Center,FAKE,1,Pop,diffrhythm,val,4020
seg_004021,sample_01340,Roller Star - Monroeville Music Center,FAKE,1,Pop,diffrhythm,val,4021
seg_004022,sample_01340,Roller Star - Monroeville Music Center,FAKE,1,Pop,diffrhythm,val,4022
seg_004023,sample_01341,"Roundtrip - Oh Yeah, the Future",FAKE,1,Pop,diffrhythm,val,4023
seg_004024,sample_01341,"Roundtrip - Oh Yeah, the Future",FAKE,1,Pop,diffrhythm,val,4024
seg_004025,sample_01341,"Roundtrip - Oh Yeah, the Future",FAKE,1,Pop,diffrhythm,val,4025
seg_004026,sample_01342,Shadow Government - Bird Names,FAKE,1,Pop,diffrhythm,train,4026
seg_004027,sample_01342,Shadow Government - Bird Names,FAKE,1,Pop,diffrhythm,train,4027
seg_004028,sample_01342,Shadow Government - Bird Names,FAKE,1,Pop,diffrhythm,train,4028
seg_004029,sample_01343,She Works / Tepid Waters - Bird Names,FAKE,1,Pop,diffrhythm,test,4029
seg_004030,sample_01343,She Works / Tepid Waters - Bird Names,FAKE,1,Pop,diffrhythm,test,4030
seg_004031,sample_01343,She Works / Tepid Waters - Bird Names,FAKE,1,Pop,diffrhythm,test,4031
seg_004032,sample_01344,She Works / Tepid Waters - Bird Names,FAKE,1,Pop,diffrhythm,test,4032
seg_004033,sample_01344,She Works / Tepid Waters - Bird Names,FAKE,1,Pop,diffrhythm,test,4033
seg_004034,sample_01344,She Works / Tepid Waters - Bird Names,FAKE,1,Pop,diffrhythm,test,4034
seg_004035,sample_01345,Slow and Steady - Caleb Lemond,FAKE,1,Pop,diffrhythm,train,4035
seg_004036,sample_01345,Slow and Steady - Caleb Lemond,FAKE,1,Pop,diffrhythm,train,4036
seg_004037,sample_01345,Slow and Steady - Caleb Lemond,FAKE,1,Pop,diffrhythm,train,4037
seg_004038,sample_01346,"Snowday - Oh Yeah, the Future",FAKE,1,Pop,diffrhythm,train,4038
seg_004039,sample_01346,"Snowday - Oh Yeah, the Future",FAKE,1,Pop,diffrhythm,train,4039
seg_004040,sample_01346,"Snowday - Oh Yeah, the Future",FAKE,1,Pop,diffrhythm,train,4040
seg_004041,sample_01347,Soleares&beats - Malaventura,FAKE,1,Pop,diffrhythm,val,4041
seg_004042,sample_01347,Soleares&beats - Malaventura,FAKE,1,Pop,diffrhythm,val,4042
seg_004043,sample_01347,Soleares&beats - Malaventura,FAKE,1,Pop,diffrhythm,val,4043
seg_004044,sample_01348,Something Dirty - Ergo Phizmiz,FAKE,1,Pop,diffrhythm,test,4044
seg_004045,sample_01348,Something Dirty - Ergo Phizmiz,FAKE,1,Pop,diffrhythm,test,4045
seg_004046,sample_01348,Something Dirty - Ergo Phizmiz,FAKE,1,Pop,diffrhythm,test,4046
seg_004047,sample_01349,Space is my pace - Malaventura,FAKE,1,Pop,diffrhythm,train,4047
seg_004048,sample_01349,Space is my pace - Malaventura,FAKE,1,Pop,diffrhythm,train,4048
seg_004049,sample_01349,Space is my pace - Malaventura,FAKE,1,Pop,diffrhythm,train,4049
seg_004050,sample_01350,Spanish BEEEYYAAACHHH - Malaventura,FAKE,1,Pop,diffrhythm,train,4050
seg_004051,sample_01350,Spanish BEEEYYAAACHHH - Malaventura,FAKE,1,Pop,diffrhythm,train,4051
seg_004052,sample_01350,Spanish BEEEYYAAACHHH - Malaventura,FAKE,1,Pop,diffrhythm,train,4052
seg_004053,sample_01351,Stockholm Syndrome / People Should Be More Aware - Bird Names,FAKE,1,Pop,diffrhythm,val,4053
seg_004054,sample_01351,Stockholm Syndrome / People Should Be More Aware - Bird Names,FAKE,1,Pop,diffrhythm,val,4054
seg_004055,sample_01351,Stockholm Syndrome / People Should Be More Aware - Bird Names,FAKE,1,Pop,diffrhythm,val,4055
seg_004056,sample_01352,Stockholm Syndrome / People Should Be More Aware - Bird Names,FAKE,1,Pop,diffrhythm,val,4056
seg_004057,sample_01352,Stockholm Syndrome / People Should Be More Aware - Bird Names,FAKE,1,Pop,diffrhythm,val,4057
seg_004058,sample_01352,Stockholm Syndrome / People Should Be More Aware - Bird Names,FAKE,1,Pop,diffrhythm,val,4058
seg_004059,sample_01353,The Cave of Time - Monroeville Music Center,FAKE,1,Pop,diffrhythm,train,4059
seg_004060,sample_01353,The Cave of Time - Monroeville Music Center,FAKE,1,Pop,diffrhythm,train,4060
seg_004061,sample_01353,The Cave of Time - Monroeville Music Center,FAKE,1,Pop,diffrhythm,train,4061
seg_004062,sample_01354,The Coldest Winter - Caleb Lemond,FAKE,1,Pop,diffrhythm,train,4062
seg_004063,sample_01354,The Coldest Winter - Caleb Lemond,FAKE,1,Pop,diffrhythm,train,4063
seg_004064,sample_01354,The Coldest Winter - Caleb Lemond,FAKE,1,Pop,diffrhythm,train,4064
seg_004065,sample_01355,The Dream and the Dreamer - Caleb Lemond,FAKE,1,Pop,diffrhythm,train,4065
seg_004066,sample_01355,The Dream and the Dreamer - Caleb Lemond,FAKE,1,Pop,diffrhythm,train,4066
seg_004067,sample_01355,The Dream and the Dreamer - Caleb Lemond,FAKE,1,Pop,diffrhythm,train,4067
seg_004068,sample_01356,The plot - Malaventura,FAKE,1,Pop,diffrhythm,train,4068
seg_004069,sample_01356,The plot - Malaventura,FAKE,1,Pop,diffrhythm,train,4069
seg_004070,sample_01356,The plot - Malaventura,FAKE,1,Pop,diffrhythm,train,4070
seg_004071,sample_01357,"The Pursuit of Unintentional Humor - Oh Yeah, the Future",FAKE,1,Pop,diffrhythm,test,4071
seg_004072,sample_01357,"The Pursuit of Unintentional Humor - Oh Yeah, the Future",FAKE,1,Pop,diffrhythm,test,4072
seg_004073,sample_01357,"The Pursuit of Unintentional Humor - Oh Yeah, the Future",FAKE,1,Pop,diffrhythm,test,4073
seg_004074,sample_01358,The Queen - Malaventura,FAKE,1,Pop,diffrhythm,train,4074
seg_004075,sample_01358,The Queen - Malaventura,FAKE,1,Pop,diffrhythm,train,4075
seg_004076,sample_01358,The Queen - Malaventura,FAKE,1,Pop,diffrhythm,train,4076
seg_004077,sample_01359,The Race Forever - Monroeville Music Center,FAKE,1,Pop,diffrhythm,train,4077
seg_004078,sample_01359,The Race Forever - Monroeville Music Center,FAKE,1,Pop,diffrhythm,train,4078
seg_004079,sample_01359,The Race Forever - Monroeville Music Center,FAKE,1,Pop,diffrhythm,train,4079
seg_004080,sample_01360,The Reality Machine - Monroeville Music Center,FAKE,1,Pop,diffrhythm,train,4080
seg_004081,sample_01360,The Reality Machine - Monroeville Music Center,FAKE,1,Pop,diffrhythm,train,4081
seg_004082,sample_01360,The Reality Machine - Monroeville Music Center,FAKE,1,Pop,diffrhythm,train,4082
seg_004083,sample_01361,The Sandman - Ergo Phizmiz,FAKE,1,Pop,diffrhythm,train,4083
seg_004084,sample_01361,The Sandman - Ergo Phizmiz,FAKE,1,Pop,diffrhythm,train,4084
seg_004085,sample_01361,The Sandman - Ergo Phizmiz,FAKE,1,Pop,diffrhythm,train,4085
seg_004086,sample_01362,Time Is Love - Silence is full of birds,FAKE,1,Pop,diffrhythm,val,4086
seg_004087,sample_01362,Time Is Love - Silence is full of birds,FAKE,1,Pop,diffrhythm,val,4087
seg_004088,sample_01362,Time Is Love - Silence is full of birds,FAKE,1,Pop,diffrhythm,val,4088
seg_004089,sample_01363,Troubles I've seen - Malaventura,FAKE,1,Pop,diffrhythm,test,4089
seg_004090,sample_01363,Troubles I've seen - Malaventura,FAKE,1,Pop,diffrhythm,test,4090
seg_004091,sample_01363,Troubles I've seen - Malaventura,FAKE,1,Pop,diffrhythm,test,4091
seg_004092,sample_01364,Troubles I've seen - Malaventura,FAKE,1,Pop,diffrhythm,test,4092
seg_004093,sample_01364,Troubles I've seen - Malaventura,FAKE,1,Pop,diffrhythm,test,4093
seg_004094,sample_01364,Troubles I've seen - Malaventura,FAKE,1,Pop,diffrhythm,test,4094
seg_004095,sample_01365,We Are Canucks - David Blair,FAKE,1,Pop,diffrhythm,train,4095
seg_004096,sample_01365,We Are Canucks - David Blair,FAKE,1,Pop,diffrhythm,train,4096
seg_004097,sample_01365,We Are Canucks - David Blair,FAKE,1,Pop,diffrhythm,train,4097
seg_004098,sample_01366,"With the Summer - Oh Yeah, the Future",FAKE,1,Pop,diffrhythm,train,4098
seg_004099,sample_01366,"With the Summer - Oh Yeah, the Future",FAKE,1,Pop,diffrhythm,train,4099
seg_004100,sample_01366,"With the Summer - Oh Yeah, the Future",FAKE,1,Pop,diffrhythm,train,4100
seg_004101,sample_01367,Yoko live at FoEG - Emma Acs,FAKE,1,Pop,diffrhythm,train,4101
seg_004102,sample_01367,Yoko live at FoEG - Emma Acs,FAKE,1,Pop,diffrhythm,train,4102
seg_004103,sample_01367,Yoko live at FoEG - Emma Acs,FAKE,1,Pop,diffrhythm,train,4103
seg_004104,sample_01368,You Are A Monster - Monroeville Music Center,FAKE,1,Pop,diffrhythm,train,4104
seg_004105,sample_01368,You Are A Monster - Monroeville Music Center,FAKE,1,Pop,diffrhythm,train,4105
seg_004106,sample_01368,You Are A Monster - Monroeville Music Center,FAKE,1,Pop,diffrhythm,train,4106
seg_004107,sample_01369,zero rhythm dollar boy - Katapulto,FAKE,1,Pop,diffrhythm,train,4107
seg_004108,sample_01369,zero rhythm dollar boy - Katapulto,FAKE,1,Pop,diffrhythm,train,4108
seg_004109,sample_01369,zero rhythm dollar boy - Katapulto,FAKE,1,Pop,diffrhythm,train,4109
seg_004110,sample_01370,1984 - Punk Rock Opera,FAKE,1,Rock,diffrhythm,train,4110
seg_004111,sample_01370,1984 - Punk Rock Opera,FAKE,1,Rock,diffrhythm,train,4111
seg_004112,sample_01370,1984 - Punk Rock Opera,FAKE,1,Rock,diffrhythm,train,4112
seg_004113,sample_01371,"November 25, 2007 - Kenneth Kirschner",FAKE,1,Electronic,diffrhythm,train,4113
seg_004114,sample_01371,"November 25, 2007 - Kenneth Kirschner",FAKE,1,Electronic,diffrhythm,train,4114
seg_004115,sample_01371,"November 25, 2007 - Kenneth Kirschner",FAKE,1,Electronic,diffrhythm,train,4115
seg_004116,sample_01372,2 (Wasn't There) - Isle of Pine,FAKE,1,Rock,diffrhythm,val,4116
seg_004117,sample_01372,2 (Wasn't There) - Isle of Pine,FAKE,1,Rock,diffrhythm,val,4117
seg_004118,sample_01372,2 (Wasn't There) - Isle of Pine,FAKE,1,Rock,diffrhythm,val,4118
seg_004119,sample_01373,"50,000 Volts of Democracy mp3 - Legally Blind",FAKE,1,Rock,diffrhythm,train,4119
seg_004120,sample_01373,"50,000 Volts of Democracy mp3 - Legally Blind",FAKE,1,Rock,diffrhythm,train,4120
seg_004121,sample_01373,"50,000 Volts of Democracy mp3 - Legally Blind",FAKE,1,Rock,diffrhythm,train,4121
seg_004122,sample_01374,5 (Lexington) - Isle of Pine,FAKE,1,Rock,diffrhythm,test,4122
seg_004123,sample_01374,5 (Lexington) - Isle of Pine,FAKE,1,Rock,diffrhythm,test,4123
seg_004124,sample_01374,5 (Lexington) - Isle of Pine,FAKE,1,Rock,diffrhythm,test,4124
seg_004125,sample_01375,"6 (Coat of Arms, Close) - Isle of Pine",FAKE,1,Rock,diffrhythm,train,4125
seg_004126,sample_01375,"6 (Coat of Arms, Close) - Isle of Pine",FAKE,1,Rock,diffrhythm,train,4126
seg_004127,sample_01375,"6 (Coat of Arms, Close) - Isle of Pine",FAKE,1,Rock,diffrhythm,train,4127
seg_004128,sample_01376,Apparitions Under Glass - Sarin,FAKE,1,Rock,diffrhythm,train,4128
seg_004129,sample_01376,Apparitions Under Glass - Sarin,FAKE,1,Rock,diffrhythm,train,4129
seg_004130,sample_01376,Apparitions Under Glass - Sarin,FAKE,1,Rock,diffrhythm,train,4130
seg_004131,sample_01377,Attention - Pete Prodoehl,FAKE,1,Rock,diffrhythm,test,4131
seg_004132,sample_01377,Attention - Pete Prodoehl,FAKE,1,Rock,diffrhythm,test,4132
seg_004133,sample_01377,Attention - Pete Prodoehl,FAKE,1,Rock,diffrhythm,test,4133
seg_004134,sample_01378,A Dark Blue Arc - Pipe Choir,FAKE,1,Rock,diffrhythm,train,4134
seg_004135,sample_01378,A Dark Blue Arc - Pipe Choir,FAKE,1,Rock,diffrhythm,train,4135
seg_004136,sample_01378,A Dark Blue Arc - Pipe Choir,FAKE,1,Rock,diffrhythm,train,4136
seg_004137,sample_01379,A Lady In Red With A Plan To Steal - Did You Just Hex Me?,FAKE,1,Rock,diffrhythm,train,4137
seg_004138,sample_01379,A Lady In Red With A Plan To Steal - Did You Just Hex Me?,FAKE,1,Rock,diffrhythm,train,4138
seg_004139,sample_01379,A Lady In Red With A Plan To Steal - Did You Just Hex Me?,FAKE,1,Rock,diffrhythm,train,4139
seg_004140,sample_01380,Bergwald Bergwald - Every Now and Every Then,FAKE,1,Rock,diffrhythm,train,4140
seg_004141,sample_01380,Bergwald Bergwald - Every Now and Every Then,FAKE,1,Rock,diffrhythm,train,4141
seg_004142,sample_01380,Bergwald Bergwald - Every Now and Every Then,FAKE,1,Rock,diffrhythm,train,4142
seg_004143,sample_01381,Better Run Away From Me - Miss Derringer,FAKE,1,Rock,diffrhythm,train,4143
seg_004144,sample_01381,Better Run Away From Me - Miss Derringer,FAKE,1,Rock,diffrhythm,train,4144
seg_004145,sample_01381,Better Run Away From Me - Miss Derringer,FAKE,1,Rock,diffrhythm,train,4145
seg_004146,sample_01382,Beyond Luxury - Mors Ontologica,FAKE,1,Rock,diffrhythm,val,4146
seg_004147,sample_01382,Beyond Luxury - Mors Ontologica,FAKE,1,Rock,diffrhythm,val,4147
seg_004148,sample_01382,Beyond Luxury - Mors Ontologica,FAKE,1,Rock,diffrhythm,val,4148
seg_004149,sample_01383,Black Panda - The Crypts!,FAKE,1,Rock,diffrhythm,train,4149
seg_004150,sample_01383,Black Panda - The Crypts!,FAKE,1,Rock,diffrhythm,train,4150
seg_004151,sample_01383,Black Panda - The Crypts!,FAKE,1,Rock,diffrhythm,train,4151
seg_004152,sample_01384,Breathe New Life - Scott Holmes,FAKE,1,Rock,diffrhythm,train,4152
seg_004153,sample_01384,Breathe New Life - Scott Holmes,FAKE,1,Rock,diffrhythm,train,4153
seg_004154,sample_01384,Breathe New Life - Scott Holmes,FAKE,1,Rock,diffrhythm,train,4154
seg_004155,sample_01385,Burn - Room For A Ghost,FAKE,1,Rock,diffrhythm,train,4155
seg_004156,sample_01385,Burn - Room For A Ghost,FAKE,1,Rock,diffrhythm,train,4156
seg_004157,sample_01385,Burn - Room For A Ghost,FAKE,1,Rock,diffrhythm,train,4157
seg_004158,sample_01386,Cassie Lace - The Zombie Dandies,FAKE,1,Rock,diffrhythm,train,4158
seg_004159,sample_01386,Cassie Lace - The Zombie Dandies,FAKE,1,Rock,diffrhythm,train,4159
seg_004160,sample_01386,Cassie Lace - The Zombie Dandies,FAKE,1,Rock,diffrhythm,train,4160
seg_004161,sample_01387,Colossal Stillness - Scott Holmes,FAKE,1,Rock,diffrhythm,train,4161
seg_004162,sample_01387,Colossal Stillness - Scott Holmes,FAKE,1,Rock,diffrhythm,train,4162
seg_004163,sample_01387,Colossal Stillness - Scott Holmes,FAKE,1,Rock,diffrhythm,train,4163
seg_004164,sample_01388,Crossing - Los Llamarada,FAKE,1,Rock,diffrhythm,train,4164
seg_004165,sample_01388,Crossing - Los Llamarada,FAKE,1,Rock,diffrhythm,train,4165
seg_004166,sample_01388,Crossing - Los Llamarada,FAKE,1,Rock,diffrhythm,train,4166
seg_004167,sample_01389,Demolition - Michett,FAKE,1,Rock,diffrhythm,train,4167
seg_004168,sample_01389,Demolition - Michett,FAKE,1,Rock,diffrhythm,train,4168
seg_004169,sample_01389,Demolition - Michett,FAKE,1,Rock,diffrhythm,train,4169
seg_004170,sample_01390,Digital Lightning - Cloudkicker,FAKE,1,Rock,diffrhythm,train,4170
seg_004171,sample_01390,Digital Lightning - Cloudkicker,FAKE,1,Rock,diffrhythm,train,4171
seg_004172,sample_01390,Digital Lightning - Cloudkicker,FAKE,1,Rock,diffrhythm,train,4172
seg_004173,sample_01391,Don't want to be your man - Frigg A Go Go (F.A.G.G.),FAKE,1,Rock,diffrhythm,train,4173
seg_004174,sample_01391,Don't want to be your man - Frigg A Go Go (F.A.G.G.),FAKE,1,Rock,diffrhythm,train,4174
seg_004175,sample_01391,Don't want to be your man - Frigg A Go Go (F.A.G.G.),FAKE,1,Rock,diffrhythm,train,4175
seg_004176,sample_01392,Dr. Bodysnatcher - Modey Lemon,FAKE,1,Rock,diffrhythm,train,4176
seg_004177,sample_01392,Dr. Bodysnatcher - Modey Lemon,FAKE,1,Rock,diffrhythm,train,4177
seg_004178,sample_01392,Dr. Bodysnatcher - Modey Lemon,FAKE,1,Rock,diffrhythm,train,4178
seg_004179,sample_01393,Electric Girlfriend - The Zombie Dandies,FAKE,1,Rock,diffrhythm,train,4179
seg_004180,sample_01393,Electric Girlfriend - The Zombie Dandies,FAKE,1,Rock,diffrhythm,train,4180
seg_004181,sample_01393,Electric Girlfriend - The Zombie Dandies,FAKE,1,Rock,diffrhythm,train,4181
seg_004182,sample_01394,Empty Pockets - Pete Prodoehl,FAKE,1,Rock,diffrhythm,val,4182
seg_004183,sample_01394,Empty Pockets - Pete Prodoehl,FAKE,1,Rock,diffrhythm,val,4183
seg_004184,sample_01394,Empty Pockets - Pete Prodoehl,FAKE,1,Rock,diffrhythm,val,4184
seg_004185,sample_01395,Enemy - Modey Lemon,FAKE,1,Rock,diffrhythm,train,4185
seg_004186,sample_01395,Enemy - Modey Lemon,FAKE,1,Rock,diffrhythm,train,4186
seg_004187,sample_01395,Enemy - Modey Lemon,FAKE,1,Rock,diffrhythm,train,4187
seg_004188,sample_01396,Eyes Getting Louder - Mod Fun,FAKE,1,Rock,diffrhythm,train,4188
seg_004189,sample_01396,Eyes Getting Louder - Mod Fun,FAKE,1,Rock,diffrhythm,train,4189
seg_004190,sample_01396,Eyes Getting Louder - Mod Fun,FAKE,1,Rock,diffrhythm,train,4190
seg_004191,sample_01397,Fear - Los Fancy Free,FAKE,1,Rock,diffrhythm,val,4191
seg_004192,sample_01397,Fear - Los Fancy Free,FAKE,1,Rock,diffrhythm,val,4192
seg_004193,sample_01397,Fear - Los Fancy Free,FAKE,1,Rock,diffrhythm,val,4193
seg_004194,sample_01398,Five 40 Derby/Slow Whistle - The Crypts!,FAKE,1,Rock,diffrhythm,train,4194
seg_004195,sample_01398,Five 40 Derby/Slow Whistle - The Crypts!,FAKE,1,Rock,diffrhythm,train,4195
seg_004196,sample_01398,Five 40 Derby/Slow Whistle - The Crypts!,FAKE,1,Rock,diffrhythm,train,4196
seg_004197,sample_01399,Forest Silence - Serpentarivm,FAKE,1,Rock,diffrhythm,train,4197
seg_004198,sample_01399,Forest Silence - Serpentarivm,FAKE,1,Rock,diffrhythm,train,4198
seg_004199,sample_01399,Forest Silence - Serpentarivm,FAKE,1,Rock,diffrhythm,train,4199
seg_004200,sample_01400,Formic Acid for Blood - Punk Rock Opera,FAKE,1,Rock,diffrhythm,train,4200
seg_004201,sample_01400,Formic Acid for Blood - Punk Rock Opera,FAKE,1,Rock,diffrhythm,train,4201
seg_004202,sample_01400,Formic Acid for Blood - Punk Rock Opera,FAKE,1,Rock,diffrhythm,train,4202
seg_004203,sample_01401,Fridge - Railkid Station,FAKE,1,Rock,diffrhythm,train,4203
seg_004204,sample_01401,Fridge - Railkid Station,FAKE,1,Rock,diffrhythm,train,4204
seg_004205,sample_01401,Fridge - Railkid Station,FAKE,1,Rock,diffrhythm,train,4205
seg_004206,sample_01402,Gila Monster Flop/Music History Lesson:The Sonics - The Crypts!,FAKE,1,Rock,diffrhythm,val,4206
seg_004207,sample_01402,Gila Monster Flop/Music History Lesson:The Sonics - The Crypts!,FAKE,1,Rock,diffrhythm,val,4207
seg_004208,sample_01402,Gila Monster Flop/Music History Lesson:The Sonics - The Crypts!,FAKE,1,Rock,diffrhythm,val,4208
seg_004209,sample_01403,Gloomy Sunday - AmortE,FAKE,1,Rock,diffrhythm,train,4209
seg_004210,sample_01403,Gloomy Sunday - AmortE,FAKE,1,Rock,diffrhythm,train,4210
seg_004211,sample_01403,Gloomy Sunday - AmortE,FAKE,1,Rock,diffrhythm,train,4211
seg_004212,sample_01404,Hahaha - The Moi Non Plus,FAKE,1,Rock,diffrhythm,train,4212
seg_004213,sample_01404,Hahaha - The Moi Non Plus,FAKE,1,Rock,diffrhythm,train,4213
seg_004214,sample_01404,Hahaha - The Moi Non Plus,FAKE,1,Rock,diffrhythm,train,4214
seg_004215,sample_01405,Half a Doubt - Droopies,FAKE,1,Rock,diffrhythm,train,4215
seg_004216,sample_01405,Half a Doubt - Droopies,FAKE,1,Rock,diffrhythm,train,4216
seg_004217,sample_01405,Half a Doubt - Droopies,FAKE,1,Rock,diffrhythm,train,4217
seg_004218,sample_01406,Happy - Lamprey,FAKE,1,Rock,diffrhythm,train,4218
seg_004219,sample_01406,Happy - Lamprey,FAKE,1,Rock,diffrhythm,train,4219
seg_004220,sample_01406,Happy - Lamprey,FAKE,1,Rock,diffrhythm,train,4220
seg_004221,sample_01407,"Head of Ancante, Talking Tree - Ak'chamel, The Giver of Illness",FAKE,1,Rock,diffrhythm,test,4221
seg_004222,sample_01407,"Head of Ancante, Talking Tree - Ak'chamel, The Giver of Illness",FAKE,1,Rock,diffrhythm,test,4222
seg_004223,sample_01407,"Head of Ancante, Talking Tree - Ak'chamel, The Giver of Illness",FAKE,1,Rock,diffrhythm,test,4223
seg_004224,sample_01408,Hisko Detria - Hisko Detria,FAKE,1,Rock,diffrhythm,train,4224
seg_004225,sample_01408,Hisko Detria - Hisko Detria,FAKE,1,Rock,diffrhythm,train,4225
seg_004226,sample_01408,Hisko Detria - Hisko Detria,FAKE,1,Rock,diffrhythm,train,4226
seg_004227,sample_01409,I'm gonna try to reach - Los Llamarada,FAKE,1,Rock,diffrhythm,train,4227
seg_004228,sample_01409,I'm gonna try to reach - Los Llamarada,FAKE,1,Rock,diffrhythm,train,4228
seg_004229,sample_01409,I'm gonna try to reach - Los Llamarada,FAKE,1,Rock,diffrhythm,train,4229
seg_004230,sample_01410,Infinite Light - Pipe Choir,FAKE,1,Rock,diffrhythm,train,4230
seg_004231,sample_01410,Infinite Light - Pipe Choir,FAKE,1,Rock,diffrhythm,train,4231
seg_004232,sample_01410,Infinite Light - Pipe Choir,FAKE,1,Rock,diffrhythm,train,4232
seg_004233,sample_01411,Insectlaration of Independence - Punk Rock Opera,FAKE,1,Rock,diffrhythm,train,4233
seg_004234,sample_01411,Insectlaration of Independence - Punk Rock Opera,FAKE,1,Rock,diffrhythm,train,4234
seg_004235,sample_01411,Insectlaration of Independence - Punk Rock Opera,FAKE,1,Rock,diffrhythm,train,4235
seg_004236,sample_01412,I Can See Everything - Mod Fun,FAKE,1,Rock,diffrhythm,train,4236
seg_004237,sample_01412,I Can See Everything - Mod Fun,FAKE,1,Rock,diffrhythm,train,4237
seg_004238,sample_01412,I Can See Everything - Mod Fun,FAKE,1,Rock,diffrhythm,train,4238
seg_004239,sample_01413,I Close My Eyes - Miss Derringer,FAKE,1,Rock,diffrhythm,train,4239
seg_004240,sample_01413,I Close My Eyes - Miss Derringer,FAKE,1,Rock,diffrhythm,train,4240
seg_004241,sample_01413,I Close My Eyes - Miss Derringer,FAKE,1,Rock,diffrhythm,train,4241
seg_004242,sample_01414,I Dream So Vividly - Uninhabitable Mansions,FAKE,1,Rock,diffrhythm,train,4242
seg_004243,sample_01414,I Dream So Vividly - Uninhabitable Mansions,FAKE,1,Rock,diffrhythm,train,4243
seg_004244,sample_01414,I Dream So Vividly - Uninhabitable Mansions,FAKE,1,Rock,diffrhythm,train,4244
seg_004245,sample_01415,I Fell - Mod Fun,FAKE,1,Rock,diffrhythm,val,4245
seg_004246,sample_01415,I Fell - Mod Fun,FAKE,1,Rock,diffrhythm,val,4246
seg_004247,sample_01415,I Fell - Mod Fun,FAKE,1,Rock,diffrhythm,val,4247
seg_004248,sample_01416,I - Inflammator,FAKE,1,Rock,diffrhythm,test,4248
seg_004249,sample_01416,I - Inflammator,FAKE,1,Rock,diffrhythm,test,4249
seg_004250,sample_01416,I - Inflammator,FAKE,1,Rock,diffrhythm,test,4250
seg_004251,sample_01417,I - Nocturnal Mayhem,FAKE,1,Rock,diffrhythm,train,4251
seg_004252,sample_01417,I - Nocturnal Mayhem,FAKE,1,Rock,diffrhythm,train,4252
seg_004253,sample_01417,I - Nocturnal Mayhem,FAKE,1,Rock,diffrhythm,train,4253
seg_004254,sample_01418,Johnny I Lie - The Moi Non Plus,FAKE,1,Rock,diffrhythm,train,4254
seg_004255,sample_01418,Johnny I Lie - The Moi Non Plus,FAKE,1,Rock,diffrhythm,train,4255
seg_004256,sample_01418,Johnny I Lie - The Moi Non Plus,FAKE,1,Rock,diffrhythm,train,4256
seg_004257,sample_01419,KISS my Boots - The Zombie Dandies,FAKE,1,Rock,diffrhythm,train,4257
seg_004258,sample_01419,KISS my Boots - The Zombie Dandies,FAKE,1,Rock,diffrhythm,train,4258
seg_004259,sample_01419,KISS my Boots - The Zombie Dandies,FAKE,1,Rock,diffrhythm,train,4259
seg_004260,sample_01420,KOMFORT - voyageurs,FAKE,1,Rock,diffrhythm,train,4260
seg_004261,sample_01420,KOMFORT - voyageurs,FAKE,1,Rock,diffrhythm,train,4261
seg_004262,sample_01420,KOMFORT - voyageurs,FAKE,1,Rock,diffrhythm,train,4262
seg_004263,sample_01421,Lady Love - Parsley Flakes,FAKE,1,Rock,diffrhythm,train,4263
seg_004264,sample_01421,Lady Love - Parsley Flakes,FAKE,1,Rock,diffrhythm,train,4264
seg_004265,sample_01421,Lady Love - Parsley Flakes,FAKE,1,Rock,diffrhythm,train,4265
seg_004266,sample_01422,L'arbre - Salmo,FAKE,1,Rock,diffrhythm,test,4266
seg_004267,sample_01422,L'arbre - Salmo,FAKE,1,Rock,diffrhythm,test,4267
seg_004268,sample_01422,L'arbre - Salmo,FAKE,1,Rock,diffrhythm,test,4268
seg_004269,sample_01423,Leaving Here - Mod Fun,FAKE,1,Rock,diffrhythm,test,4269
seg_004270,sample_01423,Leaving Here - Mod Fun,FAKE,1,Rock,diffrhythm,test,4270
seg_004271,sample_01423,Leaving Here - Mod Fun,FAKE,1,Rock,diffrhythm,test,4271
seg_004272,sample_01424,Liberation is not Easy - Frigg A Go Go (F.A.G.G.),FAKE,1,Rock,diffrhythm,train,4272
seg_004273,sample_01424,Liberation is not Easy - Frigg A Go Go (F.A.G.G.),FAKE,1,Rock,diffrhythm,train,4273
seg_004274,sample_01424,Liberation is not Easy - Frigg A Go Go (F.A.G.G.),FAKE,1,Rock,diffrhythm,train,4274
seg_004275,sample_01425,Lights Up - Pipe Choir,FAKE,1,Rock,diffrhythm,val,4275
seg_004276,sample_01425,Lights Up - Pipe Choir,FAKE,1,Rock,diffrhythm,val,4276
seg_004277,sample_01425,Lights Up - Pipe Choir,FAKE,1,Rock,diffrhythm,val,4277
seg_004278,sample_01426,LIQUID SKULLS - voyageurs,FAKE,1,Rock,diffrhythm,test,4278
seg_004279,sample_01426,LIQUID SKULLS - voyageurs,FAKE,1,Rock,diffrhythm,test,4279
seg_004280,sample_01426,LIQUID SKULLS - voyageurs,FAKE,1,Rock,diffrhythm,test,4280
seg_004281,sample_01427,Lost Paradise - Autumn Interlude,FAKE,1,Rock,diffrhythm,train,4281
seg_004282,sample_01427,Lost Paradise - Autumn Interlude,FAKE,1,Rock,diffrhythm,train,4282
seg_004283,sample_01427,Lost Paradise - Autumn Interlude,FAKE,1,Rock,diffrhythm,train,4283
seg_004284,sample_01428,Love Dream - The Zombie Dandies,FAKE,1,Rock,diffrhythm,test,4284
seg_004285,sample_01428,Love Dream - The Zombie Dandies,FAKE,1,Rock,diffrhythm,test,4285
seg_004286,sample_01428,Love Dream - The Zombie Dandies,FAKE,1,Rock,diffrhythm,test,4286
seg_004287,sample_01429,March of the GPA Mechanics - [t]ghost,FAKE,1,Rock,diffrhythm,val,4287
seg_004288,sample_01429,March of the GPA Mechanics - [t]ghost,FAKE,1,Rock,diffrhythm,val,4288
seg_004289,sample_01429,March of the GPA Mechanics - [t]ghost,FAKE,1,Rock,diffrhythm,val,4289
seg_004290,sample_01430,Mettle - Pipe Choir,FAKE,1,Rock,diffrhythm,train,4290
seg_004291,sample_01430,Mettle - Pipe Choir,FAKE,1,Rock,diffrhythm,train,4291
seg_004292,sample_01430,Mettle - Pipe Choir,FAKE,1,Rock,diffrhythm,train,4292
seg_004293,sample_01431,Millitary Industrial Complex - Punk Rock Opera,FAKE,1,Rock,diffrhythm,train,4293
seg_004294,sample_01431,Millitary Industrial Complex - Punk Rock Opera,FAKE,1,Rock,diffrhythm,train,4294
seg_004295,sample_01431,Millitary Industrial Complex - Punk Rock Opera,FAKE,1,Rock,diffrhythm,train,4295
seg_004296,sample_01432,Moja Krypta - AmortE,FAKE,1,Rock,diffrhythm,test,4296
seg_004297,sample_01432,Moja Krypta - AmortE,FAKE,1,Rock,diffrhythm,test,4297
seg_004298,sample_01432,Moja Krypta - AmortE,FAKE,1,Rock,diffrhythm,test,4298
seg_004299,sample_01433,Moontime - The IMG,FAKE,1,Rock,diffrhythm,train,4299
seg_004300,sample_01433,Moontime - The IMG,FAKE,1,Rock,diffrhythm,train,4300
seg_004301,sample_01433,Moontime - The IMG,FAKE,1,Rock,diffrhythm,train,4301
seg_004302,sample_01434,Mosque - Sarin,FAKE,1,Rock,diffrhythm,train,4302
seg_004303,sample_01434,Mosque - Sarin,FAKE,1,Rock,diffrhythm,train,4303
seg_004304,sample_01434,Mosque - Sarin,FAKE,1,Rock,diffrhythm,train,4304
seg_004305,sample_01435,Mountain Mist - Modey Lemon,FAKE,1,Rock,diffrhythm,train,4305
seg_004306,sample_01435,Mountain Mist - Modey Lemon,FAKE,1,Rock,diffrhythm,train,4306
seg_004307,sample_01435,Mountain Mist - Modey Lemon,FAKE,1,Rock,diffrhythm,train,4307
seg_004308,sample_01436,Natron Queen - AmortE,FAKE,1,Rock,diffrhythm,train,4308
seg_004309,sample_01436,Natron Queen - AmortE,FAKE,1,Rock,diffrhythm,train,4309
seg_004310,sample_01436,Natron Queen - AmortE,FAKE,1,Rock,diffrhythm,train,4310
seg_004311,sample_01437,Niche Dreams - Square People,FAKE,1,Rock,diffrhythm,train,4311
seg_004312,sample_01437,Niche Dreams - Square People,FAKE,1,Rock,diffrhythm,train,4312
seg_004313,sample_01437,Niche Dreams - Square People,FAKE,1,Rock,diffrhythm,train,4313
seg_004314,sample_01438,Nose - DUSTdevils,FAKE,1,Rock,diffrhythm,train,4314
seg_004315,sample_01438,Nose - DUSTdevils,FAKE,1,Rock,diffrhythm,train,4315
seg_004316,sample_01438,Nose - DUSTdevils,FAKE,1,Rock,diffrhythm,train,4316
seg_004317,sample_01439,One Eyed Ghost/This is gonna be a rough show - The Crypts!,FAKE,1,Rock,diffrhythm,train,4317
seg_004318,sample_01439,One Eyed Ghost/This is gonna be a rough show - The Crypts!,FAKE,1,Rock,diffrhythm,train,4318
seg_004319,sample_01439,One Eyed Ghost/This is gonna be a rough show - The Crypts!,FAKE,1,Rock,diffrhythm,train,4319
seg_004320,sample_01440,Puertas de Fuego - Guerra de Cerdos,FAKE,1,Rock,diffrhythm,test,4320
seg_004321,sample_01440,Puertas de Fuego - Guerra de Cerdos,FAKE,1,Rock,diffrhythm,test,4321
seg_004322,sample_01440,Puertas de Fuego - Guerra de Cerdos,FAKE,1,Rock,diffrhythm,test,4322
seg_004323,sample_01441,Reagan Shut Down the Asylums - Punk Rock Opera,FAKE,1,Rock,diffrhythm,train,4323
seg_004324,sample_01441,Reagan Shut Down the Asylums - Punk Rock Opera,FAKE,1,Rock,diffrhythm,train,4324
seg_004325,sample_01441,Reagan Shut Down the Asylums - Punk Rock Opera,FAKE,1,Rock,diffrhythm,train,4325
seg_004326,sample_01442,Redlight - Room For A Ghost,FAKE,1,Rock,diffrhythm,val,4326
seg_004327,sample_01442,Redlight - Room For A Ghost,FAKE,1,Rock,diffrhythm,val,4327
seg_004328,sample_01442,Redlight - Room For A Ghost,FAKE,1,Rock,diffrhythm,val,4328
seg_004329,sample_01443,Roach-Man - Punk Rock Opera,FAKE,1,Rock,diffrhythm,train,4329
seg_004330,sample_01443,Roach-Man - Punk Rock Opera,FAKE,1,Rock,diffrhythm,train,4330
seg_004331,sample_01443,Roach-Man - Punk Rock Opera,FAKE,1,Rock,diffrhythm,train,4331
seg_004332,sample_01444,Robocall - Legally Blind,FAKE,1,Rock,diffrhythm,train,4332
seg_004333,sample_01444,Robocall - Legally Blind,FAKE,1,Rock,diffrhythm,train,4333
seg_004334,sample_01444,Robocall - Legally Blind,FAKE,1,Rock,diffrhythm,train,4334
seg_004335,sample_01445,Roland Garros 2048 - Zoliborz,FAKE,1,Rock,diffrhythm,train,4335
seg_004336,sample_01445,Roland Garros 2048 - Zoliborz,FAKE,1,Rock,diffrhythm,train,4336
seg_004337,sample_01445,Roland Garros 2048 - Zoliborz,FAKE,1,Rock,diffrhythm,train,4337
seg_004338,sample_01446,Rumble - Railkid Station,FAKE,1,Rock,diffrhythm,train,4338
seg_004339,sample_01446,Rumble - Railkid Station,FAKE,1,Rock,diffrhythm,train,4339
seg_004340,sample_01446,Rumble - Railkid Station,FAKE,1,Rock,diffrhythm,train,4340
seg_004341,sample_01447,Scramby Eggs - Andy G. Cohen,FAKE,1,Rock,diffrhythm,val,4341
seg_004342,sample_01447,Scramby Eggs - Andy G. Cohen,FAKE,1,Rock,diffrhythm,val,4342
seg_004343,sample_01447,Scramby Eggs - Andy G. Cohen,FAKE,1,Rock,diffrhythm,val,4343
seg_004344,sample_01448,Sea Monster - The Crypts!,FAKE,1,Rock,diffrhythm,train,4344
seg_004345,sample_01448,Sea Monster - The Crypts!,FAKE,1,Rock,diffrhythm,train,4345
seg_004346,sample_01448,Sea Monster - The Crypts!,FAKE,1,Rock,diffrhythm,train,4346
seg_004347,sample_01449,Sfogare Il Dissenso - Deiezione HC,FAKE,1,Rock,diffrhythm,test,4347
seg_004348,sample_01449,Sfogare Il Dissenso - Deiezione HC,FAKE,1,Rock,diffrhythm,test,4348
seg_004349,sample_01449,Sfogare Il Dissenso - Deiezione HC,FAKE,1,Rock,diffrhythm,test,4349
seg_004350,sample_01450,Sheffield Hall - Andy G. Cohen,FAKE,1,Rock,diffrhythm,train,4350
seg_004351,sample_01450,Sheffield Hall - Andy G. Cohen,FAKE,1,Rock,diffrhythm,train,4351
seg_004352,sample_01450,Sheffield Hall - Andy G. Cohen,FAKE,1,Rock,diffrhythm,train,4352
seg_004353,sample_01451,Shipwrecked Crew - Pete Prodoehl,FAKE,1,Rock,diffrhythm,val,4353
seg_004354,sample_01451,Shipwrecked Crew - Pete Prodoehl,FAKE,1,Rock,diffrhythm,val,4354
seg_004355,sample_01451,Shipwrecked Crew - Pete Prodoehl,FAKE,1,Rock,diffrhythm,val,4355
seg_004356,sample_01452,Snakefirewalking - Los Llamarada,FAKE,1,Rock,diffrhythm,train,4356
seg_004357,sample_01452,Snakefirewalking - Los Llamarada,FAKE,1,Rock,diffrhythm,train,4357
seg_004358,sample_01452,Snakefirewalking - Los Llamarada,FAKE,1,Rock,diffrhythm,train,4358
seg_004359,sample_01453,Sonzis FM - Pipe Choir,FAKE,1,Rock,diffrhythm,test,4359
seg_004360,sample_01453,Sonzis FM - Pipe Choir,FAKE,1,Rock,diffrhythm,test,4360
seg_004361,sample_01453,Sonzis FM - Pipe Choir,FAKE,1,Rock,diffrhythm,test,4361
seg_004362,sample_01454,Soul of the Demon - Zombie Raiders,FAKE,1,Rock,diffrhythm,train,4362
seg_004363,sample_01454,Soul of the Demon - Zombie Raiders,FAKE,1,Rock,diffrhythm,train,4363
seg_004364,sample_01454,Soul of the Demon - Zombie Raiders,FAKE,1,Rock,diffrhythm,train,4364
seg_004365,sample_01455,Stranger - Frigg A Go Go (F.A.G.G.),FAKE,1,Rock,diffrhythm,train,4365
seg_004366,sample_01455,Stranger - Frigg A Go Go (F.A.G.G.),FAKE,1,Rock,diffrhythm,train,4366
seg_004367,sample_01455,Stranger - Frigg A Go Go (F.A.G.G.),FAKE,1,Rock,diffrhythm,train,4367
seg_004368,sample_01456,Stuttgart - Portrayal,FAKE,1,Rock,diffrhythm,test,4368
seg_004369,sample_01456,Stuttgart - Portrayal,FAKE,1,Rock,diffrhythm,test,4369
seg_004370,sample_01456,Stuttgart - Portrayal,FAKE,1,Rock,diffrhythm,test,4370
seg_004371,sample_01457,Take It All - Mod Fun,FAKE,1,Rock,diffrhythm,train,4371
seg_004372,sample_01457,Take It All - Mod Fun,FAKE,1,Rock,diffrhythm,train,4372
seg_004373,sample_01457,Take It All - Mod Fun,FAKE,1,Rock,diffrhythm,train,4373
seg_004374,sample_01458,Terve Teille - Чокнутый Пропеллер,FAKE,1,Rock,diffrhythm,test,4374
seg_004375,sample_01458,Terve Teille - Чокнутый Пропеллер,FAKE,1,Rock,diffrhythm,test,4375
seg_004376,sample_01458,Terve Teille - Чокнутый Пропеллер,FAKE,1,Rock,diffrhythm,test,4376
seg_004377,sample_01459,The Contract - The IMG,FAKE,1,Rock,diffrhythm,train,4377
seg_004378,sample_01459,The Contract - The IMG,FAKE,1,Rock,diffrhythm,train,4378
seg_004379,sample_01459,The Contract - The IMG,FAKE,1,Rock,diffrhythm,train,4379
seg_004380,sample_01460,The Dawn - The One They Fear,FAKE,1,Rock,diffrhythm,train,4380
seg_004381,sample_01460,The Dawn - The One They Fear,FAKE,1,Rock,diffrhythm,train,4381
seg_004382,sample_01460,The Dawn - The One They Fear,FAKE,1,Rock,diffrhythm,train,4382
seg_004383,sample_01461,The girl just faded - Los Llamarada,FAKE,1,Rock,diffrhythm,val,4383
seg_004384,sample_01461,The girl just faded - Los Llamarada,FAKE,1,Rock,diffrhythm,val,4384
seg_004385,sample_01461,The girl just faded - Los Llamarada,FAKE,1,Rock,diffrhythm,val,4385
seg_004386,sample_01462,The Monster Mash/Ya Look Fantastic - The Crypts!,FAKE,1,Rock,diffrhythm,train,4386
seg_004387,sample_01462,The Monster Mash/Ya Look Fantastic - The Crypts!,FAKE,1,Rock,diffrhythm,train,4387
seg_004388,sample_01462,The Monster Mash/Ya Look Fantastic - The Crypts!,FAKE,1,Rock,diffrhythm,train,4388
seg_004389,sample_01463,Track 04 - Lightning Bolt,FAKE,1,Rock,diffrhythm,train,4389
seg_004390,sample_01463,Track 04 - Lightning Bolt,FAKE,1,Rock,diffrhythm,train,4390
seg_004391,sample_01463,Track 04 - Lightning Bolt,FAKE,1,Rock,diffrhythm,train,4391
seg_004392,sample_01464,Transmit - Lamprey,FAKE,1,Rock,diffrhythm,train,4392
seg_004393,sample_01464,Transmit - Lamprey,FAKE,1,Rock,diffrhythm,train,4393
seg_004394,sample_01464,Transmit - Lamprey,FAKE,1,Rock,diffrhythm,train,4394
seg_004395,sample_01465,Untitled - Fatal Injection,FAKE,1,Rock,diffrhythm,test,4395
seg_004396,sample_01465,Untitled - Fatal Injection,FAKE,1,Rock,diffrhythm,test,4396
seg_004397,sample_01465,Untitled - Fatal Injection,FAKE,1,Rock,diffrhythm,test,4397
seg_004398,sample_01466,Versailles - Pierce Murphy,FAKE,1,Rock,diffrhythm,train,4398
seg_004399,sample_01466,Versailles - Pierce Murphy,FAKE,1,Rock,diffrhythm,train,4399
seg_004400,sample_01466,Versailles - Pierce Murphy,FAKE,1,Rock,diffrhythm,train,4400
seg_004401,sample_01467,Voxel - Andy G. Cohen,FAKE,1,Rock,diffrhythm,val,4401
seg_004402,sample_01467,Voxel - Andy G. Cohen,FAKE,1,Rock,diffrhythm,val,4402
seg_004403,sample_01467,Voxel - Andy G. Cohen,FAKE,1,Rock,diffrhythm,val,4403
seg_004404,sample_01468,Wake Up - The Moi Non Plus,FAKE,1,Rock,diffrhythm,train,4404
seg_004405,sample_01468,Wake Up - The Moi Non Plus,FAKE,1,Rock,diffrhythm,train,4405
seg_004406,sample_01468,Wake Up - The Moi Non Plus,FAKE,1,Rock,diffrhythm,train,4406
seg_004407,sample_01469,WET DREAMS - voyageurs,FAKE,1,Rock,diffrhythm,train,4407
seg_004408,sample_01469,WET DREAMS - voyageurs,FAKE,1,Rock,diffrhythm,train,4408
seg_004409,sample_01469,WET DREAMS - voyageurs,FAKE,1,Rock,diffrhythm,train,4409
seg_004410,sample_01470,We Misplaced A Cobra In the Uninhabitable Mansions - Uninhabitable Mansions,FAKE,1,Rock,diffrhythm,train,4410
seg_004411,sample_01470,We Misplaced A Cobra In the Uninhabitable Mansions - Uninhabitable Mansions,FAKE,1,Rock,diffrhythm,train,4411
seg_004412,sample_01470,We Misplaced A Cobra In the Uninhabitable Mansions - Uninhabitable Mansions,FAKE,1,Rock,diffrhythm,train,4412
seg_004413,sample_01471,We Move in Waves - Modey Lemon,FAKE,1,Rock,diffrhythm,train,4413
seg_004414,sample_01471,We Move in Waves - Modey Lemon,FAKE,1,Rock,diffrhythm,train,4414
seg_004415,sample_01471,We Move in Waves - Modey Lemon,FAKE,1,Rock,diffrhythm,train,4415
seg_004416,sample_01472,Where Is Everything - The Moi Non Plus,FAKE,1,Rock,diffrhythm,test,4416
seg_004417,sample_01472,Where Is Everything - The Moi Non Plus,FAKE,1,Rock,diffrhythm,test,4417
seg_004418,sample_01472,Where Is Everything - The Moi Non Plus,FAKE,1,Rock,diffrhythm,test,4418
seg_004419,sample_01473,Who Loves You Dear - Mink Lungs,FAKE,1,Rock,diffrhythm,test,4419
seg_004420,sample_01473,Who Loves You Dear - Mink Lungs,FAKE,1,Rock,diffrhythm,test,4420
seg_004421,sample_01473,Who Loves You Dear - Mink Lungs,FAKE,1,Rock,diffrhythm,test,4421
seg_004422,sample_01474,Windows of the Skull (Alternate Version) - Sarin,FAKE,1,Rock,diffrhythm,train,4422
seg_004423,sample_01474,Windows of the Skull (Alternate Version) - Sarin,FAKE,1,Rock,diffrhythm,train,4423
seg_004424,sample_01474,Windows of the Skull (Alternate Version) - Sarin,FAKE,1,Rock,diffrhythm,train,4424
seg_004425,sample_01475,Windows of the Skull - Sarin,FAKE,1,Rock,diffrhythm,val,4425
seg_004426,sample_01475,Windows of the Skull - Sarin,FAKE,1,Rock,diffrhythm,val,4426
seg_004427,sample_01475,Windows of the Skull - Sarin,FAKE,1,Rock,diffrhythm,val,4427
seg_004428,sample_01476,Wir Werden Gott - Japanische Kampfhorspiele,FAKE,1,Rock,diffrhythm,train,4428
seg_004429,sample_01476,Wir Werden Gott - Japanische Kampfhorspiele,FAKE,1,Rock,diffrhythm,train,4429
seg_004430,sample_01476,Wir Werden Gott - Japanische Kampfhorspiele,FAKE,1,Rock,diffrhythm,train,4430
seg_004431,sample_01477,Ynkelig - Die Morgendammerung Des Valhalla,FAKE,1,Rock,diffrhythm,train,4431
seg_004432,sample_01477,Ynkelig - Die Morgendammerung Des Valhalla,FAKE,1,Rock,diffrhythm,train,4432
seg_004433,sample_01477,Ynkelig - Die Morgendammerung Des Valhalla,FAKE,1,Rock,diffrhythm,train,4433
seg_004434,sample_01478,"November 25, 2007 - Kenneth Kirschner",FAKE,1,Electronic,diffrhythm,train,4434
seg_004435,sample_01478,"November 25, 2007 - Kenneth Kirschner",FAKE,1,Electronic,diffrhythm,train,4435
seg_004436,sample_01478,"November 25, 2007 - Kenneth Kirschner",FAKE,1,Electronic,diffrhythm,train,4436
seg_004437,sample_01479,Cold Chains - Rolemusic,FAKE,1,Electronic,mubert,train,4437
seg_004438,sample_01479,Cold Chains - Rolemusic,FAKE,1,Electronic,mubert,train,4438
seg_004439,sample_01479,Cold Chains - Rolemusic,FAKE,1,Electronic,mubert,train,4439
seg_004440,sample_01480,Only Instrumental - Broke For Free,FAKE,1,Electronic,mubert,train,4440
seg_004441,sample_01480,Only Instrumental - Broke For Free,FAKE,1,Electronic,mubert,train,4441
seg_004442,sample_01480,Only Instrumental - Broke For Free,FAKE,1,Electronic,mubert,train,4442
seg_004443,sample_01481,Night Owl - Broke For Free,FAKE,1,Electronic,mubert,test,4443
seg_004444,sample_01481,Night Owl - Broke For Free,FAKE,1,Electronic,mubert,test,4444
seg_004445,sample_01481,Night Owl - Broke For Free,FAKE,1,Electronic,mubert,test,4445
seg_004446,sample_01482,Seppuku Bot - Decktonic,FAKE,1,Electronic,mubert,train,4446
seg_004447,sample_01482,Seppuku Bot - Decktonic,FAKE,1,Electronic,mubert,train,4447
seg_004448,sample_01482,Seppuku Bot - Decktonic,FAKE,1,Electronic,mubert,train,4448
seg_004449,sample_01483,Tapes - Gumbel,FAKE,1,Electronic,mubert,train,4449
seg_004450,sample_01483,Tapes - Gumbel,FAKE,1,Electronic,mubert,train,4450
seg_004451,sample_01483,Tapes - Gumbel,FAKE,1,Electronic,mubert,train,4451
seg_004452,sample_01484,Fuckaboing - RoccoW,FAKE,1,Electronic,mubert,test,4452
seg_004453,sample_01484,Fuckaboing - RoccoW,FAKE,1,Electronic,mubert,test,4453
seg_004454,sample_01484,Fuckaboing - RoccoW,FAKE,1,Electronic,mubert,test,4454
seg_004455,sample_01485,The Courtyard - Uncle Bibby,FAKE,1,Electronic,mubert,train,4455
seg_004456,sample_01485,The Courtyard - Uncle Bibby,FAKE,1,Electronic,mubert,train,4456
seg_004457,sample_01485,The Courtyard - Uncle Bibby,FAKE,1,Electronic,mubert,train,4457
seg_004458,sample_01486,OST 04 Ship under attack - sawsquarenoise,FAKE,1,Electronic,mubert,train,4458
seg_004459,sample_01486,OST 04 Ship under attack - sawsquarenoise,FAKE,1,Electronic,mubert,train,4459
seg_004460,sample_01486,OST 04 Ship under attack - sawsquarenoise,FAKE,1,Electronic,mubert,train,4460
seg_004461,sample_01487,Jangus (inspired by ToeJam and Earl) - UncleBibby,FAKE,1,Electronic,mubert,train,4461
seg_004462,sample_01487,Jangus (inspired by ToeJam and Earl) - UncleBibby,FAKE,1,Electronic,mubert,train,4462
seg_004463,sample_01487,Jangus (inspired by ToeJam and Earl) - UncleBibby,FAKE,1,Electronic,mubert,train,4463
seg_004464,sample_01488,Night Drive - Decktonic,FAKE,1,Electronic,mubert,val,4464
seg_004465,sample_01488,Night Drive - Decktonic,FAKE,1,Electronic,mubert,val,4465
seg_004466,sample_01488,Night Drive - Decktonic,FAKE,1,Electronic,mubert,val,4466
seg_004467,sample_01489,Straw Fields - Rolemusic,FAKE,1,Electronic,mubert,train,4467
seg_004468,sample_01489,Straw Fields - Rolemusic,FAKE,1,Electronic,mubert,train,4468
seg_004469,sample_01489,Straw Fields - Rolemusic,FAKE,1,Electronic,mubert,train,4469
seg_004470,sample_01490,The Front Yard - HarleyLikesMusic,FAKE,1,Electronic,mubert,train,4470
seg_004471,sample_01490,The Front Yard - HarleyLikesMusic,FAKE,1,Electronic,mubert,train,4471
seg_004472,sample_01490,The Front Yard - HarleyLikesMusic,FAKE,1,Electronic,mubert,train,4472
seg_004473,sample_01491,All of Us - Eric Skiff,FAKE,1,Electronic,mubert,train,4473
seg_004474,sample_01491,All of Us - Eric Skiff,FAKE,1,Electronic,mubert,train,4474
seg_004475,sample_01491,All of Us - Eric Skiff,FAKE,1,Electronic,mubert,train,4475
seg_004476,sample_01492,Resistentialism - Nihilore,FAKE,1,Electronic,mubert,test,4476
seg_004477,sample_01492,Resistentialism - Nihilore,FAKE,1,Electronic,mubert,test,4477
seg_004478,sample_01492,Resistentialism - Nihilore,FAKE,1,Electronic,mubert,test,4478
seg_004479,sample_01493,"Aquamarine, My Distant Blue - Nihilore",FAKE,1,Electronic,mubert,train,4479
seg_004480,sample_01493,"Aquamarine, My Distant Blue - Nihilore",FAKE,1,Electronic,mubert,train,4480
seg_004481,sample_01493,"Aquamarine, My Distant Blue - Nihilore",FAKE,1,Electronic,mubert,train,4481
seg_004482,sample_01494,Clay Heart - Nihilore,FAKE,1,Electronic,mubert,train,4482
seg_004483,sample_01494,Clay Heart - Nihilore,FAKE,1,Electronic,mubert,train,4483
seg_004484,sample_01494,Clay Heart - Nihilore,FAKE,1,Electronic,mubert,train,4484
seg_004485,sample_01495,Dance Harder - Three Chain Links,FAKE,1,Electronic,mubert,test,4485
seg_004486,sample_01495,Dance Harder - Three Chain Links,FAKE,1,Electronic,mubert,test,4486
seg_004487,sample_01495,Dance Harder - Three Chain Links,FAKE,1,Electronic,mubert,test,4487
seg_004488,sample_01496,Ohtli - Seclorance,FAKE,1,Electronic,mubert,train,4488
seg_004489,sample_01496,Ohtli - Seclorance,FAKE,1,Electronic,mubert,train,4489
seg_004490,sample_01496,Ohtli - Seclorance,FAKE,1,Electronic,mubert,train,4490
seg_004491,sample_01497,Flashback - Seclorance,FAKE,1,Electronic,mubert,train,4491
seg_004492,sample_01497,Flashback - Seclorance,FAKE,1,Electronic,mubert,train,4492
seg_004493,sample_01497,Flashback - Seclorance,FAKE,1,Electronic,mubert,train,4493
seg_004494,sample_01498,"Go On, Then - Jim Rooster",FAKE,1,Electronic,mubert,train,4494
seg_004495,sample_01498,"Go On, Then - Jim Rooster",FAKE,1,Electronic,mubert,train,4495
seg_004496,sample_01498,"Go On, Then - Jim Rooster",FAKE,1,Electronic,mubert,train,4496
seg_004497,sample_01499,Realize Me - Jim Rooster,FAKE,1,Electronic,mubert,test,4497
seg_004498,sample_01499,Realize Me - Jim Rooster,FAKE,1,Electronic,mubert,test,4498
seg_004499,sample_01499,Realize Me - Jim Rooster,FAKE,1,Electronic,mubert,test,4499
seg_004500,sample_01500,Running Free - Michett featuring Kalipluche,FAKE,1,Electronic,mubert,train,4500
seg_004501,sample_01500,Running Free - Michett featuring Kalipluche,FAKE,1,Electronic,mubert,train,4501
seg_004502,sample_01500,Running Free - Michett featuring Kalipluche,FAKE,1,Electronic,mubert,train,4502
seg_004503,sample_01501,Vanishing Horizon - Jason Shaw,FAKE,1,Electronic,mubert,train,4503
seg_004504,sample_01501,Vanishing Horizon - Jason Shaw,FAKE,1,Electronic,mubert,train,4504
seg_004505,sample_01501,Vanishing Horizon - Jason Shaw,FAKE,1,Electronic,mubert,train,4505
seg_004506,sample_01502,Hammer and a Nail - Vienna Ditto,FAKE,1,Electronic,mubert,train,4506
seg_004507,sample_01502,Hammer and a Nail - Vienna Ditto,FAKE,1,Electronic,mubert,train,4507
seg_004508,sample_01502,Hammer and a Nail - Vienna Ditto,FAKE,1,Electronic,mubert,train,4508
seg_004509,sample_01503,Edge - Mystery Mammal,FAKE,1,Electronic,mubert,train,4509
seg_004510,sample_01503,Edge - Mystery Mammal,FAKE,1,Electronic,mubert,train,4510
seg_004511,sample_01503,Edge - Mystery Mammal,FAKE,1,Electronic,mubert,train,4511
seg_004512,sample_01504,Robot Heart - Mystery Mammal,FAKE,1,Electronic,mubert,train,4512
seg_004513,sample_01504,Robot Heart - Mystery Mammal,FAKE,1,Electronic,mubert,train,4513
seg_004514,sample_01504,Robot Heart - Mystery Mammal,FAKE,1,Electronic,mubert,train,4514
seg_004515,sample_01505,Acoustic Unleashed - Remain,FAKE,1,Electronic,mubert,train,4515
seg_004516,sample_01505,Acoustic Unleashed - Remain,FAKE,1,Electronic,mubert,train,4516
seg_004517,sample_01505,Acoustic Unleashed - Remain,FAKE,1,Electronic,mubert,train,4517
seg_004518,sample_01506,Improvisation - Broken Chord,FAKE,1,Electronic,mubert,train,4518
seg_004519,sample_01506,Improvisation - Broken Chord,FAKE,1,Electronic,mubert,train,4519
seg_004520,sample_01506,Improvisation - Broken Chord,FAKE,1,Electronic,mubert,train,4520
seg_004521,sample_01507,Nuo Maisemat - Paavoharju,FAKE,1,Electronic,mubert,val,4521
seg_004522,sample_01507,Nuo Maisemat - Paavoharju,FAKE,1,Electronic,mubert,val,4522
seg_004523,sample_01507,Nuo Maisemat - Paavoharju,FAKE,1,Electronic,mubert,val,4523
seg_004524,sample_01508,When I Was Taller - Dan Deacon,FAKE,1,Electronic,mubert,train,4524
seg_004525,sample_01508,When I Was Taller - Dan Deacon,FAKE,1,Electronic,mubert,train,4525
seg_004526,sample_01508,When I Was Taller - Dan Deacon,FAKE,1,Electronic,mubert,train,4526
seg_004527,sample_01509,Take Your Fingers - Michael Fakesch,FAKE,1,Electronic,mubert,train,4527
seg_004528,sample_01509,Take Your Fingers - Michael Fakesch,FAKE,1,Electronic,mubert,train,4528
seg_004529,sample_01509,Take Your Fingers - Michael Fakesch,FAKE,1,Electronic,mubert,train,4529
seg_004530,sample_01510,Coliidae - K.D. Expression,FAKE,1,Electronic,mubert,train,4530
seg_004531,sample_01510,Coliidae - K.D. Expression,FAKE,1,Electronic,mubert,train,4531
seg_004532,sample_01510,Coliidae - K.D. Expression,FAKE,1,Electronic,mubert,train,4532
seg_004533,sample_01511,Pista Afuera - Epstein,FAKE,1,Electronic,mubert,test,4533
seg_004534,sample_01511,Pista Afuera - Epstein,FAKE,1,Electronic,mubert,test,4534
seg_004535,sample_01511,Pista Afuera - Epstein,FAKE,1,Electronic,mubert,test,4535
seg_004536,sample_01512,CopperNickle - UncleBibby,FAKE,1,Electronic,mubert,val,4536
seg_004537,sample_01512,CopperNickle - UncleBibby,FAKE,1,Electronic,mubert,val,4537
seg_004538,sample_01512,CopperNickle - UncleBibby,FAKE,1,Electronic,mubert,val,4538
seg_004539,sample_01513,Daylight Savings - My brother Daniel,FAKE,1,Electronic,mubert,val,4539
seg_004540,sample_01513,Daylight Savings - My brother Daniel,FAKE,1,Electronic,mubert,val,4540
seg_004541,sample_01513,Daylight Savings - My brother Daniel,FAKE,1,Electronic,mubert,val,4541
seg_004542,sample_01514,mystery team 2090 - Jesse Futerman,FAKE,1,Electronic,mubert,val,4542
seg_004543,sample_01514,mystery team 2090 - Jesse Futerman,FAKE,1,Electronic,mubert,val,4543
seg_004544,sample_01514,mystery team 2090 - Jesse Futerman,FAKE,1,Electronic,mubert,val,4544
seg_004545,sample_01515,Ponky McFonky - My brother Daniel,FAKE,1,Electronic,mubert,train,4545
seg_004546,sample_01515,Ponky McFonky - My brother Daniel,FAKE,1,Electronic,mubert,train,4546
seg_004547,sample_01515,Ponky McFonky - My brother Daniel,FAKE,1,Electronic,mubert,train,4547
seg_004548,sample_01516,Ugh! Humans Can Join - Mystery Mammal,FAKE,1,Electronic,mubert,test,4548
seg_004549,sample_01516,Ugh! Humans Can Join - Mystery Mammal,FAKE,1,Electronic,mubert,test,4549
seg_004550,sample_01516,Ugh! Humans Can Join - Mystery Mammal,FAKE,1,Electronic,mubert,test,4550
seg_004551,sample_01517,Okiirobo Navigation System - Henry Homesweet,FAKE,1,Electronic,mubert,train,4551
seg_004552,sample_01517,Okiirobo Navigation System - Henry Homesweet,FAKE,1,Electronic,mubert,train,4552
seg_004553,sample_01517,Okiirobo Navigation System - Henry Homesweet,FAKE,1,Electronic,mubert,train,4553
seg_004554,sample_01518,Introduction beats - Itsensäsyöjät,FAKE,1,Electronic,mubert,train,4554
seg_004555,sample_01518,Introduction beats - Itsensäsyöjät,FAKE,1,Electronic,mubert,train,4555
seg_004556,sample_01518,Introduction beats - Itsensäsyöjät,FAKE,1,Electronic,mubert,train,4556
seg_004557,sample_01519,Endless - The Birth and Death of Silence,FAKE,1,Electronic,mubert,train,4557
seg_004558,sample_01519,Endless - The Birth and Death of Silence,FAKE,1,Electronic,mubert,train,4558
seg_004559,sample_01519,Endless - The Birth and Death of Silence,FAKE,1,Electronic,mubert,train,4559
seg_004560,sample_01520,Noam Chomsky's Corporate Carbohydrate Surprise - Quelle Fromage,FAKE,1,Electronic,mubert,train,4560
seg_004561,sample_01520,Noam Chomsky's Corporate Carbohydrate Surprise - Quelle Fromage,FAKE,1,Electronic,mubert,train,4561
seg_004562,sample_01520,Noam Chomsky's Corporate Carbohydrate Surprise - Quelle Fromage,FAKE,1,Electronic,mubert,train,4562
seg_004563,sample_01521,Ad Astra - P C III,FAKE,1,Electronic,mubert,train,4563
seg_004564,sample_01521,Ad Astra - P C III,FAKE,1,Electronic,mubert,train,4564
seg_004565,sample_01521,Ad Astra - P C III,FAKE,1,Electronic,mubert,train,4565
seg_004566,sample_01522,OOOTHERSIDE - Liquid Paper - Mike B. Fort,FAKE,1,Electronic,mubert,train,4566
seg_004567,sample_01522,OOOTHERSIDE - Liquid Paper - Mike B. Fort,FAKE,1,Electronic,mubert,train,4567
seg_004568,sample_01522,OOOTHERSIDE - Liquid Paper - Mike B. Fort,FAKE,1,Electronic,mubert,train,4568
seg_004569,sample_01523,OOOTHERSIDE - This Time - Mike B. Fort,FAKE,1,Electronic,mubert,train,4569
seg_004570,sample_01523,OOOTHERSIDE - This Time - Mike B. Fort,FAKE,1,Electronic,mubert,train,4570
seg_004571,sample_01523,OOOTHERSIDE - This Time - Mike B. Fort,FAKE,1,Electronic,mubert,train,4571
seg_004572,sample_01524,The Big House - Jason Shaw,FAKE,1,Electronic,mubert,train,4572
seg_004573,sample_01524,The Big House - Jason Shaw,FAKE,1,Electronic,mubert,train,4573
seg_004574,sample_01524,The Big House - Jason Shaw,FAKE,1,Electronic,mubert,train,4574
seg_004575,sample_01525,SD (Ill Mix) - H-LR,FAKE,1,Electronic,mubert,val,4575
seg_004576,sample_01525,SD (Ill Mix) - H-LR,FAKE,1,Electronic,mubert,val,4576
seg_004577,sample_01525,SD (Ill Mix) - H-LR,FAKE,1,Electronic,mubert,val,4577
seg_004578,sample_01526,Autobahn - S-B-J,FAKE,1,Electronic,mubert,train,4578
seg_004579,sample_01526,Autobahn - S-B-J,FAKE,1,Electronic,mubert,train,4579
seg_004580,sample_01526,Autobahn - S-B-J,FAKE,1,Electronic,mubert,train,4580
seg_004581,sample_01527,Empower Thee - vargero,FAKE,1,Electronic,mubert,train,4581
seg_004582,sample_01527,Empower Thee - vargero,FAKE,1,Electronic,mubert,train,4582
seg_004583,sample_01527,Empower Thee - vargero,FAKE,1,Electronic,mubert,train,4583
seg_004584,sample_01528,Paris - Fleslit,FAKE,1,Electronic,mubert,train,4584
seg_004585,sample_01528,Paris - Fleslit,FAKE,1,Electronic,mubert,train,4585
seg_004586,sample_01528,Paris - Fleslit,FAKE,1,Electronic,mubert,train,4586
seg_004587,sample_01529,We Are Canucks - David Blair,FAKE,1,Pop,mubert,train,4587
seg_004588,sample_01529,We Are Canucks - David Blair,FAKE,1,Pop,mubert,train,4588
seg_004589,sample_01529,We Are Canucks - David Blair,FAKE,1,Pop,mubert,train,4589
seg_004590,sample_01530,Stockholm Syndrome / People Should Be More Aware - Bird Names,FAKE,1,Pop,mubert,val,4590
seg_004591,sample_01530,Stockholm Syndrome / People Should Be More Aware - Bird Names,FAKE,1,Pop,mubert,val,4591
seg_004592,sample_01530,Stockholm Syndrome / People Should Be More Aware - Bird Names,FAKE,1,Pop,mubert,val,4592
seg_004593,sample_01531,Troubles I've seen - Malaventura,FAKE,1,Pop,mubert,test,4593
seg_004594,sample_01531,Troubles I've seen - Malaventura,FAKE,1,Pop,mubert,test,4594
seg_004595,sample_01531,Troubles I've seen - Malaventura,FAKE,1,Pop,mubert,test,4595
seg_004596,sample_01532,Time Is Love - Silence is full of birds,FAKE,1,Pop,mubert,val,4596
seg_004597,sample_01532,Time Is Love - Silence is full of birds,FAKE,1,Pop,mubert,val,4597
seg_004598,sample_01532,Time Is Love - Silence is full of birds,FAKE,1,Pop,mubert,val,4598
seg_004599,sample_01533,The plot - Malaventura,FAKE,1,Pop,mubert,train,4599
seg_004600,sample_01533,The plot - Malaventura,FAKE,1,Pop,mubert,train,4600
seg_004601,sample_01533,The plot - Malaventura,FAKE,1,Pop,mubert,train,4601
seg_004602,sample_01534,Roller Star - Monroeville Music Center,FAKE,1,Pop,mubert,val,4602
seg_004603,sample_01534,Roller Star - Monroeville Music Center,FAKE,1,Pop,mubert,val,4603
seg_004604,sample_01534,Roller Star - Monroeville Music Center,FAKE,1,Pop,mubert,val,4604
seg_004605,sample_01535,Motocross Mania - Monroeville Music Center,FAKE,1,Pop,mubert,test,4605
seg_004606,sample_01535,Motocross Mania - Monroeville Music Center,FAKE,1,Pop,mubert,test,4606
seg_004607,sample_01535,Motocross Mania - Monroeville Music Center,FAKE,1,Pop,mubert,test,4607
seg_004608,sample_01536,philcollins takes your hand - Katapulto,FAKE,1,Pop,mubert,train,4608
seg_004609,sample_01536,philcollins takes your hand - Katapulto,FAKE,1,Pop,mubert,train,4609
seg_004610,sample_01536,philcollins takes your hand - Katapulto,FAKE,1,Pop,mubert,train,4610
seg_004611,sample_01537,Soleares&beats - Malaventura,FAKE,1,Pop,mubert,val,4611
seg_004612,sample_01537,Soleares&beats - Malaventura,FAKE,1,Pop,mubert,val,4612
seg_004613,sample_01537,Soleares&beats - Malaventura,FAKE,1,Pop,mubert,val,4613
seg_004614,sample_01538,Breeze Funk - Malaventura,FAKE,1,Pop,mubert,train,4614
seg_004615,sample_01538,Breeze Funk - Malaventura,FAKE,1,Pop,mubert,train,4615
seg_004616,sample_01538,Breeze Funk - Malaventura,FAKE,1,Pop,mubert,train,4616
seg_004617,sample_01539,Different Day - First,FAKE,1,Pop,mubert,test,4617
seg_004618,sample_01539,Different Day - First,FAKE,1,Pop,mubert,test,4618
seg_004619,sample_01539,Different Day - First,FAKE,1,Pop,mubert,test,4619
seg_004620,sample_01540,The Coldest Winter - Caleb Lemond,FAKE,1,Pop,mubert,train,4620
seg_004621,sample_01540,The Coldest Winter - Caleb Lemond,FAKE,1,Pop,mubert,train,4621
seg_004622,sample_01540,The Coldest Winter - Caleb Lemond,FAKE,1,Pop,mubert,train,4622
seg_004623,sample_01541,Kissing Scars - Caleb Lemond,FAKE,1,Pop,mubert,train,4623
seg_004624,sample_01541,Kissing Scars - Caleb Lemond,FAKE,1,Pop,mubert,train,4624
seg_004625,sample_01541,Kissing Scars - Caleb Lemond,FAKE,1,Pop,mubert,train,4625
seg_004626,sample_01542,The Dream and the Dreamer - Caleb Lemond,FAKE,1,Pop,mubert,train,4626
seg_004627,sample_01542,The Dream and the Dreamer - Caleb Lemond,FAKE,1,Pop,mubert,train,4627
seg_004628,sample_01542,The Dream and the Dreamer - Caleb Lemond,FAKE,1,Pop,mubert,train,4628
seg_004629,sample_01543,Evil Cannot Create - Caleb Lemond,FAKE,1,Pop,mubert,val,4629
seg_004630,sample_01543,Evil Cannot Create - Caleb Lemond,FAKE,1,Pop,mubert,val,4630
seg_004631,sample_01543,Evil Cannot Create - Caleb Lemond,FAKE,1,Pop,mubert,val,4631
seg_004632,sample_01544,I Think From Now On - Caleb Lemond,FAKE,1,Pop,mubert,train,4632
seg_004633,sample_01544,I Think From Now On - Caleb Lemond,FAKE,1,Pop,mubert,train,4633
seg_004634,sample_01544,I Think From Now On - Caleb Lemond,FAKE,1,Pop,mubert,train,4634
seg_004635,sample_01545,"Lackadaisical - Oh Yeah, the Future",FAKE,1,Pop,mubert,train,4635
seg_004636,sample_01545,"Lackadaisical - Oh Yeah, the Future",FAKE,1,Pop,mubert,train,4636
seg_004637,sample_01545,"Lackadaisical - Oh Yeah, the Future",FAKE,1,Pop,mubert,train,4637
seg_004638,sample_01546,"Hungry - Oh Yeah, the Future",FAKE,1,Pop,mubert,test,4638
seg_004639,sample_01546,"Hungry - Oh Yeah, the Future",FAKE,1,Pop,mubert,test,4639
seg_004640,sample_01546,"Hungry - Oh Yeah, the Future",FAKE,1,Pop,mubert,test,4640
seg_004641,sample_01547,"Autopsy - Oh Yeah, the Future",FAKE,1,Pop,mubert,train,4641
seg_004642,sample_01547,"Autopsy - Oh Yeah, the Future",FAKE,1,Pop,mubert,train,4642
seg_004643,sample_01547,"Autopsy - Oh Yeah, the Future",FAKE,1,Pop,mubert,train,4643
seg_004644,sample_01548,"Lovedreams - Oh Yeah, the Future",FAKE,1,Pop,mubert,train,4644
seg_004645,sample_01548,"Lovedreams - Oh Yeah, the Future",FAKE,1,Pop,mubert,train,4645
seg_004646,sample_01548,"Lovedreams - Oh Yeah, the Future",FAKE,1,Pop,mubert,train,4646
seg_004647,sample_01549,"Roundtrip - Oh Yeah, the Future",FAKE,1,Pop,mubert,val,4647
seg_004648,sample_01549,"Roundtrip - Oh Yeah, the Future",FAKE,1,Pop,mubert,val,4648
seg_004649,sample_01549,"Roundtrip - Oh Yeah, the Future",FAKE,1,Pop,mubert,val,4649
seg_004650,sample_01550,She Works / Tepid Waters - Bird Names,FAKE,1,Pop,mubert,test,4650
seg_004651,sample_01550,She Works / Tepid Waters - Bird Names,FAKE,1,Pop,mubert,test,4651
seg_004652,sample_01550,She Works / Tepid Waters - Bird Names,FAKE,1,Pop,mubert,test,4652
seg_004653,sample_01551,Convicted Jazz Drones - Malaventura,FAKE,1,Pop,mubert,train,4653
seg_004654,sample_01551,Convicted Jazz Drones - Malaventura,FAKE,1,Pop,mubert,train,4654
seg_004655,sample_01551,Convicted Jazz Drones - Malaventura,FAKE,1,Pop,mubert,train,4655
seg_004656,sample_01552,On My Mind - Ergo Phizmiz,FAKE,1,Pop,mubert,train,4656
seg_004657,sample_01552,On My Mind - Ergo Phizmiz,FAKE,1,Pop,mubert,train,4657
seg_004658,sample_01552,On My Mind - Ergo Phizmiz,FAKE,1,Pop,mubert,train,4658
seg_004659,sample_01553,Something Dirty - Ergo Phizmiz,FAKE,1,Pop,mubert,test,4659
seg_004660,sample_01553,Something Dirty - Ergo Phizmiz,FAKE,1,Pop,mubert,test,4660
seg_004661,sample_01553,Something Dirty - Ergo Phizmiz,FAKE,1,Pop,mubert,test,4661
seg_004662,sample_01554,Mandrill - Ergo Phizmiz,FAKE,1,Pop,mubert,train,4662
seg_004663,sample_01554,Mandrill - Ergo Phizmiz,FAKE,1,Pop,mubert,train,4663
seg_004664,sample_01554,Mandrill - Ergo Phizmiz,FAKE,1,Pop,mubert,train,4664
seg_004665,sample_01555,Busby Berkeley - Ergo Phizmiz,FAKE,1,Pop,mubert,train,4665
seg_004666,sample_01555,Busby Berkeley - Ergo Phizmiz,FAKE,1,Pop,mubert,train,4666
seg_004667,sample_01555,Busby Berkeley - Ergo Phizmiz,FAKE,1,Pop,mubert,train,4667
seg_004668,sample_01556,Celia - Ergo Phizmiz,FAKE,1,Pop,mubert,train,4668
seg_004669,sample_01556,Celia - Ergo Phizmiz,FAKE,1,Pop,mubert,train,4669
seg_004670,sample_01556,Celia - Ergo Phizmiz,FAKE,1,Pop,mubert,train,4670
seg_004671,sample_01557,Food and War - Ergo Phizmiz,FAKE,1,Pop,mubert,train,4671
seg_004672,sample_01557,Food and War - Ergo Phizmiz,FAKE,1,Pop,mubert,train,4672
seg_004673,sample_01557,Food and War - Ergo Phizmiz,FAKE,1,Pop,mubert,train,4673
seg_004674,sample_01558,John the Baby - Ergo Phizmiz,FAKE,1,Pop,mubert,train,4674
seg_004675,sample_01558,John the Baby - Ergo Phizmiz,FAKE,1,Pop,mubert,train,4675
seg_004676,sample_01558,John the Baby - Ergo Phizmiz,FAKE,1,Pop,mubert,train,4676
seg_004677,sample_01559,Music For an Underground Circu - Ergo Phizmiz,FAKE,1,Pop,mubert,test,4677
seg_004678,sample_01559,Music For an Underground Circu - Ergo Phizmiz,FAKE,1,Pop,mubert,test,4678
seg_004679,sample_01559,Music For an Underground Circu - Ergo Phizmiz,FAKE,1,Pop,mubert,test,4679
seg_004680,sample_01560,Monkeystage - Ergo Phizmiz,FAKE,1,Pop,mubert,train,4680
seg_004681,sample_01560,Monkeystage - Ergo Phizmiz,FAKE,1,Pop,mubert,train,4681
seg_004682,sample_01560,Monkeystage - Ergo Phizmiz,FAKE,1,Pop,mubert,train,4682
seg_004683,sample_01561,Yoko live at FoEG - Emma Acs,FAKE,1,Pop,mubert,train,4683
seg_004684,sample_01561,Yoko live at FoEG - Emma Acs,FAKE,1,Pop,mubert,train,4684
seg_004685,sample_01561,Yoko live at FoEG - Emma Acs,FAKE,1,Pop,mubert,train,4685
seg_004686,sample_01562,zero rhythm dollar boy - Katapulto,FAKE,1,Pop,mubert,train,4686
seg_004687,sample_01562,zero rhythm dollar boy - Katapulto,FAKE,1,Pop,mubert,train,4687
seg_004688,sample_01562,zero rhythm dollar boy - Katapulto,FAKE,1,Pop,mubert,train,4688
seg_004689,sample_01563,kolorowe wody - Katapulto,FAKE,1,Pop,mubert,train,4689
seg_004690,sample_01563,kolorowe wody - Katapulto,FAKE,1,Pop,mubert,train,4690
seg_004691,sample_01563,kolorowe wody - Katapulto,FAKE,1,Pop,mubert,train,4691
seg_004692,sample_01564,Norweigian Wood II - Bird Names,FAKE,1,Pop,mubert,val,4692
seg_004693,sample_01564,Norweigian Wood II - Bird Names,FAKE,1,Pop,mubert,val,4693
seg_004694,sample_01564,Norweigian Wood II - Bird Names,FAKE,1,Pop,mubert,val,4694
seg_004695,sample_01565,New Life (take 1) - Bird Names,FAKE,1,Pop,mubert,val,4695
seg_004696,sample_01565,New Life (take 1) - Bird Names,FAKE,1,Pop,mubert,val,4696
seg_004697,sample_01565,New Life (take 1) - Bird Names,FAKE,1,Pop,mubert,val,4697
seg_004698,sample_01566,New Life (take 1) - Bird Names,FAKE,1,Pop,mubert,val,4698
seg_004699,sample_01566,New Life (take 1) - Bird Names,FAKE,1,Pop,mubert,val,4699
seg_004700,sample_01566,New Life (take 1) - Bird Names,FAKE,1,Pop,mubert,val,4700
seg_004701,sample_01567,Nature Is Over / Defined - Bird Names,FAKE,1,Pop,mubert,train,4701
seg_004702,sample_01567,Nature Is Over / Defined - Bird Names,FAKE,1,Pop,mubert,train,4702
seg_004703,sample_01567,Nature Is Over / Defined - Bird Names,FAKE,1,Pop,mubert,train,4703
seg_004704,sample_01568,Shadow Government - Bird Names,FAKE,1,Pop,mubert,train,4704
seg_004705,sample_01568,Shadow Government - Bird Names,FAKE,1,Pop,mubert,train,4705
seg_004706,sample_01568,Shadow Government - Bird Names,FAKE,1,Pop,mubert,train,4706
seg_004707,sample_01569,purity & danger - Katapulto,FAKE,1,Pop,mubert,train,4707
seg_004708,sample_01569,purity & danger - Katapulto,FAKE,1,Pop,mubert,train,4708
seg_004709,sample_01569,purity & danger - Katapulto,FAKE,1,Pop,mubert,train,4709
seg_004710,sample_01570,danse macabre - Katapulto,FAKE,1,Pop,mubert,train,4710
seg_004711,sample_01570,danse macabre - Katapulto,FAKE,1,Pop,mubert,train,4711
seg_004712,sample_01570,danse macabre - Katapulto,FAKE,1,Pop,mubert,train,4712
seg_004713,sample_01571,gospellioza - Katapulto,FAKE,1,Pop,mubert,train,4713
seg_004714,sample_01571,gospellioza - Katapulto,FAKE,1,Pop,mubert,train,4714
seg_004715,sample_01571,gospellioza - Katapulto,FAKE,1,Pop,mubert,train,4715
seg_004716,sample_01572,mc trabalenguas - Volumina,FAKE,1,Pop,mubert,train,4716
seg_004717,sample_01572,mc trabalenguas - Volumina,FAKE,1,Pop,mubert,train,4717
seg_004718,sample_01572,mc trabalenguas - Volumina,FAKE,1,Pop,mubert,train,4718
seg_004719,sample_01573,Invaders From Within - Monroeville Music Center,FAKE,1,Pop,mubert,train,4719
seg_004720,sample_01573,Invaders From Within - Monroeville Music Center,FAKE,1,Pop,mubert,train,4720
seg_004721,sample_01573,Invaders From Within - Monroeville Music Center,FAKE,1,Pop,mubert,train,4721
seg_004722,sample_01574,The Reality Machine - Monroeville Music Center,FAKE,1,Pop,mubert,train,4722
seg_004723,sample_01574,The Reality Machine - Monroeville Music Center,FAKE,1,Pop,mubert,train,4723
seg_004724,sample_01574,The Reality Machine - Monroeville Music Center,FAKE,1,Pop,mubert,train,4724
seg_004725,sample_01575,The Cave of Time - Monroeville Music Center,FAKE,1,Pop,mubert,train,4725
seg_004726,sample_01575,The Cave of Time - Monroeville Music Center,FAKE,1,Pop,mubert,train,4726
seg_004727,sample_01575,The Cave of Time - Monroeville Music Center,FAKE,1,Pop,mubert,train,4727
seg_004728,sample_01576,You Are A Monster - Monroeville Music Center,FAKE,1,Pop,mubert,train,4728
seg_004729,sample_01576,You Are A Monster - Monroeville Music Center,FAKE,1,Pop,mubert,train,4729
seg_004730,sample_01576,You Are A Monster - Monroeville Music Center,FAKE,1,Pop,mubert,train,4730
seg_004731,sample_01577,The Race Forever - Monroeville Music Center,FAKE,1,Pop,mubert,train,4731
seg_004732,sample_01577,The Race Forever - Monroeville Music Center,FAKE,1,Pop,mubert,train,4732
seg_004733,sample_01577,The Race Forever - Monroeville Music Center,FAKE,1,Pop,mubert,train,4733
seg_004734,sample_01578,Colossal Stillness - Scott Holmes,FAKE,1,Rock,mubert,train,4734
seg_004735,sample_01578,Colossal Stillness - Scott Holmes,FAKE,1,Rock,mubert,train,4735
seg_004736,sample_01578,Colossal Stillness - Scott Holmes,FAKE,1,Rock,mubert,train,4736
seg_004737,sample_01579,Lost Paradise - Autumn Interlude,FAKE,1,Rock,mubert,train,4737
seg_004738,sample_01579,Lost Paradise - Autumn Interlude,FAKE,1,Rock,mubert,train,4738
seg_004739,sample_01579,Lost Paradise - Autumn Interlude,FAKE,1,Rock,mubert,train,4739
seg_004740,sample_01580,Infinite Light - Pipe Choir,FAKE,1,Rock,mubert,train,4740
seg_004741,sample_01580,Infinite Light - Pipe Choir,FAKE,1,Rock,mubert,train,4741
seg_004742,sample_01580,Infinite Light - Pipe Choir,FAKE,1,Rock,mubert,train,4742
seg_004743,sample_01581,Where Is Everything - The Moi Non Plus,FAKE,1,Rock,mubert,test,4743
seg_004744,sample_01581,Where Is Everything - The Moi Non Plus,FAKE,1,Rock,mubert,test,4744
seg_004745,sample_01581,Where Is Everything - The Moi Non Plus,FAKE,1,Rock,mubert,test,4745
seg_004746,sample_01582,Johnny I Lie - The Moi Non Plus,FAKE,1,Rock,mubert,train,4746
seg_004747,sample_01582,Johnny I Lie - The Moi Non Plus,FAKE,1,Rock,mubert,train,4747
seg_004748,sample_01582,Johnny I Lie - The Moi Non Plus,FAKE,1,Rock,mubert,train,4748
seg_004749,sample_01583,I - Nocturnal Mayhem,FAKE,1,Rock,mubert,train,4749
seg_004750,sample_01583,I - Nocturnal Mayhem,FAKE,1,Rock,mubert,train,4750
seg_004751,sample_01583,I - Nocturnal Mayhem,FAKE,1,Rock,mubert,train,4751
seg_004752,sample_01584,Ynkelig - Die Morgendammerung Des Valhalla,FAKE,1,Rock,mubert,train,4752
seg_004753,sample_01584,Ynkelig - Die Morgendammerung Des Valhalla,FAKE,1,Rock,mubert,train,4753
seg_004754,sample_01584,Ynkelig - Die Morgendammerung Des Valhalla,FAKE,1,Rock,mubert,train,4754
seg_004755,sample_01585,Forest Silence - Serpentarivm,FAKE,1,Rock,mubert,train,4755
seg_004756,sample_01585,Forest Silence - Serpentarivm,FAKE,1,Rock,mubert,train,4756
seg_004757,sample_01585,Forest Silence - Serpentarivm,FAKE,1,Rock,mubert,train,4757
seg_004758,sample_01586,Stuttgart - Portrayal,FAKE,1,Rock,mubert,test,4758
seg_004759,sample_01586,Stuttgart - Portrayal,FAKE,1,Rock,mubert,test,4759
seg_004760,sample_01586,Stuttgart - Portrayal,FAKE,1,Rock,mubert,test,4760
seg_004761,sample_01587,I - Inflammator,FAKE,1,Rock,mubert,test,4761
seg_004762,sample_01587,I - Inflammator,FAKE,1,Rock,mubert,test,4762
seg_004763,sample_01587,I - Inflammator,FAKE,1,Rock,mubert,test,4763
seg_004764,sample_01588,Transmit - Lamprey,FAKE,1,Rock,mubert,train,4764
seg_004765,sample_01588,Transmit - Lamprey,FAKE,1,Rock,mubert,train,4765
seg_004766,sample_01588,Transmit - Lamprey,FAKE,1,Rock,mubert,train,4766
seg_004767,sample_01589,The Contract - The IMG,FAKE,1,Rock,mubert,train,4767
seg_004768,sample_01589,The Contract - The IMG,FAKE,1,Rock,mubert,train,4768
seg_004769,sample_01589,The Contract - The IMG,FAKE,1,Rock,mubert,train,4769
seg_004770,sample_01590,We Move in Waves - Modey Lemon,FAKE,1,Rock,mubert,train,4770
seg_004771,sample_01590,We Move in Waves - Modey Lemon,FAKE,1,Rock,mubert,train,4771
seg_004772,sample_01590,We Move in Waves - Modey Lemon,FAKE,1,Rock,mubert,train,4772
seg_004773,sample_01591,Mountain Mist - Modey Lemon,FAKE,1,Rock,mubert,train,4773
seg_004774,sample_01591,Mountain Mist - Modey Lemon,FAKE,1,Rock,mubert,train,4774
seg_004775,sample_01591,Mountain Mist - Modey Lemon,FAKE,1,Rock,mubert,train,4775
seg_004776,sample_01592,One Eyed Ghost/This is gonna be a rough show - The Crypts!,FAKE,1,Rock,mubert,train,4776
seg_004777,sample_01592,One Eyed Ghost/This is gonna be a rough show - The Crypts!,FAKE,1,Rock,mubert,train,4777
seg_004778,sample_01592,One Eyed Ghost/This is gonna be a rough show - The Crypts!,FAKE,1,Rock,mubert,train,4778
seg_004779,sample_01593,Gila Monster Flop/Music History Lesson:The Sonics - The Crypts!,FAKE,1,Rock,mubert,val,4779
seg_004780,sample_01593,Gila Monster Flop/Music History Lesson:The Sonics - The Crypts!,FAKE,1,Rock,mubert,val,4780
seg_004781,sample_01593,Gila Monster Flop/Music History Lesson:The Sonics - The Crypts!,FAKE,1,Rock,mubert,val,4781
seg_004782,sample_01594,Stranger - Frigg A Go Go (F.A.G.G.),FAKE,1,Rock,mubert,train,4782
seg_004783,sample_01594,Stranger - Frigg A Go Go (F.A.G.G.),FAKE,1,Rock,mubert,train,4783
seg_004784,sample_01594,Stranger - Frigg A Go Go (F.A.G.G.),FAKE,1,Rock,mubert,train,4784
seg_004785,sample_01595,Sea Monster - The Crypts!,FAKE,1,Rock,mubert,train,4785
seg_004786,sample_01595,Sea Monster - The Crypts!,FAKE,1,Rock,mubert,train,4786
seg_004787,sample_01595,Sea Monster - The Crypts!,FAKE,1,Rock,mubert,train,4787
seg_004788,sample_01596,Wir Werden Gott - Japanische Kampfhorspiele,FAKE,1,Rock,mubert,train,4788
seg_004789,sample_01596,Wir Werden Gott - Japanische Kampfhorspiele,FAKE,1,Rock,mubert,train,4789
seg_004790,sample_01596,Wir Werden Gott - Japanische Kampfhorspiele,FAKE,1,Rock,mubert,train,4790
seg_004791,sample_01597,Sfogare Il Dissenso - Deiezione HC,FAKE,1,Rock,mubert,test,4791
seg_004792,sample_01597,Sfogare Il Dissenso - Deiezione HC,FAKE,1,Rock,mubert,test,4792
seg_004793,sample_01597,Sfogare Il Dissenso - Deiezione HC,FAKE,1,Rock,mubert,test,4793
seg_004794,sample_01598,Formic Acid for Blood - Punk Rock Opera,FAKE,1,Rock,mubert,train,4794
seg_004795,sample_01598,Formic Acid for Blood - Punk Rock Opera,FAKE,1,Rock,mubert,train,4795
seg_004796,sample_01598,Formic Acid for Blood - Punk Rock Opera,FAKE,1,Rock,mubert,train,4796
seg_004797,sample_01599,Millitary Industrial Complex - Punk Rock Opera,FAKE,1,Rock,mubert,train,4797
seg_004798,sample_01599,Millitary Industrial Complex - Punk Rock Opera,FAKE,1,Rock,mubert,train,4798
seg_004799,sample_01599,Millitary Industrial Complex - Punk Rock Opera,FAKE,1,Rock,mubert,train,4799
seg_004800,sample_01600,1984 - Punk Rock Opera,FAKE,1,Rock,mubert,train,4800
seg_004801,sample_01600,1984 - Punk Rock Opera,FAKE,1,Rock,mubert,train,4801
seg_004802,sample_01600,1984 - Punk Rock Opera,FAKE,1,Rock,mubert,train,4802
seg_004803,sample_01601,Roach-Man - Punk Rock Opera,FAKE,1,Rock,mubert,train,4803
seg_004804,sample_01601,Roach-Man - Punk Rock Opera,FAKE,1,Rock,mubert,train,4804
seg_004805,sample_01601,Roach-Man - Punk Rock Opera,FAKE,1,Rock,mubert,train,4805
seg_004806,sample_01602,Soul of the Demon - Zombie Raiders,FAKE,1,Rock,mubert,train,4806
seg_004807,sample_01602,Soul of the Demon - Zombie Raiders,FAKE,1,Rock,mubert,train,4807
seg_004808,sample_01602,Soul of the Demon - Zombie Raiders,FAKE,1,Rock,mubert,train,4808
seg_004809,sample_01603,Roland Garros 2048 - Zoliborz,FAKE,1,Rock,mubert,train,4809
seg_004810,sample_01603,Roland Garros 2048 - Zoliborz,FAKE,1,Rock,mubert,train,4810
seg_004811,sample_01603,Roland Garros 2048 - Zoliborz,FAKE,1,Rock,mubert,train,4811
seg_004812,sample_01604,Who Loves You Dear - Mink Lungs,FAKE,1,Rock,mubert,test,4812
seg_004813,sample_01604,Who Loves You Dear - Mink Lungs,FAKE,1,Rock,mubert,test,4813
seg_004814,sample_01604,Who Loves You Dear - Mink Lungs,FAKE,1,Rock,mubert,test,4814
seg_004815,sample_01605,Robocall - Legally Blind,FAKE,1,Rock,mubert,train,4815
seg_004816,sample_01605,Robocall - Legally Blind,FAKE,1,Rock,mubert,train,4816
seg_004817,sample_01605,Robocall - Legally Blind,FAKE,1,Rock,mubert,train,4817
seg_004818,sample_01606,I Dream So Vividly - Uninhabitable Mansions,FAKE,1,Rock,mubert,train,4818
seg_004819,sample_01606,I Dream So Vividly - Uninhabitable Mansions,FAKE,1,Rock,mubert,train,4819
seg_004820,sample_01606,I Dream So Vividly - Uninhabitable Mansions,FAKE,1,Rock,mubert,train,4820
seg_004821,sample_01607,March of the GPA Mechanics - [t]ghost,FAKE,1,Rock,mubert,val,4821
seg_004822,sample_01607,March of the GPA Mechanics - [t]ghost,FAKE,1,Rock,mubert,val,4822
seg_004823,sample_01607,March of the GPA Mechanics - [t]ghost,FAKE,1,Rock,mubert,val,4823
seg_004824,sample_01608,Windows of the Skull - Sarin,FAKE,1,Rock,mubert,val,4824
seg_004825,sample_01608,Windows of the Skull - Sarin,FAKE,1,Rock,mubert,val,4825
seg_004826,sample_01608,Windows of the Skull - Sarin,FAKE,1,Rock,mubert,val,4826
seg_004827,sample_01609,Attention - Pete Prodoehl,FAKE,1,Rock,mubert,test,4827
seg_004828,sample_01609,Attention - Pete Prodoehl,FAKE,1,Rock,mubert,test,4828
seg_004829,sample_01609,Attention - Pete Prodoehl,FAKE,1,Rock,mubert,test,4829
seg_004830,sample_01610,Empty Pockets - Pete Prodoehl,FAKE,1,Rock,mubert,val,4830
seg_004831,sample_01610,Empty Pockets - Pete Prodoehl,FAKE,1,Rock,mubert,val,4831
seg_004832,sample_01610,Empty Pockets - Pete Prodoehl,FAKE,1,Rock,mubert,val,4832
seg_004833,sample_01611,Digital Lightning - Cloudkicker,FAKE,1,Rock,mubert,train,4833
seg_004834,sample_01611,Digital Lightning - Cloudkicker,FAKE,1,Rock,mubert,train,4834
seg_004835,sample_01611,Digital Lightning - Cloudkicker,FAKE,1,Rock,mubert,train,4835
seg_004836,sample_01612,Scramby Eggs - Andy G. Cohen,FAKE,1,Rock,mubert,val,4836
seg_004837,sample_01612,Scramby Eggs - Andy G. Cohen,FAKE,1,Rock,mubert,val,4837
seg_004838,sample_01612,Scramby Eggs - Andy G. Cohen,FAKE,1,Rock,mubert,val,4838
seg_004839,sample_01613,Voxel - Andy G. Cohen,FAKE,1,Rock,mubert,val,4839
seg_004840,sample_01613,Voxel - Andy G. Cohen,FAKE,1,Rock,mubert,val,4840
seg_004841,sample_01613,Voxel - Andy G. Cohen,FAKE,1,Rock,mubert,val,4841
seg_004842,sample_01614,Love Dream - The Zombie Dandies,FAKE,1,Rock,mubert,test,4842
seg_004843,sample_01614,Love Dream - The Zombie Dandies,FAKE,1,Rock,mubert,test,4843
seg_004844,sample_01614,Love Dream - The Zombie Dandies,FAKE,1,Rock,mubert,test,4844
seg_004845,sample_01615,The girl just faded - Los Llamarada,FAKE,1,Rock,mubert,val,4845
seg_004846,sample_01615,The girl just faded - Los Llamarada,FAKE,1,Rock,mubert,val,4846
seg_004847,sample_01615,The girl just faded - Los Llamarada,FAKE,1,Rock,mubert,val,4847
seg_004848,sample_01616,Snakefirewalking - Los Llamarada,FAKE,1,Rock,mubert,train,4848
seg_004849,sample_01616,Snakefirewalking - Los Llamarada,FAKE,1,Rock,mubert,train,4849
seg_004850,sample_01616,Snakefirewalking - Los Llamarada,FAKE,1,Rock,mubert,train,4850
seg_004851,sample_01617,Nose - DUSTdevils,FAKE,1,Rock,mubert,train,4851
seg_004852,sample_01617,Nose - DUSTdevils,FAKE,1,Rock,mubert,train,4852
seg_004853,sample_01617,Nose - DUSTdevils,FAKE,1,Rock,mubert,train,4853
seg_004854,sample_01618,Track 04 - Lightning Bolt,FAKE,1,Rock,mubert,train,4854
seg_004855,sample_01618,Track 04 - Lightning Bolt,FAKE,1,Rock,mubert,train,4855
seg_004856,sample_01618,Track 04 - Lightning Bolt,FAKE,1,Rock,mubert,train,4856
seg_004857,sample_01619,Crossing - Los Llamarada,FAKE,1,Rock,mubert,train,4857
seg_004858,sample_01619,Crossing - Los Llamarada,FAKE,1,Rock,mubert,train,4858
seg_004859,sample_01619,Crossing - Los Llamarada,FAKE,1,Rock,mubert,train,4859
seg_004860,sample_01620,2 (Wasn't There) - Isle of Pine,FAKE,1,Rock,mubert,val,4860
seg_004861,sample_01620,2 (Wasn't There) - Isle of Pine,FAKE,1,Rock,mubert,val,4861
seg_004862,sample_01620,2 (Wasn't There) - Isle of Pine,FAKE,1,Rock,mubert,val,4862
seg_004863,sample_01621,Mettle - Pipe Choir,FAKE,1,Rock,mubert,train,4863
seg_004864,sample_01621,Mettle - Pipe Choir,FAKE,1,Rock,mubert,train,4864
seg_004865,sample_01621,Mettle - Pipe Choir,FAKE,1,Rock,mubert,train,4865
seg_004866,sample_01622,I Fell - Mod Fun,FAKE,1,Rock,mubert,val,4866
seg_004867,sample_01622,I Fell - Mod Fun,FAKE,1,Rock,mubert,val,4867
seg_004868,sample_01622,I Fell - Mod Fun,FAKE,1,Rock,mubert,val,4868
seg_004869,sample_01623,"Head of Ancante, Talking Tree - Ak'chamel, The Giver of Illness",FAKE,1,Rock,mubert,test,4869
seg_004870,sample_01623,"Head of Ancante, Talking Tree - Ak'chamel, The Giver of Illness",FAKE,1,Rock,mubert,test,4870
seg_004871,sample_01623,"Head of Ancante, Talking Tree - Ak'chamel, The Giver of Illness",FAKE,1,Rock,mubert,test,4871
seg_004872,sample_01624,Новый Нью-Йорк 2 - Чокнутый Пропеллер,FAKE,1,Rock,mubert,val,4872
seg_004873,sample_01624,Новый Нью-Йорк 2 - Чокнутый Пропеллер,FAKE,1,Rock,mubert,val,4873
seg_004874,sample_01624,Новый Нью-Йорк 2 - Чокнутый Пропеллер,FAKE,1,Rock,mubert,val,4874
seg_004875,sample_01625,Terve Teille - Чокнутый Пропеллер,FAKE,1,Rock,mubert,test,4875
seg_004876,sample_01625,Terve Teille - Чокнутый Пропеллер,FAKE,1,Rock,mubert,test,4876
seg_004877,sample_01625,Terve Teille - Чокнутый Пропеллер,FAKE,1,Rock,mubert,test,4877
seg_004878,sample_01626,LIQUID SKULLS - voyageurs,FAKE,1,Rock,mubert,test,4878
seg_004879,sample_01626,LIQUID SKULLS - voyageurs,FAKE,1,Rock,mubert,test,4879
seg_004880,sample_01626,LIQUID SKULLS - voyageurs,FAKE,1,Rock,mubert,test,4880
seg_004881,sample_01627,KOMFORT - voyageurs,FAKE,1,Rock,mubert,train,4881
seg_004882,sample_01627,KOMFORT - voyageurs,FAKE,1,Rock,mubert,train,4882
seg_004883,sample_01627,KOMFORT - voyageurs,FAKE,1,Rock,mubert,train,4883
seg_004884,sample_01628,Acoustic Unleashed - Remain,FAKE,1,Electronic,producer,train,4884
seg_004885,sample_01628,Acoustic Unleashed - Remain,FAKE,1,Electronic,producer,train,4885
seg_004886,sample_01628,Acoustic Unleashed - Remain,FAKE,1,Electronic,producer,train,4886
seg_004887,sample_01629,Ad Astra - P C III,FAKE,1,Electronic,producer,train,4887
seg_004888,sample_01629,Ad Astra - P C III,FAKE,1,Electronic,producer,train,4888
seg_004889,sample_01629,Ad Astra - P C III,FAKE,1,Electronic,producer,train,4889
seg_004890,sample_01630,All of Us - Eric Skiff,FAKE,1,Electronic,producer,train,4890
seg_004891,sample_01630,All of Us - Eric Skiff,FAKE,1,Electronic,producer,train,4891
seg_004892,sample_01630,All of Us - Eric Skiff,FAKE,1,Electronic,producer,train,4892
seg_004893,sample_01631,"Aquamarine, My Distant Blue - Nihilore",FAKE,1,Electronic,producer,train,4893
seg_004894,sample_01631,"Aquamarine, My Distant Blue - Nihilore",FAKE,1,Electronic,producer,train,4894
seg_004895,sample_01631,"Aquamarine, My Distant Blue - Nihilore",FAKE,1,Electronic,producer,train,4895
seg_004896,sample_01632,Autobahn - S-B-J,FAKE,1,Electronic,producer,train,4896
seg_004897,sample_01632,Autobahn - S-B-J,FAKE,1,Electronic,producer,train,4897
seg_004898,sample_01632,Autobahn - S-B-J,FAKE,1,Electronic,producer,train,4898
seg_004899,sample_01633,Clay Heart - Nihilore,FAKE,1,Electronic,producer,train,4899
seg_004900,sample_01633,Clay Heart - Nihilore,FAKE,1,Electronic,producer,train,4900
seg_004901,sample_01633,Clay Heart - Nihilore,FAKE,1,Electronic,producer,train,4901
seg_004902,sample_01634,Cold Chains - Rolemusic,FAKE,1,Electronic,producer,train,4902
seg_004903,sample_01634,Cold Chains - Rolemusic,FAKE,1,Electronic,producer,train,4903
seg_004904,sample_01634,Cold Chains - Rolemusic,FAKE,1,Electronic,producer,train,4904
seg_004905,sample_01635,Coliidae - K.D. Expression,FAKE,1,Electronic,producer,train,4905
seg_004906,sample_01635,Coliidae - K.D. Expression,FAKE,1,Electronic,producer,train,4906
seg_004907,sample_01635,Coliidae - K.D. Expression,FAKE,1,Electronic,producer,train,4907
seg_004908,sample_01636,CopperNickle - UncleBibby,FAKE,1,Electronic,producer,val,4908
seg_004909,sample_01636,CopperNickle - UncleBibby,FAKE,1,Electronic,producer,val,4909
seg_004910,sample_01636,CopperNickle - UncleBibby,FAKE,1,Electronic,producer,val,4910
seg_004911,sample_01637,Dance Harder - Three Chain Links,FAKE,1,Electronic,producer,test,4911
seg_004912,sample_01637,Dance Harder - Three Chain Links,FAKE,1,Electronic,producer,test,4912
seg_004913,sample_01637,Dance Harder - Three Chain Links,FAKE,1,Electronic,producer,test,4913
seg_004914,sample_01638,Daylight Savings - My brother Daniel,FAKE,1,Electronic,producer,val,4914
seg_004915,sample_01638,Daylight Savings - My brother Daniel,FAKE,1,Electronic,producer,val,4915
seg_004916,sample_01638,Daylight Savings - My brother Daniel,FAKE,1,Electronic,producer,val,4916
seg_004917,sample_01639,Edge - Mystery Mammal,FAKE,1,Electronic,producer,train,4917
seg_004918,sample_01639,Edge - Mystery Mammal,FAKE,1,Electronic,producer,train,4918
seg_004919,sample_01639,Edge - Mystery Mammal,FAKE,1,Electronic,producer,train,4919
seg_004920,sample_01640,Empower Thee - vargero,FAKE,1,Electronic,producer,train,4920
seg_004921,sample_01640,Empower Thee - vargero,FAKE,1,Electronic,producer,train,4921
seg_004922,sample_01640,Empower Thee - vargero,FAKE,1,Electronic,producer,train,4922
seg_004923,sample_01641,Endless - The Birth and Death of Silence,FAKE,1,Electronic,producer,train,4923
seg_004924,sample_01641,Endless - The Birth and Death of Silence,FAKE,1,Electronic,producer,train,4924
seg_004925,sample_01641,Endless - The Birth and Death of Silence,FAKE,1,Electronic,producer,train,4925
seg_004926,sample_01642,Flashback - Seclorance,FAKE,1,Electronic,producer,train,4926
seg_004927,sample_01642,Flashback - Seclorance,FAKE,1,Electronic,producer,train,4927
seg_004928,sample_01642,Flashback - Seclorance,FAKE,1,Electronic,producer,train,4928
seg_004929,sample_01643,Fuckaboing - RoccoW,FAKE,1,Electronic,producer,test,4929
seg_004930,sample_01643,Fuckaboing - RoccoW,FAKE,1,Electronic,producer,test,4930
seg_004931,sample_01643,Fuckaboing - RoccoW,FAKE,1,Electronic,producer,test,4931
seg_004932,sample_01644,"Go On, Then - Jim Rooster",FAKE,1,Electronic,producer,train,4932
seg_004933,sample_01644,"Go On, Then - Jim Rooster",FAKE,1,Electronic,producer,train,4933
seg_004934,sample_01644,"Go On, Then - Jim Rooster",FAKE,1,Electronic,producer,train,4934
seg_004935,sample_01645,Hammer and a Nail - Vienna Ditto,FAKE,1,Electronic,producer,train,4935
seg_004936,sample_01645,Hammer and a Nail - Vienna Ditto,FAKE,1,Electronic,producer,train,4936
seg_004937,sample_01645,Hammer and a Nail - Vienna Ditto,FAKE,1,Electronic,producer,train,4937
seg_004938,sample_01646,Improvisation - Broken Chord,FAKE,1,Electronic,producer,train,4938
seg_004939,sample_01646,Improvisation - Broken Chord,FAKE,1,Electronic,producer,train,4939
seg_004940,sample_01646,Improvisation - Broken Chord,FAKE,1,Electronic,producer,train,4940
seg_004941,sample_01647,Introduction beats - Itsensäsyöjät,FAKE,1,Electronic,producer,train,4941
seg_004942,sample_01647,Introduction beats - Itsensäsyöjät,FAKE,1,Electronic,producer,train,4942
seg_004943,sample_01647,Introduction beats - Itsensäsyöjät,FAKE,1,Electronic,producer,train,4943
seg_004944,sample_01648,Jangus (inspired by ToeJam and Earl) - UncleBibby,FAKE,1,Electronic,producer,train,4944
seg_004945,sample_01648,Jangus (inspired by ToeJam and Earl) - UncleBibby,FAKE,1,Electronic,producer,train,4945
seg_004946,sample_01648,Jangus (inspired by ToeJam and Earl) - UncleBibby,FAKE,1,Electronic,producer,train,4946
seg_004947,sample_01649,mystery team 2090 - Jesse Futerman,FAKE,1,Electronic,producer,val,4947
seg_004948,sample_01649,mystery team 2090 - Jesse Futerman,FAKE,1,Electronic,producer,val,4948
seg_004949,sample_01649,mystery team 2090 - Jesse Futerman,FAKE,1,Electronic,producer,val,4949
seg_004950,sample_01650,Night Drive - Decktonic,FAKE,1,Electronic,producer,val,4950
seg_004951,sample_01650,Night Drive - Decktonic,FAKE,1,Electronic,producer,val,4951
seg_004952,sample_01650,Night Drive - Decktonic,FAKE,1,Electronic,producer,val,4952
seg_004953,sample_01651,Night Owl - Broke For Free,FAKE,1,Electronic,producer,test,4953
seg_004954,sample_01651,Night Owl - Broke For Free,FAKE,1,Electronic,producer,test,4954
seg_004955,sample_01651,Night Owl - Broke For Free,FAKE,1,Electronic,producer,test,4955
seg_004956,sample_01652,Noam Chomsky's Corporate Carbohydrate Surprise - Quelle Fromage,FAKE,1,Electronic,producer,train,4956
seg_004957,sample_01652,Noam Chomsky's Corporate Carbohydrate Surprise - Quelle Fromage,FAKE,1,Electronic,producer,train,4957
seg_004958,sample_01652,Noam Chomsky's Corporate Carbohydrate Surprise - Quelle Fromage,FAKE,1,Electronic,producer,train,4958
seg_004959,sample_01653,Nuo Maisemat - Paavoharju,FAKE,1,Electronic,producer,val,4959
seg_004960,sample_01653,Nuo Maisemat - Paavoharju,FAKE,1,Electronic,producer,val,4960
seg_004961,sample_01653,Nuo Maisemat - Paavoharju,FAKE,1,Electronic,producer,val,4961
seg_004962,sample_01654,Ohtli - Seclorance,FAKE,1,Electronic,producer,train,4962
seg_004963,sample_01654,Ohtli - Seclorance,FAKE,1,Electronic,producer,train,4963
seg_004964,sample_01654,Ohtli - Seclorance,FAKE,1,Electronic,producer,train,4964
seg_004965,sample_01655,Okiirobo Navigation System - Henry Homesweet,FAKE,1,Electronic,producer,train,4965
seg_004966,sample_01655,Okiirobo Navigation System - Henry Homesweet,FAKE,1,Electronic,producer,train,4966
seg_004967,sample_01655,Okiirobo Navigation System - Henry Homesweet,FAKE,1,Electronic,producer,train,4967
seg_004968,sample_01656,Only Instrumental - Broke For Free,FAKE,1,Electronic,producer,train,4968
seg_004969,sample_01656,Only Instrumental - Broke For Free,FAKE,1,Electronic,producer,train,4969
seg_004970,sample_01656,Only Instrumental - Broke For Free,FAKE,1,Electronic,producer,train,4970
seg_004971,sample_01657,OOOTHERSIDE - Liquid Paper - Mike B. Fort,FAKE,1,Electronic,producer,train,4971
seg_004972,sample_01657,OOOTHERSIDE - Liquid Paper - Mike B. Fort,FAKE,1,Electronic,producer,train,4972
seg_004973,sample_01657,OOOTHERSIDE - Liquid Paper - Mike B. Fort,FAKE,1,Electronic,producer,train,4973
seg_004974,sample_01658,OOOTHERSIDE - This Time - Mike B. Fort,FAKE,1,Electronic,producer,train,4974
seg_004975,sample_01658,OOOTHERSIDE - This Time - Mike B. Fort,FAKE,1,Electronic,producer,train,4975
seg_004976,sample_01658,OOOTHERSIDE - This Time - Mike B. Fort,FAKE,1,Electronic,producer,train,4976
seg_004977,sample_01659,OST 04 Ship under attack - sawsquarenoise,FAKE,1,Electronic,producer,train,4977
seg_004978,sample_01659,OST 04 Ship under attack - sawsquarenoise,FAKE,1,Electronic,producer,train,4978
seg_004979,sample_01659,OST 04 Ship under attack - sawsquarenoise,FAKE,1,Electronic,producer,train,4979
seg_004980,sample_01660,Paris - Fleslit,FAKE,1,Electronic,producer,train,4980
seg_004981,sample_01660,Paris - Fleslit,FAKE,1,Electronic,producer,train,4981
seg_004982,sample_01660,Paris - Fleslit,FAKE,1,Electronic,producer,train,4982
seg_004983,sample_01661,Pista Afuera - Epstein,FAKE,1,Electronic,producer,test,4983
seg_004984,sample_01661,Pista Afuera - Epstein,FAKE,1,Electronic,producer,test,4984
seg_004985,sample_01661,Pista Afuera - Epstein,FAKE,1,Electronic,producer,test,4985
seg_004986,sample_01662,Ponky McFonky - My brother Daniel,FAKE,1,Electronic,producer,train,4986
seg_004987,sample_01662,Ponky McFonky - My brother Daniel,FAKE,1,Electronic,producer,train,4987
seg_004988,sample_01662,Ponky McFonky - My brother Daniel,FAKE,1,Electronic,producer,train,4988
seg_004989,sample_01663,Realize Me - Jim Rooster,FAKE,1,Electronic,producer,test,4989
seg_004990,sample_01663,Realize Me - Jim Rooster,FAKE,1,Electronic,producer,test,4990
seg_004991,sample_01663,Realize Me - Jim Rooster,FAKE,1,Electronic,producer,test,4991
seg_004992,sample_01664,Resistentialism - Nihilore,FAKE,1,Electronic,producer,test,4992
seg_004993,sample_01664,Resistentialism - Nihilore,FAKE,1,Electronic,producer,test,4993
seg_004994,sample_01664,Resistentialism - Nihilore,FAKE,1,Electronic,producer,test,4994
seg_004995,sample_01665,Robot Heart - Mystery Mammal,FAKE,1,Electronic,producer,train,4995
seg_004996,sample_01665,Robot Heart - Mystery Mammal,FAKE,1,Electronic,producer,train,4996
seg_004997,sample_01665,Robot Heart - Mystery Mammal,FAKE,1,Electronic,producer,train,4997
seg_004998,sample_01666,Running Free - Michett featuring Kalipluche,FAKE,1,Electronic,producer,train,4998
seg_004999,sample_01666,Running Free - Michett featuring Kalipluche,FAKE,1,Electronic,producer,train,4999
seg_005000,sample_01666,Running Free - Michett featuring Kalipluche,FAKE,1,Electronic,producer,train,5000
seg_005001,sample_01667,SD (Ill Mix) - H-LR,FAKE,1,Electronic,producer,val,5001
seg_005002,sample_01667,SD (Ill Mix) - H-LR,FAKE,1,Electronic,producer,val,5002
seg_005003,sample_01667,SD (Ill Mix) - H-LR,FAKE,1,Electronic,producer,val,5003
seg_005004,sample_01668,Seppuku Bot - Decktonic,FAKE,1,Electronic,producer,train,5004
seg_005005,sample_01668,Seppuku Bot - Decktonic,FAKE,1,Electronic,producer,train,5005
seg_005006,sample_01668,Seppuku Bot - Decktonic,FAKE,1,Electronic,producer,train,5006
seg_005007,sample_01669,Straw Fields - Rolemusic,FAKE,1,Electronic,producer,train,5007
seg_005008,sample_01669,Straw Fields - Rolemusic,FAKE,1,Electronic,producer,train,5008
seg_005009,sample_01669,Straw Fields - Rolemusic,FAKE,1,Electronic,producer,train,5009
seg_005010,sample_01670,Take Your Fingers - Michael Fakesch,FAKE,1,Electronic,producer,train,5010
seg_005011,sample_01670,Take Your Fingers - Michael Fakesch,FAKE,1,Electronic,producer,train,5011
seg_005012,sample_01670,Take Your Fingers - Michael Fakesch,FAKE,1,Electronic,producer,train,5012
seg_005013,sample_01671,Tapes - Gumbel,FAKE,1,Electronic,producer,train,5013
seg_005014,sample_01671,Tapes - Gumbel,FAKE,1,Electronic,producer,train,5014
seg_005015,sample_01671,Tapes - Gumbel,FAKE,1,Electronic,producer,train,5015
seg_005016,sample_01672,The Big House - Jason Shaw,FAKE,1,Electronic,producer,train,5016
seg_005017,sample_01672,The Big House - Jason Shaw,FAKE,1,Electronic,producer,train,5017
seg_005018,sample_01672,The Big House - Jason Shaw,FAKE,1,Electronic,producer,train,5018
seg_005019,sample_01673,The Courtyard - Uncle Bibby,FAKE,1,Electronic,producer,train,5019
seg_005020,sample_01673,The Courtyard - Uncle Bibby,FAKE,1,Electronic,producer,train,5020
seg_005021,sample_01673,The Courtyard - Uncle Bibby,FAKE,1,Electronic,producer,train,5021
seg_005022,sample_01674,The Front Yard - HarleyLikesMusic,FAKE,1,Electronic,producer,train,5022
seg_005023,sample_01674,The Front Yard - HarleyLikesMusic,FAKE,1,Electronic,producer,train,5023
seg_005024,sample_01674,The Front Yard - HarleyLikesMusic,FAKE,1,Electronic,producer,train,5024
seg_005025,sample_01675,Ugh! Humans Can Join - Mystery Mammal,FAKE,1,Electronic,producer,test,5025
seg_005026,sample_01675,Ugh! Humans Can Join - Mystery Mammal,FAKE,1,Electronic,producer,test,5026
seg_005027,sample_01675,Ugh! Humans Can Join - Mystery Mammal,FAKE,1,Electronic,producer,test,5027
seg_005028,sample_01676,Vanishing Horizon - Jason Shaw,FAKE,1,Electronic,producer,train,5028
seg_005029,sample_01676,Vanishing Horizon - Jason Shaw,FAKE,1,Electronic,producer,train,5029
seg_005030,sample_01676,Vanishing Horizon - Jason Shaw,FAKE,1,Electronic,producer,train,5030
seg_005031,sample_01677,When I Was Taller - Dan Deacon,FAKE,1,Electronic,producer,train,5031
seg_005032,sample_01677,When I Was Taller - Dan Deacon,FAKE,1,Electronic,producer,train,5032
seg_005033,sample_01677,When I Was Taller - Dan Deacon,FAKE,1,Electronic,producer,train,5033
seg_005034,sample_01678,"Autopsy - Oh Yeah, the Future",FAKE,1,Pop,producer,train,5034
seg_005035,sample_01678,"Autopsy - Oh Yeah, the Future",FAKE,1,Pop,producer,train,5035
seg_005036,sample_01678,"Autopsy - Oh Yeah, the Future",FAKE,1,Pop,producer,train,5036
seg_005037,sample_01679,Breeze Funk - Malaventura,FAKE,1,Pop,producer,train,5037
seg_005038,sample_01679,Breeze Funk - Malaventura,FAKE,1,Pop,producer,train,5038
seg_005039,sample_01679,Breeze Funk - Malaventura,FAKE,1,Pop,producer,train,5039
seg_005040,sample_01680,Busby Berkeley - Ergo Phizmiz,FAKE,1,Pop,producer,train,5040
seg_005041,sample_01680,Busby Berkeley - Ergo Phizmiz,FAKE,1,Pop,producer,train,5041
seg_005042,sample_01680,Busby Berkeley - Ergo Phizmiz,FAKE,1,Pop,producer,train,5042
seg_005043,sample_01681,Celia - Ergo Phizmiz,FAKE,1,Pop,producer,train,5043
seg_005044,sample_01681,Celia - Ergo Phizmiz,FAKE,1,Pop,producer,train,5044
seg_005045,sample_01681,Celia - Ergo Phizmiz,FAKE,1,Pop,producer,train,5045
seg_005046,sample_01682,Convicted Jazz Drones - Malaventura,FAKE,1,Pop,producer,train,5046
seg_005047,sample_01682,Convicted Jazz Drones - Malaventura,FAKE,1,Pop,producer,train,5047
seg_005048,sample_01682,Convicted Jazz Drones - Malaventura,FAKE,1,Pop,producer,train,5048
seg_005049,sample_01683,danse macabre - Katapulto,FAKE,1,Pop,producer,train,5049
seg_005050,sample_01683,danse macabre - Katapulto,FAKE,1,Pop,producer,train,5050
seg_005051,sample_01683,danse macabre - Katapulto,FAKE,1,Pop,producer,train,5051
seg_005052,sample_01684,Different Day - First,FAKE,1,Pop,producer,test,5052
seg_005053,sample_01684,Different Day - First,FAKE,1,Pop,producer,test,5053
seg_005054,sample_01684,Different Day - First,FAKE,1,Pop,producer,test,5054
seg_005055,sample_01685,Evil Cannot Create - Caleb Lemond,FAKE,1,Pop,producer,val,5055
seg_005056,sample_01685,Evil Cannot Create - Caleb Lemond,FAKE,1,Pop,producer,val,5056
seg_005057,sample_01685,Evil Cannot Create - Caleb Lemond,FAKE,1,Pop,producer,val,5057
seg_005058,sample_01686,"First Glance - Oh Yeah, the Future",FAKE,1,Pop,producer,train,5058
seg_005059,sample_01686,"First Glance - Oh Yeah, the Future",FAKE,1,Pop,producer,train,5059
seg_005060,sample_01686,"First Glance - Oh Yeah, the Future",FAKE,1,Pop,producer,train,5060
seg_005061,sample_01687,Food and War - Ergo Phizmiz,FAKE,1,Pop,producer,train,5061
seg_005062,sample_01687,Food and War - Ergo Phizmiz,FAKE,1,Pop,producer,train,5062
seg_005063,sample_01687,Food and War - Ergo Phizmiz,FAKE,1,Pop,producer,train,5063
seg_005064,sample_01688,gospellioza - Katapulto,FAKE,1,Pop,producer,train,5064
seg_005065,sample_01688,gospellioza - Katapulto,FAKE,1,Pop,producer,train,5065
seg_005066,sample_01688,gospellioza - Katapulto,FAKE,1,Pop,producer,train,5066
seg_005067,sample_01689,"Hungry - Oh Yeah, the Future",FAKE,1,Pop,producer,test,5067
seg_005068,sample_01689,"Hungry - Oh Yeah, the Future",FAKE,1,Pop,producer,test,5068
seg_005069,sample_01689,"Hungry - Oh Yeah, the Future",FAKE,1,Pop,producer,test,5069
seg_005070,sample_01690,I Think From Now On - Caleb Lemond,FAKE,1,Pop,producer,train,5070
seg_005071,sample_01690,I Think From Now On - Caleb Lemond,FAKE,1,Pop,producer,train,5071
seg_005072,sample_01690,I Think From Now On - Caleb Lemond,FAKE,1,Pop,producer,train,5072
seg_005073,sample_01691,Invaders From Within - Monroeville Music Center,FAKE,1,Pop,producer,train,5073
seg_005074,sample_01691,Invaders From Within - Monroeville Music Center,FAKE,1,Pop,producer,train,5074
seg_005075,sample_01691,Invaders From Within - Monroeville Music Center,FAKE,1,Pop,producer,train,5075
seg_005076,sample_01692,John the Baby - Ergo Phizmiz,FAKE,1,Pop,producer,train,5076
seg_005077,sample_01692,John the Baby - Ergo Phizmiz,FAKE,1,Pop,producer,train,5077
seg_005078,sample_01692,John the Baby - Ergo Phizmiz,FAKE,1,Pop,producer,train,5078
seg_005079,sample_01693,Kissing Scars - Caleb Lemond,FAKE,1,Pop,producer,train,5079
seg_005080,sample_01693,Kissing Scars - Caleb Lemond,FAKE,1,Pop,producer,train,5080
seg_005081,sample_01693,Kissing Scars - Caleb Lemond,FAKE,1,Pop,producer,train,5081
seg_005082,sample_01694,kolorowe wody - Katapulto,FAKE,1,Pop,producer,train,5082
seg_005083,sample_01694,kolorowe wody - Katapulto,FAKE,1,Pop,producer,train,5083
seg_005084,sample_01694,kolorowe wody - Katapulto,FAKE,1,Pop,producer,train,5084
seg_005085,sample_01695,"Lackadaisical - Oh Yeah, the Future",FAKE,1,Pop,producer,train,5085
seg_005086,sample_01695,"Lackadaisical - Oh Yeah, the Future",FAKE,1,Pop,producer,train,5086
seg_005087,sample_01695,"Lackadaisical - Oh Yeah, the Future",FAKE,1,Pop,producer,train,5087
seg_005088,sample_01696,"Lovedreams - Oh Yeah, the Future",FAKE,1,Pop,producer,train,5088
seg_005089,sample_01696,"Lovedreams - Oh Yeah, the Future",FAKE,1,Pop,producer,train,5089
seg_005090,sample_01696,"Lovedreams - Oh Yeah, the Future",FAKE,1,Pop,producer,train,5090
seg_005091,sample_01697,Mandrill - Ergo Phizmiz,FAKE,1,Pop,producer,train,5091
seg_005092,sample_01697,Mandrill - Ergo Phizmiz,FAKE,1,Pop,producer,train,5092
seg_005093,sample_01698,mc trabalenguas - Volumina,FAKE,1,Pop,producer,train,5093
seg_005094,sample_01698,mc trabalenguas - Volumina,FAKE,1,Pop,producer,train,5094
seg_005095,sample_01698,mc trabalenguas - Volumina,FAKE,1,Pop,producer,train,5095
seg_005096,sample_01699,Monkeystage - Ergo Phizmiz,FAKE,1,Pop,producer,train,5096
seg_005097,sample_01699,Monkeystage - Ergo Phizmiz,FAKE,1,Pop,producer,train,5097
seg_005098,sample_01699,Monkeystage - Ergo Phizmiz,FAKE,1,Pop,producer,train,5098
seg_005099,sample_01700,Motocross Mania - Monroeville Music Center,FAKE,1,Pop,producer,test,5099
seg_005100,sample_01700,Motocross Mania - Monroeville Music Center,FAKE,1,Pop,producer,test,5100
seg_005101,sample_01700,Motocross Mania - Monroeville Music Center,FAKE,1,Pop,producer,test,5101
seg_005102,sample_01701,Music For an Underground Circu - Ergo Phizmiz,FAKE,1,Pop,producer,test,5102
seg_005103,sample_01701,Music For an Underground Circu - Ergo Phizmiz,FAKE,1,Pop,producer,test,5103
seg_005104,sample_01701,Music For an Underground Circu - Ergo Phizmiz,FAKE,1,Pop,producer,test,5104
seg_005105,sample_01702,Music For an Underground Circu - Ergo Phizmiz,FAKE,1,Pop,producer,test,5105
seg_005106,sample_01702,Music For an Underground Circu - Ergo Phizmiz,FAKE,1,Pop,producer,test,5106
seg_005107,sample_01702,Music For an Underground Circu - Ergo Phizmiz,FAKE,1,Pop,producer,test,5107
seg_005108,sample_01703,Nature Is Over / Defined - Bird Names,FAKE,1,Pop,producer,train,5108
seg_005109,sample_01703,Nature Is Over / Defined - Bird Names,FAKE,1,Pop,producer,train,5109
seg_005110,sample_01703,Nature Is Over / Defined - Bird Names,FAKE,1,Pop,producer,train,5110
seg_005111,sample_01704,New Life (take 1) - Bird Names,FAKE,1,Pop,producer,val,5111
seg_005112,sample_01704,New Life (take 1) - Bird Names,FAKE,1,Pop,producer,val,5112
seg_005113,sample_01704,New Life (take 1) - Bird Names,FAKE,1,Pop,producer,val,5113
seg_005114,sample_01705,Norweigian Wood II - Bird Names,FAKE,1,Pop,producer,val,5114
seg_005115,sample_01705,Norweigian Wood II - Bird Names,FAKE,1,Pop,producer,val,5115
seg_005116,sample_01705,Norweigian Wood II - Bird Names,FAKE,1,Pop,producer,val,5116
seg_005117,sample_01706,On My Mind - Ergo Phizmiz,FAKE,1,Pop,producer,train,5117
seg_005118,sample_01706,On My Mind - Ergo Phizmiz,FAKE,1,Pop,producer,train,5118
seg_005119,sample_01706,On My Mind - Ergo Phizmiz,FAKE,1,Pop,producer,train,5119
seg_005120,sample_01707,philcollins takes your hand - Katapulto,FAKE,1,Pop,producer,train,5120
seg_005121,sample_01707,philcollins takes your hand - Katapulto,FAKE,1,Pop,producer,train,5121
seg_005122,sample_01707,philcollins takes your hand - Katapulto,FAKE,1,Pop,producer,train,5122
seg_005123,sample_01708,purity & danger - Katapulto,FAKE,1,Pop,producer,train,5123
seg_005124,sample_01708,purity & danger - Katapulto,FAKE,1,Pop,producer,train,5124
seg_005125,sample_01708,purity & danger - Katapulto,FAKE,1,Pop,producer,train,5125
seg_005126,sample_01709,Roller Star - Monroeville Music Center,FAKE,1,Pop,producer,val,5126
seg_005127,sample_01709,Roller Star - Monroeville Music Center,FAKE,1,Pop,producer,val,5127
seg_005128,sample_01709,Roller Star - Monroeville Music Center,FAKE,1,Pop,producer,val,5128
seg_005129,sample_01710,"Roundtrip - Oh Yeah, the Future",FAKE,1,Pop,producer,val,5129
seg_005130,sample_01710,"Roundtrip - Oh Yeah, the Future",FAKE,1,Pop,producer,val,5130
seg_005131,sample_01710,"Roundtrip - Oh Yeah, the Future",FAKE,1,Pop,producer,val,5131
seg_005132,sample_01711,Shadow Government - Bird Names,FAKE,1,Pop,producer,train,5132
seg_005133,sample_01711,Shadow Government - Bird Names,FAKE,1,Pop,producer,train,5133
seg_005134,sample_01711,Shadow Government - Bird Names,FAKE,1,Pop,producer,train,5134
seg_005135,sample_01712,She Works / Tepid Waters - Bird Names,FAKE,1,Pop,producer,test,5135
seg_005136,sample_01712,She Works / Tepid Waters - Bird Names,FAKE,1,Pop,producer,test,5136
seg_005137,sample_01712,She Works / Tepid Waters - Bird Names,FAKE,1,Pop,producer,test,5137
seg_005138,sample_01713,Soleares&beats - Malaventura,FAKE,1,Pop,producer,val,5138
seg_005139,sample_01713,Soleares&beats - Malaventura,FAKE,1,Pop,producer,val,5139
seg_005140,sample_01713,Soleares&beats - Malaventura,FAKE,1,Pop,producer,val,5140
seg_005141,sample_01714,Something Dirty - Ergo Phizmiz,FAKE,1,Pop,producer,test,5141
seg_005142,sample_01714,Something Dirty - Ergo Phizmiz,FAKE,1,Pop,producer,test,5142
seg_005143,sample_01714,Something Dirty - Ergo Phizmiz,FAKE,1,Pop,producer,test,5143
seg_005144,sample_01715,Spanish BEEEYYAAACHHH - Malaventura,FAKE,1,Pop,producer,train,5144
seg_005145,sample_01715,Spanish BEEEYYAAACHHH - Malaventura,FAKE,1,Pop,producer,train,5145
seg_005146,sample_01715,Spanish BEEEYYAAACHHH - Malaventura,FAKE,1,Pop,producer,train,5146
seg_005147,sample_01716,Stockholm Syndrome / People Should Be More Aware - Bird Names,FAKE,1,Pop,producer,val,5147
seg_005148,sample_01716,Stockholm Syndrome / People Should Be More Aware - Bird Names,FAKE,1,Pop,producer,val,5148
seg_005149,sample_01716,Stockholm Syndrome / People Should Be More Aware - Bird Names,FAKE,1,Pop,producer,val,5149
seg_005150,sample_01717,The Cave of Time - Monroeville Music Center,FAKE,1,Pop,producer,train,5150
seg_005151,sample_01717,The Cave of Time - Monroeville Music Center,FAKE,1,Pop,producer,train,5151
seg_005152,sample_01717,The Cave of Time - Monroeville Music Center,FAKE,1,Pop,producer,train,5152
seg_005153,sample_01718,The Coldest Winter - Caleb Lemond,FAKE,1,Pop,producer,train,5153
seg_005154,sample_01718,The Coldest Winter - Caleb Lemond,FAKE,1,Pop,producer,train,5154
seg_005155,sample_01718,The Coldest Winter - Caleb Lemond,FAKE,1,Pop,producer,train,5155
seg_005156,sample_01719,The Dream and the Dreamer - Caleb Lemond,FAKE,1,Pop,producer,train,5156
seg_005157,sample_01719,The Dream and the Dreamer - Caleb Lemond,FAKE,1,Pop,producer,train,5157
seg_005158,sample_01719,The Dream and the Dreamer - Caleb Lemond,FAKE,1,Pop,producer,train,5158
seg_005159,sample_01720,The plot - Malaventura,FAKE,1,Pop,producer,train,5159
seg_005160,sample_01720,The plot - Malaventura,FAKE,1,Pop,producer,train,5160
seg_005161,sample_01720,The plot - Malaventura,FAKE,1,Pop,producer,train,5161
seg_005162,sample_01721,The Race Forever - Monroeville Music Center,FAKE,1,Pop,producer,train,5162
seg_005163,sample_01721,The Race Forever - Monroeville Music Center,FAKE,1,Pop,producer,train,5163
seg_005164,sample_01721,The Race Forever - Monroeville Music Center,FAKE,1,Pop,producer,train,5164
seg_005165,sample_01722,The Reality Machine - Monroeville Music Center,FAKE,1,Pop,producer,train,5165
seg_005166,sample_01722,The Reality Machine - Monroeville Music Center,FAKE,1,Pop,producer,train,5166
seg_005167,sample_01722,The Reality Machine - Monroeville Music Center,FAKE,1,Pop,producer,train,5167
seg_005168,sample_01723,Time Is Love - Silence is full of birds,FAKE,1,Pop,producer,val,5168
seg_005169,sample_01723,Time Is Love - Silence is full of birds,FAKE,1,Pop,producer,val,5169
seg_005170,sample_01723,Time Is Love - Silence is full of birds,FAKE,1,Pop,producer,val,5170
seg_005171,sample_01724,Troubles I've seen - Malaventura,FAKE,1,Pop,producer,test,5171
seg_005172,sample_01724,Troubles I've seen - Malaventura,FAKE,1,Pop,producer,test,5172
seg_005173,sample_01724,Troubles I've seen - Malaventura,FAKE,1,Pop,producer,test,5173
seg_005174,sample_01725,We Are Canucks - David Blair,FAKE,1,Pop,producer,train,5174
seg_005175,sample_01725,We Are Canucks - David Blair,FAKE,1,Pop,producer,train,5175
seg_005176,sample_01725,We Are Canucks - David Blair,FAKE,1,Pop,producer,train,5176
seg_005177,sample_01726,Yoko live at FoEG - Emma Acs,FAKE,1,Pop,producer,train,5177
seg_005178,sample_01726,Yoko live at FoEG - Emma Acs,FAKE,1,Pop,producer,train,5178
seg_005179,sample_01726,Yoko live at FoEG - Emma Acs,FAKE,1,Pop,producer,train,5179
seg_005180,sample_01727,You Are A Monster - Monroeville Music Center,FAKE,1,Pop,producer,train,5180
seg_005181,sample_01727,You Are A Monster - Monroeville Music Center,FAKE,1,Pop,producer,train,5181
seg_005182,sample_01727,You Are A Monster - Monroeville Music Center,FAKE,1,Pop,producer,train,5182
seg_005183,sample_01728,zero rhythm dollar boy - Katapulto,FAKE,1,Pop,producer,train,5183
seg_005184,sample_01728,zero rhythm dollar boy - Katapulto,FAKE,1,Pop,producer,train,5184
seg_005185,sample_01728,zero rhythm dollar boy - Katapulto,FAKE,1,Pop,producer,train,5185
seg_005186,sample_01729,1984 - Punk Rock Opera,FAKE,1,Rock,producer,train,5186
seg_005187,sample_01729,1984 - Punk Rock Opera,FAKE,1,Rock,producer,train,5187
seg_005188,sample_01730,2 (Wasn't There) - Isle of Pine,FAKE,1,Rock,producer,val,5188
seg_005189,sample_01730,2 (Wasn't There) - Isle of Pine,FAKE,1,Rock,producer,val,5189
seg_005190,sample_01730,2 (Wasn't There) - Isle of Pine,FAKE,1,Rock,producer,val,5190
seg_005191,sample_01731,Attention - Pete Prodoehl,FAKE,1,Rock,producer,test,5191
seg_005192,sample_01731,Attention - Pete Prodoehl,FAKE,1,Rock,producer,test,5192
seg_005193,sample_01731,Attention - Pete Prodoehl,FAKE,1,Rock,producer,test,5193
seg_005194,sample_01732,Colossal Stillness - Scott Holmes,FAKE,1,Rock,producer,train,5194
seg_005195,sample_01732,Colossal Stillness - Scott Holmes,FAKE,1,Rock,producer,train,5195
seg_005196,sample_01732,Colossal Stillness - Scott Holmes,FAKE,1,Rock,producer,train,5196
seg_005197,sample_01733,Crossing - Los Llamarada,FAKE,1,Rock,producer,train,5197
seg_005198,sample_01733,Crossing - Los Llamarada,FAKE,1,Rock,producer,train,5198
seg_005199,sample_01733,Crossing - Los Llamarada,FAKE,1,Rock,producer,train,5199
seg_005200,sample_01734,Digital Lightning - Cloudkicker,FAKE,1,Rock,producer,train,5200
seg_005201,sample_01734,Digital Lightning - Cloudkicker,FAKE,1,Rock,producer,train,5201
seg_005202,sample_01734,Digital Lightning - Cloudkicker,FAKE,1,Rock,producer,train,5202
seg_005203,sample_01735,Empty Pockets - Pete Prodoehl,FAKE,1,Rock,producer,val,5203
seg_005204,sample_01735,Empty Pockets - Pete Prodoehl,FAKE,1,Rock,producer,val,5204
seg_005205,sample_01735,Empty Pockets - Pete Prodoehl,FAKE,1,Rock,producer,val,5205
seg_005206,sample_01736,Forest Silence - Serpentarivm,FAKE,1,Rock,producer,train,5206
seg_005207,sample_01736,Forest Silence - Serpentarivm,FAKE,1,Rock,producer,train,5207
seg_005208,sample_01736,Forest Silence - Serpentarivm,FAKE,1,Rock,producer,train,5208
seg_005209,sample_01737,Formic Acid for Blood - Punk Rock Opera,FAKE,1,Rock,producer,train,5209
seg_005210,sample_01737,Formic Acid for Blood - Punk Rock Opera,FAKE,1,Rock,producer,train,5210
seg_005211,sample_01737,Formic Acid for Blood - Punk Rock Opera,FAKE,1,Rock,producer,train,5211
seg_005212,sample_01738,Gila Monster Flop/Music History Lesson:The Sonics - The Crypts!,FAKE,1,Rock,producer,val,5212
seg_005213,sample_01738,Gila Monster Flop/Music History Lesson:The Sonics - The Crypts!,FAKE,1,Rock,producer,val,5213
seg_005214,sample_01738,Gila Monster Flop/Music History Lesson:The Sonics - The Crypts!,FAKE,1,Rock,producer,val,5214
seg_005215,sample_01739,"Head of Ancante, Talking Tree - Ak'chamel, The Giver of Illness",FAKE,1,Rock,producer,test,5215
seg_005216,sample_01739,"Head of Ancante, Talking Tree - Ak'chamel, The Giver of Illness",FAKE,1,Rock,producer,test,5216
seg_005217,sample_01739,"Head of Ancante, Talking Tree - Ak'chamel, The Giver of Illness",FAKE,1,Rock,producer,test,5217
seg_005218,sample_01740,I Dream So Vividly - Uninhabitable Mansions,FAKE,1,Rock,producer,train,5218
seg_005219,sample_01740,I Dream So Vividly - Uninhabitable Mansions,FAKE,1,Rock,producer,train,5219
seg_005220,sample_01740,I Dream So Vividly - Uninhabitable Mansions,FAKE,1,Rock,producer,train,5220
seg_005221,sample_01741,I Fell - Mod Fun,FAKE,1,Rock,producer,val,5221
seg_005222,sample_01741,I Fell - Mod Fun,FAKE,1,Rock,producer,val,5222
seg_005223,sample_01741,I Fell - Mod Fun,FAKE,1,Rock,producer,val,5223
seg_005224,sample_01742,Infinite Light - Pipe Choir,FAKE,1,Rock,producer,train,5224
seg_005225,sample_01742,Infinite Light - Pipe Choir,FAKE,1,Rock,producer,train,5225
seg_005226,sample_01742,Infinite Light - Pipe Choir,FAKE,1,Rock,producer,train,5226
seg_005227,sample_01743,I - Inflammator,FAKE,1,Rock,producer,test,5227
seg_005228,sample_01743,I - Inflammator,FAKE,1,Rock,producer,test,5228
seg_005229,sample_01743,I - Inflammator,FAKE,1,Rock,producer,test,5229
seg_005230,sample_01744,Johnny I Lie - The Moi Non Plus,FAKE,1,Rock,producer,train,5230
seg_005231,sample_01744,Johnny I Lie - The Moi Non Plus,FAKE,1,Rock,producer,train,5231
seg_005232,sample_01744,Johnny I Lie - The Moi Non Plus,FAKE,1,Rock,producer,train,5232
seg_005233,sample_01745,KOMFORT - voyageurs,FAKE,1,Rock,producer,train,5233
seg_005234,sample_01745,KOMFORT - voyageurs,FAKE,1,Rock,producer,train,5234
seg_005235,sample_01745,KOMFORT - voyageurs,FAKE,1,Rock,producer,train,5235
seg_005236,sample_01746,LIQUID SKULLS - voyageurs,FAKE,1,Rock,producer,test,5236
seg_005237,sample_01746,LIQUID SKULLS - voyageurs,FAKE,1,Rock,producer,test,5237
seg_005238,sample_01746,LIQUID SKULLS - voyageurs,FAKE,1,Rock,producer,test,5238
seg_005239,sample_01747,Lost Paradise - Autumn Interlude,FAKE,1,Rock,producer,train,5239
seg_005240,sample_01747,Lost Paradise - Autumn Interlude,FAKE,1,Rock,producer,train,5240
seg_005241,sample_01747,Lost Paradise - Autumn Interlude,FAKE,1,Rock,producer,train,5241
seg_005242,sample_01748,Love Dream - The Zombie Dandies,FAKE,1,Rock,producer,test,5242
seg_005243,sample_01748,Love Dream - The Zombie Dandies,FAKE,1,Rock,producer,test,5243
seg_005244,sample_01748,Love Dream - The Zombie Dandies,FAKE,1,Rock,producer,test,5244
seg_005245,sample_01749,March of the GPA Mechanics - [t]ghost,FAKE,1,Rock,producer,val,5245
seg_005246,sample_01749,March of the GPA Mechanics - [t]ghost,FAKE,1,Rock,producer,val,5246
seg_005247,sample_01749,March of the GPA Mechanics - [t]ghost,FAKE,1,Rock,producer,val,5247
seg_005248,sample_01750,Mettle - Pipe Choir,FAKE,1,Rock,producer,train,5248
seg_005249,sample_01750,Mettle - Pipe Choir,FAKE,1,Rock,producer,train,5249
seg_005250,sample_01750,Mettle - Pipe Choir,FAKE,1,Rock,producer,train,5250
seg_005251,sample_01751,Millitary Industrial Complex - Punk Rock Opera,FAKE,1,Rock,producer,train,5251
seg_005252,sample_01751,Millitary Industrial Complex - Punk Rock Opera,FAKE,1,Rock,producer,train,5252
seg_005253,sample_01752,Mountain Mist - Modey Lemon,FAKE,1,Rock,producer,train,5253
seg_005254,sample_01752,Mountain Mist - Modey Lemon,FAKE,1,Rock,producer,train,5254
seg_005255,sample_01752,Mountain Mist - Modey Lemon,FAKE,1,Rock,producer,train,5255
seg_005256,sample_01753,I - Nocturnal Mayhem,FAKE,1,Rock,producer,train,5256
seg_005257,sample_01753,I - Nocturnal Mayhem,FAKE,1,Rock,producer,train,5257
seg_005258,sample_01753,I - Nocturnal Mayhem,FAKE,1,Rock,producer,train,5258
seg_005259,sample_01754,Nose - DUSTdevils,FAKE,1,Rock,producer,train,5259
seg_005260,sample_01754,Nose - DUSTdevils,FAKE,1,Rock,producer,train,5260
seg_005261,sample_01754,Nose - DUSTdevils,FAKE,1,Rock,producer,train,5261
seg_005262,sample_01755,One Eyed Ghost/This is gonna be a rough show - The Crypts!,FAKE,1,Rock,producer,train,5262
seg_005263,sample_01755,One Eyed Ghost/This is gonna be a rough show - The Crypts!,FAKE,1,Rock,producer,train,5263
seg_005264,sample_01755,One Eyed Ghost/This is gonna be a rough show - The Crypts!,FAKE,1,Rock,producer,train,5264
seg_005265,sample_01756,Roach-Man - Punk Rock Opera,FAKE,1,Rock,producer,train,5265
seg_005266,sample_01756,Roach-Man - Punk Rock Opera,FAKE,1,Rock,producer,train,5266
seg_005267,sample_01756,Roach-Man - Punk Rock Opera,FAKE,1,Rock,producer,train,5267
seg_005268,sample_01757,Robocall - Legally Blind,FAKE,1,Rock,producer,train,5268
seg_005269,sample_01757,Robocall - Legally Blind,FAKE,1,Rock,producer,train,5269
seg_005270,sample_01757,Robocall - Legally Blind,FAKE,1,Rock,producer,train,5270
seg_005271,sample_01758,Roland Garros 2048 - Zoliborz,FAKE,1,Rock,producer,train,5271
seg_005272,sample_01758,Roland Garros 2048 - Zoliborz,FAKE,1,Rock,producer,train,5272
seg_005273,sample_01758,Roland Garros 2048 - Zoliborz,FAKE,1,Rock,producer,train,5273
seg_005274,sample_01759,Scramby Eggs - Andy G. Cohen,FAKE,1,Rock,producer,val,5274
seg_005275,sample_01759,Scramby Eggs - Andy G. Cohen,FAKE,1,Rock,producer,val,5275
seg_005276,sample_01759,Scramby Eggs - Andy G. Cohen,FAKE,1,Rock,producer,val,5276
seg_005277,sample_01760,Sea Monster - The Crypts!,FAKE,1,Rock,producer,train,5277
seg_005278,sample_01760,Sea Monster - The Crypts!,FAKE,1,Rock,producer,train,5278
seg_005279,sample_01760,Sea Monster - The Crypts!,FAKE,1,Rock,producer,train,5279
seg_005280,sample_01761,Sfogare Il Dissenso - Deiezione HC,FAKE,1,Rock,producer,test,5280
seg_005281,sample_01761,Sfogare Il Dissenso - Deiezione HC,FAKE,1,Rock,producer,test,5281
seg_005282,sample_01761,Sfogare Il Dissenso - Deiezione HC,FAKE,1,Rock,producer,test,5282
seg_005283,sample_01762,Snakefirewalking - Los Llamarada,FAKE,1,Rock,producer,train,5283
seg_005284,sample_01762,Snakefirewalking - Los Llamarada,FAKE,1,Rock,producer,train,5284
seg_005285,sample_01762,Snakefirewalking - Los Llamarada,FAKE,1,Rock,producer,train,5285
seg_005286,sample_01763,Soul of the Demon - Zombie Raiders,FAKE,1,Rock,producer,train,5286
seg_005287,sample_01763,Soul of the Demon - Zombie Raiders,FAKE,1,Rock,producer,train,5287
seg_005288,sample_01763,Soul of the Demon - Zombie Raiders,FAKE,1,Rock,producer,train,5288
seg_005289,sample_01764,Stranger - Frigg A Go Go (F.A.G.G.),FAKE,1,Rock,producer,train,5289
seg_005290,sample_01764,Stranger - Frigg A Go Go (F.A.G.G.),FAKE,1,Rock,producer,train,5290
seg_005291,sample_01764,Stranger - Frigg A Go Go (F.A.G.G.),FAKE,1,Rock,producer,train,5291
seg_005292,sample_01765,Stuttgart - Portrayal,FAKE,1,Rock,producer,test,5292
seg_005293,sample_01765,Stuttgart - Portrayal,FAKE,1,Rock,producer,test,5293
seg_005294,sample_01765,Stuttgart - Portrayal,FAKE,1,Rock,producer,test,5294
seg_005295,sample_01766,Terve Teille - Чокнутый Пропеллер,FAKE,1,Rock,producer,test,5295
seg_005296,sample_01766,Terve Teille - Чокнутый Пропеллер,FAKE,1,Rock,producer,test,5296
seg_005297,sample_01766,Terve Teille - Чокнутый Пропеллер,FAKE,1,Rock,producer,test,5297
seg_005298,sample_01767,The Contract - The IMG,FAKE,1,Rock,producer,train,5298
seg_005299,sample_01767,The Contract - The IMG,FAKE,1,Rock,producer,train,5299
seg_005300,sample_01767,The Contract - The IMG,FAKE,1,Rock,producer,train,5300
seg_005301,sample_01768,The girl just faded - Los Llamarada,FAKE,1,Rock,producer,val,5301
seg_005302,sample_01768,The girl just faded - Los Llamarada,FAKE,1,Rock,producer,val,5302
seg_005303,sample_01768,The girl just faded - Los Llamarada,FAKE,1,Rock,producer,val,5303
seg_005304,sample_01769,Track 04 - Lightning Bolt,FAKE,1,Rock,producer,train,5304
seg_005305,sample_01769,Track 04 - Lightning Bolt,FAKE,1,Rock,producer,train,5305
seg_005306,sample_01769,Track 04 - Lightning Bolt,FAKE,1,Rock,producer,train,5306
seg_005307,sample_01770,Transmit - Lamprey,FAKE,1,Rock,producer,train,5307
seg_005308,sample_01770,Transmit - Lamprey,FAKE,1,Rock,producer,train,5308
seg_005309,sample_01770,Transmit - Lamprey,FAKE,1,Rock,producer,train,5309
seg_005310,sample_01771,Voxel - Andy G. Cohen,FAKE,1,Rock,producer,val,5310
seg_005311,sample_01771,Voxel - Andy G. Cohen,FAKE,1,Rock,producer,val,5311
seg_005312,sample_01771,Voxel - Andy G. Cohen,FAKE,1,Rock,producer,val,5312
seg_005313,sample_01772,We Move in Waves - Modey Lemon,FAKE,1,Rock,producer,train,5313
seg_005314,sample_01772,We Move in Waves - Modey Lemon,FAKE,1,Rock,producer,train,5314
seg_005315,sample_01772,We Move in Waves - Modey Lemon,FAKE,1,Rock,producer,train,5315
seg_005316,sample_01773,Where Is Everything - The Moi Non Plus,FAKE,1,Rock,producer,test,5316
seg_005317,sample_01773,Where Is Everything - The Moi Non Plus,FAKE,1,Rock,producer,test,5317
seg_005318,sample_01773,Where Is Everything - The Moi Non Plus,FAKE,1,Rock,producer,test,5318
seg_005319,sample_01774,Who Loves You Dear - Mink Lungs,FAKE,1,Rock,producer,test,5319
seg_005320,sample_01774,Who Loves You Dear - Mink Lungs,FAKE,1,Rock,producer,test,5320
seg_005321,sample_01774,Who Loves You Dear - Mink Lungs,FAKE,1,Rock,producer,test,5321
seg_005322,sample_01775,Windows of the Skull - Sarin,FAKE,1,Rock,producer,val,5322
seg_005323,sample_01775,Windows of the Skull - Sarin,FAKE,1,Rock,producer,val,5323
seg_005324,sample_01775,Windows of the Skull - Sarin,FAKE,1,Rock,producer,val,5324
seg_005325,sample_01776,Wir Werden Gott - Japanische Kampfhorspiele,FAKE,1,Rock,producer,train,5325
seg_005326,sample_01776,Wir Werden Gott - Japanische Kampfhorspiele,FAKE,1,Rock,producer,train,5326
seg_005327,sample_01776,Wir Werden Gott - Japanische Kampfhorspiele,FAKE,1,Rock,producer,train,5327
seg_005328,sample_01777,Ynkelig - Die Morgendammerung Des Valhalla,FAKE,1,Rock,producer,train,5328
seg_005329,sample_01777,Ynkelig - Die Morgendammerung Des Valhalla,FAKE,1,Rock,producer,train,5329
seg_005330,sample_01777,Ynkelig - Die Morgendammerung Des Valhalla,FAKE,1,Rock,producer,train,5330
seg_005331,sample_01778,Новый Нью-Йорк 2 - Чокнутый Пропеллер,FAKE,1,Rock,producer,val,5331
seg_005332,sample_01778,Новый Нью-Йорк 2 - Чокнутый Пропеллер,FAKE,1,Rock,producer,val,5332
seg_005333,sample_01778,Новый Нью-Йорк 2 - Чокнутый Пропеллер,FAKE,1,Rock,producer,val,5333
seg_005334,sample_01779,"10,000 People Chanting, ""I'm an Individual"" - Nihilore",FAKE,1,Electronic,songgen,train,5334
seg_005335,sample_01779,"10,000 People Chanting, ""I'm an Individual"" - Nihilore",FAKE,1,Electronic,songgen,train,5335
seg_005336,sample_01780,2Much (Andy Spinelli & Alex Sánchez House Edit) - Tentacles,FAKE,1,Electronic,songgen,test,5336
seg_005337,sample_01780,2Much (Andy Spinelli & Alex Sánchez House Edit) - Tentacles,FAKE,1,Electronic,songgen,test,5337
seg_005338,sample_01781,3 am West End - statusq,FAKE,1,Electronic,songgen,test,5338
seg_005339,sample_01781,3 am West End - statusq,FAKE,1,Electronic,songgen,test,5339
seg_005340,sample_01782,Acoustic Unleashed - Remain,FAKE,1,Electronic,songgen,train,5340
seg_005341,sample_01782,Acoustic Unleashed - Remain,FAKE,1,Electronic,songgen,train,5341
seg_005342,sample_01783,Ad Astra - P C III,FAKE,1,Electronic,songgen,train,5342
seg_005343,sample_01783,Ad Astra - P C III,FAKE,1,Electronic,songgen,train,5343
seg_005344,sample_01784,All of Us - Eric Skiff,FAKE,1,Electronic,songgen,train,5344
seg_005345,sample_01784,All of Us - Eric Skiff,FAKE,1,Electronic,songgen,train,5345
seg_005346,sample_01785,Ancient Whispers I - P C III,FAKE,1,Electronic,songgen,train,5346
seg_005347,sample_01785,Ancient Whispers I - P C III,FAKE,1,Electronic,songgen,train,5347
seg_005348,sample_01786,And Over The Rainbows - milky-chu,FAKE,1,Electronic,songgen,train,5348
seg_005349,sample_01786,And Over The Rainbows - milky-chu,FAKE,1,Electronic,songgen,train,5349
seg_005350,sample_01787,"Aquamarine, My Distant Blue - Nihilore",FAKE,1,Electronic,songgen,train,5350
seg_005351,sample_01787,"Aquamarine, My Distant Blue - Nihilore",FAKE,1,Electronic,songgen,train,5351
seg_005352,sample_01788,Artificial anxiety - Michett,FAKE,1,Electronic,songgen,train,5352
seg_005353,sample_01788,Artificial anxiety - Michett,FAKE,1,Electronic,songgen,train,5353
seg_005354,sample_01789,As Nihilism Gives Way To Existentialism - Nihilore,FAKE,1,Electronic,songgen,train,5354
seg_005355,sample_01789,As Nihilism Gives Way To Existentialism - Nihilore,FAKE,1,Electronic,songgen,train,5355
seg_005356,sample_01790,Authenticity - Nihilore,FAKE,1,Electronic,songgen,train,5356
seg_005357,sample_01790,Authenticity - Nihilore,FAKE,1,Electronic,songgen,train,5357
seg_005358,sample_01791,Autobahn - S-B-J,FAKE,1,Electronic,songgen,train,5358
seg_005359,sample_01791,Autobahn - S-B-J,FAKE,1,Electronic,songgen,train,5359
seg_005360,sample_01792,A Different World By Night - Nihilore,FAKE,1,Electronic,songgen,train,5360
seg_005361,sample_01792,A Different World By Night - Nihilore,FAKE,1,Electronic,songgen,train,5361
seg_005362,sample_01793,Bizzy - The Tleilaxu Music Machine,FAKE,1,Electronic,songgen,test,5362
seg_005363,sample_01793,Bizzy - The Tleilaxu Music Machine,FAKE,1,Electronic,songgen,test,5363
seg_005364,sample_01794,Clay Heart - Nihilore,FAKE,1,Electronic,songgen,train,5364
seg_005365,sample_01794,Clay Heart - Nihilore,FAKE,1,Electronic,songgen,train,5365
seg_005366,sample_01795,Cloudy - Subway Sonicbeat,FAKE,1,Electronic,songgen,train,5366
seg_005367,sample_01795,Cloudy - Subway Sonicbeat,FAKE,1,Electronic,songgen,train,5367
seg_005368,sample_01796,Cold Chains - Rolemusic,FAKE,1,Electronic,songgen,train,5368
seg_005369,sample_01796,Cold Chains - Rolemusic,FAKE,1,Electronic,songgen,train,5369
seg_005370,sample_01797,Coliidae - K.D. Expression,FAKE,1,Electronic,songgen,train,5370
seg_005371,sample_01797,Coliidae - K.D. Expression,FAKE,1,Electronic,songgen,train,5371
seg_005372,sample_01798,CopperNickle - UncleBibby,FAKE,1,Electronic,songgen,val,5372
seg_005373,sample_01798,CopperNickle - UncleBibby,FAKE,1,Electronic,songgen,val,5373
seg_005374,sample_01799,Dance Harder - Three Chain Links,FAKE,1,Electronic,songgen,test,5374
seg_005375,sample_01799,Dance Harder - Three Chain Links,FAKE,1,Electronic,songgen,test,5375
seg_005376,sample_01800,Dance of the Martians (SynthStep Edit) - Maxim Kornyshev,FAKE,1,Electronic,songgen,train,5376
seg_005377,sample_01800,Dance of the Martians (SynthStep Edit) - Maxim Kornyshev,FAKE,1,Electronic,songgen,train,5377
seg_005378,sample_01801,Daylight Savings - My brother Daniel,FAKE,1,Electronic,songgen,val,5378
seg_005379,sample_01801,Daylight Savings - My brother Daniel,FAKE,1,Electronic,songgen,val,5379
seg_005380,sample_01802,Dreams - ENDRUDARK,FAKE,1,Electronic,songgen,train,5380
seg_005381,sample_01802,Dreams - ENDRUDARK,FAKE,1,Electronic,songgen,train,5381
seg_005382,sample_01803,Dr Deimos-Scribble - Mizuki's Last Chance/Dr Deimos,FAKE,1,Electronic,songgen,train,5382
seg_005383,sample_01803,Dr Deimos-Scribble - Mizuki's Last Chance/Dr Deimos,FAKE,1,Electronic,songgen,train,5383
seg_005384,sample_01804,Edge - Mystery Mammal,FAKE,1,Electronic,songgen,train,5384
seg_005385,sample_01804,Edge - Mystery Mammal,FAKE,1,Electronic,songgen,train,5385
seg_005386,sample_01805,Empower Thee - vargero,FAKE,1,Electronic,songgen,train,5386
seg_005387,sample_01805,Empower Thee - vargero,FAKE,1,Electronic,songgen,train,5387
seg_005388,sample_01806,Endless - The Birth and Death of Silence,FAKE,1,Electronic,songgen,train,5388
seg_005389,sample_01806,Endless - The Birth and Death of Silence,FAKE,1,Electronic,songgen,train,5389
seg_005390,sample_01807,End of the Line - H-LR,FAKE,1,Electronic,songgen,train,5390
seg_005391,sample_01807,End of the Line - H-LR,FAKE,1,Electronic,songgen,train,5391
seg_005392,sample_01808,End titles - Itsensäsyöjät,FAKE,1,Electronic,songgen,test,5392
seg_005393,sample_01808,End titles - Itsensäsyöjät,FAKE,1,Electronic,songgen,test,5393
seg_005394,sample_01809,Enthalpy - Rolemusic,FAKE,1,Electronic,songgen,train,5394
seg_005395,sample_01809,Enthalpy - Rolemusic,FAKE,1,Electronic,songgen,train,5395
seg_005396,sample_01810,Fifth Ramble - From the album Keith [RSVP007] - My brother Daniel,FAKE,1,Electronic,songgen,val,5396
seg_005397,sample_01810,Fifth Ramble - From the album Keith [RSVP007] - My brother Daniel,FAKE,1,Electronic,songgen,val,5397
seg_005398,sample_01811,Flashback - Seclorance,FAKE,1,Electronic,songgen,train,5398
seg_005399,sample_01811,Flashback - Seclorance,FAKE,1,Electronic,songgen,train,5399
seg_005400,sample_01812,Fleslit - Fleslit,FAKE,1,Electronic,songgen,train,5400
seg_005401,sample_01812,Fleslit - Fleslit,FAKE,1,Electronic,songgen,train,5401
seg_005402,sample_01813,Fly 2 - Andre Jetson,FAKE,1,Electronic,songgen,train,5402
seg_005403,sample_01813,Fly 2 - Andre Jetson,FAKE,1,Electronic,songgen,train,5403
seg_005404,sample_01814,Four and a Half Tatami - Nihilore,FAKE,1,Electronic,songgen,train,5404
seg_005405,sample_01814,Four and a Half Tatami - Nihilore,FAKE,1,Electronic,songgen,train,5405
seg_005406,sample_01815,Fuckaboing - RoccoW,FAKE,1,Electronic,songgen,test,5406
seg_005407,sample_01815,Fuckaboing - RoccoW,FAKE,1,Electronic,songgen,test,5407
seg_005408,sample_01816,"Go On, Then - Jim Rooster",FAKE,1,Electronic,songgen,train,5408
seg_005409,sample_01816,"Go On, Then - Jim Rooster",FAKE,1,Electronic,songgen,train,5409
seg_005410,sample_01817,Hammer and a Nail - Vienna Ditto,FAKE,1,Electronic,songgen,train,5410
seg_005411,sample_01817,Hammer and a Nail - Vienna Ditto,FAKE,1,Electronic,songgen,train,5411
seg_005412,sample_01818,If You're Ther - Nicola Ratti,FAKE,1,Electronic,songgen,val,5412
seg_005413,sample_01818,If You're Ther - Nicola Ratti,FAKE,1,Electronic,songgen,val,5413
seg_005414,sample_01819,Improvisation - Broken Chord,FAKE,1,Electronic,songgen,train,5414
seg_005415,sample_01819,Improvisation - Broken Chord,FAKE,1,Electronic,songgen,train,5415
seg_005416,sample_01820,Introduction beats - Itsensäsyöjät,FAKE,1,Electronic,songgen,train,5416
seg_005417,sample_01820,Introduction beats - Itsensäsyöjät,FAKE,1,Electronic,songgen,train,5417
seg_005418,sample_01821,It Can't Be Bargained With - Three Chain Links,FAKE,1,Electronic,songgen,train,5418
seg_005419,sample_01821,It Can't Be Bargained With - Three Chain Links,FAKE,1,Electronic,songgen,train,5419
seg_005420,sample_01822,I Know His Blood - Vienna Ditto,FAKE,1,Electronic,songgen,train,5420
seg_005421,sample_01822,I Know His Blood - Vienna Ditto,FAKE,1,Electronic,songgen,train,5421
seg_005422,sample_01823,Jangus (inspired by ToeJam and Earl) - UncleBibby,FAKE,1,Electronic,songgen,train,5422
seg_005423,sample_01823,Jangus (inspired by ToeJam and Earl) - UncleBibby,FAKE,1,Electronic,songgen,train,5423
seg_005424,sample_01824,Key trick - Krisa,FAKE,1,Electronic,songgen,train,5424
seg_005425,sample_01824,Key trick - Krisa,FAKE,1,Electronic,songgen,train,5425
seg_005426,sample_01825,Killing Bosses - Gumbel,FAKE,1,Electronic,songgen,train,5426
seg_005427,sample_01825,Killing Bosses - Gumbel,FAKE,1,Electronic,songgen,train,5427
seg_005428,sample_01826,Kumorizoranohajimarutokoro - Hosomi,FAKE,1,Electronic,songgen,val,5428
seg_005429,sample_01826,Kumorizoranohajimarutokoro - Hosomi,FAKE,1,Electronic,songgen,val,5429
seg_005430,sample_01827,Laika - NGC 1365,FAKE,1,Electronic,songgen,train,5430
seg_005431,sample_01827,Laika - NGC 1365,FAKE,1,Electronic,songgen,train,5431
seg_005432,sample_01828,La Nina Blanca - Vienna Ditto,FAKE,1,Electronic,songgen,train,5432
seg_005433,sample_01828,La Nina Blanca - Vienna Ditto,FAKE,1,Electronic,songgen,train,5433
seg_005434,sample_01829,Let's Start Out Slow - RoccoW,FAKE,1,Electronic,songgen,test,5434
seg_005435,sample_01829,Let's Start Out Slow - RoccoW,FAKE,1,Electronic,songgen,test,5435
seg_005436,sample_01830,Let You're Body Move - D SMILEZ,FAKE,1,Electronic,songgen,test,5436
seg_005437,sample_01830,Let You're Body Move - D SMILEZ,FAKE,1,Electronic,songgen,test,5437
seg_005438,sample_01831,Liar Liar Quietly - Vienna Ditto,FAKE,1,Electronic,songgen,train,5438
seg_005439,sample_01831,Liar Liar Quietly - Vienna Ditto,FAKE,1,Electronic,songgen,train,5439
seg_005440,sample_01832,Liberosis - Nihilore,FAKE,1,Electronic,songgen,train,5440
seg_005441,sample_01832,Liberosis - Nihilore,FAKE,1,Electronic,songgen,train,5441
seg_005442,sample_01833,Little Fingers - Vienna Ditto,FAKE,1,Electronic,songgen,train,5442
seg_005443,sample_01833,Little Fingers - Vienna Ditto,FAKE,1,Electronic,songgen,train,5443
seg_005444,sample_01834,Lost In The Music (D-Smilez Mix) - D SMILEZ,FAKE,1,Electronic,songgen,train,5444
seg_005445,sample_01834,Lost In The Music (D-Smilez Mix) - D SMILEZ,FAKE,1,Electronic,songgen,train,5445
seg_005446,sample_01835,Loved Ones - Rowan Box,FAKE,1,Electronic,songgen,val,5446
seg_005447,sample_01835,Loved Ones - Rowan Box,FAKE,1,Electronic,songgen,val,5447
seg_005448,sample_01836,Morning Bell - Nihilore,FAKE,1,Electronic,songgen,val,5448
seg_005449,sample_01836,Morning Bell - Nihilore,FAKE,1,Electronic,songgen,val,5449
seg_005450,sample_01837,mystery team 2090 - Jesse Futerman,FAKE,1,Electronic,songgen,val,5450
seg_005451,sample_01837,mystery team 2090 - Jesse Futerman,FAKE,1,Electronic,songgen,val,5451
seg_005452,sample_01838,Night Drive - Decktonic,FAKE,1,Electronic,songgen,val,5452
seg_005453,sample_01838,Night Drive - Decktonic,FAKE,1,Electronic,songgen,val,5453
seg_005454,sample_01839,Night Owl - Broke For Free,FAKE,1,Electronic,songgen,test,5454
seg_005455,sample_01839,Night Owl - Broke For Free,FAKE,1,Electronic,songgen,test,5455
seg_005456,sample_01840,Noam Chomsky's Corporate Carbohydrate Surprise - Quelle Fromage,FAKE,1,Electronic,songgen,train,5456
seg_005457,sample_01840,Noam Chomsky's Corporate Carbohydrate Surprise - Quelle Fromage,FAKE,1,Electronic,songgen,train,5457
seg_005458,sample_01841,"November 25, 2007 - Kenneth Kirschner",FAKE,1,Electronic,songgen,train,5458
seg_005459,sample_01841,"November 25, 2007 - Kenneth Kirschner",FAKE,1,Electronic,songgen,train,5459
seg_005460,sample_01842,Nuo Maisemat - Paavoharju,FAKE,1,Electronic,songgen,val,5460
seg_005461,sample_01842,Nuo Maisemat - Paavoharju,FAKE,1,Electronic,songgen,val,5461
seg_005462,sample_01843,Ohtli - Seclorance,FAKE,1,Electronic,songgen,train,5462
seg_005463,sample_01843,Ohtli - Seclorance,FAKE,1,Electronic,songgen,train,5463
seg_005464,sample_01844,Okiirobo Navigation System - Henry Homesweet,FAKE,1,Electronic,songgen,train,5464
seg_005465,sample_01844,Okiirobo Navigation System - Henry Homesweet,FAKE,1,Electronic,songgen,train,5465
seg_005466,sample_01845,Only Instrumental - Broke For Free,FAKE,1,Electronic,songgen,train,5466
seg_005467,sample_01845,Only Instrumental - Broke For Free,FAKE,1,Electronic,songgen,train,5467
seg_005468,sample_01846,OOOTHERSIDE - Liquid Paper - Mike B. Fort,FAKE,1,Electronic,songgen,train,5468
seg_005469,sample_01846,OOOTHERSIDE - Liquid Paper - Mike B. Fort,FAKE,1,Electronic,songgen,train,5469
seg_005470,sample_01847,OOOTHERSIDE - This Time - Mike B. Fort,FAKE,1,Electronic,songgen,train,5470
seg_005471,sample_01847,OOOTHERSIDE - This Time - Mike B. Fort,FAKE,1,Electronic,songgen,train,5471
seg_005472,sample_01848,OST 04 Ship under attack - sawsquarenoise,FAKE,1,Electronic,songgen,train,5472
seg_005473,sample_01848,OST 04 Ship under attack - sawsquarenoise,FAKE,1,Electronic,songgen,train,5473
seg_005474,sample_01849,Paris - Fleslit,FAKE,1,Electronic,songgen,train,5474
seg_005475,sample_01849,Paris - Fleslit,FAKE,1,Electronic,songgen,train,5475
seg_005476,sample_01850,Pista Afuera - Epstein,FAKE,1,Electronic,songgen,test,5476
seg_005477,sample_01850,Pista Afuera - Epstein,FAKE,1,Electronic,songgen,test,5477
seg_005478,sample_01851,Ponky McFonky - My brother Daniel,FAKE,1,Electronic,songgen,train,5478
seg_005479,sample_01851,Ponky McFonky - My brother Daniel,FAKE,1,Electronic,songgen,train,5479
seg_005480,sample_01852,Promo Mix Vocal Edit (Luv Dub Mix) - Pierlo,FAKE,1,Electronic,songgen,train,5480
seg_005481,sample_01852,Promo Mix Vocal Edit (Luv Dub Mix) - Pierlo,FAKE,1,Electronic,songgen,train,5481
seg_005482,sample_01853,Realize Me - Jim Rooster,FAKE,1,Electronic,songgen,test,5482
seg_005483,sample_01853,Realize Me - Jim Rooster,FAKE,1,Electronic,songgen,test,5483
seg_005484,sample_01854,Resistentialism - Nihilore,FAKE,1,Electronic,songgen,test,5484
seg_005485,sample_01854,Resistentialism - Nihilore,FAKE,1,Electronic,songgen,test,5485
seg_005486,sample_01855,Robot Heart - Mystery Mammal,FAKE,1,Electronic,songgen,train,5486
seg_005487,sample_01855,Robot Heart - Mystery Mammal,FAKE,1,Electronic,songgen,train,5487
seg_005488,sample_01856,Rolling On - Avaren,FAKE,1,Electronic,songgen,train,5488
seg_005489,sample_01856,Rolling On - Avaren,FAKE,1,Electronic,songgen,train,5489
seg_005490,sample_01857,Running Free - Michett featuring Kalipluche,FAKE,1,Electronic,songgen,train,5490
seg_005491,sample_01857,Running Free - Michett featuring Kalipluche,FAKE,1,Electronic,songgen,train,5491
seg_005492,sample_01858,Scape from the city - Rolemusic,FAKE,1,Electronic,songgen,train,5492
seg_005493,sample_01858,Scape from the city - Rolemusic,FAKE,1,Electronic,songgen,train,5493
seg_005494,sample_01859,SD (Ill Mix) - H-LR,FAKE,1,Electronic,songgen,val,5494
seg_005495,sample_01859,SD (Ill Mix) - H-LR,FAKE,1,Electronic,songgen,val,5495
seg_005496,sample_01860,Seppuku Bot - Decktonic,FAKE,1,Electronic,songgen,train,5496
seg_005497,sample_01861,Set Fire to Creation - Nihilore,FAKE,1,Electronic,songgen,test,5497
seg_005498,sample_01861,Set Fire to Creation - Nihilore,FAKE,1,Electronic,songgen,test,5498
seg_005499,sample_01862,shmoove - epsilon not,FAKE,1,Electronic,songgen,train,5499
seg_005500,sample_01862,shmoove - epsilon not,FAKE,1,Electronic,songgen,train,5500
seg_005501,sample_01863,Slot - Neotnas,FAKE,1,Electronic,songgen,train,5501
seg_005502,sample_01863,Slot - Neotnas,FAKE,1,Electronic,songgen,train,5502
seg_005503,sample_01864,some dextromethorphan - Jeva,FAKE,1,Electronic,songgen,val,5503
seg_005504,sample_01864,some dextromethorphan - Jeva,FAKE,1,Electronic,songgen,val,5504
seg_005505,sample_01865,Straw Fields - Rolemusic,FAKE,1,Electronic,songgen,train,5505
seg_005506,sample_01865,Straw Fields - Rolemusic,FAKE,1,Electronic,songgen,train,5506
seg_005507,sample_01866,Strongbreeze - Rowan Box,FAKE,1,Electronic,songgen,train,5507
seg_005508,sample_01866,Strongbreeze - Rowan Box,FAKE,1,Electronic,songgen,train,5508
seg_005509,sample_01867,Sturgeon's Law - Nihilore,FAKE,1,Electronic,songgen,val,5509
seg_005510,sample_01867,Sturgeon's Law - Nihilore,FAKE,1,Electronic,songgen,val,5510
seg_005511,sample_01868,Support Me in This Moment That I'm About To Lose Heart - Nihilore,FAKE,1,Electronic,songgen,test,5511
seg_005512,sample_01868,Support Me in This Moment That I'm About To Lose Heart - Nihilore,FAKE,1,Electronic,songgen,test,5512
seg_005513,sample_01869,Take Your Fingers - Michael Fakesch,FAKE,1,Electronic,songgen,train,5513
seg_005514,sample_01869,Take Your Fingers - Michael Fakesch,FAKE,1,Electronic,songgen,train,5514
seg_005515,sample_01870,Tapes - Gumbel,FAKE,1,Electronic,songgen,train,5515
seg_005516,sample_01870,Tapes - Gumbel,FAKE,1,Electronic,songgen,train,5516
seg_005517,sample_01871,Tartu Tähän Hetkeen - Paavoharju,FAKE,1,Electronic,songgen,train,5517
seg_005518,sample_01871,Tartu Tähän Hetkeen - Paavoharju,FAKE,1,Electronic,songgen,train,5518
seg_005519,sample_01872,The Adventures Of Roderick Random - Maps And Diagrams,FAKE,1,Electronic,songgen,test,5519
seg_005520,sample_01872,The Adventures Of Roderick Random - Maps And Diagrams,FAKE,1,Electronic,songgen,test,5520
seg_005521,sample_01873,The Big House - Jason Shaw,FAKE,1,Electronic,songgen,train,5521
seg_005522,sample_01873,The Big House - Jason Shaw,FAKE,1,Electronic,songgen,train,5522
seg_005523,sample_01874,The Boss - Multifaros,FAKE,1,Electronic,songgen,train,5523
seg_005524,sample_01874,The Boss - Multifaros,FAKE,1,Electronic,songgen,train,5524
seg_005525,sample_01875,The Courtyard - Uncle Bibby,FAKE,1,Electronic,songgen,train,5525
seg_005526,sample_01875,The Courtyard - Uncle Bibby,FAKE,1,Electronic,songgen,train,5526
seg_005527,sample_01876,The Factory - Multifaros,FAKE,1,Electronic,songgen,train,5527
seg_005528,sample_01876,The Factory - Multifaros,FAKE,1,Electronic,songgen,train,5528
seg_005529,sample_01877,The Front Yard - HarleyLikesMusic,FAKE,1,Electronic,songgen,train,5529
seg_005530,sample_01877,The Front Yard - HarleyLikesMusic,FAKE,1,Electronic,songgen,train,5530
seg_005531,sample_01878,The Secret Garden - Barbarix,FAKE,1,Electronic,songgen,test,5531
seg_005532,sample_01878,The Secret Garden - Barbarix,FAKE,1,Electronic,songgen,test,5532
seg_005533,sample_01879,The Stairway - WarpToken,FAKE,1,Electronic,songgen,val,5533
seg_005534,sample_01879,The Stairway - WarpToken,FAKE,1,Electronic,songgen,val,5534
seg_005535,sample_01880,Three Bird - My brother Daniel,FAKE,1,Electronic,songgen,val,5535
seg_005536,sample_01880,Three Bird - My brother Daniel,FAKE,1,Electronic,songgen,val,5536
seg_005537,sample_01881,Timen Passing By - Jason Shaw,FAKE,1,Electronic,songgen,val,5537
seg_005538,sample_01881,Timen Passing By - Jason Shaw,FAKE,1,Electronic,songgen,val,5538
seg_005539,sample_01882,Time Up - ENDRUDARK,FAKE,1,Electronic,songgen,train,5539
seg_005540,sample_01882,Time Up - ENDRUDARK,FAKE,1,Electronic,songgen,train,5540
seg_005541,sample_01883,Topam - Twin Heads,FAKE,1,Electronic,songgen,train,5541
seg_005542,sample_01883,Topam - Twin Heads,FAKE,1,Electronic,songgen,train,5542
seg_005543,sample_01884,TTL - Twin Heads,FAKE,1,Electronic,songgen,train,5543
seg_005544,sample_01884,TTL - Twin Heads,FAKE,1,Electronic,songgen,train,5544
seg_005545,sample_01885,Ugh! Humans Can Join - Mystery Mammal,FAKE,1,Electronic,songgen,test,5545
seg_005546,sample_01885,Ugh! Humans Can Join - Mystery Mammal,FAKE,1,Electronic,songgen,test,5546
seg_005547,sample_01886,Ugly - Vienna Ditto,FAKE,1,Electronic,songgen,train,5547
seg_005548,sample_01886,Ugly - Vienna Ditto,FAKE,1,Electronic,songgen,train,5548
seg_005549,sample_01887,Understand That This Is A Dream - From the album Modulating Coil [RSVP008] - Forrest James,FAKE,1,Electronic,songgen,val,5549
seg_005550,sample_01887,Understand That This Is A Dream - From the album Modulating Coil [RSVP008] - Forrest James,FAKE,1,Electronic,songgen,val,5550
seg_005551,sample_01888,Unexpected Little Happenings - UltraCat,FAKE,1,Electronic,songgen,train,5551
seg_005552,sample_01888,Unexpected Little Happenings - UltraCat,FAKE,1,Electronic,songgen,train,5552
seg_005553,sample_01889,Vanishing Horizon - Jason Shaw,FAKE,1,Electronic,songgen,train,5553
seg_005554,sample_01889,Vanishing Horizon - Jason Shaw,FAKE,1,Electronic,songgen,train,5554
seg_005555,sample_01890,Westside Chillers - Little Glass Men,FAKE,1,Electronic,songgen,val,5555
seg_005556,sample_01890,Westside Chillers - Little Glass Men,FAKE,1,Electronic,songgen,val,5556
seg_005557,sample_01891,When I Was Taller - Dan Deacon,FAKE,1,Electronic,songgen,train,5557
seg_005558,sample_01891,When I Was Taller - Dan Deacon,FAKE,1,Electronic,songgen,train,5558
seg_005559,sample_01892,When Will We Ever Learn - Ontayso,FAKE,1,Electronic,songgen,train,5559
seg_005560,sample_01892,When Will We Ever Learn - Ontayso,FAKE,1,Electronic,songgen,train,5560
seg_005561,sample_01893,Yurtology - Michett,FAKE,1,Electronic,songgen,test,5561
seg_005562,sample_01893,Yurtology - Michett,FAKE,1,Electronic,songgen,test,5562
seg_005563,sample_01894,Z-Saber (feat Jake Allison) - Decktonic,FAKE,1,Electronic,songgen,train,5563
seg_005564,sample_01894,Z-Saber (feat Jake Allison) - Decktonic,FAKE,1,Electronic,songgen,train,5564
seg_005565,sample_01895,Agora - Malaventura,FAKE,1,Pop,songgen,val,5565
seg_005566,sample_01895,Agora - Malaventura,FAKE,1,Pop,songgen,val,5566
seg_005567,sample_01896,"Autopsy - Oh Yeah, the Future",FAKE,1,Pop,songgen,train,5567
seg_005568,sample_01896,"Autopsy - Oh Yeah, the Future",FAKE,1,Pop,songgen,train,5568
seg_005569,sample_01897,Breeze Funk - Malaventura,FAKE,1,Pop,songgen,train,5569
seg_005570,sample_01897,Breeze Funk - Malaventura,FAKE,1,Pop,songgen,train,5570
seg_005571,sample_01898,Busby Berkeley - Ergo Phizmiz,FAKE,1,Pop,songgen,train,5571
seg_005572,sample_01898,Busby Berkeley - Ergo Phizmiz,FAKE,1,Pop,songgen,train,5572
seg_005573,sample_01899,Celia - Ergo Phizmiz,FAKE,1,Pop,songgen,train,5573
seg_005574,sample_01899,Celia - Ergo Phizmiz,FAKE,1,Pop,songgen,train,5574
seg_005575,sample_01900,Convicted Jazz Drones - Malaventura,FAKE,1,Pop,songgen,train,5575
seg_005576,sample_01900,Convicted Jazz Drones - Malaventura,FAKE,1,Pop,songgen,train,5576
seg_005577,sample_01901,danse macabre - Katapulto,FAKE,1,Pop,songgen,train,5577
seg_005578,sample_01901,danse macabre - Katapulto,FAKE,1,Pop,songgen,train,5578
seg_005579,sample_01902,Different Day - First,FAKE,1,Pop,songgen,test,5579
seg_005580,sample_01902,Different Day - First,FAKE,1,Pop,songgen,test,5580
seg_005581,sample_01903,El Burrito - Malaventura,FAKE,1,Pop,songgen,test,5581
seg_005582,sample_01903,El Burrito - Malaventura,FAKE,1,Pop,songgen,test,5582
seg_005583,sample_01904,Evil Cannot Create - Caleb Lemond,FAKE,1,Pop,songgen,val,5583
seg_005584,sample_01904,Evil Cannot Create - Caleb Lemond,FAKE,1,Pop,songgen,val,5584
seg_005585,sample_01905,"First Glance - Oh Yeah, the Future",FAKE,1,Pop,songgen,train,5585
seg_005586,sample_01905,"First Glance - Oh Yeah, the Future",FAKE,1,Pop,songgen,train,5586
seg_005587,sample_01906,Food and War - Ergo Phizmiz,FAKE,1,Pop,songgen,train,5587
seg_005588,sample_01906,Food and War - Ergo Phizmiz,FAKE,1,Pop,songgen,train,5588
seg_005589,sample_01907,gospellioza - Katapulto,FAKE,1,Pop,songgen,train,5589
seg_005590,sample_01907,gospellioza - Katapulto,FAKE,1,Pop,songgen,train,5590
seg_005591,sample_01908,"Hungry - Oh Yeah, the Future",FAKE,1,Pop,songgen,test,5591
seg_005592,sample_01908,"Hungry - Oh Yeah, the Future",FAKE,1,Pop,songgen,test,5592
seg_005593,sample_01909,Invaders From Within - Monroeville Music Center,FAKE,1,Pop,songgen,train,5593
seg_005594,sample_01909,Invaders From Within - Monroeville Music Center,FAKE,1,Pop,songgen,train,5594
seg_005595,sample_01910,I Think From Now On - Caleb Lemond,FAKE,1,Pop,songgen,train,5595
seg_005596,sample_01910,I Think From Now On - Caleb Lemond,FAKE,1,Pop,songgen,train,5596
seg_005597,sample_01911,John the Baby - Ergo Phizmiz,FAKE,1,Pop,songgen,train,5597
seg_005598,sample_01911,John the Baby - Ergo Phizmiz,FAKE,1,Pop,songgen,train,5598
seg_005599,sample_01912,karaoke megablast - Katapulto,FAKE,1,Pop,songgen,train,5599
seg_005600,sample_01912,karaoke megablast - Katapulto,FAKE,1,Pop,songgen,train,5600
seg_005601,sample_01913,Kissing Scars - Caleb Lemond,FAKE,1,Pop,songgen,train,5601
seg_005602,sample_01913,Kissing Scars - Caleb Lemond,FAKE,1,Pop,songgen,train,5602
seg_005603,sample_01914,kolorowe wody - Katapulto,FAKE,1,Pop,songgen,train,5603
seg_005604,sample_01914,kolorowe wody - Katapulto,FAKE,1,Pop,songgen,train,5604
seg_005605,sample_01915,"Lackadaisical - Oh Yeah, the Future",FAKE,1,Pop,songgen,train,5605
seg_005606,sample_01915,"Lackadaisical - Oh Yeah, the Future",FAKE,1,Pop,songgen,train,5606
seg_005607,sample_01916,Let's the kids play - Malaventura,FAKE,1,Pop,songgen,train,5607
seg_005608,sample_01916,Let's the kids play - Malaventura,FAKE,1,Pop,songgen,train,5608
seg_005609,sample_01917,"Lovedreams - Oh Yeah, the Future",FAKE,1,Pop,songgen,train,5609
seg_005610,sample_01917,"Lovedreams - Oh Yeah, the Future",FAKE,1,Pop,songgen,train,5610
seg_005611,sample_01918,Mandrill - Ergo Phizmiz,FAKE,1,Pop,songgen,train,5611
seg_005612,sample_01918,Mandrill - Ergo Phizmiz,FAKE,1,Pop,songgen,train,5612
seg_005613,sample_01919,mc trabalenguas - Volumina,FAKE,1,Pop,songgen,train,5613
seg_005614,sample_01919,mc trabalenguas - Volumina,FAKE,1,Pop,songgen,train,5614
seg_005615,sample_01920,Monkeystage - Ergo Phizmiz,FAKE,1,Pop,songgen,train,5615
seg_005616,sample_01920,Monkeystage - Ergo Phizmiz,FAKE,1,Pop,songgen,train,5616
seg_005617,sample_01921,Motocross Mania - Monroeville Music Center,FAKE,1,Pop,songgen,test,5617
seg_005618,sample_01921,Motocross Mania - Monroeville Music Center,FAKE,1,Pop,songgen,test,5618
seg_005619,sample_01922,Music For an Underground Circu - Ergo Phizmiz,FAKE,1,Pop,songgen,test,5619
seg_005620,sample_01922,Music For an Underground Circu - Ergo Phizmiz,FAKE,1,Pop,songgen,test,5620
seg_005621,sample_01923,My Body Is A Weapon (Compromise Edit) - Silence is full of birds,FAKE,1,Pop,songgen,val,5621
seg_005622,sample_01923,My Body Is A Weapon (Compromise Edit) - Silence is full of birds,FAKE,1,Pop,songgen,val,5622
seg_005623,sample_01924,Nature Is Over / Defined - Bird Names,FAKE,1,Pop,songgen,train,5623
seg_005624,sample_01924,Nature Is Over / Defined - Bird Names,FAKE,1,Pop,songgen,train,5624
seg_005625,sample_01925,"New Brave Face - Oh Yeah, the Future",FAKE,1,Pop,songgen,train,5625
seg_005626,sample_01925,"New Brave Face - Oh Yeah, the Future",FAKE,1,Pop,songgen,train,5626
seg_005627,sample_01926,New Life (take 1) - Bird Names,FAKE,1,Pop,songgen,val,5627
seg_005628,sample_01926,New Life (take 1) - Bird Names,FAKE,1,Pop,songgen,val,5628
seg_005629,sample_01927,Norweigian Wood II - Bird Names,FAKE,1,Pop,songgen,val,5629
seg_005630,sample_01927,Norweigian Wood II - Bird Names,FAKE,1,Pop,songgen,val,5630
seg_005631,sample_01928,Nostalgia - Malaventura,FAKE,1,Pop,songgen,train,5631
seg_005632,sample_01928,Nostalgia - Malaventura,FAKE,1,Pop,songgen,train,5632
seg_005633,sample_01929,On My Mind - Ergo Phizmiz,FAKE,1,Pop,songgen,train,5633
seg_005634,sample_01929,On My Mind - Ergo Phizmiz,FAKE,1,Pop,songgen,train,5634
seg_005635,sample_01930,Outro - Caleb Lemond,FAKE,1,Pop,songgen,train,5635
seg_005636,sample_01930,Outro - Caleb Lemond,FAKE,1,Pop,songgen,train,5636
seg_005637,sample_01931,philcollins takes your hand - Katapulto,FAKE,1,Pop,songgen,train,5637
seg_005638,sample_01931,philcollins takes your hand - Katapulto,FAKE,1,Pop,songgen,train,5638
seg_005639,sample_01932,Polinesia - Malaventura,FAKE,1,Pop,songgen,train,5639
seg_005640,sample_01932,Polinesia - Malaventura,FAKE,1,Pop,songgen,train,5640
seg_005641,sample_01933,Production - Bird Names,FAKE,1,Pop,songgen,test,5641
seg_005642,sample_01933,Production - Bird Names,FAKE,1,Pop,songgen,test,5642
seg_005643,sample_01934,purity & danger - Katapulto,FAKE,1,Pop,songgen,train,5643
seg_005644,sample_01934,purity & danger - Katapulto,FAKE,1,Pop,songgen,train,5644
seg_005645,sample_01935,Roller Star - Monroeville Music Center,FAKE,1,Pop,songgen,val,5645
seg_005646,sample_01935,Roller Star - Monroeville Music Center,FAKE,1,Pop,songgen,val,5646
seg_005647,sample_01936,"Roundtrip - Oh Yeah, the Future",FAKE,1,Pop,songgen,val,5647
seg_005648,sample_01936,"Roundtrip - Oh Yeah, the Future",FAKE,1,Pop,songgen,val,5648
seg_005649,sample_01937,Shadow Government - Bird Names,FAKE,1,Pop,songgen,train,5649
seg_005650,sample_01937,Shadow Government - Bird Names,FAKE,1,Pop,songgen,train,5650
seg_005651,sample_01938,She Works / Tepid Waters - Bird Names,FAKE,1,Pop,songgen,test,5651
seg_005652,sample_01938,She Works / Tepid Waters - Bird Names,FAKE,1,Pop,songgen,test,5652
seg_005653,sample_01939,Slow and Steady - Caleb Lemond,FAKE,1,Pop,songgen,train,5653
seg_005654,sample_01939,Slow and Steady - Caleb Lemond,FAKE,1,Pop,songgen,train,5654
seg_005655,sample_01940,"Snowday - Oh Yeah, the Future",FAKE,1,Pop,songgen,train,5655
seg_005656,sample_01940,"Snowday - Oh Yeah, the Future",FAKE,1,Pop,songgen,train,5656
seg_005657,sample_01941,Soleares&beats - Malaventura,FAKE,1,Pop,songgen,val,5657
seg_005658,sample_01941,Soleares&beats - Malaventura,FAKE,1,Pop,songgen,val,5658
seg_005659,sample_01942,Something Dirty - Ergo Phizmiz,FAKE,1,Pop,songgen,test,5659
seg_005660,sample_01942,Something Dirty - Ergo Phizmiz,FAKE,1,Pop,songgen,test,5660
seg_005661,sample_01943,Space is my pace - Malaventura,FAKE,1,Pop,songgen,train,5661
seg_005662,sample_01943,Space is my pace - Malaventura,FAKE,1,Pop,songgen,train,5662
seg_005663,sample_01944,Spanish BEEEYYAAACHHH - Malaventura,FAKE,1,Pop,songgen,train,5663
seg_005664,sample_01944,Spanish BEEEYYAAACHHH - Malaventura,FAKE,1,Pop,songgen,train,5664
seg_005665,sample_01945,Stockholm Syndrome / People Should Be More Aware - Bird Names,FAKE,1,Pop,songgen,val,5665
seg_005666,sample_01945,Stockholm Syndrome / People Should Be More Aware - Bird Names,FAKE,1,Pop,songgen,val,5666
seg_005667,sample_01946,The Cave of Time - Monroeville Music Center,FAKE,1,Pop,songgen,train,5667
seg_005668,sample_01946,The Cave of Time - Monroeville Music Center,FAKE,1,Pop,songgen,train,5668
seg_005669,sample_01947,The Coldest Winter - Caleb Lemond,FAKE,1,Pop,songgen,train,5669
seg_005670,sample_01947,The Coldest Winter - Caleb Lemond,FAKE,1,Pop,songgen,train,5670
seg_005671,sample_01948,The Dream and the Dreamer - Caleb Lemond,FAKE,1,Pop,songgen,train,5671
seg_005672,sample_01948,The Dream and the Dreamer - Caleb Lemond,FAKE,1,Pop,songgen,train,5672
seg_005673,sample_01949,The plot - Malaventura,FAKE,1,Pop,songgen,train,5673
seg_005674,sample_01949,The plot - Malaventura,FAKE,1,Pop,songgen,train,5674
seg_005675,sample_01950,"The Pursuit of Unintentional Humor - Oh Yeah, the Future",FAKE,1,Pop,songgen,test,5675
seg_005676,sample_01950,"The Pursuit of Unintentional Humor - Oh Yeah, the Future",FAKE,1,Pop,songgen,test,5676
seg_005677,sample_01951,The Queen - Malaventura,FAKE,1,Pop,songgen,train,5677
seg_005678,sample_01951,The Queen - Malaventura,FAKE,1,Pop,songgen,train,5678
seg_005679,sample_01952,The Race Forever - Monroeville Music Center,FAKE,1,Pop,songgen,train,5679
seg_005680,sample_01952,The Race Forever - Monroeville Music Center,FAKE,1,Pop,songgen,train,5680
seg_005681,sample_01953,The Reality Machine - Monroeville Music Center,FAKE,1,Pop,songgen,train,5681
seg_005682,sample_01953,The Reality Machine - Monroeville Music Center,FAKE,1,Pop,songgen,train,5682
seg_005683,sample_01954,The Sandman - Ergo Phizmiz,FAKE,1,Pop,songgen,train,5683
seg_005684,sample_01954,The Sandman - Ergo Phizmiz,FAKE,1,Pop,songgen,train,5684
seg_005685,sample_01955,Time Is Love - Silence is full of birds,FAKE,1,Pop,songgen,val,5685
seg_005686,sample_01955,Time Is Love - Silence is full of birds,FAKE,1,Pop,songgen,val,5686
seg_005687,sample_01956,Troubles I've seen - Malaventura,FAKE,1,Pop,songgen,test,5687
seg_005688,sample_01956,Troubles I've seen - Malaventura,FAKE,1,Pop,songgen,test,5688
seg_005689,sample_01957,We Are Canucks - David Blair,FAKE,1,Pop,songgen,train,5689
seg_005690,sample_01957,We Are Canucks - David Blair,FAKE,1,Pop,songgen,train,5690
seg_005691,sample_01958,"With the Summer - Oh Yeah, the Future",FAKE,1,Pop,songgen,train,5691
seg_005692,sample_01958,"With the Summer - Oh Yeah, the Future",FAKE,1,Pop,songgen,train,5692
seg_005693,sample_01959,Yoko live at FoEG - Emma Acs,FAKE,1,Pop,songgen,train,5693
seg_005694,sample_01959,Yoko live at FoEG - Emma Acs,FAKE,1,Pop,songgen,train,5694
seg_005695,sample_01960,You Are A Monster - Monroeville Music Center,FAKE,1,Pop,songgen,train,5695
seg_005696,sample_01960,You Are A Monster - Monroeville Music Center,FAKE,1,Pop,songgen,train,5696
seg_005697,sample_01961,zero rhythm dollar boy - Katapulto,FAKE,1,Pop,songgen,train,5697
seg_005698,sample_01961,zero rhythm dollar boy - Katapulto,FAKE,1,Pop,songgen,train,5698
seg_005699,sample_01962,1984 - Punk Rock Opera,FAKE,1,Rock,songgen,train,5699
seg_005700,sample_01962,1984 - Punk Rock Opera,FAKE,1,Rock,songgen,train,5700
seg_005701,sample_01963,"November 25, 2007 - Kenneth Kirschner",FAKE,1,Electronic,songgen,train,5701
seg_005702,sample_01963,"November 25, 2007 - Kenneth Kirschner",FAKE,1,Electronic,songgen,train,5702
seg_005703,sample_01964,2 (Wasn't There) - Isle of Pine,FAKE,1,Rock,songgen,val,5703
seg_005704,sample_01964,2 (Wasn't There) - Isle of Pine,FAKE,1,Rock,songgen,val,5704
seg_005705,sample_01965,"50,000 Volts of Democracy mp3 - Legally Blind",FAKE,1,Rock,songgen,train,5705
seg_005706,sample_01965,"50,000 Volts of Democracy mp3 - Legally Blind",FAKE,1,Rock,songgen,train,5706
seg_005707,sample_01966,5 (Lexington) - Isle of Pine,FAKE,1,Rock,songgen,test,5707
seg_005708,sample_01966,5 (Lexington) - Isle of Pine,FAKE,1,Rock,songgen,test,5708
seg_005709,sample_01967,"6 (Coat of Arms, Close) - Isle of Pine",FAKE,1,Rock,songgen,train,5709
seg_005710,sample_01967,"6 (Coat of Arms, Close) - Isle of Pine",FAKE,1,Rock,songgen,train,5710
seg_005711,sample_01968,Apparitions Under Glass - Sarin,FAKE,1,Rock,songgen,train,5711
seg_005712,sample_01968,Apparitions Under Glass - Sarin,FAKE,1,Rock,songgen,train,5712
seg_005713,sample_01969,Attention - Pete Prodoehl,FAKE,1,Rock,songgen,test,5713
seg_005714,sample_01969,Attention - Pete Prodoehl,FAKE,1,Rock,songgen,test,5714
seg_005715,sample_01970,A Dark Blue Arc - Pipe Choir,FAKE,1,Rock,songgen,train,5715
seg_005716,sample_01970,A Dark Blue Arc - Pipe Choir,FAKE,1,Rock,songgen,train,5716
seg_005717,sample_01971,A Lady In Red With A Plan To Steal - Did You Just Hex Me?,FAKE,1,Rock,songgen,train,5717
seg_005718,sample_01971,A Lady In Red With A Plan To Steal - Did You Just Hex Me?,FAKE,1,Rock,songgen,train,5718
seg_005719,sample_01972,Bergwald Bergwald - Every Now and Every Then,FAKE,1,Rock,songgen,train,5719
seg_005720,sample_01972,Bergwald Bergwald - Every Now and Every Then,FAKE,1,Rock,songgen,train,5720
seg_005721,sample_01973,Better Run Away From Me - Miss Derringer,FAKE,1,Rock,songgen,train,5721
seg_005722,sample_01973,Better Run Away From Me - Miss Derringer,FAKE,1,Rock,songgen,train,5722
seg_005723,sample_01974,Beyond Luxury - Mors Ontologica,FAKE,1,Rock,songgen,val,5723
seg_005724,sample_01974,Beyond Luxury - Mors Ontologica,FAKE,1,Rock,songgen,val,5724
seg_005725,sample_01975,Black Panda - The Crypts!,FAKE,1,Rock,songgen,train,5725
seg_005726,sample_01975,Black Panda - The Crypts!,FAKE,1,Rock,songgen,train,5726
seg_005727,sample_01976,Breathe New Life - Scott Holmes,FAKE,1,Rock,songgen,train,5727
seg_005728,sample_01976,Breathe New Life - Scott Holmes,FAKE,1,Rock,songgen,train,5728
seg_005729,sample_01977,Burn - Room For A Ghost,FAKE,1,Rock,songgen,train,5729
seg_005730,sample_01977,Burn - Room For A Ghost,FAKE,1,Rock,songgen,train,5730
seg_005731,sample_01978,Cassie Lace - The Zombie Dandies,FAKE,1,Rock,songgen,train,5731
seg_005732,sample_01978,Cassie Lace - The Zombie Dandies,FAKE,1,Rock,songgen,train,5732
seg_005733,sample_01979,Colossal Stillness - Scott Holmes,FAKE,1,Rock,songgen,train,5733
seg_005734,sample_01979,Colossal Stillness - Scott Holmes,FAKE,1,Rock,songgen,train,5734
seg_005735,sample_01980,Crossing - Los Llamarada,FAKE,1,Rock,songgen,train,5735
seg_005736,sample_01980,Crossing - Los Llamarada,FAKE,1,Rock,songgen,train,5736
seg_005737,sample_01981,Demolition - Michett,FAKE,1,Rock,songgen,train,5737
seg_005738,sample_01981,Demolition - Michett,FAKE,1,Rock,songgen,train,5738
seg_005739,sample_01982,Digital Lightning - Cloudkicker,FAKE,1,Rock,songgen,train,5739
seg_005740,sample_01982,Digital Lightning - Cloudkicker,FAKE,1,Rock,songgen,train,5740
seg_005741,sample_01983,Don't want to be your man - Frigg A Go Go (F.A.G.G.),FAKE,1,Rock,songgen,train,5741
seg_005742,sample_01983,Don't want to be your man - Frigg A Go Go (F.A.G.G.),FAKE,1,Rock,songgen,train,5742
seg_005743,sample_01984,Dr. Bodysnatcher - Modey Lemon,FAKE,1,Rock,songgen,train,5743
seg_005744,sample_01984,Dr. Bodysnatcher - Modey Lemon,FAKE,1,Rock,songgen,train,5744
seg_005745,sample_01985,Electric Girlfriend - The Zombie Dandies,FAKE,1,Rock,songgen,train,5745
seg_005746,sample_01985,Electric Girlfriend - The Zombie Dandies,FAKE,1,Rock,songgen,train,5746
seg_005747,sample_01986,Empty Pockets - Pete Prodoehl,FAKE,1,Rock,songgen,val,5747
seg_005748,sample_01986,Empty Pockets - Pete Prodoehl,FAKE,1,Rock,songgen,val,5748
seg_005749,sample_01987,Enemy - Modey Lemon,FAKE,1,Rock,songgen,train,5749
seg_005750,sample_01987,Enemy - Modey Lemon,FAKE,1,Rock,songgen,train,5750
seg_005751,sample_01988,Eyes Getting Louder - Mod Fun,FAKE,1,Rock,songgen,train,5751
seg_005752,sample_01988,Eyes Getting Louder - Mod Fun,FAKE,1,Rock,songgen,train,5752
seg_005753,sample_01989,Fear - Los Fancy Free,FAKE,1,Rock,songgen,val,5753
seg_005754,sample_01989,Fear - Los Fancy Free,FAKE,1,Rock,songgen,val,5754
seg_005755,sample_01990,Five 40 Derby/Slow Whistle - The Crypts!,FAKE,1,Rock,songgen,train,5755
seg_005756,sample_01990,Five 40 Derby/Slow Whistle - The Crypts!,FAKE,1,Rock,songgen,train,5756
seg_005757,sample_01991,Forest Silence - Serpentarivm,FAKE,1,Rock,songgen,train,5757
seg_005758,sample_01991,Forest Silence - Serpentarivm,FAKE,1,Rock,songgen,train,5758
seg_005759,sample_01992,Formic Acid for Blood - Punk Rock Opera,FAKE,1,Rock,songgen,train,5759
seg_005760,sample_01992,Formic Acid for Blood - Punk Rock Opera,FAKE,1,Rock,songgen,train,5760
seg_005761,sample_01993,Fridge - Railkid Station,FAKE,1,Rock,songgen,train,5761
seg_005762,sample_01993,Fridge - Railkid Station,FAKE,1,Rock,songgen,train,5762
seg_005763,sample_01994,Gila Monster Flop/Music History Lesson:The Sonics - The Crypts!,FAKE,1,Rock,songgen,val,5763
seg_005764,sample_01995,Gloomy Sunday - AmortE,FAKE,1,Rock,songgen,train,5764
seg_005765,sample_01995,Gloomy Sunday - AmortE,FAKE,1,Rock,songgen,train,5765
seg_005766,sample_01996,Hahaha - The Moi Non Plus,FAKE,1,Rock,songgen,train,5766
seg_005767,sample_01996,Hahaha - The Moi Non Plus,FAKE,1,Rock,songgen,train,5767
seg_005768,sample_01997,Half a Doubt - Droopies,FAKE,1,Rock,songgen,train,5768
seg_005769,sample_01997,Half a Doubt - Droopies,FAKE,1,Rock,songgen,train,5769
seg_005770,sample_01998,Happy - Lamprey,FAKE,1,Rock,songgen,train,5770
seg_005771,sample_01998,Happy - Lamprey,FAKE,1,Rock,songgen,train,5771
seg_005772,sample_01999,"Head of Ancante, Talking Tree - Ak'chamel, The Giver of Illness",FAKE,1,Rock,songgen,test,5772
seg_005773,sample_01999,"Head of Ancante, Talking Tree - Ak'chamel, The Giver of Illness",FAKE,1,Rock,songgen,test,5773
seg_005774,sample_02000,Hisko Detria - Hisko Detria,FAKE,1,Rock,songgen,train,5774
seg_005775,sample_02000,Hisko Detria - Hisko Detria,FAKE,1,Rock,songgen,train,5775
seg_005776,sample_02001,I'm gonna try to reach - Los Llamarada,FAKE,1,Rock,songgen,train,5776
seg_005777,sample_02001,I'm gonna try to reach - Los Llamarada,FAKE,1,Rock,songgen,train,5777
seg_005778,sample_02002,Infinite Light - Pipe Choir,FAKE,1,Rock,songgen,train,5778
seg_005779,sample_02002,Infinite Light - Pipe Choir,FAKE,1,Rock,songgen,train,5779
seg_005780,sample_02003,Insectlaration of Independence - Punk Rock Opera,FAKE,1,Rock,songgen,train,5780
seg_005781,sample_02003,Insectlaration of Independence - Punk Rock Opera,FAKE,1,Rock,songgen,train,5781
seg_005782,sample_02004,I Can See Everything - Mod Fun,FAKE,1,Rock,songgen,train,5782
seg_005783,sample_02004,I Can See Everything - Mod Fun,FAKE,1,Rock,songgen,train,5783
seg_005784,sample_02005,I Close My Eyes - Miss Derringer,FAKE,1,Rock,songgen,train,5784
seg_005785,sample_02005,I Close My Eyes - Miss Derringer,FAKE,1,Rock,songgen,train,5785
seg_005786,sample_02006,I Dream So Vividly - Uninhabitable Mansions,FAKE,1,Rock,songgen,train,5786
seg_005787,sample_02006,I Dream So Vividly - Uninhabitable Mansions,FAKE,1,Rock,songgen,train,5787
seg_005788,sample_02007,I Fell - Mod Fun,FAKE,1,Rock,songgen,val,5788
seg_005789,sample_02007,I Fell - Mod Fun,FAKE,1,Rock,songgen,val,5789
seg_005790,sample_02008,I - Inflammator,FAKE,1,Rock,songgen,test,5790
seg_005791,sample_02008,I - Inflammator,FAKE,1,Rock,songgen,test,5791
seg_005792,sample_02009,I - Nocturnal Mayhem,FAKE,1,Rock,songgen,train,5792
seg_005793,sample_02009,I - Nocturnal Mayhem,FAKE,1,Rock,songgen,train,5793
seg_005794,sample_02010,Johnny I Lie - The Moi Non Plus,FAKE,1,Rock,songgen,train,5794
seg_005795,sample_02010,Johnny I Lie - The Moi Non Plus,FAKE,1,Rock,songgen,train,5795
seg_005796,sample_02011,KISS my Boots - The Zombie Dandies,FAKE,1,Rock,songgen,train,5796
seg_005797,sample_02011,KISS my Boots - The Zombie Dandies,FAKE,1,Rock,songgen,train,5797
seg_005798,sample_02012,KOMFORT - voyageurs,FAKE,1,Rock,songgen,train,5798
seg_005799,sample_02012,KOMFORT - voyageurs,FAKE,1,Rock,songgen,train,5799
seg_005800,sample_02013,Lady Love - Parsley Flakes,FAKE,1,Rock,songgen,train,5800
seg_005801,sample_02013,Lady Love - Parsley Flakes,FAKE,1,Rock,songgen,train,5801
seg_005802,sample_02014,L'arbre - Salmo,FAKE,1,Rock,songgen,test,5802
seg_005803,sample_02014,L'arbre - Salmo,FAKE,1,Rock,songgen,test,5803
seg_005804,sample_02015,Leaving Here - Mod Fun,FAKE,1,Rock,songgen,test,5804
seg_005805,sample_02015,Leaving Here - Mod Fun,FAKE,1,Rock,songgen,test,5805
seg_005806,sample_02016,Liberation is not Easy - Frigg A Go Go (F.A.G.G.),FAKE,1,Rock,songgen,train,5806
seg_005807,sample_02016,Liberation is not Easy - Frigg A Go Go (F.A.G.G.),FAKE,1,Rock,songgen,train,5807
seg_005808,sample_02017,Lights Up - Pipe Choir,FAKE,1,Rock,songgen,val,5808
seg_005809,sample_02017,Lights Up - Pipe Choir,FAKE,1,Rock,songgen,val,5809
seg_005810,sample_02018,LIQUID SKULLS - voyageurs,FAKE,1,Rock,songgen,test,5810
seg_005811,sample_02018,LIQUID SKULLS - voyageurs,FAKE,1,Rock,songgen,test,5811
seg_005812,sample_02019,Lost Paradise - Autumn Interlude,FAKE,1,Rock,songgen,train,5812
seg_005813,sample_02019,Lost Paradise - Autumn Interlude,FAKE,1,Rock,songgen,train,5813
seg_005814,sample_02020,Love Dream - The Zombie Dandies,FAKE,1,Rock,songgen,test,5814
seg_005815,sample_02020,Love Dream - The Zombie Dandies,FAKE,1,Rock,songgen,test,5815
seg_005816,sample_02021,March of the GPA Mechanics - [t]ghost,FAKE,1,Rock,songgen,val,5816
seg_005817,sample_02021,March of the GPA Mechanics - [t]ghost,FAKE,1,Rock,songgen,val,5817
seg_005818,sample_02022,Mettle - Pipe Choir,FAKE,1,Rock,songgen,train,5818
seg_005819,sample_02022,Mettle - Pipe Choir,FAKE,1,Rock,songgen,train,5819
seg_005820,sample_02023,Millitary Industrial Complex - Punk Rock Opera,FAKE,1,Rock,songgen,train,5820
seg_005821,sample_02023,Millitary Industrial Complex - Punk Rock Opera,FAKE,1,Rock,songgen,train,5821
seg_005822,sample_02024,Moja Krypta - AmortE,FAKE,1,Rock,songgen,test,5822
seg_005823,sample_02024,Moja Krypta - AmortE,FAKE,1,Rock,songgen,test,5823
seg_005824,sample_02025,Moontime - The IMG,FAKE,1,Rock,songgen,train,5824
seg_005825,sample_02025,Moontime - The IMG,FAKE,1,Rock,songgen,train,5825
seg_005826,sample_02026,Mosque - Sarin,FAKE,1,Rock,songgen,train,5826
seg_005827,sample_02026,Mosque - Sarin,FAKE,1,Rock,songgen,train,5827
seg_005828,sample_02027,Mountain Mist - Modey Lemon,FAKE,1,Rock,songgen,train,5828
seg_005829,sample_02027,Mountain Mist - Modey Lemon,FAKE,1,Rock,songgen,train,5829
seg_005830,sample_02028,Natron Queen - AmortE,FAKE,1,Rock,songgen,train,5830
seg_005831,sample_02028,Natron Queen - AmortE,FAKE,1,Rock,songgen,train,5831
seg_005832,sample_02029,Niche Dreams - Square People,FAKE,1,Rock,songgen,train,5832
seg_005833,sample_02029,Niche Dreams - Square People,FAKE,1,Rock,songgen,train,5833
seg_005834,sample_02030,Nose - DUSTdevils,FAKE,1,Rock,songgen,train,5834
seg_005835,sample_02030,Nose - DUSTdevils,FAKE,1,Rock,songgen,train,5835
seg_005836,sample_02031,One Eyed Ghost/This is gonna be a rough show - The Crypts!,FAKE,1,Rock,songgen,train,5836
seg_005837,sample_02031,One Eyed Ghost/This is gonna be a rough show - The Crypts!,FAKE,1,Rock,songgen,train,5837
seg_005838,sample_02032,Puertas de Fuego - Guerra de Cerdos,FAKE,1,Rock,songgen,test,5838
seg_005839,sample_02032,Puertas de Fuego - Guerra de Cerdos,FAKE,1,Rock,songgen,test,5839
seg_005840,sample_02033,Reagan Shut Down the Asylums - Punk Rock Opera,FAKE,1,Rock,songgen,train,5840
seg_005841,sample_02033,Reagan Shut Down the Asylums - Punk Rock Opera,FAKE,1,Rock,songgen,train,5841
seg_005842,sample_02034,Redlight - Room For A Ghost,FAKE,1,Rock,songgen,val,5842
seg_005843,sample_02034,Redlight - Room For A Ghost,FAKE,1,Rock,songgen,val,5843
seg_005844,sample_02035,Roach-Man - Punk Rock Opera,FAKE,1,Rock,songgen,train,5844
seg_005845,sample_02035,Roach-Man - Punk Rock Opera,FAKE,1,Rock,songgen,train,5845
seg_005846,sample_02036,Robocall - Legally Blind,FAKE,1,Rock,songgen,train,5846
seg_005847,sample_02036,Robocall - Legally Blind,FAKE,1,Rock,songgen,train,5847
seg_005848,sample_02037,Roland Garros 2048 - Zoliborz,FAKE,1,Rock,songgen,train,5848
seg_005849,sample_02037,Roland Garros 2048 - Zoliborz,FAKE,1,Rock,songgen,train,5849
seg_005850,sample_02038,Rumble - Railkid Station,FAKE,1,Rock,songgen,train,5850
seg_005851,sample_02038,Rumble - Railkid Station,FAKE,1,Rock,songgen,train,5851
seg_005852,sample_02039,Scramby Eggs - Andy G. Cohen,FAKE,1,Rock,songgen,val,5852
seg_005853,sample_02039,Scramby Eggs - Andy G. Cohen,FAKE,1,Rock,songgen,val,5853
seg_005854,sample_02040,Sea Monster - The Crypts!,FAKE,1,Rock,songgen,train,5854
seg_005855,sample_02040,Sea Monster - The Crypts!,FAKE,1,Rock,songgen,train,5855
seg_005856,sample_02041,Sfogare Il Dissenso - Deiezione HC,FAKE,1,Rock,songgen,test,5856
seg_005857,sample_02041,Sfogare Il Dissenso - Deiezione HC,FAKE,1,Rock,songgen,test,5857
seg_005858,sample_02042,Sheffield Hall - Andy G. Cohen,FAKE,1,Rock,songgen,train,5858
seg_005859,sample_02042,Sheffield Hall - Andy G. Cohen,FAKE,1,Rock,songgen,train,5859
seg_005860,sample_02043,Shipwrecked Crew - Pete Prodoehl,FAKE,1,Rock,songgen,val,5860
seg_005861,sample_02043,Shipwrecked Crew - Pete Prodoehl,FAKE,1,Rock,songgen,val,5861
seg_005862,sample_02044,Snakefirewalking - Los Llamarada,FAKE,1,Rock,songgen,train,5862
seg_005863,sample_02044,Snakefirewalking - Los Llamarada,FAKE,1,Rock,songgen,train,5863
seg_005864,sample_02045,Sonzis FM - Pipe Choir,FAKE,1,Rock,songgen,test,5864
seg_005865,sample_02045,Sonzis FM - Pipe Choir,FAKE,1,Rock,songgen,test,5865
seg_005866,sample_02046,Soul of the Demon - Zombie Raiders,FAKE,1,Rock,songgen,train,5866
seg_005867,sample_02046,Soul of the Demon - Zombie Raiders,FAKE,1,Rock,songgen,train,5867
seg_005868,sample_02047,Stranger - Frigg A Go Go (F.A.G.G.),FAKE,1,Rock,songgen,train,5868
seg_005869,sample_02047,Stranger - Frigg A Go Go (F.A.G.G.),FAKE,1,Rock,songgen,train,5869
seg_005870,sample_02048,Stuttgart - Portrayal,FAKE,1,Rock,songgen,test,5870
seg_005871,sample_02048,Stuttgart - Portrayal,FAKE,1,Rock,songgen,test,5871
seg_005872,sample_02049,Take It All - Mod Fun,FAKE,1,Rock,songgen,train,5872
seg_005873,sample_02049,Take It All - Mod Fun,FAKE,1,Rock,songgen,train,5873
seg_005874,sample_02050,Terve Teille - Чокнутый Пропеллер,FAKE,1,Rock,songgen,test,5874
seg_005875,sample_02050,Terve Teille - Чокнутый Пропеллер,FAKE,1,Rock,songgen,test,5875
seg_005876,sample_02051,The Contract - The IMG,FAKE,1,Rock,songgen,train,5876
seg_005877,sample_02051,The Contract - The IMG,FAKE,1,Rock,songgen,train,5877
seg_005878,sample_02052,The Dawn - The One They Fear,FAKE,1,Rock,songgen,train,5878
seg_005879,sample_02052,The Dawn - The One They Fear,FAKE,1,Rock,songgen,train,5879
seg_005880,sample_02053,The girl just faded - Los Llamarada,FAKE,1,Rock,songgen,val,5880
seg_005881,sample_02053,The girl just faded - Los Llamarada,FAKE,1,Rock,songgen,val,5881
seg_005882,sample_02054,The Monster Mash/Ya Look Fantastic - The Crypts!,FAKE,1,Rock,songgen,train,5882
seg_005883,sample_02054,The Monster Mash/Ya Look Fantastic - The Crypts!,FAKE,1,Rock,songgen,train,5883
seg_005884,sample_02055,Track 04 - Lightning Bolt,FAKE,1,Rock,songgen,train,5884
seg_005885,sample_02055,Track 04 - Lightning Bolt,FAKE,1,Rock,songgen,train,5885
seg_005886,sample_02056,Transmit - Lamprey,FAKE,1,Rock,songgen,train,5886
seg_005887,sample_02056,Transmit - Lamprey,FAKE,1,Rock,songgen,train,5887
seg_005888,sample_02057,Untitled - Fatal Injection,FAKE,1,Rock,songgen,test,5888
seg_005889,sample_02057,Untitled - Fatal Injection,FAKE,1,Rock,songgen,test,5889
seg_005890,sample_02058,Versailles - Pierce Murphy,FAKE,1,Rock,songgen,train,5890
seg_005891,sample_02058,Versailles - Pierce Murphy,FAKE,1,Rock,songgen,train,5891
seg_005892,sample_02059,Voxel - Andy G. Cohen,FAKE,1,Rock,songgen,val,5892
seg_005893,sample_02059,Voxel - Andy G. Cohen,FAKE,1,Rock,songgen,val,5893
seg_005894,sample_02060,Wake Up - The Moi Non Plus,FAKE,1,Rock,songgen,train,5894
seg_005895,sample_02060,Wake Up - The Moi Non Plus,FAKE,1,Rock,songgen,train,5895
seg_005896,sample_02061,WET DREAMS - voyageurs,FAKE,1,Rock,songgen,train,5896
seg_005897,sample_02061,WET DREAMS - voyageurs,FAKE,1,Rock,songgen,train,5897
seg_005898,sample_02062,We Misplaced A Cobra In the Uninhabitable Mansions - Uninhabitable Mansions,FAKE,1,Rock,songgen,train,5898
seg_005899,sample_02062,We Misplaced A Cobra In the Uninhabitable Mansions - Uninhabitable Mansions,FAKE,1,Rock,songgen,train,5899
seg_005900,sample_02063,We Move in Waves - Modey Lemon,FAKE,1,Rock,songgen,train,5900
seg_005901,sample_02063,We Move in Waves - Modey Lemon,FAKE,1,Rock,songgen,train,5901
seg_005902,sample_02064,Where Is Everything - The Moi Non Plus,FAKE,1,Rock,songgen,test,5902
seg_005903,sample_02064,Where Is Everything - The Moi Non Plus,FAKE,1,Rock,songgen,test,5903
seg_005904,sample_02065,Who Loves You Dear - Mink Lungs,FAKE,1,Rock,songgen,test,5904
seg_005905,sample_02065,Who Loves You Dear - Mink Lungs,FAKE,1,Rock,songgen,test,5905
seg_005906,sample_02066,Windows of the Skull (Alternate Version) - Sarin,FAKE,1,Rock,songgen,train,5906
seg_005907,sample_02066,Windows of the Skull (Alternate Version) - Sarin,FAKE,1,Rock,songgen,train,5907
seg_005908,sample_02067,Windows of the Skull - Sarin,FAKE,1,Rock,songgen,val,5908
seg_005909,sample_02067,Windows of the Skull - Sarin,FAKE,1,Rock,songgen,val,5909
seg_005910,sample_02068,Wir Werden Gott - Japanische Kampfhorspiele,FAKE,1,Rock,songgen,train,5910
seg_005911,sample_02068,Wir Werden Gott - Japanische Kampfhorspiele,FAKE,1,Rock,songgen,train,5911
seg_005912,sample_02069,Ynkelig - Die Morgendammerung Des Valhalla,FAKE,1,Rock,songgen,train,5912
seg_005913,sample_02069,Ynkelig - Die Morgendammerung Des Valhalla,FAKE,1,Rock,songgen,train,5913
seg_005914,sample_02070,"November 25, 2007 - Kenneth Kirschner",FAKE,1,Electronic,songgen,train,5914
seg_005915,sample_02070,"November 25, 2007 - Kenneth Kirschner",FAKE,1,Electronic,songgen,train,5915
seg_005916,sample_02071,Acoustic Unleashed - Remain,FAKE,1,Electronic,suno,train,5916
seg_005917,sample_02071,Acoustic Unleashed - Remain,FAKE,1,Electronic,suno,train,5917
seg_005918,sample_02071,Acoustic Unleashed - Remain,FAKE,1,Electronic,suno,train,5918
seg_005919,sample_02072,Acoustic Unleashed - Remain,FAKE,1,Electronic,suno,train,5919
seg_005920,sample_02072,Acoustic Unleashed - Remain,FAKE,1,Electronic,suno,train,5920
seg_005921,sample_02072,Acoustic Unleashed - Remain,FAKE,1,Electronic,suno,train,5921
seg_005922,sample_02073,Ad Astra - P C III,FAKE,1,Electronic,suno,train,5922
seg_005923,sample_02073,Ad Astra - P C III,FAKE,1,Electronic,suno,train,5923
seg_005924,sample_02073,Ad Astra - P C III,FAKE,1,Electronic,suno,train,5924
seg_005925,sample_02074,Ad Astra - P C III,FAKE,1,Electronic,suno,train,5925
seg_005926,sample_02074,Ad Astra - P C III,FAKE,1,Electronic,suno,train,5926
seg_005927,sample_02074,Ad Astra - P C III,FAKE,1,Electronic,suno,train,5927
seg_005928,sample_02075,All of Us - Eric Skiff,FAKE,1,Electronic,suno,train,5928
seg_005929,sample_02075,All of Us - Eric Skiff,FAKE,1,Electronic,suno,train,5929
seg_005930,sample_02075,All of Us - Eric Skiff,FAKE,1,Electronic,suno,train,5930
seg_005931,sample_02076,All of Us - Eric Skiff,FAKE,1,Electronic,suno,train,5931
seg_005932,sample_02076,All of Us - Eric Skiff,FAKE,1,Electronic,suno,train,5932
seg_005933,sample_02076,All of Us - Eric Skiff,FAKE,1,Electronic,suno,train,5933
seg_005934,sample_02077,"Aquamarine, My Distant Blue - Nihilore",FAKE,1,Electronic,suno,train,5934
seg_005935,sample_02077,"Aquamarine, My Distant Blue - Nihilore",FAKE,1,Electronic,suno,train,5935
seg_005936,sample_02077,"Aquamarine, My Distant Blue - Nihilore",FAKE,1,Electronic,suno,train,5936
seg_005937,sample_02078,"Aquamarine, My Distant Blue - Nihilore",FAKE,1,Electronic,suno,train,5937
seg_005938,sample_02078,"Aquamarine, My Distant Blue - Nihilore",FAKE,1,Electronic,suno,train,5938
seg_005939,sample_02078,"Aquamarine, My Distant Blue - Nihilore",FAKE,1,Electronic,suno,train,5939
seg_005940,sample_02079,Autobahn - S-B-J,FAKE,1,Electronic,suno,train,5940
seg_005941,sample_02079,Autobahn - S-B-J,FAKE,1,Electronic,suno,train,5941
seg_005942,sample_02079,Autobahn - S-B-J,FAKE,1,Electronic,suno,train,5942
seg_005943,sample_02080,Autobahn - S-B-J,FAKE,1,Electronic,suno,train,5943
seg_005944,sample_02080,Autobahn - S-B-J,FAKE,1,Electronic,suno,train,5944
seg_005945,sample_02080,Autobahn - S-B-J,FAKE,1,Electronic,suno,train,5945
seg_005946,sample_02081,Clay Heart - Nihilore,FAKE,1,Electronic,suno,train,5946
seg_005947,sample_02081,Clay Heart - Nihilore,FAKE,1,Electronic,suno,train,5947
seg_005948,sample_02081,Clay Heart - Nihilore,FAKE,1,Electronic,suno,train,5948
seg_005949,sample_02082,Clay Heart - Nihilore,FAKE,1,Electronic,suno,train,5949
seg_005950,sample_02082,Clay Heart - Nihilore,FAKE,1,Electronic,suno,train,5950
seg_005951,sample_02082,Clay Heart - Nihilore,FAKE,1,Electronic,suno,train,5951
seg_005952,sample_02083,Cold Chains - Rolemusic,FAKE,1,Electronic,suno,train,5952
seg_005953,sample_02083,Cold Chains - Rolemusic,FAKE,1,Electronic,suno,train,5953
seg_005954,sample_02083,Cold Chains - Rolemusic,FAKE,1,Electronic,suno,train,5954
seg_005955,sample_02084,Cold Chains - Rolemusic,FAKE,1,Electronic,suno,train,5955
seg_005956,sample_02084,Cold Chains - Rolemusic,FAKE,1,Electronic,suno,train,5956
seg_005957,sample_02084,Cold Chains - Rolemusic,FAKE,1,Electronic,suno,train,5957
seg_005958,sample_02085,Coliidae - K.D. Expression,FAKE,1,Electronic,suno,train,5958
seg_005959,sample_02085,Coliidae - K.D. Expression,FAKE,1,Electronic,suno,train,5959
seg_005960,sample_02085,Coliidae - K.D. Expression,FAKE,1,Electronic,suno,train,5960
seg_005961,sample_02086,Coliidae - K.D. Expression,FAKE,1,Electronic,suno,train,5961
seg_005962,sample_02086,Coliidae - K.D. Expression,FAKE,1,Electronic,suno,train,5962
seg_005963,sample_02086,Coliidae - K.D. Expression,FAKE,1,Electronic,suno,train,5963
seg_005964,sample_02087,CopperNickle - UncleBibby,FAKE,1,Electronic,suno,val,5964
seg_005965,sample_02087,CopperNickle - UncleBibby,FAKE,1,Electronic,suno,val,5965
seg_005966,sample_02087,CopperNickle - UncleBibby,FAKE,1,Electronic,suno,val,5966
seg_005967,sample_02088,CopperNickle - UncleBibby,FAKE,1,Electronic,suno,val,5967
seg_005968,sample_02088,CopperNickle - UncleBibby,FAKE,1,Electronic,suno,val,5968
seg_005969,sample_02088,CopperNickle - UncleBibby,FAKE,1,Electronic,suno,val,5969
seg_005970,sample_02089,Dance Harder - Three Chain Links,FAKE,1,Electronic,suno,test,5970
seg_005971,sample_02089,Dance Harder - Three Chain Links,FAKE,1,Electronic,suno,test,5971
seg_005972,sample_02089,Dance Harder - Three Chain Links,FAKE,1,Electronic,suno,test,5972
seg_005973,sample_02090,Dance Harder - Three Chain Links,FAKE,1,Electronic,suno,test,5973
seg_005974,sample_02090,Dance Harder - Three Chain Links,FAKE,1,Electronic,suno,test,5974
seg_005975,sample_02090,Dance Harder - Three Chain Links,FAKE,1,Electronic,suno,test,5975
seg_005976,sample_02091,Daylight Savings - My brother Daniel,FAKE,1,Electronic,suno,val,5976
seg_005977,sample_02091,Daylight Savings - My brother Daniel,FAKE,1,Electronic,suno,val,5977
seg_005978,sample_02091,Daylight Savings - My brother Daniel,FAKE,1,Electronic,suno,val,5978
seg_005979,sample_02092,Daylight Savings - My brother Daniel,FAKE,1,Electronic,suno,val,5979
seg_005980,sample_02092,Daylight Savings - My brother Daniel,FAKE,1,Electronic,suno,val,5980
seg_005981,sample_02092,Daylight Savings - My brother Daniel,FAKE,1,Electronic,suno,val,5981
seg_005982,sample_02093,Edge - Mystery Mammal,FAKE,1,Electronic,suno,train,5982
seg_005983,sample_02093,Edge - Mystery Mammal,FAKE,1,Electronic,suno,train,5983
seg_005984,sample_02093,Edge - Mystery Mammal,FAKE,1,Electronic,suno,train,5984
seg_005985,sample_02094,Edge - Mystery Mammal,FAKE,1,Electronic,suno,train,5985
seg_005986,sample_02094,Edge - Mystery Mammal,FAKE,1,Electronic,suno,train,5986
seg_005987,sample_02094,Edge - Mystery Mammal,FAKE,1,Electronic,suno,train,5987
seg_005988,sample_02095,Empower Thee - vargero,FAKE,1,Electronic,suno,train,5988
seg_005989,sample_02095,Empower Thee - vargero,FAKE,1,Electronic,suno,train,5989
seg_005990,sample_02095,Empower Thee - vargero,FAKE,1,Electronic,suno,train,5990
seg_005991,sample_02096,Empower Thee - vargero,FAKE,1,Electronic,suno,train,5991
seg_005992,sample_02096,Empower Thee - vargero,FAKE,1,Electronic,suno,train,5992
seg_005993,sample_02096,Empower Thee - vargero,FAKE,1,Electronic,suno,train,5993
seg_005994,sample_02097,Endless - The Birth and Death of Silence,FAKE,1,Electronic,suno,train,5994
seg_005995,sample_02097,Endless - The Birth and Death of Silence,FAKE,1,Electronic,suno,train,5995
seg_005996,sample_02097,Endless - The Birth and Death of Silence,FAKE,1,Electronic,suno,train,5996
seg_005997,sample_02098,Endless - The Birth and Death of Silence,FAKE,1,Electronic,suno,train,5997
seg_005998,sample_02098,Endless - The Birth and Death of Silence,FAKE,1,Electronic,suno,train,5998
seg_005999,sample_02098,Endless - The Birth and Death of Silence,FAKE,1,Electronic,suno,train,5999
seg_006000,sample_02099,Flashback - Seclorance,FAKE,1,Electronic,suno,train,6000
seg_006001,sample_02099,Flashback - Seclorance,FAKE,1,Electronic,suno,train,6001
seg_006002,sample_02099,Flashback - Seclorance,FAKE,1,Electronic,suno,train,6002
seg_006003,sample_02100,Flashback - Seclorance,FAKE,1,Electronic,suno,train,6003
seg_006004,sample_02100,Flashback - Seclorance,FAKE,1,Electronic,suno,train,6004
seg_006005,sample_02100,Flashback - Seclorance,FAKE,1,Electronic,suno,train,6005
seg_006006,sample_02101,Fuckaboing - RoccoW,FAKE,1,Electronic,suno,test,6006
seg_006007,sample_02101,Fuckaboing - RoccoW,FAKE,1,Electronic,suno,test,6007
seg_006008,sample_02101,Fuckaboing - RoccoW,FAKE,1,Electronic,suno,test,6008
seg_006009,sample_02102,Fuckaboing - RoccoW,FAKE,1,Electronic,suno,test,6009
seg_006010,sample_02102,Fuckaboing - RoccoW,FAKE,1,Electronic,suno,test,6010
seg_006011,sample_02102,Fuckaboing - RoccoW,FAKE,1,Electronic,suno,test,6011
seg_006012,sample_02103,"Go On, Then - Jim Rooster",FAKE,1,Electronic,suno,train,6012
seg_006013,sample_02103,"Go On, Then - Jim Rooster",FAKE,1,Electronic,suno,train,6013
seg_006014,sample_02103,"Go On, Then - Jim Rooster",FAKE,1,Electronic,suno,train,6014
seg_006015,sample_02104,"Go On, Then - Jim Rooster",FAKE,1,Electronic,suno,train,6015
seg_006016,sample_02104,"Go On, Then - Jim Rooster",FAKE,1,Electronic,suno,train,6016
seg_006017,sample_02104,"Go On, Then - Jim Rooster",FAKE,1,Electronic,suno,train,6017
seg_006018,sample_02105,Hammer and a Nail - Vienna Ditto,FAKE,1,Electronic,suno,train,6018
seg_006019,sample_02105,Hammer and a Nail - Vienna Ditto,FAKE,1,Electronic,suno,train,6019
seg_006020,sample_02105,Hammer and a Nail - Vienna Ditto,FAKE,1,Electronic,suno,train,6020
seg_006021,sample_02106,Hammer and a Nail - Vienna Ditto,FAKE,1,Electronic,suno,train,6021
seg_006022,sample_02106,Hammer and a Nail - Vienna Ditto,FAKE,1,Electronic,suno,train,6022
seg_006023,sample_02106,Hammer and a Nail - Vienna Ditto,FAKE,1,Electronic,suno,train,6023
seg_006024,sample_02107,Improvisation - Broken Chord,FAKE,1,Electronic,suno,train,6024
seg_006025,sample_02107,Improvisation - Broken Chord,FAKE,1,Electronic,suno,train,6025
seg_006026,sample_02107,Improvisation - Broken Chord,FAKE,1,Electronic,suno,train,6026
seg_006027,sample_02108,Improvisation - Broken Chord,FAKE,1,Electronic,suno,train,6027
seg_006028,sample_02108,Improvisation - Broken Chord,FAKE,1,Electronic,suno,train,6028
seg_006029,sample_02108,Improvisation - Broken Chord,FAKE,1,Electronic,suno,train,6029
seg_006030,sample_02109,Introduction beats - Itsensäsyöjät,FAKE,1,Electronic,suno,train,6030
seg_006031,sample_02109,Introduction beats - Itsensäsyöjät,FAKE,1,Electronic,suno,train,6031
seg_006032,sample_02109,Introduction beats - Itsensäsyöjät,FAKE,1,Electronic,suno,train,6032
seg_006033,sample_02110,Introduction beats - Itsensäsyöjät,FAKE,1,Electronic,suno,train,6033
seg_006034,sample_02110,Introduction beats - Itsensäsyöjät,FAKE,1,Electronic,suno,train,6034
seg_006035,sample_02110,Introduction beats - Itsensäsyöjät,FAKE,1,Electronic,suno,train,6035
seg_006036,sample_02111,Jangus (inspired by ToeJam and Earl) - UncleBibby,FAKE,1,Electronic,suno,train,6036
seg_006037,sample_02111,Jangus (inspired by ToeJam and Earl) - UncleBibby,FAKE,1,Electronic,suno,train,6037
seg_006038,sample_02111,Jangus (inspired by ToeJam and Earl) - UncleBibby,FAKE,1,Electronic,suno,train,6038
seg_006039,sample_02112,Jangus (inspired by ToeJam and Earl) - UncleBibby,FAKE,1,Electronic,suno,train,6039
seg_006040,sample_02112,Jangus (inspired by ToeJam and Earl) - UncleBibby,FAKE,1,Electronic,suno,train,6040
seg_006041,sample_02112,Jangus (inspired by ToeJam and Earl) - UncleBibby,FAKE,1,Electronic,suno,train,6041
seg_006042,sample_02113,mystery team 2090 - Jesse Futerman,FAKE,1,Electronic,suno,val,6042
seg_006043,sample_02113,mystery team 2090 - Jesse Futerman,FAKE,1,Electronic,suno,val,6043
seg_006044,sample_02113,mystery team 2090 - Jesse Futerman,FAKE,1,Electronic,suno,val,6044
seg_006045,sample_02114,mystery team 2090 - Jesse Futerman,FAKE,1,Electronic,suno,val,6045
seg_006046,sample_02114,mystery team 2090 - Jesse Futerman,FAKE,1,Electronic,suno,val,6046
seg_006047,sample_02114,mystery team 2090 - Jesse Futerman,FAKE,1,Electronic,suno,val,6047
seg_006048,sample_02115,Night Drive - Decktonic,FAKE,1,Electronic,suno,val,6048
seg_006049,sample_02115,Night Drive - Decktonic,FAKE,1,Electronic,suno,val,6049
seg_006050,sample_02115,Night Drive - Decktonic,FAKE,1,Electronic,suno,val,6050
seg_006051,sample_02116,Night Drive - Decktonic,FAKE,1,Electronic,suno,val,6051
seg_006052,sample_02116,Night Drive - Decktonic,FAKE,1,Electronic,suno,val,6052
seg_006053,sample_02116,Night Drive - Decktonic,FAKE,1,Electronic,suno,val,6053
seg_006054,sample_02117,Night Owl - Broke For Free,FAKE,1,Electronic,suno,test,6054
seg_006055,sample_02117,Night Owl - Broke For Free,FAKE,1,Electronic,suno,test,6055
seg_006056,sample_02117,Night Owl - Broke For Free,FAKE,1,Electronic,suno,test,6056
seg_006057,sample_02118,Night Owl - Broke For Free,FAKE,1,Electronic,suno,test,6057
seg_006058,sample_02118,Night Owl - Broke For Free,FAKE,1,Electronic,suno,test,6058
seg_006059,sample_02118,Night Owl - Broke For Free,FAKE,1,Electronic,suno,test,6059
seg_006060,sample_02119,Noam Chomsky's Corporate Carbohydrate Surprise - Quelle Fromage,FAKE,1,Electronic,suno,train,6060
seg_006061,sample_02119,Noam Chomsky's Corporate Carbohydrate Surprise - Quelle Fromage,FAKE,1,Electronic,suno,train,6061
seg_006062,sample_02119,Noam Chomsky's Corporate Carbohydrate Surprise - Quelle Fromage,FAKE,1,Electronic,suno,train,6062
seg_006063,sample_02120,Noam Chomsky's Corporate Carbohydrate Surprise - Quelle Fromage,FAKE,1,Electronic,suno,train,6063
seg_006064,sample_02120,Noam Chomsky's Corporate Carbohydrate Surprise - Quelle Fromage,FAKE,1,Electronic,suno,train,6064
seg_006065,sample_02120,Noam Chomsky's Corporate Carbohydrate Surprise - Quelle Fromage,FAKE,1,Electronic,suno,train,6065
seg_006066,sample_02121,Nuo Maisemat - Paavoharju,FAKE,1,Electronic,suno,val,6066
seg_006067,sample_02121,Nuo Maisemat - Paavoharju,FAKE,1,Electronic,suno,val,6067
seg_006068,sample_02121,Nuo Maisemat - Paavoharju,FAKE,1,Electronic,suno,val,6068
seg_006069,sample_02122,Nuo Maisemat - Paavoharju,FAKE,1,Electronic,suno,val,6069
seg_006070,sample_02122,Nuo Maisemat - Paavoharju,FAKE,1,Electronic,suno,val,6070
seg_006071,sample_02122,Nuo Maisemat - Paavoharju,FAKE,1,Electronic,suno,val,6071
seg_006072,sample_02123,Ohtli - Seclorance,FAKE,1,Electronic,suno,train,6072
seg_006073,sample_02123,Ohtli - Seclorance,FAKE,1,Electronic,suno,train,6073
seg_006074,sample_02123,Ohtli - Seclorance,FAKE,1,Electronic,suno,train,6074
seg_006075,sample_02124,Ohtli - Seclorance,FAKE,1,Electronic,suno,train,6075
seg_006076,sample_02124,Ohtli - Seclorance,FAKE,1,Electronic,suno,train,6076
seg_006077,sample_02124,Ohtli - Seclorance,FAKE,1,Electronic,suno,train,6077
seg_006078,sample_02125,Okiirobo Navigation System - Henry Homesweet,FAKE,1,Electronic,suno,train,6078
seg_006079,sample_02125,Okiirobo Navigation System - Henry Homesweet,FAKE,1,Electronic,suno,train,6079
seg_006080,sample_02125,Okiirobo Navigation System - Henry Homesweet,FAKE,1,Electronic,suno,train,6080
seg_006081,sample_02126,Okiirobo Navigation System - Henry Homesweet,FAKE,1,Electronic,suno,train,6081
seg_006082,sample_02126,Okiirobo Navigation System - Henry Homesweet,FAKE,1,Electronic,suno,train,6082
seg_006083,sample_02126,Okiirobo Navigation System - Henry Homesweet,FAKE,1,Electronic,suno,train,6083
seg_006084,sample_02127,Only Instrumental - Broke For Free,FAKE,1,Electronic,suno,train,6084
seg_006085,sample_02127,Only Instrumental - Broke For Free,FAKE,1,Electronic,suno,train,6085
seg_006086,sample_02127,Only Instrumental - Broke For Free,FAKE,1,Electronic,suno,train,6086
seg_006087,sample_02128,Only Instrumental - Broke For Free,FAKE,1,Electronic,suno,train,6087
seg_006088,sample_02128,Only Instrumental - Broke For Free,FAKE,1,Electronic,suno,train,6088
seg_006089,sample_02128,Only Instrumental - Broke For Free,FAKE,1,Electronic,suno,train,6089
seg_006090,sample_02129,OOOTHERSIDE - Liquid Paper - Mike B. Fort,FAKE,1,Electronic,suno,train,6090
seg_006091,sample_02129,OOOTHERSIDE - Liquid Paper - Mike B. Fort,FAKE,1,Electronic,suno,train,6091
seg_006092,sample_02129,OOOTHERSIDE - Liquid Paper - Mike B. Fort,FAKE,1,Electronic,suno,train,6092
seg_006093,sample_02130,OOOTHERSIDE - Liquid Paper - Mike B. Fort,FAKE,1,Electronic,suno,train,6093
seg_006094,sample_02130,OOOTHERSIDE - Liquid Paper - Mike B. Fort,FAKE,1,Electronic,suno,train,6094
seg_006095,sample_02130,OOOTHERSIDE - Liquid Paper - Mike B. Fort,FAKE,1,Electronic,suno,train,6095
seg_006096,sample_02131,OOOTHERSIDE - This Time - Mike B. Fort,FAKE,1,Electronic,suno,train,6096
seg_006097,sample_02131,OOOTHERSIDE - This Time - Mike B. Fort,FAKE,1,Electronic,suno,train,6097
seg_006098,sample_02131,OOOTHERSIDE - This Time - Mike B. Fort,FAKE,1,Electronic,suno,train,6098
seg_006099,sample_02132,OOOTHERSIDE - This Time - Mike B. Fort,FAKE,1,Electronic,suno,train,6099
seg_006100,sample_02132,OOOTHERSIDE - This Time - Mike B. Fort,FAKE,1,Electronic,suno,train,6100
seg_006101,sample_02132,OOOTHERSIDE - This Time - Mike B. Fort,FAKE,1,Electronic,suno,train,6101
seg_006102,sample_02133,OST 04 Ship under attack - sawsquarenoise,FAKE,1,Electronic,suno,train,6102
seg_006103,sample_02133,OST 04 Ship under attack - sawsquarenoise,FAKE,1,Electronic,suno,train,6103
seg_006104,sample_02133,OST 04 Ship under attack - sawsquarenoise,FAKE,1,Electronic,suno,train,6104
seg_006105,sample_02134,OST 04 Ship under attack - sawsquarenoise,FAKE,1,Electronic,suno,train,6105
seg_006106,sample_02134,OST 04 Ship under attack - sawsquarenoise,FAKE,1,Electronic,suno,train,6106
seg_006107,sample_02134,OST 04 Ship under attack - sawsquarenoise,FAKE,1,Electronic,suno,train,6107
seg_006108,sample_02135,Paris - Fleslit,FAKE,1,Electronic,suno,train,6108
seg_006109,sample_02135,Paris - Fleslit,FAKE,1,Electronic,suno,train,6109
seg_006110,sample_02135,Paris - Fleslit,FAKE,1,Electronic,suno,train,6110
seg_006111,sample_02136,Paris - Fleslit,FAKE,1,Electronic,suno,train,6111
seg_006112,sample_02136,Paris - Fleslit,FAKE,1,Electronic,suno,train,6112
seg_006113,sample_02136,Paris - Fleslit,FAKE,1,Electronic,suno,train,6113
seg_006114,sample_02137,Pista Afuera - Epstein,FAKE,1,Electronic,suno,test,6114
seg_006115,sample_02137,Pista Afuera - Epstein,FAKE,1,Electronic,suno,test,6115
seg_006116,sample_02137,Pista Afuera - Epstein,FAKE,1,Electronic,suno,test,6116
seg_006117,sample_02138,Pista Afuera - Epstein,FAKE,1,Electronic,suno,test,6117
seg_006118,sample_02138,Pista Afuera - Epstein,FAKE,1,Electronic,suno,test,6118
seg_006119,sample_02138,Pista Afuera - Epstein,FAKE,1,Electronic,suno,test,6119
seg_006120,sample_02139,Ponky McFonky - My brother Daniel,FAKE,1,Electronic,suno,train,6120
seg_006121,sample_02139,Ponky McFonky - My brother Daniel,FAKE,1,Electronic,suno,train,6121
seg_006122,sample_02139,Ponky McFonky - My brother Daniel,FAKE,1,Electronic,suno,train,6122
seg_006123,sample_02140,Ponky McFonky - My brother Daniel,FAKE,1,Electronic,suno,train,6123
seg_006124,sample_02140,Ponky McFonky - My brother Daniel,FAKE,1,Electronic,suno,train,6124
seg_006125,sample_02140,Ponky McFonky - My brother Daniel,FAKE,1,Electronic,suno,train,6125
seg_006126,sample_02141,Realize Me - Jim Rooster,FAKE,1,Electronic,suno,test,6126
seg_006127,sample_02141,Realize Me - Jim Rooster,FAKE,1,Electronic,suno,test,6127
seg_006128,sample_02141,Realize Me - Jim Rooster,FAKE,1,Electronic,suno,test,6128
seg_006129,sample_02142,Realize Me - Jim Rooster,FAKE,1,Electronic,suno,test,6129
seg_006130,sample_02142,Realize Me - Jim Rooster,FAKE,1,Electronic,suno,test,6130
seg_006131,sample_02142,Realize Me - Jim Rooster,FAKE,1,Electronic,suno,test,6131
seg_006132,sample_02143,Resistentialism - Nihilore,FAKE,1,Electronic,suno,test,6132
seg_006133,sample_02143,Resistentialism - Nihilore,FAKE,1,Electronic,suno,test,6133
seg_006134,sample_02143,Resistentialism - Nihilore,FAKE,1,Electronic,suno,test,6134
seg_006135,sample_02144,Resistentialism - Nihilore,FAKE,1,Electronic,suno,test,6135
seg_006136,sample_02144,Resistentialism - Nihilore,FAKE,1,Electronic,suno,test,6136
seg_006137,sample_02144,Resistentialism - Nihilore,FAKE,1,Electronic,suno,test,6137
seg_006138,sample_02145,Robot Heart - Mystery Mammal,FAKE,1,Electronic,suno,train,6138
seg_006139,sample_02145,Robot Heart - Mystery Mammal,FAKE,1,Electronic,suno,train,6139
seg_006140,sample_02145,Robot Heart - Mystery Mammal,FAKE,1,Electronic,suno,train,6140
seg_006141,sample_02146,Robot Heart - Mystery Mammal,FAKE,1,Electronic,suno,train,6141
seg_006142,sample_02146,Robot Heart - Mystery Mammal,FAKE,1,Electronic,suno,train,6142
seg_006143,sample_02146,Robot Heart - Mystery Mammal,FAKE,1,Electronic,suno,train,6143
seg_006144,sample_02147,Running Free - Michett featuring Kalipluche,FAKE,1,Electronic,suno,train,6144
seg_006145,sample_02147,Running Free - Michett featuring Kalipluche,FAKE,1,Electronic,suno,train,6145
seg_006146,sample_02147,Running Free - Michett featuring Kalipluche,FAKE,1,Electronic,suno,train,6146
seg_006147,sample_02148,Running Free - Michett featuring Kalipluche,FAKE,1,Electronic,suno,train,6147
seg_006148,sample_02148,Running Free - Michett featuring Kalipluche,FAKE,1,Electronic,suno,train,6148
seg_006149,sample_02148,Running Free - Michett featuring Kalipluche,FAKE,1,Electronic,suno,train,6149
seg_006150,sample_02149,SD (Ill Mix) - H-LR,FAKE,1,Electronic,suno,val,6150
seg_006151,sample_02149,SD (Ill Mix) - H-LR,FAKE,1,Electronic,suno,val,6151
seg_006152,sample_02149,SD (Ill Mix) - H-LR,FAKE,1,Electronic,suno,val,6152
seg_006153,sample_02150,SD (Ill Mix) - H-LR,FAKE,1,Electronic,suno,val,6153
seg_006154,sample_02150,SD (Ill Mix) - H-LR,FAKE,1,Electronic,suno,val,6154
seg_006155,sample_02150,SD (Ill Mix) - H-LR,FAKE,1,Electronic,suno,val,6155
seg_006156,sample_02151,Seppuku Bot - Decktonic,FAKE,1,Electronic,suno,train,6156
seg_006157,sample_02151,Seppuku Bot - Decktonic,FAKE,1,Electronic,suno,train,6157
seg_006158,sample_02151,Seppuku Bot - Decktonic,FAKE,1,Electronic,suno,train,6158
seg_006159,sample_02152,Seppuku Bot - Decktonic,FAKE,1,Electronic,suno,train,6159
seg_006160,sample_02152,Seppuku Bot - Decktonic,FAKE,1,Electronic,suno,train,6160
seg_006161,sample_02152,Seppuku Bot - Decktonic,FAKE,1,Electronic,suno,train,6161
seg_006162,sample_02153,Straw Fields - Rolemusic,FAKE,1,Electronic,suno,train,6162
seg_006163,sample_02153,Straw Fields - Rolemusic,FAKE,1,Electronic,suno,train,6163
seg_006164,sample_02153,Straw Fields - Rolemusic,FAKE,1,Electronic,suno,train,6164
seg_006165,sample_02154,Straw Fields - Rolemusic,FAKE,1,Electronic,suno,train,6165
seg_006166,sample_02154,Straw Fields - Rolemusic,FAKE,1,Electronic,suno,train,6166
seg_006167,sample_02154,Straw Fields - Rolemusic,FAKE,1,Electronic,suno,train,6167
seg_006168,sample_02155,Take Your Fingers - Michael Fakesch,FAKE,1,Electronic,suno,train,6168
seg_006169,sample_02155,Take Your Fingers - Michael Fakesch,FAKE,1,Electronic,suno,train,6169
seg_006170,sample_02155,Take Your Fingers - Michael Fakesch,FAKE,1,Electronic,suno,train,6170
seg_006171,sample_02156,Take Your Fingers - Michael Fakesch,FAKE,1,Electronic,suno,train,6171
seg_006172,sample_02156,Take Your Fingers - Michael Fakesch,FAKE,1,Electronic,suno,train,6172
seg_006173,sample_02156,Take Your Fingers - Michael Fakesch,FAKE,1,Electronic,suno,train,6173
seg_006174,sample_02157,Tapes - Gumbel,FAKE,1,Electronic,suno,train,6174
seg_006175,sample_02157,Tapes - Gumbel,FAKE,1,Electronic,suno,train,6175
seg_006176,sample_02157,Tapes - Gumbel,FAKE,1,Electronic,suno,train,6176
seg_006177,sample_02158,Tapes - Gumbel,FAKE,1,Electronic,suno,train,6177
seg_006178,sample_02158,Tapes - Gumbel,FAKE,1,Electronic,suno,train,6178
seg_006179,sample_02158,Tapes - Gumbel,FAKE,1,Electronic,suno,train,6179
seg_006180,sample_02159,The Big House - Jason Shaw,FAKE,1,Electronic,suno,train,6180
seg_006181,sample_02159,The Big House - Jason Shaw,FAKE,1,Electronic,suno,train,6181
seg_006182,sample_02159,The Big House - Jason Shaw,FAKE,1,Electronic,suno,train,6182
seg_006183,sample_02160,The Big House - Jason Shaw,FAKE,1,Electronic,suno,train,6183
seg_006184,sample_02160,The Big House - Jason Shaw,FAKE,1,Electronic,suno,train,6184
seg_006185,sample_02160,The Big House - Jason Shaw,FAKE,1,Electronic,suno,train,6185
seg_006186,sample_02161,The Courtyard - Uncle Bibby,FAKE,1,Electronic,suno,train,6186
seg_006187,sample_02161,The Courtyard - Uncle Bibby,FAKE,1,Electronic,suno,train,6187
seg_006188,sample_02161,The Courtyard - Uncle Bibby,FAKE,1,Electronic,suno,train,6188
seg_006189,sample_02162,The Courtyard - Uncle Bibby,FAKE,1,Electronic,suno,train,6189
seg_006190,sample_02162,The Courtyard - Uncle Bibby,FAKE,1,Electronic,suno,train,6190
seg_006191,sample_02162,The Courtyard - Uncle Bibby,FAKE,1,Electronic,suno,train,6191
seg_006192,sample_02163,The Front Yard - HarleyLikesMusic,FAKE,1,Electronic,suno,train,6192
seg_006193,sample_02163,The Front Yard - HarleyLikesMusic,FAKE,1,Electronic,suno,train,6193
seg_006194,sample_02163,The Front Yard - HarleyLikesMusic,FAKE,1,Electronic,suno,train,6194
seg_006195,sample_02164,The Front Yard - HarleyLikesMusic,FAKE,1,Electronic,suno,train,6195
seg_006196,sample_02164,The Front Yard - HarleyLikesMusic,FAKE,1,Electronic,suno,train,6196
seg_006197,sample_02164,The Front Yard - HarleyLikesMusic,FAKE,1,Electronic,suno,train,6197
seg_006198,sample_02165,Ugh! Humans Can Join - Mystery Mammal,FAKE,1,Electronic,suno,test,6198
seg_006199,sample_02165,Ugh! Humans Can Join - Mystery Mammal,FAKE,1,Electronic,suno,test,6199
seg_006200,sample_02165,Ugh! Humans Can Join - Mystery Mammal,FAKE,1,Electronic,suno,test,6200
seg_006201,sample_02166,Ugh! Humans Can Join - Mystery Mammal,FAKE,1,Electronic,suno,test,6201
seg_006202,sample_02166,Ugh! Humans Can Join - Mystery Mammal,FAKE,1,Electronic,suno,test,6202
seg_006203,sample_02166,Ugh! Humans Can Join - Mystery Mammal,FAKE,1,Electronic,suno,test,6203
seg_006204,sample_02167,Vanishing Horizon - Jason Shaw,FAKE,1,Electronic,suno,train,6204
seg_006205,sample_02167,Vanishing Horizon - Jason Shaw,FAKE,1,Electronic,suno,train,6205
seg_006206,sample_02167,Vanishing Horizon - Jason Shaw,FAKE,1,Electronic,suno,train,6206
seg_006207,sample_02168,Vanishing Horizon - Jason Shaw,FAKE,1,Electronic,suno,train,6207
seg_006208,sample_02168,Vanishing Horizon - Jason Shaw,FAKE,1,Electronic,suno,train,6208
seg_006209,sample_02168,Vanishing Horizon - Jason Shaw,FAKE,1,Electronic,suno,train,6209
seg_006210,sample_02169,When I Was Taller - Dan Deacon,FAKE,1,Electronic,suno,train,6210
seg_006211,sample_02169,When I Was Taller - Dan Deacon,FAKE,1,Electronic,suno,train,6211
seg_006212,sample_02169,When I Was Taller - Dan Deacon,FAKE,1,Electronic,suno,train,6212
seg_006213,sample_02170,When I Was Taller - Dan Deacon,FAKE,1,Electronic,suno,train,6213
seg_006214,sample_02170,When I Was Taller - Dan Deacon,FAKE,1,Electronic,suno,train,6214
seg_006215,sample_02170,When I Was Taller - Dan Deacon,FAKE,1,Electronic,suno,train,6215
seg_006216,sample_02171,"Autopsy - Oh Yeah, the Future",FAKE,1,Pop,suno,train,6216
seg_006217,sample_02171,"Autopsy - Oh Yeah, the Future",FAKE,1,Pop,suno,train,6217
seg_006218,sample_02171,"Autopsy - Oh Yeah, the Future",FAKE,1,Pop,suno,train,6218
seg_006219,sample_02172,"Autopsy - Oh Yeah, the Future",FAKE,1,Pop,suno,train,6219
seg_006220,sample_02172,"Autopsy - Oh Yeah, the Future",FAKE,1,Pop,suno,train,6220
seg_006221,sample_02172,"Autopsy - Oh Yeah, the Future",FAKE,1,Pop,suno,train,6221
seg_006222,sample_02173,Breeze Funk - Malaventura,FAKE,1,Pop,suno,train,6222
seg_006223,sample_02173,Breeze Funk - Malaventura,FAKE,1,Pop,suno,train,6223
seg_006224,sample_02173,Breeze Funk - Malaventura,FAKE,1,Pop,suno,train,6224
seg_006225,sample_02174,Breeze Funk - Malaventura,FAKE,1,Pop,suno,train,6225
seg_006226,sample_02174,Breeze Funk - Malaventura,FAKE,1,Pop,suno,train,6226
seg_006227,sample_02174,Breeze Funk - Malaventura,FAKE,1,Pop,suno,train,6227
seg_006228,sample_02175,Busby Berkeley - Ergo Phizmiz,FAKE,1,Pop,suno,train,6228
seg_006229,sample_02175,Busby Berkeley - Ergo Phizmiz,FAKE,1,Pop,suno,train,6229
seg_006230,sample_02175,Busby Berkeley - Ergo Phizmiz,FAKE,1,Pop,suno,train,6230
seg_006231,sample_02176,Busby Berkeley - Ergo Phizmiz,FAKE,1,Pop,suno,train,6231
seg_006232,sample_02176,Busby Berkeley - Ergo Phizmiz,FAKE,1,Pop,suno,train,6232
seg_006233,sample_02176,Busby Berkeley - Ergo Phizmiz,FAKE,1,Pop,suno,train,6233
seg_006234,sample_02177,Celia - Ergo Phizmiz,FAKE,1,Pop,suno,train,6234
seg_006235,sample_02177,Celia - Ergo Phizmiz,FAKE,1,Pop,suno,train,6235
seg_006236,sample_02177,Celia - Ergo Phizmiz,FAKE,1,Pop,suno,train,6236
seg_006237,sample_02178,Celia - Ergo Phizmiz,FAKE,1,Pop,suno,train,6237
seg_006238,sample_02178,Celia - Ergo Phizmiz,FAKE,1,Pop,suno,train,6238
seg_006239,sample_02178,Celia - Ergo Phizmiz,FAKE,1,Pop,suno,train,6239
seg_006240,sample_02179,Convicted Jazz Drones - Malaventura,FAKE,1,Pop,suno,train,6240
seg_006241,sample_02179,Convicted Jazz Drones - Malaventura,FAKE,1,Pop,suno,train,6241
seg_006242,sample_02179,Convicted Jazz Drones - Malaventura,FAKE,1,Pop,suno,train,6242
seg_006243,sample_02180,Convicted Jazz Drones - Malaventura,FAKE,1,Pop,suno,train,6243
seg_006244,sample_02180,Convicted Jazz Drones - Malaventura,FAKE,1,Pop,suno,train,6244
seg_006245,sample_02180,Convicted Jazz Drones - Malaventura,FAKE,1,Pop,suno,train,6245
seg_006246,sample_02181,danse macabre - Katapulto,FAKE,1,Pop,suno,train,6246
seg_006247,sample_02181,danse macabre - Katapulto,FAKE,1,Pop,suno,train,6247
seg_006248,sample_02181,danse macabre - Katapulto,FAKE,1,Pop,suno,train,6248
seg_006249,sample_02182,danse macabre - Katapulto,FAKE,1,Pop,suno,train,6249
seg_006250,sample_02182,danse macabre - Katapulto,FAKE,1,Pop,suno,train,6250
seg_006251,sample_02182,danse macabre - Katapulto,FAKE,1,Pop,suno,train,6251
seg_006252,sample_02183,Different Day - First,FAKE,1,Pop,suno,test,6252
seg_006253,sample_02183,Different Day - First,FAKE,1,Pop,suno,test,6253
seg_006254,sample_02183,Different Day - First,FAKE,1,Pop,suno,test,6254
seg_006255,sample_02184,Different Day - First,FAKE,1,Pop,suno,test,6255
seg_006256,sample_02184,Different Day - First,FAKE,1,Pop,suno,test,6256
seg_006257,sample_02184,Different Day - First,FAKE,1,Pop,suno,test,6257
seg_006258,sample_02185,Evil Cannot Create - Caleb Lemond,FAKE,1,Pop,suno,val,6258
seg_006259,sample_02185,Evil Cannot Create - Caleb Lemond,FAKE,1,Pop,suno,val,6259
seg_006260,sample_02185,Evil Cannot Create - Caleb Lemond,FAKE,1,Pop,suno,val,6260
seg_006261,sample_02186,Evil Cannot Create - Caleb Lemond,FAKE,1,Pop,suno,val,6261
seg_006262,sample_02186,Evil Cannot Create - Caleb Lemond,FAKE,1,Pop,suno,val,6262
seg_006263,sample_02186,Evil Cannot Create - Caleb Lemond,FAKE,1,Pop,suno,val,6263
seg_006264,sample_02187,"First Glance - Oh Yeah, the Future",FAKE,1,Pop,suno,train,6264
seg_006265,sample_02187,"First Glance - Oh Yeah, the Future",FAKE,1,Pop,suno,train,6265
seg_006266,sample_02187,"First Glance - Oh Yeah, the Future",FAKE,1,Pop,suno,train,6266
seg_006267,sample_02188,"First Glance - Oh Yeah, the Future",FAKE,1,Pop,suno,train,6267
seg_006268,sample_02188,"First Glance - Oh Yeah, the Future",FAKE,1,Pop,suno,train,6268
seg_006269,sample_02188,"First Glance - Oh Yeah, the Future",FAKE,1,Pop,suno,train,6269
seg_006270,sample_02189,Food and War - Ergo Phizmiz,FAKE,1,Pop,suno,train,6270
seg_006271,sample_02189,Food and War - Ergo Phizmiz,FAKE,1,Pop,suno,train,6271
seg_006272,sample_02189,Food and War - Ergo Phizmiz,FAKE,1,Pop,suno,train,6272
seg_006273,sample_02190,Food and War - Ergo Phizmiz,FAKE,1,Pop,suno,train,6273
seg_006274,sample_02190,Food and War - Ergo Phizmiz,FAKE,1,Pop,suno,train,6274
seg_006275,sample_02190,Food and War - Ergo Phizmiz,FAKE,1,Pop,suno,train,6275
seg_006276,sample_02191,gospellioza - Katapulto,FAKE,1,Pop,suno,train,6276
seg_006277,sample_02191,gospellioza - Katapulto,FAKE,1,Pop,suno,train,6277
seg_006278,sample_02191,gospellioza - Katapulto,FAKE,1,Pop,suno,train,6278
seg_006279,sample_02192,gospellioza - Katapulto,FAKE,1,Pop,suno,train,6279
seg_006280,sample_02192,gospellioza - Katapulto,FAKE,1,Pop,suno,train,6280
seg_006281,sample_02192,gospellioza - Katapulto,FAKE,1,Pop,suno,train,6281
seg_006282,sample_02193,"Hungry - Oh Yeah, the Future",FAKE,1,Pop,suno,test,6282
seg_006283,sample_02193,"Hungry - Oh Yeah, the Future",FAKE,1,Pop,suno,test,6283
seg_006284,sample_02193,"Hungry - Oh Yeah, the Future",FAKE,1,Pop,suno,test,6284
seg_006285,sample_02194,"Hungry - Oh Yeah, the Future",FAKE,1,Pop,suno,test,6285
seg_006286,sample_02194,"Hungry - Oh Yeah, the Future",FAKE,1,Pop,suno,test,6286
seg_006287,sample_02194,"Hungry - Oh Yeah, the Future",FAKE,1,Pop,suno,test,6287
seg_006288,sample_02195,I Think From Now On - Caleb Lemond,FAKE,1,Pop,suno,train,6288
seg_006289,sample_02195,I Think From Now On - Caleb Lemond,FAKE,1,Pop,suno,train,6289
seg_006290,sample_02195,I Think From Now On - Caleb Lemond,FAKE,1,Pop,suno,train,6290
seg_006291,sample_02196,I Think From Now On - Caleb Lemond,FAKE,1,Pop,suno,train,6291
seg_006292,sample_02196,I Think From Now On - Caleb Lemond,FAKE,1,Pop,suno,train,6292
seg_006293,sample_02196,I Think From Now On - Caleb Lemond,FAKE,1,Pop,suno,train,6293
seg_006294,sample_02197,Invaders From Within - Monroeville Music Center,FAKE,1,Pop,suno,train,6294
seg_006295,sample_02197,Invaders From Within - Monroeville Music Center,FAKE,1,Pop,suno,train,6295
seg_006296,sample_02197,Invaders From Within - Monroeville Music Center,FAKE,1,Pop,suno,train,6296
seg_006297,sample_02198,Invaders From Within - Monroeville Music Center,FAKE,1,Pop,suno,train,6297
seg_006298,sample_02198,Invaders From Within - Monroeville Music Center,FAKE,1,Pop,suno,train,6298
seg_006299,sample_02198,Invaders From Within - Monroeville Music Center,FAKE,1,Pop,suno,train,6299
seg_006300,sample_02199,John the Baby - Ergo Phizmiz,FAKE,1,Pop,suno,train,6300
seg_006301,sample_02199,John the Baby - Ergo Phizmiz,FAKE,1,Pop,suno,train,6301
seg_006302,sample_02199,John the Baby - Ergo Phizmiz,FAKE,1,Pop,suno,train,6302
seg_006303,sample_02200,John the Baby - Ergo Phizmiz,FAKE,1,Pop,suno,train,6303
seg_006304,sample_02200,John the Baby - Ergo Phizmiz,FAKE,1,Pop,suno,train,6304
seg_006305,sample_02200,John the Baby - Ergo Phizmiz,FAKE,1,Pop,suno,train,6305
seg_006306,sample_02201,Kissing Scars - Caleb Lemond,FAKE,1,Pop,suno,train,6306
seg_006307,sample_02201,Kissing Scars - Caleb Lemond,FAKE,1,Pop,suno,train,6307
seg_006308,sample_02201,Kissing Scars - Caleb Lemond,FAKE,1,Pop,suno,train,6308
seg_006309,sample_02202,Kissing Scars - Caleb Lemond,FAKE,1,Pop,suno,train,6309
seg_006310,sample_02202,Kissing Scars - Caleb Lemond,FAKE,1,Pop,suno,train,6310
seg_006311,sample_02202,Kissing Scars - Caleb Lemond,FAKE,1,Pop,suno,train,6311
seg_006312,sample_02203,kolorowe wody - Katapulto,FAKE,1,Pop,suno,train,6312
seg_006313,sample_02203,kolorowe wody - Katapulto,FAKE,1,Pop,suno,train,6313
seg_006314,sample_02203,kolorowe wody - Katapulto,FAKE,1,Pop,suno,train,6314
seg_006315,sample_02204,kolorowe wody - Katapulto,FAKE,1,Pop,suno,train,6315
seg_006316,sample_02204,kolorowe wody - Katapulto,FAKE,1,Pop,suno,train,6316
seg_006317,sample_02204,kolorowe wody - Katapulto,FAKE,1,Pop,suno,train,6317
seg_006318,sample_02205,"Lackadaisical - Oh Yeah, the Future",FAKE,1,Pop,suno,train,6318
seg_006319,sample_02205,"Lackadaisical - Oh Yeah, the Future",FAKE,1,Pop,suno,train,6319
seg_006320,sample_02205,"Lackadaisical - Oh Yeah, the Future",FAKE,1,Pop,suno,train,6320
seg_006321,sample_02206,"Lackadaisical - Oh Yeah, the Future",FAKE,1,Pop,suno,train,6321
seg_006322,sample_02206,"Lackadaisical - Oh Yeah, the Future",FAKE,1,Pop,suno,train,6322
seg_006323,sample_02206,"Lackadaisical - Oh Yeah, the Future",FAKE,1,Pop,suno,train,6323
seg_006324,sample_02207,"Lovedreams - Oh Yeah, the Future",FAKE,1,Pop,suno,train,6324
seg_006325,sample_02207,"Lovedreams - Oh Yeah, the Future",FAKE,1,Pop,suno,train,6325
seg_006326,sample_02207,"Lovedreams - Oh Yeah, the Future",FAKE,1,Pop,suno,train,6326
seg_006327,sample_02208,"Lovedreams - Oh Yeah, the Future",FAKE,1,Pop,suno,train,6327
seg_006328,sample_02208,"Lovedreams - Oh Yeah, the Future",FAKE,1,Pop,suno,train,6328
seg_006329,sample_02208,"Lovedreams - Oh Yeah, the Future",FAKE,1,Pop,suno,train,6329
seg_006330,sample_02209,Mandrill - Ergo Phizmiz,FAKE,1,Pop,suno,train,6330
seg_006331,sample_02209,Mandrill - Ergo Phizmiz,FAKE,1,Pop,suno,train,6331
seg_006332,sample_02209,Mandrill - Ergo Phizmiz,FAKE,1,Pop,suno,train,6332
seg_006333,sample_02210,Mandrill - Ergo Phizmiz,FAKE,1,Pop,suno,train,6333
seg_006334,sample_02210,Mandrill - Ergo Phizmiz,FAKE,1,Pop,suno,train,6334
seg_006335,sample_02210,Mandrill - Ergo Phizmiz,FAKE,1,Pop,suno,train,6335
seg_006336,sample_02211,mc trabalenguas - Volumina,FAKE,1,Pop,suno,train,6336
seg_006337,sample_02211,mc trabalenguas - Volumina,FAKE,1,Pop,suno,train,6337
seg_006338,sample_02211,mc trabalenguas - Volumina,FAKE,1,Pop,suno,train,6338
seg_006339,sample_02212,mc trabalenguas - Volumina,FAKE,1,Pop,suno,train,6339
seg_006340,sample_02212,mc trabalenguas - Volumina,FAKE,1,Pop,suno,train,6340
seg_006341,sample_02212,mc trabalenguas - Volumina,FAKE,1,Pop,suno,train,6341
seg_006342,sample_02213,Monkeystage - Ergo Phizmiz,FAKE,1,Pop,suno,train,6342
seg_006343,sample_02213,Monkeystage - Ergo Phizmiz,FAKE,1,Pop,suno,train,6343
seg_006344,sample_02213,Monkeystage - Ergo Phizmiz,FAKE,1,Pop,suno,train,6344
seg_006345,sample_02214,Monkeystage - Ergo Phizmiz,FAKE,1,Pop,suno,train,6345
seg_006346,sample_02214,Monkeystage - Ergo Phizmiz,FAKE,1,Pop,suno,train,6346
seg_006347,sample_02214,Monkeystage - Ergo Phizmiz,FAKE,1,Pop,suno,train,6347
seg_006348,sample_02215,Motocross Mania - Monroeville Music Center,FAKE,1,Pop,suno,test,6348
seg_006349,sample_02215,Motocross Mania - Monroeville Music Center,FAKE,1,Pop,suno,test,6349
seg_006350,sample_02215,Motocross Mania - Monroeville Music Center,FAKE,1,Pop,suno,test,6350
seg_006351,sample_02216,Motocross Mania - Monroeville Music Center,FAKE,1,Pop,suno,test,6351
seg_006352,sample_02216,Motocross Mania - Monroeville Music Center,FAKE,1,Pop,suno,test,6352
seg_006353,sample_02216,Motocross Mania - Monroeville Music Center,FAKE,1,Pop,suno,test,6353
seg_006354,sample_02217,Music For an Underground Circu - Ergo Phizmiz,FAKE,1,Pop,suno,test,6354
seg_006355,sample_02217,Music For an Underground Circu - Ergo Phizmiz,FAKE,1,Pop,suno,test,6355
seg_006356,sample_02217,Music For an Underground Circu - Ergo Phizmiz,FAKE,1,Pop,suno,test,6356
seg_006357,sample_02218,Music For an Underground Circu - Ergo Phizmiz,FAKE,1,Pop,suno,test,6357
seg_006358,sample_02218,Music For an Underground Circu - Ergo Phizmiz,FAKE,1,Pop,suno,test,6358
seg_006359,sample_02218,Music For an Underground Circu - Ergo Phizmiz,FAKE,1,Pop,suno,test,6359
seg_006360,sample_02219,Nature Is Over / Defined - Bird Names,FAKE,1,Pop,suno,train,6360
seg_006361,sample_02219,Nature Is Over / Defined - Bird Names,FAKE,1,Pop,suno,train,6361
seg_006362,sample_02219,Nature Is Over / Defined - Bird Names,FAKE,1,Pop,suno,train,6362
seg_006363,sample_02220,Nature Is Over / Defined - Bird Names,FAKE,1,Pop,suno,train,6363
seg_006364,sample_02220,Nature Is Over / Defined - Bird Names,FAKE,1,Pop,suno,train,6364
seg_006365,sample_02220,Nature Is Over / Defined - Bird Names,FAKE,1,Pop,suno,train,6365
seg_006366,sample_02221,New Life (take 1) - Bird Names,FAKE,1,Pop,suno,val,6366
seg_006367,sample_02221,New Life (take 1) - Bird Names,FAKE,1,Pop,suno,val,6367
seg_006368,sample_02221,New Life (take 1) - Bird Names,FAKE,1,Pop,suno,val,6368
seg_006369,sample_02222,New Life (take 1) - Bird Names,FAKE,1,Pop,suno,val,6369
seg_006370,sample_02222,New Life (take 1) - Bird Names,FAKE,1,Pop,suno,val,6370
seg_006371,sample_02222,New Life (take 1) - Bird Names,FAKE,1,Pop,suno,val,6371
seg_006372,sample_02223,Norweigian Wood II - Bird Names,FAKE,1,Pop,suno,val,6372
seg_006373,sample_02223,Norweigian Wood II - Bird Names,FAKE,1,Pop,suno,val,6373
seg_006374,sample_02223,Norweigian Wood II - Bird Names,FAKE,1,Pop,suno,val,6374
seg_006375,sample_02224,Norweigian Wood II - Bird Names,FAKE,1,Pop,suno,val,6375
seg_006376,sample_02224,Norweigian Wood II - Bird Names,FAKE,1,Pop,suno,val,6376
seg_006377,sample_02224,Norweigian Wood II - Bird Names,FAKE,1,Pop,suno,val,6377
seg_006378,sample_02225,On My Mind - Ergo Phizmiz,FAKE,1,Pop,suno,train,6378
seg_006379,sample_02225,On My Mind - Ergo Phizmiz,FAKE,1,Pop,suno,train,6379
seg_006380,sample_02225,On My Mind - Ergo Phizmiz,FAKE,1,Pop,suno,train,6380
seg_006381,sample_02226,On My Mind - Ergo Phizmiz,FAKE,1,Pop,suno,train,6381
seg_006382,sample_02226,On My Mind - Ergo Phizmiz,FAKE,1,Pop,suno,train,6382
seg_006383,sample_02226,On My Mind - Ergo Phizmiz,FAKE,1,Pop,suno,train,6383
seg_006384,sample_02227,philcollins takes your hand - Katapulto,FAKE,1,Pop,suno,train,6384
seg_006385,sample_02227,philcollins takes your hand - Katapulto,FAKE,1,Pop,suno,train,6385
seg_006386,sample_02227,philcollins takes your hand - Katapulto,FAKE,1,Pop,suno,train,6386
seg_006387,sample_02228,philcollins takes your hand - Katapulto,FAKE,1,Pop,suno,train,6387
seg_006388,sample_02228,philcollins takes your hand - Katapulto,FAKE,1,Pop,suno,train,6388
seg_006389,sample_02228,philcollins takes your hand - Katapulto,FAKE,1,Pop,suno,train,6389
seg_006390,sample_02229,purity & danger - Katapulto,FAKE,1,Pop,suno,train,6390
seg_006391,sample_02229,purity & danger - Katapulto,FAKE,1,Pop,suno,train,6391
seg_006392,sample_02229,purity & danger - Katapulto,FAKE,1,Pop,suno,train,6392
seg_006393,sample_02230,purity & danger - Katapulto,FAKE,1,Pop,suno,train,6393
seg_006394,sample_02230,purity & danger - Katapulto,FAKE,1,Pop,suno,train,6394
seg_006395,sample_02230,purity & danger - Katapulto,FAKE,1,Pop,suno,train,6395
seg_006396,sample_02231,Roller Star - Monroeville Music Center,FAKE,1,Pop,suno,val,6396
seg_006397,sample_02231,Roller Star - Monroeville Music Center,FAKE,1,Pop,suno,val,6397
seg_006398,sample_02231,Roller Star - Monroeville Music Center,FAKE,1,Pop,suno,val,6398
seg_006399,sample_02232,Roller Star - Monroeville Music Center,FAKE,1,Pop,suno,val,6399
seg_006400,sample_02232,Roller Star - Monroeville Music Center,FAKE,1,Pop,suno,val,6400
seg_006401,sample_02232,Roller Star - Monroeville Music Center,FAKE,1,Pop,suno,val,6401
seg_006402,sample_02233,"Roundtrip - Oh Yeah, the Future",FAKE,1,Pop,suno,val,6402
seg_006403,sample_02233,"Roundtrip - Oh Yeah, the Future",FAKE,1,Pop,suno,val,6403
seg_006404,sample_02233,"Roundtrip - Oh Yeah, the Future",FAKE,1,Pop,suno,val,6404
seg_006405,sample_02234,"Roundtrip - Oh Yeah, the Future",FAKE,1,Pop,suno,val,6405
seg_006406,sample_02234,"Roundtrip - Oh Yeah, the Future",FAKE,1,Pop,suno,val,6406
seg_006407,sample_02234,"Roundtrip - Oh Yeah, the Future",FAKE,1,Pop,suno,val,6407
seg_006408,sample_02235,Shadow Government - Bird Names,FAKE,1,Pop,suno,train,6408
seg_006409,sample_02235,Shadow Government - Bird Names,FAKE,1,Pop,suno,train,6409
seg_006410,sample_02235,Shadow Government - Bird Names,FAKE,1,Pop,suno,train,6410
seg_006411,sample_02236,Shadow Government - Bird Names,FAKE,1,Pop,suno,train,6411
seg_006412,sample_02236,Shadow Government - Bird Names,FAKE,1,Pop,suno,train,6412
seg_006413,sample_02236,Shadow Government - Bird Names,FAKE,1,Pop,suno,train,6413
seg_006414,sample_02237,She Works / Tepid Waters - Bird Names,FAKE,1,Pop,suno,test,6414
seg_006415,sample_02237,She Works / Tepid Waters - Bird Names,FAKE,1,Pop,suno,test,6415
seg_006416,sample_02237,She Works / Tepid Waters - Bird Names,FAKE,1,Pop,suno,test,6416
seg_006417,sample_02238,She Works / Tepid Waters - Bird Names,FAKE,1,Pop,suno,test,6417
seg_006418,sample_02238,She Works / Tepid Waters - Bird Names,FAKE,1,Pop,suno,test,6418
seg_006419,sample_02238,She Works / Tepid Waters - Bird Names,FAKE,1,Pop,suno,test,6419
seg_006420,sample_02239,Soleares&beats - Malaventura,FAKE,1,Pop,suno,val,6420
seg_006421,sample_02239,Soleares&beats - Malaventura,FAKE,1,Pop,suno,val,6421
seg_006422,sample_02239,Soleares&beats - Malaventura,FAKE,1,Pop,suno,val,6422
seg_006423,sample_02240,Soleares&beats - Malaventura,FAKE,1,Pop,suno,val,6423
seg_006424,sample_02240,Soleares&beats - Malaventura,FAKE,1,Pop,suno,val,6424
seg_006425,sample_02240,Soleares&beats - Malaventura,FAKE,1,Pop,suno,val,6425
seg_006426,sample_02241,Something Dirty - Ergo Phizmiz,FAKE,1,Pop,suno,test,6426
seg_006427,sample_02241,Something Dirty - Ergo Phizmiz,FAKE,1,Pop,suno,test,6427
seg_006428,sample_02241,Something Dirty - Ergo Phizmiz,FAKE,1,Pop,suno,test,6428
seg_006429,sample_02242,Something Dirty - Ergo Phizmiz,FAKE,1,Pop,suno,test,6429
seg_006430,sample_02242,Something Dirty - Ergo Phizmiz,FAKE,1,Pop,suno,test,6430
seg_006431,sample_02242,Something Dirty - Ergo Phizmiz,FAKE,1,Pop,suno,test,6431
seg_006432,sample_02243,Spanish BEEEYYAAACHHH - Malaventura,FAKE,1,Pop,suno,train,6432
seg_006433,sample_02243,Spanish BEEEYYAAACHHH - Malaventura,FAKE,1,Pop,suno,train,6433
seg_006434,sample_02243,Spanish BEEEYYAAACHHH - Malaventura,FAKE,1,Pop,suno,train,6434
seg_006435,sample_02244,Spanish BEEEYYAAACHHH - Malaventura,FAKE,1,Pop,suno,train,6435
seg_006436,sample_02244,Spanish BEEEYYAAACHHH - Malaventura,FAKE,1,Pop,suno,train,6436
seg_006437,sample_02244,Spanish BEEEYYAAACHHH - Malaventura,FAKE,1,Pop,suno,train,6437
seg_006438,sample_02245,Stockholm Syndrome / People Should Be More Aware - Bird Names,FAKE,1,Pop,suno,val,6438
seg_006439,sample_02245,Stockholm Syndrome / People Should Be More Aware - Bird Names,FAKE,1,Pop,suno,val,6439
seg_006440,sample_02245,Stockholm Syndrome / People Should Be More Aware - Bird Names,FAKE,1,Pop,suno,val,6440
seg_006441,sample_02246,Stockholm Syndrome / People Should Be More Aware - Bird Names,FAKE,1,Pop,suno,val,6441
seg_006442,sample_02246,Stockholm Syndrome / People Should Be More Aware - Bird Names,FAKE,1,Pop,suno,val,6442
seg_006443,sample_02246,Stockholm Syndrome / People Should Be More Aware - Bird Names,FAKE,1,Pop,suno,val,6443
seg_006444,sample_02247,The Cave of Time - Monroeville Music Center,FAKE,1,Pop,suno,train,6444
seg_006445,sample_02247,The Cave of Time - Monroeville Music Center,FAKE,1,Pop,suno,train,6445
seg_006446,sample_02247,The Cave of Time - Monroeville Music Center,FAKE,1,Pop,suno,train,6446
seg_006447,sample_02248,The Cave of Time - Monroeville Music Center,FAKE,1,Pop,suno,train,6447
seg_006448,sample_02248,The Cave of Time - Monroeville Music Center,FAKE,1,Pop,suno,train,6448
seg_006449,sample_02248,The Cave of Time - Monroeville Music Center,FAKE,1,Pop,suno,train,6449
seg_006450,sample_02249,The Coldest Winter - Caleb Lemond,FAKE,1,Pop,suno,train,6450
seg_006451,sample_02249,The Coldest Winter - Caleb Lemond,FAKE,1,Pop,suno,train,6451
seg_006452,sample_02249,The Coldest Winter - Caleb Lemond,FAKE,1,Pop,suno,train,6452
seg_006453,sample_02250,The Coldest Winter - Caleb Lemond,FAKE,1,Pop,suno,train,6453
seg_006454,sample_02250,The Coldest Winter - Caleb Lemond,FAKE,1,Pop,suno,train,6454
seg_006455,sample_02250,The Coldest Winter - Caleb Lemond,FAKE,1,Pop,suno,train,6455
seg_006456,sample_02251,The Dream and the Dreamer - Caleb Lemond,FAKE,1,Pop,suno,train,6456
seg_006457,sample_02251,The Dream and the Dreamer - Caleb Lemond,FAKE,1,Pop,suno,train,6457
seg_006458,sample_02251,The Dream and the Dreamer - Caleb Lemond,FAKE,1,Pop,suno,train,6458
seg_006459,sample_02252,The Dream and the Dreamer - Caleb Lemond,FAKE,1,Pop,suno,train,6459
seg_006460,sample_02252,The Dream and the Dreamer - Caleb Lemond,FAKE,1,Pop,suno,train,6460
seg_006461,sample_02252,The Dream and the Dreamer - Caleb Lemond,FAKE,1,Pop,suno,train,6461
seg_006462,sample_02253,The plot - Malaventura,FAKE,1,Pop,suno,train,6462
seg_006463,sample_02253,The plot - Malaventura,FAKE,1,Pop,suno,train,6463
seg_006464,sample_02253,The plot - Malaventura,FAKE,1,Pop,suno,train,6464
seg_006465,sample_02254,The plot - Malaventura,FAKE,1,Pop,suno,train,6465
seg_006466,sample_02254,The plot - Malaventura,FAKE,1,Pop,suno,train,6466
seg_006467,sample_02254,The plot - Malaventura,FAKE,1,Pop,suno,train,6467
seg_006468,sample_02255,The Race Forever - Monroeville Music Center,FAKE,1,Pop,suno,train,6468
seg_006469,sample_02255,The Race Forever - Monroeville Music Center,FAKE,1,Pop,suno,train,6469
seg_006470,sample_02255,The Race Forever - Monroeville Music Center,FAKE,1,Pop,suno,train,6470
seg_006471,sample_02256,The Race Forever - Monroeville Music Center,FAKE,1,Pop,suno,train,6471
seg_006472,sample_02256,The Race Forever - Monroeville Music Center,FAKE,1,Pop,suno,train,6472
seg_006473,sample_02256,The Race Forever - Monroeville Music Center,FAKE,1,Pop,suno,train,6473
seg_006474,sample_02257,The Reality Machine - Monroeville Music Center,FAKE,1,Pop,suno,train,6474
seg_006475,sample_02257,The Reality Machine - Monroeville Music Center,FAKE,1,Pop,suno,train,6475
seg_006476,sample_02257,The Reality Machine - Monroeville Music Center,FAKE,1,Pop,suno,train,6476
seg_006477,sample_02258,The Reality Machine - Monroeville Music Center,FAKE,1,Pop,suno,train,6477
seg_006478,sample_02258,The Reality Machine - Monroeville Music Center,FAKE,1,Pop,suno,train,6478
seg_006479,sample_02258,The Reality Machine - Monroeville Music Center,FAKE,1,Pop,suno,train,6479
seg_006480,sample_02259,Time Is Love - Silence is full of birds,FAKE,1,Pop,suno,val,6480
seg_006481,sample_02259,Time Is Love - Silence is full of birds,FAKE,1,Pop,suno,val,6481
seg_006482,sample_02259,Time Is Love - Silence is full of birds,FAKE,1,Pop,suno,val,6482
seg_006483,sample_02260,Time Is Love - Silence is full of birds,FAKE,1,Pop,suno,val,6483
seg_006484,sample_02260,Time Is Love - Silence is full of birds,FAKE,1,Pop,suno,val,6484
seg_006485,sample_02260,Time Is Love - Silence is full of birds,FAKE,1,Pop,suno,val,6485
seg_006486,sample_02261,Troubles I've seen - Malaventura,FAKE,1,Pop,suno,test,6486
seg_006487,sample_02261,Troubles I've seen - Malaventura,FAKE,1,Pop,suno,test,6487
seg_006488,sample_02261,Troubles I've seen - Malaventura,FAKE,1,Pop,suno,test,6488
seg_006489,sample_02262,Troubles I've seen - Malaventura,FAKE,1,Pop,suno,test,6489
seg_006490,sample_02262,Troubles I've seen - Malaventura,FAKE,1,Pop,suno,test,6490
seg_006491,sample_02262,Troubles I've seen - Malaventura,FAKE,1,Pop,suno,test,6491
seg_006492,sample_02263,We Are Canucks - David Blair,FAKE,1,Pop,suno,train,6492
seg_006493,sample_02263,We Are Canucks - David Blair,FAKE,1,Pop,suno,train,6493
seg_006494,sample_02263,We Are Canucks - David Blair,FAKE,1,Pop,suno,train,6494
seg_006495,sample_02264,We Are Canucks - David Blair,FAKE,1,Pop,suno,train,6495
seg_006496,sample_02264,We Are Canucks - David Blair,FAKE,1,Pop,suno,train,6496
seg_006497,sample_02264,We Are Canucks - David Blair,FAKE,1,Pop,suno,train,6497
seg_006498,sample_02265,Yoko live at FoEG - Emma Acs,FAKE,1,Pop,suno,train,6498
seg_006499,sample_02265,Yoko live at FoEG - Emma Acs,FAKE,1,Pop,suno,train,6499
seg_006500,sample_02265,Yoko live at FoEG - Emma Acs,FAKE,1,Pop,suno,train,6500
seg_006501,sample_02266,Yoko live at FoEG - Emma Acs,FAKE,1,Pop,suno,train,6501
seg_006502,sample_02266,Yoko live at FoEG - Emma Acs,FAKE,1,Pop,suno,train,6502
seg_006503,sample_02266,Yoko live at FoEG - Emma Acs,FAKE,1,Pop,suno,train,6503
seg_006504,sample_02267,You Are A Monster - Monroeville Music Center,FAKE,1,Pop,suno,train,6504
seg_006505,sample_02267,You Are A Monster - Monroeville Music Center,FAKE,1,Pop,suno,train,6505
seg_006506,sample_02267,You Are A Monster - Monroeville Music Center,FAKE,1,Pop,suno,train,6506
seg_006507,sample_02268,You Are A Monster - Monroeville Music Center,FAKE,1,Pop,suno,train,6507
seg_006508,sample_02268,You Are A Monster - Monroeville Music Center,FAKE,1,Pop,suno,train,6508
seg_006509,sample_02268,You Are A Monster - Monroeville Music Center,FAKE,1,Pop,suno,train,6509
seg_006510,sample_02269,zero rhythm dollar boy - Katapulto,FAKE,1,Pop,suno,train,6510
seg_006511,sample_02269,zero rhythm dollar boy - Katapulto,FAKE,1,Pop,suno,train,6511
seg_006512,sample_02269,zero rhythm dollar boy - Katapulto,FAKE,1,Pop,suno,train,6512
seg_006513,sample_02270,zero rhythm dollar boy - Katapulto,FAKE,1,Pop,suno,train,6513
seg_006514,sample_02270,zero rhythm dollar boy - Katapulto,FAKE,1,Pop,suno,train,6514
seg_006515,sample_02270,zero rhythm dollar boy - Katapulto,FAKE,1,Pop,suno,train,6515
seg_006516,sample_02271,"November 25, 2007 - Kenneth Kirschner",FAKE,1,Electronic,suno,train,6516
seg_006517,sample_02271,"November 25, 2007 - Kenneth Kirschner",FAKE,1,Electronic,suno,train,6517
seg_006518,sample_02271,"November 25, 2007 - Kenneth Kirschner",FAKE,1,Electronic,suno,train,6518
seg_006519,sample_02272,1984 - Punk Rock Opera,FAKE,1,Rock,suno,train,6519
seg_006520,sample_02272,1984 - Punk Rock Opera,FAKE,1,Rock,suno,train,6520
seg_006521,sample_02272,1984 - Punk Rock Opera,FAKE,1,Rock,suno,train,6521
seg_006522,sample_02273,2 (Wasn't There) - Isle of Pine,FAKE,1,Rock,suno,val,6522
seg_006523,sample_02273,2 (Wasn't There) - Isle of Pine,FAKE,1,Rock,suno,val,6523
seg_006524,sample_02273,2 (Wasn't There) - Isle of Pine,FAKE,1,Rock,suno,val,6524
seg_006525,sample_02274,2 (Wasn't There) - Isle of Pine,FAKE,1,Rock,suno,val,6525
seg_006526,sample_02274,2 (Wasn't There) - Isle of Pine,FAKE,1,Rock,suno,val,6526
seg_006527,sample_02274,2 (Wasn't There) - Isle of Pine,FAKE,1,Rock,suno,val,6527
seg_006528,sample_02275,Attention - Pete Prodoehl,FAKE,1,Rock,suno,test,6528
seg_006529,sample_02275,Attention - Pete Prodoehl,FAKE,1,Rock,suno,test,6529
seg_006530,sample_02275,Attention - Pete Prodoehl,FAKE,1,Rock,suno,test,6530
seg_006531,sample_02276,Attention - Pete Prodoehl,FAKE,1,Rock,suno,test,6531
seg_006532,sample_02276,Attention - Pete Prodoehl,FAKE,1,Rock,suno,test,6532
seg_006533,sample_02276,Attention - Pete Prodoehl,FAKE,1,Rock,suno,test,6533
seg_006534,sample_02277,Colossal Stillness - Scott Holmes,FAKE,1,Rock,suno,train,6534
seg_006535,sample_02277,Colossal Stillness - Scott Holmes,FAKE,1,Rock,suno,train,6535
seg_006536,sample_02277,Colossal Stillness - Scott Holmes,FAKE,1,Rock,suno,train,6536
seg_006537,sample_02278,Colossal Stillness - Scott Holmes,FAKE,1,Rock,suno,train,6537
seg_006538,sample_02278,Colossal Stillness - Scott Holmes,FAKE,1,Rock,suno,train,6538
seg_006539,sample_02278,Colossal Stillness - Scott Holmes,FAKE,1,Rock,suno,train,6539
seg_006540,sample_02279,Crossing - Los Llamarada,FAKE,1,Rock,suno,train,6540
seg_006541,sample_02279,Crossing - Los Llamarada,FAKE,1,Rock,suno,train,6541
seg_006542,sample_02279,Crossing - Los Llamarada,FAKE,1,Rock,suno,train,6542
seg_006543,sample_02280,Crossing - Los Llamarada,FAKE,1,Rock,suno,train,6543
seg_006544,sample_02280,Crossing - Los Llamarada,FAKE,1,Rock,suno,train,6544
seg_006545,sample_02280,Crossing - Los Llamarada,FAKE,1,Rock,suno,train,6545
seg_006546,sample_02281,Digital Lightning - Cloudkicker,FAKE,1,Rock,suno,train,6546
seg_006547,sample_02281,Digital Lightning - Cloudkicker,FAKE,1,Rock,suno,train,6547
seg_006548,sample_02281,Digital Lightning - Cloudkicker,FAKE,1,Rock,suno,train,6548
seg_006549,sample_02282,Digital Lightning - Cloudkicker,FAKE,1,Rock,suno,train,6549
seg_006550,sample_02282,Digital Lightning - Cloudkicker,FAKE,1,Rock,suno,train,6550
seg_006551,sample_02282,Digital Lightning - Cloudkicker,FAKE,1,Rock,suno,train,6551
seg_006552,sample_02283,Empty Pockets - Pete Prodoehl,FAKE,1,Rock,suno,val,6552
seg_006553,sample_02283,Empty Pockets - Pete Prodoehl,FAKE,1,Rock,suno,val,6553
seg_006554,sample_02283,Empty Pockets - Pete Prodoehl,FAKE,1,Rock,suno,val,6554
seg_006555,sample_02284,Empty Pockets - Pete Prodoehl,FAKE,1,Rock,suno,val,6555
seg_006556,sample_02284,Empty Pockets - Pete Prodoehl,FAKE,1,Rock,suno,val,6556
seg_006557,sample_02284,Empty Pockets - Pete Prodoehl,FAKE,1,Rock,suno,val,6557
seg_006558,sample_02285,Forest Silence - Serpentarivm,FAKE,1,Rock,suno,train,6558
seg_006559,sample_02285,Forest Silence - Serpentarivm,FAKE,1,Rock,suno,train,6559
seg_006560,sample_02285,Forest Silence - Serpentarivm,FAKE,1,Rock,suno,train,6560
seg_006561,sample_02286,Forest Silence - Serpentarivm,FAKE,1,Rock,suno,train,6561
seg_006562,sample_02286,Forest Silence - Serpentarivm,FAKE,1,Rock,suno,train,6562
seg_006563,sample_02286,Forest Silence - Serpentarivm,FAKE,1,Rock,suno,train,6563
seg_006564,sample_02287,Formic Acid for Blood - Punk Rock Opera,FAKE,1,Rock,suno,train,6564
seg_006565,sample_02287,Formic Acid for Blood - Punk Rock Opera,FAKE,1,Rock,suno,train,6565
seg_006566,sample_02287,Formic Acid for Blood - Punk Rock Opera,FAKE,1,Rock,suno,train,6566
seg_006567,sample_02288,Formic Acid for Blood - Punk Rock Opera,FAKE,1,Rock,suno,train,6567
seg_006568,sample_02288,Formic Acid for Blood - Punk Rock Opera,FAKE,1,Rock,suno,train,6568
seg_006569,sample_02288,Formic Acid for Blood - Punk Rock Opera,FAKE,1,Rock,suno,train,6569
seg_006570,sample_02289,Gila Monster Flop/Music History Lesson:The Sonics - The Crypts!,FAKE,1,Rock,suno,val,6570
seg_006571,sample_02289,Gila Monster Flop/Music History Lesson:The Sonics - The Crypts!,FAKE,1,Rock,suno,val,6571
seg_006572,sample_02289,Gila Monster Flop/Music History Lesson:The Sonics - The Crypts!,FAKE,1,Rock,suno,val,6572
seg_006573,sample_02290,Gila Monster Flop/Music History Lesson:The Sonics - The Crypts!,FAKE,1,Rock,suno,val,6573
seg_006574,sample_02290,Gila Monster Flop/Music History Lesson:The Sonics - The Crypts!,FAKE,1,Rock,suno,val,6574
seg_006575,sample_02290,Gila Monster Flop/Music History Lesson:The Sonics - The Crypts!,FAKE,1,Rock,suno,val,6575
seg_006576,sample_02291,"Head of Ancante, Talking Tree - Ak'chamel, The Giver of Illness",FAKE,1,Rock,suno,test,6576
seg_006577,sample_02291,"Head of Ancante, Talking Tree - Ak'chamel, The Giver of Illness",FAKE,1,Rock,suno,test,6577
seg_006578,sample_02291,"Head of Ancante, Talking Tree - Ak'chamel, The Giver of Illness",FAKE,1,Rock,suno,test,6578
seg_006579,sample_02292,"Head of Ancante, Talking Tree - Ak'chamel, The Giver of Illness",FAKE,1,Rock,suno,test,6579
seg_006580,sample_02292,"Head of Ancante, Talking Tree - Ak'chamel, The Giver of Illness",FAKE,1,Rock,suno,test,6580
seg_006581,sample_02292,"Head of Ancante, Talking Tree - Ak'chamel, The Giver of Illness",FAKE,1,Rock,suno,test,6581
seg_006582,sample_02293,I Dream So Vividly - Uninhabitable Mansions,FAKE,1,Rock,suno,train,6582
seg_006583,sample_02293,I Dream So Vividly - Uninhabitable Mansions,FAKE,1,Rock,suno,train,6583
seg_006584,sample_02293,I Dream So Vividly - Uninhabitable Mansions,FAKE,1,Rock,suno,train,6584
seg_006585,sample_02294,I Dream So Vividly - Uninhabitable Mansions,FAKE,1,Rock,suno,train,6585
seg_006586,sample_02294,I Dream So Vividly - Uninhabitable Mansions,FAKE,1,Rock,suno,train,6586
seg_006587,sample_02294,I Dream So Vividly - Uninhabitable Mansions,FAKE,1,Rock,suno,train,6587
seg_006588,sample_02295,I Fell - Mod Fun,FAKE,1,Rock,suno,val,6588
seg_006589,sample_02295,I Fell - Mod Fun,FAKE,1,Rock,suno,val,6589
seg_006590,sample_02295,I Fell - Mod Fun,FAKE,1,Rock,suno,val,6590
seg_006591,sample_02296,I Fell - Mod Fun,FAKE,1,Rock,suno,val,6591
seg_006592,sample_02296,I Fell - Mod Fun,FAKE,1,Rock,suno,val,6592
seg_006593,sample_02296,I Fell - Mod Fun,FAKE,1,Rock,suno,val,6593
seg_006594,sample_02297,Infinite Light - Pipe Choir,FAKE,1,Rock,suno,train,6594
seg_006595,sample_02297,Infinite Light - Pipe Choir,FAKE,1,Rock,suno,train,6595
seg_006596,sample_02297,Infinite Light - Pipe Choir,FAKE,1,Rock,suno,train,6596
seg_006597,sample_02298,Infinite Light - Pipe Choir,FAKE,1,Rock,suno,train,6597
seg_006598,sample_02298,Infinite Light - Pipe Choir,FAKE,1,Rock,suno,train,6598
seg_006599,sample_02298,Infinite Light - Pipe Choir,FAKE,1,Rock,suno,train,6599
seg_006600,sample_02299,I - Inflammator,FAKE,1,Rock,suno,test,6600
seg_006601,sample_02299,I - Inflammator,FAKE,1,Rock,suno,test,6601
seg_006602,sample_02299,I - Inflammator,FAKE,1,Rock,suno,test,6602
seg_006603,sample_02300,I - Inflammator,FAKE,1,Rock,suno,test,6603
seg_006604,sample_02300,I - Inflammator,FAKE,1,Rock,suno,test,6604
seg_006605,sample_02300,I - Inflammator,FAKE,1,Rock,suno,test,6605
seg_006606,sample_02301,Johnny I Lie - The Moi Non Plus,FAKE,1,Rock,suno,train,6606
seg_006607,sample_02301,Johnny I Lie - The Moi Non Plus,FAKE,1,Rock,suno,train,6607
seg_006608,sample_02301,Johnny I Lie - The Moi Non Plus,FAKE,1,Rock,suno,train,6608
seg_006609,sample_02302,Johnny I Lie - The Moi Non Plus,FAKE,1,Rock,suno,train,6609
seg_006610,sample_02302,Johnny I Lie - The Moi Non Plus,FAKE,1,Rock,suno,train,6610
seg_006611,sample_02302,Johnny I Lie - The Moi Non Plus,FAKE,1,Rock,suno,train,6611
seg_006612,sample_02303,KOMFORT - voyageurs,FAKE,1,Rock,suno,train,6612
seg_006613,sample_02303,KOMFORT - voyageurs,FAKE,1,Rock,suno,train,6613
seg_006614,sample_02303,KOMFORT - voyageurs,FAKE,1,Rock,suno,train,6614
seg_006615,sample_02304,KOMFORT - voyageurs,FAKE,1,Rock,suno,train,6615
seg_006616,sample_02304,KOMFORT - voyageurs,FAKE,1,Rock,suno,train,6616
seg_006617,sample_02304,KOMFORT - voyageurs,FAKE,1,Rock,suno,train,6617
seg_006618,sample_02305,LIQUID SKULLS - voyageurs,FAKE,1,Rock,suno,test,6618
seg_006619,sample_02305,LIQUID SKULLS - voyageurs,FAKE,1,Rock,suno,test,6619
seg_006620,sample_02305,LIQUID SKULLS - voyageurs,FAKE,1,Rock,suno,test,6620
seg_006621,sample_02306,LIQUID SKULLS - voyageurs,FAKE,1,Rock,suno,test,6621
seg_006622,sample_02306,LIQUID SKULLS - voyageurs,FAKE,1,Rock,suno,test,6622
seg_006623,sample_02306,LIQUID SKULLS - voyageurs,FAKE,1,Rock,suno,test,6623
seg_006624,sample_02307,Lost Paradise - Autumn Interlude,FAKE,1,Rock,suno,train,6624
seg_006625,sample_02307,Lost Paradise - Autumn Interlude,FAKE,1,Rock,suno,train,6625
seg_006626,sample_02307,Lost Paradise - Autumn Interlude,FAKE,1,Rock,suno,train,6626
seg_006627,sample_02308,Lost Paradise - Autumn Interlude,FAKE,1,Rock,suno,train,6627
seg_006628,sample_02308,Lost Paradise - Autumn Interlude,FAKE,1,Rock,suno,train,6628
seg_006629,sample_02308,Lost Paradise - Autumn Interlude,FAKE,1,Rock,suno,train,6629
seg_006630,sample_02309,Love Dream - The Zombie Dandies,FAKE,1,Rock,suno,test,6630
seg_006631,sample_02309,Love Dream - The Zombie Dandies,FAKE,1,Rock,suno,test,6631
seg_006632,sample_02309,Love Dream - The Zombie Dandies,FAKE,1,Rock,suno,test,6632
seg_006633,sample_02310,Love Dream - The Zombie Dandies,FAKE,1,Rock,suno,test,6633
seg_006634,sample_02310,Love Dream - The Zombie Dandies,FAKE,1,Rock,suno,test,6634
seg_006635,sample_02310,Love Dream - The Zombie Dandies,FAKE,1,Rock,suno,test,6635
seg_006636,sample_02311,March of the GPA Mechanics - [t]ghost,FAKE,1,Rock,suno,val,6636
seg_006637,sample_02311,March of the GPA Mechanics - [t]ghost,FAKE,1,Rock,suno,val,6637
seg_006638,sample_02311,March of the GPA Mechanics - [t]ghost,FAKE,1,Rock,suno,val,6638
seg_006639,sample_02312,March of the GPA Mechanics - [t]ghost,FAKE,1,Rock,suno,val,6639
seg_006640,sample_02312,March of the GPA Mechanics - [t]ghost,FAKE,1,Rock,suno,val,6640
seg_006641,sample_02312,March of the GPA Mechanics - [t]ghost,FAKE,1,Rock,suno,val,6641
seg_006642,sample_02313,Mettle - Pipe Choir,FAKE,1,Rock,suno,train,6642
seg_006643,sample_02313,Mettle - Pipe Choir,FAKE,1,Rock,suno,train,6643
seg_006644,sample_02313,Mettle - Pipe Choir,FAKE,1,Rock,suno,train,6644
seg_006645,sample_02314,Mettle - Pipe Choir,FAKE,1,Rock,suno,train,6645
seg_006646,sample_02314,Mettle - Pipe Choir,FAKE,1,Rock,suno,train,6646
seg_006647,sample_02314,Mettle - Pipe Choir,FAKE,1,Rock,suno,train,6647
seg_006648,sample_02315,Millitary Industrial Complex - Punk Rock Opera,FAKE,1,Rock,suno,train,6648
seg_006649,sample_02315,Millitary Industrial Complex - Punk Rock Opera,FAKE,1,Rock,suno,train,6649
seg_006650,sample_02315,Millitary Industrial Complex - Punk Rock Opera,FAKE,1,Rock,suno,train,6650
seg_006651,sample_02316,Millitary Industrial Complex - Punk Rock Opera,FAKE,1,Rock,suno,train,6651
seg_006652,sample_02316,Millitary Industrial Complex - Punk Rock Opera,FAKE,1,Rock,suno,train,6652
seg_006653,sample_02316,Millitary Industrial Complex - Punk Rock Opera,FAKE,1,Rock,suno,train,6653
seg_006654,sample_02317,Mountain Mist - Modey Lemon,FAKE,1,Rock,suno,train,6654
seg_006655,sample_02317,Mountain Mist - Modey Lemon,FAKE,1,Rock,suno,train,6655
seg_006656,sample_02317,Mountain Mist - Modey Lemon,FAKE,1,Rock,suno,train,6656
seg_006657,sample_02318,Mountain Mist - Modey Lemon,FAKE,1,Rock,suno,train,6657
seg_006658,sample_02318,Mountain Mist - Modey Lemon,FAKE,1,Rock,suno,train,6658
seg_006659,sample_02318,Mountain Mist - Modey Lemon,FAKE,1,Rock,suno,train,6659
seg_006660,sample_02319,I - Nocturnal Mayhem,FAKE,1,Rock,suno,train,6660
seg_006661,sample_02319,I - Nocturnal Mayhem,FAKE,1,Rock,suno,train,6661
seg_006662,sample_02319,I - Nocturnal Mayhem,FAKE,1,Rock,suno,train,6662
seg_006663,sample_02320,I - Nocturnal Mayhem,FAKE,1,Rock,suno,train,6663
seg_006664,sample_02320,I - Nocturnal Mayhem,FAKE,1,Rock,suno,train,6664
seg_006665,sample_02320,I - Nocturnal Mayhem,FAKE,1,Rock,suno,train,6665
seg_006666,sample_02321,Nose - DUSTdevils,FAKE,1,Rock,suno,train,6666
seg_006667,sample_02321,Nose - DUSTdevils,FAKE,1,Rock,suno,train,6667
seg_006668,sample_02321,Nose - DUSTdevils,FAKE,1,Rock,suno,train,6668
seg_006669,sample_02322,Nose - DUSTdevils,FAKE,1,Rock,suno,train,6669
seg_006670,sample_02322,Nose - DUSTdevils,FAKE,1,Rock,suno,train,6670
seg_006671,sample_02322,Nose - DUSTdevils,FAKE,1,Rock,suno,train,6671
seg_006672,sample_02323,One Eyed Ghost/This is gonna be a rough show - The Crypts!,FAKE,1,Rock,suno,train,6672
seg_006673,sample_02323,One Eyed Ghost/This is gonna be a rough show - The Crypts!,FAKE,1,Rock,suno,train,6673
seg_006674,sample_02323,One Eyed Ghost/This is gonna be a rough show - The Crypts!,FAKE,1,Rock,suno,train,6674
seg_006675,sample_02324,One Eyed Ghost/This is gonna be a rough show - The Crypts!,FAKE,1,Rock,suno,train,6675
seg_006676,sample_02324,One Eyed Ghost/This is gonna be a rough show - The Crypts!,FAKE,1,Rock,suno,train,6676
seg_006677,sample_02324,One Eyed Ghost/This is gonna be a rough show - The Crypts!,FAKE,1,Rock,suno,train,6677
seg_006678,sample_02325,Roach-Man - Punk Rock Opera,FAKE,1,Rock,suno,train,6678
seg_006679,sample_02325,Roach-Man - Punk Rock Opera,FAKE,1,Rock,suno,train,6679
seg_006680,sample_02325,Roach-Man - Punk Rock Opera,FAKE,1,Rock,suno,train,6680
seg_006681,sample_02326,Roach-Man - Punk Rock Opera,FAKE,1,Rock,suno,train,6681
seg_006682,sample_02326,Roach-Man - Punk Rock Opera,FAKE,1,Rock,suno,train,6682
seg_006683,sample_02326,Roach-Man - Punk Rock Opera,FAKE,1,Rock,suno,train,6683
seg_006684,sample_02327,Robocall - Legally Blind,FAKE,1,Rock,suno,train,6684
seg_006685,sample_02327,Robocall - Legally Blind,FAKE,1,Rock,suno,train,6685
seg_006686,sample_02327,Robocall - Legally Blind,FAKE,1,Rock,suno,train,6686
seg_006687,sample_02328,Robocall - Legally Blind,FAKE,1,Rock,suno,train,6687
seg_006688,sample_02328,Robocall - Legally Blind,FAKE,1,Rock,suno,train,6688
seg_006689,sample_02328,Robocall - Legally Blind,FAKE,1,Rock,suno,train,6689
seg_006690,sample_02329,Roland Garros 2048 - Zoliborz,FAKE,1,Rock,suno,train,6690
seg_006691,sample_02329,Roland Garros 2048 - Zoliborz,FAKE,1,Rock,suno,train,6691
seg_006692,sample_02329,Roland Garros 2048 - Zoliborz,FAKE,1,Rock,suno,train,6692
seg_006693,sample_02330,Roland Garros 2048 - Zoliborz,FAKE,1,Rock,suno,train,6693
seg_006694,sample_02330,Roland Garros 2048 - Zoliborz,FAKE,1,Rock,suno,train,6694
seg_006695,sample_02330,Roland Garros 2048 - Zoliborz,FAKE,1,Rock,suno,train,6695
seg_006696,sample_02331,Scramby Eggs - Andy G. Cohen,FAKE,1,Rock,suno,val,6696
seg_006697,sample_02331,Scramby Eggs - Andy G. Cohen,FAKE,1,Rock,suno,val,6697
seg_006698,sample_02331,Scramby Eggs - Andy G. Cohen,FAKE,1,Rock,suno,val,6698
seg_006699,sample_02332,Scramby Eggs - Andy G. Cohen,FAKE,1,Rock,suno,val,6699
seg_006700,sample_02332,Scramby Eggs - Andy G. Cohen,FAKE,1,Rock,suno,val,6700
seg_006701,sample_02332,Scramby Eggs - Andy G. Cohen,FAKE,1,Rock,suno,val,6701
seg_006702,sample_02333,Sea Monster - The Crypts!,FAKE,1,Rock,suno,train,6702
seg_006703,sample_02333,Sea Monster - The Crypts!,FAKE,1,Rock,suno,train,6703
seg_006704,sample_02333,Sea Monster - The Crypts!,FAKE,1,Rock,suno,train,6704
seg_006705,sample_02334,Sea Monster - The Crypts!,FAKE,1,Rock,suno,train,6705
seg_006706,sample_02334,Sea Monster - The Crypts!,FAKE,1,Rock,suno,train,6706
seg_006707,sample_02334,Sea Monster - The Crypts!,FAKE,1,Rock,suno,train,6707
seg_006708,sample_02335,Sfogare Il Dissenso - Deiezione HC,FAKE,1,Rock,suno,test,6708
seg_006709,sample_02335,Sfogare Il Dissenso - Deiezione HC,FAKE,1,Rock,suno,test,6709
seg_006710,sample_02335,Sfogare Il Dissenso - Deiezione HC,FAKE,1,Rock,suno,test,6710
seg_006711,sample_02336,Sfogare Il Dissenso - Deiezione HC,FAKE,1,Rock,suno,test,6711
seg_006712,sample_02336,Sfogare Il Dissenso - Deiezione HC,FAKE,1,Rock,suno,test,6712
seg_006713,sample_02336,Sfogare Il Dissenso - Deiezione HC,FAKE,1,Rock,suno,test,6713
seg_006714,sample_02337,Snakefirewalking - Los Llamarada,FAKE,1,Rock,suno,train,6714
seg_006715,sample_02337,Snakefirewalking - Los Llamarada,FAKE,1,Rock,suno,train,6715
seg_006716,sample_02337,Snakefirewalking - Los Llamarada,FAKE,1,Rock,suno,train,6716
seg_006717,sample_02338,Snakefirewalking - Los Llamarada,FAKE,1,Rock,suno,train,6717
seg_006718,sample_02338,Snakefirewalking - Los Llamarada,FAKE,1,Rock,suno,train,6718
seg_006719,sample_02338,Snakefirewalking - Los Llamarada,FAKE,1,Rock,suno,train,6719
seg_006720,sample_02339,Soul of the Demon - Zombie Raiders,FAKE,1,Rock,suno,train,6720
seg_006721,sample_02339,Soul of the Demon - Zombie Raiders,FAKE,1,Rock,suno,train,6721
seg_006722,sample_02339,Soul of the Demon - Zombie Raiders,FAKE,1,Rock,suno,train,6722
seg_006723,sample_02340,Soul of the Demon - Zombie Raiders,FAKE,1,Rock,suno,train,6723
seg_006724,sample_02340,Soul of the Demon - Zombie Raiders,FAKE,1,Rock,suno,train,6724
seg_006725,sample_02340,Soul of the Demon - Zombie Raiders,FAKE,1,Rock,suno,train,6725
seg_006726,sample_02341,Stranger - Frigg A Go Go (F.A.G.G.),FAKE,1,Rock,suno,train,6726
seg_006727,sample_02341,Stranger - Frigg A Go Go (F.A.G.G.),FAKE,1,Rock,suno,train,6727
seg_006728,sample_02341,Stranger - Frigg A Go Go (F.A.G.G.),FAKE,1,Rock,suno,train,6728
seg_006729,sample_02342,Stranger - Frigg A Go Go (F.A.G.G.),FAKE,1,Rock,suno,train,6729
seg_006730,sample_02342,Stranger - Frigg A Go Go (F.A.G.G.),FAKE,1,Rock,suno,train,6730
seg_006731,sample_02342,Stranger - Frigg A Go Go (F.A.G.G.),FAKE,1,Rock,suno,train,6731
seg_006732,sample_02343,Stuttgart - Portrayal,FAKE,1,Rock,suno,test,6732
seg_006733,sample_02343,Stuttgart - Portrayal,FAKE,1,Rock,suno,test,6733
seg_006734,sample_02343,Stuttgart - Portrayal,FAKE,1,Rock,suno,test,6734
seg_006735,sample_02344,Stuttgart - Portrayal,FAKE,1,Rock,suno,test,6735
seg_006736,sample_02344,Stuttgart - Portrayal,FAKE,1,Rock,suno,test,6736
seg_006737,sample_02344,Stuttgart - Portrayal,FAKE,1,Rock,suno,test,6737
seg_006738,sample_02345,Terve Teille - Чокнутый Пропеллер,FAKE,1,Rock,suno,test,6738
seg_006739,sample_02345,Terve Teille - Чокнутый Пропеллер,FAKE,1,Rock,suno,test,6739
seg_006740,sample_02345,Terve Teille - Чокнутый Пропеллер,FAKE,1,Rock,suno,test,6740
seg_006741,sample_02346,Terve Teille - Чокнутый Пропеллер,FAKE,1,Rock,suno,test,6741
seg_006742,sample_02346,Terve Teille - Чокнутый Пропеллер,FAKE,1,Rock,suno,test,6742
seg_006743,sample_02346,Terve Teille - Чокнутый Пропеллер,FAKE,1,Rock,suno,test,6743
seg_006744,sample_02347,The Contract - The IMG,FAKE,1,Rock,suno,train,6744
seg_006745,sample_02347,The Contract - The IMG,FAKE,1,Rock,suno,train,6745
seg_006746,sample_02347,The Contract - The IMG,FAKE,1,Rock,suno,train,6746
seg_006747,sample_02348,The Contract - The IMG,FAKE,1,Rock,suno,train,6747
seg_006748,sample_02348,The Contract - The IMG,FAKE,1,Rock,suno,train,6748
seg_006749,sample_02348,The Contract - The IMG,FAKE,1,Rock,suno,train,6749
seg_006750,sample_02349,The girl just faded - Los Llamarada,FAKE,1,Rock,suno,val,6750
seg_006751,sample_02349,The girl just faded - Los Llamarada,FAKE,1,Rock,suno,val,6751
seg_006752,sample_02349,The girl just faded - Los Llamarada,FAKE,1,Rock,suno,val,6752
seg_006753,sample_02350,The girl just faded - Los Llamarada,FAKE,1,Rock,suno,val,6753
seg_006754,sample_02350,The girl just faded - Los Llamarada,FAKE,1,Rock,suno,val,6754
seg_006755,sample_02350,The girl just faded - Los Llamarada,FAKE,1,Rock,suno,val,6755
seg_006756,sample_02351,Track 04 - Lightning Bolt,FAKE,1,Rock,suno,train,6756
seg_006757,sample_02351,Track 04 - Lightning Bolt,FAKE,1,Rock,suno,train,6757
seg_006758,sample_02351,Track 04 - Lightning Bolt,FAKE,1,Rock,suno,train,6758
seg_006759,sample_02352,Track 04 - Lightning Bolt,FAKE,1,Rock,suno,train,6759
seg_006760,sample_02352,Track 04 - Lightning Bolt,FAKE,1,Rock,suno,train,6760
seg_006761,sample_02352,Track 04 - Lightning Bolt,FAKE,1,Rock,suno,train,6761
seg_006762,sample_02353,Transmit - Lamprey,FAKE,1,Rock,suno,train,6762
seg_006763,sample_02353,Transmit - Lamprey,FAKE,1,Rock,suno,train,6763
seg_006764,sample_02353,Transmit - Lamprey,FAKE,1,Rock,suno,train,6764
seg_006765,sample_02354,Transmit - Lamprey,FAKE,1,Rock,suno,train,6765
seg_006766,sample_02354,Transmit - Lamprey,FAKE,1,Rock,suno,train,6766
seg_006767,sample_02354,Transmit - Lamprey,FAKE,1,Rock,suno,train,6767
seg_006768,sample_02355,Voxel - Andy G. Cohen,FAKE,1,Rock,suno,val,6768
seg_006769,sample_02355,Voxel - Andy G. Cohen,FAKE,1,Rock,suno,val,6769
seg_006770,sample_02355,Voxel - Andy G. Cohen,FAKE,1,Rock,suno,val,6770
seg_006771,sample_02356,Voxel - Andy G. Cohen,FAKE,1,Rock,suno,val,6771
seg_006772,sample_02356,Voxel - Andy G. Cohen,FAKE,1,Rock,suno,val,6772
seg_006773,sample_02356,Voxel - Andy G. Cohen,FAKE,1,Rock,suno,val,6773
seg_006774,sample_02357,We Move in Waves - Modey Lemon,FAKE,1,Rock,suno,train,6774
seg_006775,sample_02357,We Move in Waves - Modey Lemon,FAKE,1,Rock,suno,train,6775
seg_006776,sample_02357,We Move in Waves - Modey Lemon,FAKE,1,Rock,suno,train,6776
seg_006777,sample_02358,We Move in Waves - Modey Lemon,FAKE,1,Rock,suno,train,6777
seg_006778,sample_02358,We Move in Waves - Modey Lemon,FAKE,1,Rock,suno,train,6778
seg_006779,sample_02358,We Move in Waves - Modey Lemon,FAKE,1,Rock,suno,train,6779
seg_006780,sample_02359,Where Is Everything - The Moi Non Plus,FAKE,1,Rock,suno,test,6780
seg_006781,sample_02359,Where Is Everything - The Moi Non Plus,FAKE,1,Rock,suno,test,6781
seg_006782,sample_02359,Where Is Everything - The Moi Non Plus,FAKE,1,Rock,suno,test,6782
seg_006783,sample_02360,Where Is Everything - The Moi Non Plus,FAKE,1,Rock,suno,test,6783
seg_006784,sample_02360,Where Is Everything - The Moi Non Plus,FAKE,1,Rock,suno,test,6784
seg_006785,sample_02360,Where Is Everything - The Moi Non Plus,FAKE,1,Rock,suno,test,6785
seg_006786,sample_02361,Who Loves You Dear - Mink Lungs,FAKE,1,Rock,suno,test,6786
seg_006787,sample_02361,Who Loves You Dear - Mink Lungs,FAKE,1,Rock,suno,test,6787
seg_006788,sample_02361,Who Loves You Dear - Mink Lungs,FAKE,1,Rock,suno,test,6788
seg_006789,sample_02362,Who Loves You Dear - Mink Lungs,FAKE,1,Rock,suno,test,6789
seg_006790,sample_02362,Who Loves You Dear - Mink Lungs,FAKE,1,Rock,suno,test,6790
seg_006791,sample_02362,Who Loves You Dear - Mink Lungs,FAKE,1,Rock,suno,test,6791
seg_006792,sample_02363,Windows of the Skull - Sarin,FAKE,1,Rock,suno,val,6792
seg_006793,sample_02363,Windows of the Skull - Sarin,FAKE,1,Rock,suno,val,6793
seg_006794,sample_02363,Windows of the Skull - Sarin,FAKE,1,Rock,suno,val,6794
seg_006795,sample_02364,Windows of the Skull - Sarin,FAKE,1,Rock,suno,val,6795
seg_006796,sample_02364,Windows of the Skull - Sarin,FAKE,1,Rock,suno,val,6796
seg_006797,sample_02364,Windows of the Skull - Sarin,FAKE,1,Rock,suno,val,6797
seg_006798,sample_02365,Wir Werden Gott - Japanische Kampfhorspiele,FAKE,1,Rock,suno,train,6798
seg_006799,sample_02365,Wir Werden Gott - Japanische Kampfhorspiele,FAKE,1,Rock,suno,train,6799
seg_006800,sample_02365,Wir Werden Gott - Japanische Kampfhorspiele,FAKE,1,Rock,suno,train,6800
seg_006801,sample_02366,Wir Werden Gott - Japanische Kampfhorspiele,FAKE,1,Rock,suno,train,6801
seg_006802,sample_02366,Wir Werden Gott - Japanische Kampfhorspiele,FAKE,1,Rock,suno,train,6802
seg_006803,sample_02366,Wir Werden Gott - Japanische Kampfhorspiele,FAKE,1,Rock,suno,train,6803
seg_006804,sample_02367,Ynkelig - Die Morgendammerung Des Valhalla,FAKE,1,Rock,suno,train,6804
seg_006805,sample_02367,Ynkelig - Die Morgendammerung Des Valhalla,FAKE,1,Rock,suno,train,6805
seg_006806,sample_02367,Ynkelig - Die Morgendammerung Des Valhalla,FAKE,1,Rock,suno,train,6806
seg_006807,sample_02368,Ynkelig - Die Morgendammerung Des Valhalla,FAKE,1,Rock,suno,train,6807
seg_006808,sample_02368,Ynkelig - Die Morgendammerung Des Valhalla,FAKE,1,Rock,suno,train,6808
seg_006809,sample_02368,Ynkelig - Die Morgendammerung Des Valhalla,FAKE,1,Rock,suno,train,6809
seg_006810,sample_02369,Новый Нью-Йорк 2 - Чокнутый Пропеллер,FAKE,1,Rock,suno,val,6810
seg_006811,sample_02369,Новый Нью-Йорк 2 - Чокнутый Пропеллер,FAKE,1,Rock,suno,val,6811
seg_006812,sample_02369,Новый Нью-Йорк 2 - Чокнутый Пропеллер,FAKE,1,Rock,suno,val,6812
seg_006813,sample_02370,Новый Нью-Йорк 2 - Чокнутый Пропеллер,FAKE,1,Rock,suno,val,6813
seg_006814,sample_02370,Новый Нью-Йорк 2 - Чокнутый Пропеллер,FAKE,1,Rock,suno,val,6814
seg_006815,sample_02370,Новый Нью-Йорк 2 - Чокнутый Пропеллер,FAKE,1,Rock,suno,val,6815
seg_006816,sample_02371,Acoustic Unleashed - Remain,FAKE,1,Electronic,udio,train,6816
seg_006817,sample_02371,Acoustic Unleashed - Remain,FAKE,1,Electronic,udio,train,6817
seg_006818,sample_02371,Acoustic Unleashed - Remain,FAKE,1,Electronic,udio,train,6818
seg_006819,sample_02372,Acoustic Unleashed - Remain,FAKE,1,Electronic,udio,train,6819
seg_006820,sample_02372,Acoustic Unleashed - Remain,FAKE,1,Electronic,udio,train,6820
seg_006821,sample_02372,Acoustic Unleashed - Remain,FAKE,1,Electronic,udio,train,6821
seg_006822,sample_02373,Ad Astra - P C III,FAKE,1,Electronic,udio,train,6822
seg_006823,sample_02373,Ad Astra - P C III,FAKE,1,Electronic,udio,train,6823
seg_006824,sample_02373,Ad Astra - P C III,FAKE,1,Electronic,udio,train,6824
seg_006825,sample_02374,Ad Astra - P C III,FAKE,1,Electronic,udio,train,6825
seg_006826,sample_02374,Ad Astra - P C III,FAKE,1,Electronic,udio,train,6826
seg_006827,sample_02374,Ad Astra - P C III,FAKE,1,Electronic,udio,train,6827
seg_006828,sample_02375,All of Us - Eric Skiff,FAKE,1,Electronic,udio,train,6828
seg_006829,sample_02375,All of Us - Eric Skiff,FAKE,1,Electronic,udio,train,6829
seg_006830,sample_02375,All of Us - Eric Skiff,FAKE,1,Electronic,udio,train,6830
seg_006831,sample_02376,All of Us - Eric Skiff,FAKE,1,Electronic,udio,train,6831
seg_006832,sample_02376,All of Us - Eric Skiff,FAKE,1,Electronic,udio,train,6832
seg_006833,sample_02376,All of Us - Eric Skiff,FAKE,1,Electronic,udio,train,6833
seg_006834,sample_02377,"Aquamarine, My Distant Blue - Nihilore",FAKE,1,Electronic,udio,train,6834
seg_006835,sample_02377,"Aquamarine, My Distant Blue - Nihilore",FAKE,1,Electronic,udio,train,6835
seg_006836,sample_02377,"Aquamarine, My Distant Blue - Nihilore",FAKE,1,Electronic,udio,train,6836
seg_006837,sample_02378,"Aquamarine, My Distant Blue - Nihilore",FAKE,1,Electronic,udio,train,6837
seg_006838,sample_02378,"Aquamarine, My Distant Blue - Nihilore",FAKE,1,Electronic,udio,train,6838
seg_006839,sample_02378,"Aquamarine, My Distant Blue - Nihilore",FAKE,1,Electronic,udio,train,6839
seg_006840,sample_02379,Autobahn - S-B-J,FAKE,1,Electronic,udio,train,6840
seg_006841,sample_02379,Autobahn - S-B-J,FAKE,1,Electronic,udio,train,6841
seg_006842,sample_02379,Autobahn - S-B-J,FAKE,1,Electronic,udio,train,6842
seg_006843,sample_02380,Autobahn - S-B-J,FAKE,1,Electronic,udio,train,6843
seg_006844,sample_02380,Autobahn - S-B-J,FAKE,1,Electronic,udio,train,6844
seg_006845,sample_02380,Autobahn - S-B-J,FAKE,1,Electronic,udio,train,6845
seg_006846,sample_02381,Clay Heart - Nihilore,FAKE,1,Electronic,udio,train,6846
seg_006847,sample_02381,Clay Heart - Nihilore,FAKE,1,Electronic,udio,train,6847
seg_006848,sample_02381,Clay Heart - Nihilore,FAKE,1,Electronic,udio,train,6848
seg_006849,sample_02382,Clay Heart - Nihilore,FAKE,1,Electronic,udio,train,6849
seg_006850,sample_02382,Clay Heart - Nihilore,FAKE,1,Electronic,udio,train,6850
seg_006851,sample_02382,Clay Heart - Nihilore,FAKE,1,Electronic,udio,train,6851
seg_006852,sample_02383,Cold Chains - Rolemusic,FAKE,1,Electronic,udio,train,6852
seg_006853,sample_02383,Cold Chains - Rolemusic,FAKE,1,Electronic,udio,train,6853
seg_006854,sample_02383,Cold Chains - Rolemusic,FAKE,1,Electronic,udio,train,6854
seg_006855,sample_02384,Cold Chains - Rolemusic,FAKE,1,Electronic,udio,train,6855
seg_006856,sample_02384,Cold Chains - Rolemusic,FAKE,1,Electronic,udio,train,6856
seg_006857,sample_02384,Cold Chains - Rolemusic,FAKE,1,Electronic,udio,train,6857
seg_006858,sample_02385,Coliidae - K.D. Expression,FAKE,1,Electronic,udio,train,6858
seg_006859,sample_02385,Coliidae - K.D. Expression,FAKE,1,Electronic,udio,train,6859
seg_006860,sample_02385,Coliidae - K.D. Expression,FAKE,1,Electronic,udio,train,6860
seg_006861,sample_02386,Coliidae - K.D. Expression,FAKE,1,Electronic,udio,train,6861
seg_006862,sample_02386,Coliidae - K.D. Expression,FAKE,1,Electronic,udio,train,6862
seg_006863,sample_02386,Coliidae - K.D. Expression,FAKE,1,Electronic,udio,train,6863
seg_006864,sample_02387,CopperNickle - UncleBibby,FAKE,1,Electronic,udio,val,6864
seg_006865,sample_02387,CopperNickle - UncleBibby,FAKE,1,Electronic,udio,val,6865
seg_006866,sample_02387,CopperNickle - UncleBibby,FAKE,1,Electronic,udio,val,6866
seg_006867,sample_02388,CopperNickle - UncleBibby,FAKE,1,Electronic,udio,val,6867
seg_006868,sample_02388,CopperNickle - UncleBibby,FAKE,1,Electronic,udio,val,6868
seg_006869,sample_02388,CopperNickle - UncleBibby,FAKE,1,Electronic,udio,val,6869
seg_006870,sample_02389,Dance Harder - Three Chain Links,FAKE,1,Electronic,udio,test,6870
seg_006871,sample_02389,Dance Harder - Three Chain Links,FAKE,1,Electronic,udio,test,6871
seg_006872,sample_02389,Dance Harder - Three Chain Links,FAKE,1,Electronic,udio,test,6872
seg_006873,sample_02390,Dance Harder - Three Chain Links,FAKE,1,Electronic,udio,test,6873
seg_006874,sample_02390,Dance Harder - Three Chain Links,FAKE,1,Electronic,udio,test,6874
seg_006875,sample_02390,Dance Harder - Three Chain Links,FAKE,1,Electronic,udio,test,6875
seg_006876,sample_02391,Daylight Savings - My brother Daniel,FAKE,1,Electronic,udio,val,6876
seg_006877,sample_02391,Daylight Savings - My brother Daniel,FAKE,1,Electronic,udio,val,6877
seg_006878,sample_02391,Daylight Savings - My brother Daniel,FAKE,1,Electronic,udio,val,6878
seg_006879,sample_02392,Daylight Savings - My brother Daniel,FAKE,1,Electronic,udio,val,6879
seg_006880,sample_02392,Daylight Savings - My brother Daniel,FAKE,1,Electronic,udio,val,6880
seg_006881,sample_02392,Daylight Savings - My brother Daniel,FAKE,1,Electronic,udio,val,6881
seg_006882,sample_02393,Edge - Mystery Mammal,FAKE,1,Electronic,udio,train,6882
seg_006883,sample_02393,Edge - Mystery Mammal,FAKE,1,Electronic,udio,train,6883
seg_006884,sample_02393,Edge - Mystery Mammal,FAKE,1,Electronic,udio,train,6884
seg_006885,sample_02394,Edge - Mystery Mammal,FAKE,1,Electronic,udio,train,6885
seg_006886,sample_02394,Edge - Mystery Mammal,FAKE,1,Electronic,udio,train,6886
seg_006887,sample_02394,Edge - Mystery Mammal,FAKE,1,Electronic,udio,train,6887
seg_006888,sample_02395,Empower Thee - vargero,FAKE,1,Electronic,udio,train,6888
seg_006889,sample_02395,Empower Thee - vargero,FAKE,1,Electronic,udio,train,6889
seg_006890,sample_02395,Empower Thee - vargero,FAKE,1,Electronic,udio,train,6890
seg_006891,sample_02396,Empower Thee - vargero,FAKE,1,Electronic,udio,train,6891
seg_006892,sample_02396,Empower Thee - vargero,FAKE,1,Electronic,udio,train,6892
seg_006893,sample_02396,Empower Thee - vargero,FAKE,1,Electronic,udio,train,6893
seg_006894,sample_02397,Endless - The Birth and Death of Silence,FAKE,1,Electronic,udio,train,6894
seg_006895,sample_02397,Endless - The Birth and Death of Silence,FAKE,1,Electronic,udio,train,6895
seg_006896,sample_02397,Endless - The Birth and Death of Silence,FAKE,1,Electronic,udio,train,6896
seg_006897,sample_02398,Endless - The Birth and Death of Silence,FAKE,1,Electronic,udio,train,6897
seg_006898,sample_02398,Endless - The Birth and Death of Silence,FAKE,1,Electronic,udio,train,6898
seg_006899,sample_02398,Endless - The Birth and Death of Silence,FAKE,1,Electronic,udio,train,6899
seg_006900,sample_02399,Flashback - Seclorance,FAKE,1,Electronic,udio,train,6900
seg_006901,sample_02399,Flashback - Seclorance,FAKE,1,Electronic,udio,train,6901
seg_006902,sample_02399,Flashback - Seclorance,FAKE,1,Electronic,udio,train,6902
seg_006903,sample_02400,Flashback - Seclorance,FAKE,1,Electronic,udio,train,6903
seg_006904,sample_02400,Flashback - Seclorance,FAKE,1,Electronic,udio,train,6904
seg_006905,sample_02400,Flashback - Seclorance,FAKE,1,Electronic,udio,train,6905
seg_006906,sample_02401,Fuckaboing - RoccoW,FAKE,1,Electronic,udio,test,6906
seg_006907,sample_02401,Fuckaboing - RoccoW,FAKE,1,Electronic,udio,test,6907
seg_006908,sample_02401,Fuckaboing - RoccoW,FAKE,1,Electronic,udio,test,6908
seg_006909,sample_02402,Fuckaboing - RoccoW,FAKE,1,Electronic,udio,test,6909
seg_006910,sample_02402,Fuckaboing - RoccoW,FAKE,1,Electronic,udio,test,6910
seg_006911,sample_02402,Fuckaboing - RoccoW,FAKE,1,Electronic,udio,test,6911
seg_006912,sample_02403,"Go On, Then - Jim Rooster",FAKE,1,Electronic,udio,train,6912
seg_006913,sample_02403,"Go On, Then - Jim Rooster",FAKE,1,Electronic,udio,train,6913
seg_006914,sample_02403,"Go On, Then - Jim Rooster",FAKE,1,Electronic,udio,train,6914
seg_006915,sample_02404,"Go On, Then - Jim Rooster",FAKE,1,Electronic,udio,train,6915
seg_006916,sample_02404,"Go On, Then - Jim Rooster",FAKE,1,Electronic,udio,train,6916
seg_006917,sample_02404,"Go On, Then - Jim Rooster",FAKE,1,Electronic,udio,train,6917
seg_006918,sample_02405,Hammer and a Nail - Vienna Ditto,FAKE,1,Electronic,udio,train,6918
seg_006919,sample_02405,Hammer and a Nail - Vienna Ditto,FAKE,1,Electronic,udio,train,6919
seg_006920,sample_02405,Hammer and a Nail - Vienna Ditto,FAKE,1,Electronic,udio,train,6920
seg_006921,sample_02406,Hammer and a Nail - Vienna Ditto,FAKE,1,Electronic,udio,train,6921
seg_006922,sample_02406,Hammer and a Nail - Vienna Ditto,FAKE,1,Electronic,udio,train,6922
seg_006923,sample_02406,Hammer and a Nail - Vienna Ditto,FAKE,1,Electronic,udio,train,6923
seg_006924,sample_02407,Improvisation - Broken Chord,FAKE,1,Electronic,udio,train,6924
seg_006925,sample_02407,Improvisation - Broken Chord,FAKE,1,Electronic,udio,train,6925
seg_006926,sample_02407,Improvisation - Broken Chord,FAKE,1,Electronic,udio,train,6926
seg_006927,sample_02408,Improvisation - Broken Chord,FAKE,1,Electronic,udio,train,6927
seg_006928,sample_02408,Improvisation - Broken Chord,FAKE,1,Electronic,udio,train,6928
seg_006929,sample_02408,Improvisation - Broken Chord,FAKE,1,Electronic,udio,train,6929
seg_006930,sample_02409,Introduction beats - Itsensäsyöjät,FAKE,1,Electronic,udio,train,6930
seg_006931,sample_02409,Introduction beats - Itsensäsyöjät,FAKE,1,Electronic,udio,train,6931
seg_006932,sample_02409,Introduction beats - Itsensäsyöjät,FAKE,1,Electronic,udio,train,6932
seg_006933,sample_02410,Introduction beats - Itsensäsyöjät,FAKE,1,Electronic,udio,train,6933
seg_006934,sample_02410,Introduction beats - Itsensäsyöjät,FAKE,1,Electronic,udio,train,6934
seg_006935,sample_02410,Introduction beats - Itsensäsyöjät,FAKE,1,Electronic,udio,train,6935
seg_006936,sample_02411,Jangus (inspired by ToeJam and Earl) - UncleBibby,FAKE,1,Electronic,udio,train,6936
seg_006937,sample_02411,Jangus (inspired by ToeJam and Earl) - UncleBibby,FAKE,1,Electronic,udio,train,6937
seg_006938,sample_02411,Jangus (inspired by ToeJam and Earl) - UncleBibby,FAKE,1,Electronic,udio,train,6938
seg_006939,sample_02412,Jangus (inspired by ToeJam and Earl) - UncleBibby,FAKE,1,Electronic,udio,train,6939
seg_006940,sample_02412,Jangus (inspired by ToeJam and Earl) - UncleBibby,FAKE,1,Electronic,udio,train,6940
seg_006941,sample_02412,Jangus (inspired by ToeJam and Earl) - UncleBibby,FAKE,1,Electronic,udio,train,6941
seg_006942,sample_02413,mystery team 2090 - Jesse Futerman,FAKE,1,Electronic,udio,val,6942
seg_006943,sample_02413,mystery team 2090 - Jesse Futerman,FAKE,1,Electronic,udio,val,6943
seg_006944,sample_02413,mystery team 2090 - Jesse Futerman,FAKE,1,Electronic,udio,val,6944
seg_006945,sample_02414,mystery team 2090 - Jesse Futerman,FAKE,1,Electronic,udio,val,6945
seg_006946,sample_02414,mystery team 2090 - Jesse Futerman,FAKE,1,Electronic,udio,val,6946
seg_006947,sample_02414,mystery team 2090 - Jesse Futerman,FAKE,1,Electronic,udio,val,6947
seg_006948,sample_02415,Night Drive - Decktonic,FAKE,1,Electronic,udio,val,6948
seg_006949,sample_02415,Night Drive - Decktonic,FAKE,1,Electronic,udio,val,6949
seg_006950,sample_02415,Night Drive - Decktonic,FAKE,1,Electronic,udio,val,6950
seg_006951,sample_02416,Night Drive - Decktonic,FAKE,1,Electronic,udio,val,6951
seg_006952,sample_02416,Night Drive - Decktonic,FAKE,1,Electronic,udio,val,6952
seg_006953,sample_02416,Night Drive - Decktonic,FAKE,1,Electronic,udio,val,6953
seg_006954,sample_02417,Night Owl - Broke For Free,FAKE,1,Electronic,udio,test,6954
seg_006955,sample_02417,Night Owl - Broke For Free,FAKE,1,Electronic,udio,test,6955
seg_006956,sample_02417,Night Owl - Broke For Free,FAKE,1,Electronic,udio,test,6956
seg_006957,sample_02418,Night Owl - Broke For Free,FAKE,1,Electronic,udio,test,6957
seg_006958,sample_02418,Night Owl - Broke For Free,FAKE,1,Electronic,udio,test,6958
seg_006959,sample_02418,Night Owl - Broke For Free,FAKE,1,Electronic,udio,test,6959
seg_006960,sample_02419,Noam Chomsky's Corporate Carbohydrate Surprise - Quelle Fromage,FAKE,1,Electronic,udio,train,6960
seg_006961,sample_02419,Noam Chomsky's Corporate Carbohydrate Surprise - Quelle Fromage,FAKE,1,Electronic,udio,train,6961
seg_006962,sample_02419,Noam Chomsky's Corporate Carbohydrate Surprise - Quelle Fromage,FAKE,1,Electronic,udio,train,6962
seg_006963,sample_02420,Noam Chomsky's Corporate Carbohydrate Surprise - Quelle Fromage,FAKE,1,Electronic,udio,train,6963
seg_006964,sample_02420,Noam Chomsky's Corporate Carbohydrate Surprise - Quelle Fromage,FAKE,1,Electronic,udio,train,6964
seg_006965,sample_02420,Noam Chomsky's Corporate Carbohydrate Surprise - Quelle Fromage,FAKE,1,Electronic,udio,train,6965
seg_006966,sample_02421,Nuo Maisemat - Paavoharju,FAKE,1,Electronic,udio,val,6966
seg_006967,sample_02421,Nuo Maisemat - Paavoharju,FAKE,1,Electronic,udio,val,6967
seg_006968,sample_02421,Nuo Maisemat - Paavoharju,FAKE,1,Electronic,udio,val,6968
seg_006969,sample_02422,Nuo Maisemat - Paavoharju,FAKE,1,Electronic,udio,val,6969
seg_006970,sample_02422,Nuo Maisemat - Paavoharju,FAKE,1,Electronic,udio,val,6970
seg_006971,sample_02422,Nuo Maisemat - Paavoharju,FAKE,1,Electronic,udio,val,6971
seg_006972,sample_02423,Ohtli - Seclorance,FAKE,1,Electronic,udio,train,6972
seg_006973,sample_02423,Ohtli - Seclorance,FAKE,1,Electronic,udio,train,6973
seg_006974,sample_02423,Ohtli - Seclorance,FAKE,1,Electronic,udio,train,6974
seg_006975,sample_02424,Ohtli - Seclorance,FAKE,1,Electronic,udio,train,6975
seg_006976,sample_02424,Ohtli - Seclorance,FAKE,1,Electronic,udio,train,6976
seg_006977,sample_02424,Ohtli - Seclorance,FAKE,1,Electronic,udio,train,6977
seg_006978,sample_02425,Okiirobo Navigation System - Henry Homesweet,FAKE,1,Electronic,udio,train,6978
seg_006979,sample_02425,Okiirobo Navigation System - Henry Homesweet,FAKE,1,Electronic,udio,train,6979
seg_006980,sample_02425,Okiirobo Navigation System - Henry Homesweet,FAKE,1,Electronic,udio,train,6980
seg_006981,sample_02426,Okiirobo Navigation System - Henry Homesweet,FAKE,1,Electronic,udio,train,6981
seg_006982,sample_02426,Okiirobo Navigation System - Henry Homesweet,FAKE,1,Electronic,udio,train,6982
seg_006983,sample_02426,Okiirobo Navigation System - Henry Homesweet,FAKE,1,Electronic,udio,train,6983
seg_006984,sample_02427,Only Instrumental - Broke For Free,FAKE,1,Electronic,udio,train,6984
seg_006985,sample_02427,Only Instrumental - Broke For Free,FAKE,1,Electronic,udio,train,6985
seg_006986,sample_02427,Only Instrumental - Broke For Free,FAKE,1,Electronic,udio,train,6986
seg_006987,sample_02428,Only Instrumental - Broke For Free,FAKE,1,Electronic,udio,train,6987
seg_006988,sample_02428,Only Instrumental - Broke For Free,FAKE,1,Electronic,udio,train,6988
seg_006989,sample_02428,Only Instrumental - Broke For Free,FAKE,1,Electronic,udio,train,6989
seg_006990,sample_02429,OOOTHERSIDE - Liquid Paper - Mike B. Fort,FAKE,1,Electronic,udio,train,6990
seg_006991,sample_02429,OOOTHERSIDE - Liquid Paper - Mike B. Fort,FAKE,1,Electronic,udio,train,6991
seg_006992,sample_02429,OOOTHERSIDE - Liquid Paper - Mike B. Fort,FAKE,1,Electronic,udio,train,6992
seg_006993,sample_02430,OOOTHERSIDE - Liquid Paper - Mike B. Fort,FAKE,1,Electronic,udio,train,6993
seg_006994,sample_02430,OOOTHERSIDE - Liquid Paper - Mike B. Fort,FAKE,1,Electronic,udio,train,6994
seg_006995,sample_02430,OOOTHERSIDE - Liquid Paper - Mike B. Fort,FAKE,1,Electronic,udio,train,6995
seg_006996,sample_02431,OOOTHERSIDE - This Time - Mike B. Fort,FAKE,1,Electronic,udio,train,6996
seg_006997,sample_02431,OOOTHERSIDE - This Time - Mike B. Fort,FAKE,1,Electronic,udio,train,6997
seg_006998,sample_02431,OOOTHERSIDE - This Time - Mike B. Fort,FAKE,1,Electronic,udio,train,6998
seg_006999,sample_02432,OOOTHERSIDE - This Time - Mike B. Fort,FAKE,1,Electronic,udio,train,6999
seg_007000,sample_02432,OOOTHERSIDE - This Time - Mike B. Fort,FAKE,1,Electronic,udio,train,7000
seg_007001,sample_02432,OOOTHERSIDE - This Time - Mike B. Fort,FAKE,1,Electronic,udio,train,7001
seg_007002,sample_02433,OST 04 Ship under attack - sawsquarenoise,FAKE,1,Electronic,udio,train,7002
seg_007003,sample_02433,OST 04 Ship under attack - sawsquarenoise,FAKE,1,Electronic,udio,train,7003
seg_007004,sample_02433,OST 04 Ship under attack - sawsquarenoise,FAKE,1,Electronic,udio,train,7004
seg_007005,sample_02434,OST 04 Ship under attack - sawsquarenoise,FAKE,1,Electronic,udio,train,7005
seg_007006,sample_02434,OST 04 Ship under attack - sawsquarenoise,FAKE,1,Electronic,udio,train,7006
seg_007007,sample_02434,OST 04 Ship under attack - sawsquarenoise,FAKE,1,Electronic,udio,train,7007
seg_007008,sample_02435,Paris - Fleslit,FAKE,1,Electronic,udio,train,7008
seg_007009,sample_02435,Paris - Fleslit,FAKE,1,Electronic,udio,train,7009
seg_007010,sample_02435,Paris - Fleslit,FAKE,1,Electronic,udio,train,7010
seg_007011,sample_02436,Paris - Fleslit,FAKE,1,Electronic,udio,train,7011
seg_007012,sample_02436,Paris - Fleslit,FAKE,1,Electronic,udio,train,7012
seg_007013,sample_02436,Paris - Fleslit,FAKE,1,Electronic,udio,train,7013
seg_007014,sample_02437,Pista Afuera - Epstein,FAKE,1,Electronic,udio,test,7014
seg_007015,sample_02437,Pista Afuera - Epstein,FAKE,1,Electronic,udio,test,7015
seg_007016,sample_02437,Pista Afuera - Epstein,FAKE,1,Electronic,udio,test,7016
seg_007017,sample_02438,Pista Afuera - Epstein,FAKE,1,Electronic,udio,test,7017
seg_007018,sample_02438,Pista Afuera - Epstein,FAKE,1,Electronic,udio,test,7018
seg_007019,sample_02438,Pista Afuera - Epstein,FAKE,1,Electronic,udio,test,7019
seg_007020,sample_02439,Ponky McFonky - My brother Daniel,FAKE,1,Electronic,udio,train,7020
seg_007021,sample_02439,Ponky McFonky - My brother Daniel,FAKE,1,Electronic,udio,train,7021
seg_007022,sample_02439,Ponky McFonky - My brother Daniel,FAKE,1,Electronic,udio,train,7022
seg_007023,sample_02440,Ponky McFonky - My brother Daniel,FAKE,1,Electronic,udio,train,7023
seg_007024,sample_02440,Ponky McFonky - My brother Daniel,FAKE,1,Electronic,udio,train,7024
seg_007025,sample_02440,Ponky McFonky - My brother Daniel,FAKE,1,Electronic,udio,train,7025
seg_007026,sample_02441,Realize Me - Jim Rooster,FAKE,1,Electronic,udio,test,7026
seg_007027,sample_02441,Realize Me - Jim Rooster,FAKE,1,Electronic,udio,test,7027
seg_007028,sample_02441,Realize Me - Jim Rooster,FAKE,1,Electronic,udio,test,7028
seg_007029,sample_02442,Realize Me - Jim Rooster,FAKE,1,Electronic,udio,test,7029
seg_007030,sample_02442,Realize Me - Jim Rooster,FAKE,1,Electronic,udio,test,7030
seg_007031,sample_02442,Realize Me - Jim Rooster,FAKE,1,Electronic,udio,test,7031
seg_007032,sample_02443,Resistentialism - Nihilore,FAKE,1,Electronic,udio,test,7032
seg_007033,sample_02443,Resistentialism - Nihilore,FAKE,1,Electronic,udio,test,7033
seg_007034,sample_02443,Resistentialism - Nihilore,FAKE,1,Electronic,udio,test,7034
seg_007035,sample_02444,Resistentialism - Nihilore,FAKE,1,Electronic,udio,test,7035
seg_007036,sample_02444,Resistentialism - Nihilore,FAKE,1,Electronic,udio,test,7036
seg_007037,sample_02444,Resistentialism - Nihilore,FAKE,1,Electronic,udio,test,7037
seg_007038,sample_02445,Robot Heart - Mystery Mammal,FAKE,1,Electronic,udio,train,7038
seg_007039,sample_02445,Robot Heart - Mystery Mammal,FAKE,1,Electronic,udio,train,7039
seg_007040,sample_02445,Robot Heart - Mystery Mammal,FAKE,1,Electronic,udio,train,7040
seg_007041,sample_02446,Robot Heart - Mystery Mammal,FAKE,1,Electronic,udio,train,7041
seg_007042,sample_02446,Robot Heart - Mystery Mammal,FAKE,1,Electronic,udio,train,7042
seg_007043,sample_02446,Robot Heart - Mystery Mammal,FAKE,1,Electronic,udio,train,7043
seg_007044,sample_02447,Running Free - Michett featuring Kalipluche,FAKE,1,Electronic,udio,train,7044
seg_007045,sample_02447,Running Free - Michett featuring Kalipluche,FAKE,1,Electronic,udio,train,7045
seg_007046,sample_02447,Running Free - Michett featuring Kalipluche,FAKE,1,Electronic,udio,train,7046
seg_007047,sample_02448,Running Free - Michett featuring Kalipluche,FAKE,1,Electronic,udio,train,7047
seg_007048,sample_02448,Running Free - Michett featuring Kalipluche,FAKE,1,Electronic,udio,train,7048
seg_007049,sample_02448,Running Free - Michett featuring Kalipluche,FAKE,1,Electronic,udio,train,7049
seg_007050,sample_02449,SD (Ill Mix) - H-LR,FAKE,1,Electronic,udio,val,7050
seg_007051,sample_02449,SD (Ill Mix) - H-LR,FAKE,1,Electronic,udio,val,7051
seg_007052,sample_02449,SD (Ill Mix) - H-LR,FAKE,1,Electronic,udio,val,7052
seg_007053,sample_02450,SD (Ill Mix) - H-LR,FAKE,1,Electronic,udio,val,7053
seg_007054,sample_02450,SD (Ill Mix) - H-LR,FAKE,1,Electronic,udio,val,7054
seg_007055,sample_02450,SD (Ill Mix) - H-LR,FAKE,1,Electronic,udio,val,7055
seg_007056,sample_02451,Seppuku Bot - Decktonic,FAKE,1,Electronic,udio,train,7056
seg_007057,sample_02451,Seppuku Bot - Decktonic,FAKE,1,Electronic,udio,train,7057
seg_007058,sample_02451,Seppuku Bot - Decktonic,FAKE,1,Electronic,udio,train,7058
seg_007059,sample_02452,Seppuku Bot - Decktonic,FAKE,1,Electronic,udio,train,7059
seg_007060,sample_02452,Seppuku Bot - Decktonic,FAKE,1,Electronic,udio,train,7060
seg_007061,sample_02452,Seppuku Bot - Decktonic,FAKE,1,Electronic,udio,train,7061
seg_007062,sample_02453,Straw Fields - Rolemusic,FAKE,1,Electronic,udio,train,7062
seg_007063,sample_02453,Straw Fields - Rolemusic,FAKE,1,Electronic,udio,train,7063
seg_007064,sample_02453,Straw Fields - Rolemusic,FAKE,1,Electronic,udio,train,7064
seg_007065,sample_02454,Straw Fields - Rolemusic,FAKE,1,Electronic,udio,train,7065
seg_007066,sample_02454,Straw Fields - Rolemusic,FAKE,1,Electronic,udio,train,7066
seg_007067,sample_02454,Straw Fields - Rolemusic,FAKE,1,Electronic,udio,train,7067
seg_007068,sample_02455,Take Your Fingers - Michael Fakesch,FAKE,1,Electronic,udio,train,7068
seg_007069,sample_02455,Take Your Fingers - Michael Fakesch,FAKE,1,Electronic,udio,train,7069
seg_007070,sample_02455,Take Your Fingers - Michael Fakesch,FAKE,1,Electronic,udio,train,7070
seg_007071,sample_02456,Take Your Fingers - Michael Fakesch,FAKE,1,Electronic,udio,train,7071
seg_007072,sample_02456,Take Your Fingers - Michael Fakesch,FAKE,1,Electronic,udio,train,7072
seg_007073,sample_02456,Take Your Fingers - Michael Fakesch,FAKE,1,Electronic,udio,train,7073
seg_007074,sample_02457,Tapes - Gumbel,FAKE,1,Electronic,udio,train,7074
seg_007075,sample_02457,Tapes - Gumbel,FAKE,1,Electronic,udio,train,7075
seg_007076,sample_02457,Tapes - Gumbel,FAKE,1,Electronic,udio,train,7076
seg_007077,sample_02458,Tapes - Gumbel,FAKE,1,Electronic,udio,train,7077
seg_007078,sample_02458,Tapes - Gumbel,FAKE,1,Electronic,udio,train,7078
seg_007079,sample_02458,Tapes - Gumbel,FAKE,1,Electronic,udio,train,7079
seg_007080,sample_02459,The Big House - Jason Shaw,FAKE,1,Electronic,udio,train,7080
seg_007081,sample_02459,The Big House - Jason Shaw,FAKE,1,Electronic,udio,train,7081
seg_007082,sample_02459,The Big House - Jason Shaw,FAKE,1,Electronic,udio,train,7082
seg_007083,sample_02460,The Big House - Jason Shaw,FAKE,1,Electronic,udio,train,7083
seg_007084,sample_02460,The Big House - Jason Shaw,FAKE,1,Electronic,udio,train,7084
seg_007085,sample_02460,The Big House - Jason Shaw,FAKE,1,Electronic,udio,train,7085
seg_007086,sample_02461,The Courtyard - Uncle Bibby,FAKE,1,Electronic,udio,train,7086
seg_007087,sample_02461,The Courtyard - Uncle Bibby,FAKE,1,Electronic,udio,train,7087
seg_007088,sample_02461,The Courtyard - Uncle Bibby,FAKE,1,Electronic,udio,train,7088
seg_007089,sample_02462,The Courtyard - Uncle Bibby,FAKE,1,Electronic,udio,train,7089
seg_007090,sample_02462,The Courtyard - Uncle Bibby,FAKE,1,Electronic,udio,train,7090
seg_007091,sample_02462,The Courtyard - Uncle Bibby,FAKE,1,Electronic,udio,train,7091
seg_007092,sample_02463,The Front Yard - HarleyLikesMusic,FAKE,1,Electronic,udio,train,7092
seg_007093,sample_02463,The Front Yard - HarleyLikesMusic,FAKE,1,Electronic,udio,train,7093
seg_007094,sample_02463,The Front Yard - HarleyLikesMusic,FAKE,1,Electronic,udio,train,7094
seg_007095,sample_02464,The Front Yard - HarleyLikesMusic,FAKE,1,Electronic,udio,train,7095
seg_007096,sample_02464,The Front Yard - HarleyLikesMusic,FAKE,1,Electronic,udio,train,7096
seg_007097,sample_02464,The Front Yard - HarleyLikesMusic,FAKE,1,Electronic,udio,train,7097
seg_007098,sample_02465,Ugh! Humans Can Join - Mystery Mammal,FAKE,1,Electronic,udio,test,7098
seg_007099,sample_02465,Ugh! Humans Can Join - Mystery Mammal,FAKE,1,Electronic,udio,test,7099
seg_007100,sample_02465,Ugh! Humans Can Join - Mystery Mammal,FAKE,1,Electronic,udio,test,7100
seg_007101,sample_02466,Ugh! Humans Can Join - Mystery Mammal,FAKE,1,Electronic,udio,test,7101
seg_007102,sample_02466,Ugh! Humans Can Join - Mystery Mammal,FAKE,1,Electronic,udio,test,7102
seg_007103,sample_02466,Ugh! Humans Can Join - Mystery Mammal,FAKE,1,Electronic,udio,test,7103
seg_007104,sample_02467,Vanishing Horizon - Jason Shaw,FAKE,1,Electronic,udio,train,7104
seg_007105,sample_02467,Vanishing Horizon - Jason Shaw,FAKE,1,Electronic,udio,train,7105
seg_007106,sample_02467,Vanishing Horizon - Jason Shaw,FAKE,1,Electronic,udio,train,7106
seg_007107,sample_02468,Vanishing Horizon - Jason Shaw,FAKE,1,Electronic,udio,train,7107
seg_007108,sample_02468,Vanishing Horizon - Jason Shaw,FAKE,1,Electronic,udio,train,7108
seg_007109,sample_02468,Vanishing Horizon - Jason Shaw,FAKE,1,Electronic,udio,train,7109
seg_007110,sample_02469,When I Was Taller - Dan Deacon,FAKE,1,Electronic,udio,train,7110
seg_007111,sample_02469,When I Was Taller - Dan Deacon,FAKE,1,Electronic,udio,train,7111
seg_007112,sample_02469,When I Was Taller - Dan Deacon,FAKE,1,Electronic,udio,train,7112
seg_007113,sample_02470,When I Was Taller - Dan Deacon,FAKE,1,Electronic,udio,train,7113
seg_007114,sample_02470,When I Was Taller - Dan Deacon,FAKE,1,Electronic,udio,train,7114
seg_007115,sample_02470,When I Was Taller - Dan Deacon,FAKE,1,Electronic,udio,train,7115
seg_007116,sample_02471,"Autopsy - Oh Yeah, the Future",FAKE,1,Pop,udio,train,7116
seg_007117,sample_02471,"Autopsy - Oh Yeah, the Future",FAKE,1,Pop,udio,train,7117
seg_007118,sample_02471,"Autopsy - Oh Yeah, the Future",FAKE,1,Pop,udio,train,7118
seg_007119,sample_02472,"Autopsy - Oh Yeah, the Future",FAKE,1,Pop,udio,train,7119
seg_007120,sample_02472,"Autopsy - Oh Yeah, the Future",FAKE,1,Pop,udio,train,7120
seg_007121,sample_02472,"Autopsy - Oh Yeah, the Future",FAKE,1,Pop,udio,train,7121
seg_007122,sample_02473,Breeze Funk - Malaventura,FAKE,1,Pop,udio,train,7122
seg_007123,sample_02473,Breeze Funk - Malaventura,FAKE,1,Pop,udio,train,7123
seg_007124,sample_02473,Breeze Funk - Malaventura,FAKE,1,Pop,udio,train,7124
seg_007125,sample_02474,Breeze Funk - Malaventura,FAKE,1,Pop,udio,train,7125
seg_007126,sample_02474,Breeze Funk - Malaventura,FAKE,1,Pop,udio,train,7126
seg_007127,sample_02474,Breeze Funk - Malaventura,FAKE,1,Pop,udio,train,7127
seg_007128,sample_02475,Busby Berkeley - Ergo Phizmiz,FAKE,1,Pop,udio,train,7128
seg_007129,sample_02475,Busby Berkeley - Ergo Phizmiz,FAKE,1,Pop,udio,train,7129
seg_007130,sample_02475,Busby Berkeley - Ergo Phizmiz,FAKE,1,Pop,udio,train,7130
seg_007131,sample_02476,Busby Berkeley - Ergo Phizmiz,FAKE,1,Pop,udio,train,7131
seg_007132,sample_02476,Busby Berkeley - Ergo Phizmiz,FAKE,1,Pop,udio,train,7132
seg_007133,sample_02476,Busby Berkeley - Ergo Phizmiz,FAKE,1,Pop,udio,train,7133
seg_007134,sample_02477,Celia - Ergo Phizmiz,FAKE,1,Pop,udio,train,7134
seg_007135,sample_02477,Celia - Ergo Phizmiz,FAKE,1,Pop,udio,train,7135
seg_007136,sample_02477,Celia - Ergo Phizmiz,FAKE,1,Pop,udio,train,7136
seg_007137,sample_02478,Celia - Ergo Phizmiz,FAKE,1,Pop,udio,train,7137
seg_007138,sample_02478,Celia - Ergo Phizmiz,FAKE,1,Pop,udio,train,7138
seg_007139,sample_02478,Celia - Ergo Phizmiz,FAKE,1,Pop,udio,train,7139
seg_007140,sample_02479,Convicted Jazz Drones - Malaventura,FAKE,1,Pop,udio,train,7140
seg_007141,sample_02479,Convicted Jazz Drones - Malaventura,FAKE,1,Pop,udio,train,7141
seg_007142,sample_02479,Convicted Jazz Drones - Malaventura,FAKE,1,Pop,udio,train,7142
seg_007143,sample_02480,Convicted Jazz Drones - Malaventura,FAKE,1,Pop,udio,train,7143
seg_007144,sample_02480,Convicted Jazz Drones - Malaventura,FAKE,1,Pop,udio,train,7144
seg_007145,sample_02480,Convicted Jazz Drones - Malaventura,FAKE,1,Pop,udio,train,7145
seg_007146,sample_02481,danse macabre - Katapulto,FAKE,1,Pop,udio,train,7146
seg_007147,sample_02481,danse macabre - Katapulto,FAKE,1,Pop,udio,train,7147
seg_007148,sample_02481,danse macabre - Katapulto,FAKE,1,Pop,udio,train,7148
seg_007149,sample_02482,danse macabre - Katapulto,FAKE,1,Pop,udio,train,7149
seg_007150,sample_02482,danse macabre - Katapulto,FAKE,1,Pop,udio,train,7150
seg_007151,sample_02482,danse macabre - Katapulto,FAKE,1,Pop,udio,train,7151
seg_007152,sample_02483,Different Day - First,FAKE,1,Pop,udio,test,7152
seg_007153,sample_02483,Different Day - First,FAKE,1,Pop,udio,test,7153
seg_007154,sample_02483,Different Day - First,FAKE,1,Pop,udio,test,7154
seg_007155,sample_02484,Different Day - First,FAKE,1,Pop,udio,test,7155
seg_007156,sample_02484,Different Day - First,FAKE,1,Pop,udio,test,7156
seg_007157,sample_02484,Different Day - First,FAKE,1,Pop,udio,test,7157
seg_007158,sample_02485,Evil Cannot Create - Caleb Lemond,FAKE,1,Pop,udio,val,7158
seg_007159,sample_02485,Evil Cannot Create - Caleb Lemond,FAKE,1,Pop,udio,val,7159
seg_007160,sample_02485,Evil Cannot Create - Caleb Lemond,FAKE,1,Pop,udio,val,7160
seg_007161,sample_02486,Evil Cannot Create - Caleb Lemond,FAKE,1,Pop,udio,val,7161
seg_007162,sample_02486,Evil Cannot Create - Caleb Lemond,FAKE,1,Pop,udio,val,7162
seg_007163,sample_02486,Evil Cannot Create - Caleb Lemond,FAKE,1,Pop,udio,val,7163
seg_007164,sample_02487,"First Glance - Oh Yeah, the Future",FAKE,1,Pop,udio,train,7164
seg_007165,sample_02487,"First Glance - Oh Yeah, the Future",FAKE,1,Pop,udio,train,7165
seg_007166,sample_02487,"First Glance - Oh Yeah, the Future",FAKE,1,Pop,udio,train,7166
seg_007167,sample_02488,"First Glance - Oh Yeah, the Future",FAKE,1,Pop,udio,train,7167
seg_007168,sample_02488,"First Glance - Oh Yeah, the Future",FAKE,1,Pop,udio,train,7168
seg_007169,sample_02488,"First Glance - Oh Yeah, the Future",FAKE,1,Pop,udio,train,7169
seg_007170,sample_02489,Food and War - Ergo Phizmiz,FAKE,1,Pop,udio,train,7170
seg_007171,sample_02489,Food and War - Ergo Phizmiz,FAKE,1,Pop,udio,train,7171
seg_007172,sample_02489,Food and War - Ergo Phizmiz,FAKE,1,Pop,udio,train,7172
seg_007173,sample_02490,Food and War - Ergo Phizmiz,FAKE,1,Pop,udio,train,7173
seg_007174,sample_02490,Food and War - Ergo Phizmiz,FAKE,1,Pop,udio,train,7174
seg_007175,sample_02490,Food and War - Ergo Phizmiz,FAKE,1,Pop,udio,train,7175
seg_007176,sample_02491,gospellioza - Katapulto,FAKE,1,Pop,udio,train,7176
seg_007177,sample_02491,gospellioza - Katapulto,FAKE,1,Pop,udio,train,7177
seg_007178,sample_02491,gospellioza - Katapulto,FAKE,1,Pop,udio,train,7178
seg_007179,sample_02492,gospellioza - Katapulto,FAKE,1,Pop,udio,train,7179
seg_007180,sample_02492,gospellioza - Katapulto,FAKE,1,Pop,udio,train,7180
seg_007181,sample_02492,gospellioza - Katapulto,FAKE,1,Pop,udio,train,7181
seg_007182,sample_02493,"Hungry - Oh Yeah, the Future",FAKE,1,Pop,udio,test,7182
seg_007183,sample_02493,"Hungry - Oh Yeah, the Future",FAKE,1,Pop,udio,test,7183
seg_007184,sample_02493,"Hungry - Oh Yeah, the Future",FAKE,1,Pop,udio,test,7184
seg_007185,sample_02494,"Hungry - Oh Yeah, the Future",FAKE,1,Pop,udio,test,7185
seg_007186,sample_02494,"Hungry - Oh Yeah, the Future",FAKE,1,Pop,udio,test,7186
seg_007187,sample_02494,"Hungry - Oh Yeah, the Future",FAKE,1,Pop,udio,test,7187
seg_007188,sample_02495,I Think From Now On - Caleb Lemond,FAKE,1,Pop,udio,train,7188
seg_007189,sample_02495,I Think From Now On - Caleb Lemond,FAKE,1,Pop,udio,train,7189
seg_007190,sample_02495,I Think From Now On - Caleb Lemond,FAKE,1,Pop,udio,train,7190
seg_007191,sample_02496,I Think From Now On - Caleb Lemond,FAKE,1,Pop,udio,train,7191
seg_007192,sample_02496,I Think From Now On - Caleb Lemond,FAKE,1,Pop,udio,train,7192
seg_007193,sample_02496,I Think From Now On - Caleb Lemond,FAKE,1,Pop,udio,train,7193
seg_007194,sample_02497,Invaders From Within - Monroeville Music Center,FAKE,1,Pop,udio,train,7194
seg_007195,sample_02497,Invaders From Within - Monroeville Music Center,FAKE,1,Pop,udio,train,7195
seg_007196,sample_02497,Invaders From Within - Monroeville Music Center,FAKE,1,Pop,udio,train,7196
seg_007197,sample_02498,Invaders From Within - Monroeville Music Center,FAKE,1,Pop,udio,train,7197
seg_007198,sample_02498,Invaders From Within - Monroeville Music Center,FAKE,1,Pop,udio,train,7198
seg_007199,sample_02498,Invaders From Within - Monroeville Music Center,FAKE,1,Pop,udio,train,7199
seg_007200,sample_02499,John the Baby - Ergo Phizmiz,FAKE,1,Pop,udio,train,7200
seg_007201,sample_02499,John the Baby - Ergo Phizmiz,FAKE,1,Pop,udio,train,7201
seg_007202,sample_02499,John the Baby - Ergo Phizmiz,FAKE,1,Pop,udio,train,7202
seg_007203,sample_02500,John the Baby - Ergo Phizmiz,FAKE,1,Pop,udio,train,7203
seg_007204,sample_02500,John the Baby - Ergo Phizmiz,FAKE,1,Pop,udio,train,7204
seg_007205,sample_02500,John the Baby - Ergo Phizmiz,FAKE,1,Pop,udio,train,7205
seg_007206,sample_02501,Kissing Scars - Caleb Lemond,FAKE,1,Pop,udio,train,7206
seg_007207,sample_02501,Kissing Scars - Caleb Lemond,FAKE,1,Pop,udio,train,7207
seg_007208,sample_02501,Kissing Scars - Caleb Lemond,FAKE,1,Pop,udio,train,7208
seg_007209,sample_02502,Kissing Scars - Caleb Lemond,FAKE,1,Pop,udio,train,7209
seg_007210,sample_02502,Kissing Scars - Caleb Lemond,FAKE,1,Pop,udio,train,7210
seg_007211,sample_02502,Kissing Scars - Caleb Lemond,FAKE,1,Pop,udio,train,7211
seg_007212,sample_02503,kolorowe wody - Katapulto,FAKE,1,Pop,udio,train,7212
seg_007213,sample_02503,kolorowe wody - Katapulto,FAKE,1,Pop,udio,train,7213
seg_007214,sample_02503,kolorowe wody - Katapulto,FAKE,1,Pop,udio,train,7214
seg_007215,sample_02504,kolorowe wody - Katapulto,FAKE,1,Pop,udio,train,7215
seg_007216,sample_02504,kolorowe wody - Katapulto,FAKE,1,Pop,udio,train,7216
seg_007217,sample_02504,kolorowe wody - Katapulto,FAKE,1,Pop,udio,train,7217
seg_007218,sample_02505,"Lackadaisical - Oh Yeah, the Future",FAKE,1,Pop,udio,train,7218
seg_007219,sample_02505,"Lackadaisical - Oh Yeah, the Future",FAKE,1,Pop,udio,train,7219
seg_007220,sample_02505,"Lackadaisical - Oh Yeah, the Future",FAKE,1,Pop,udio,train,7220
seg_007221,sample_02506,"Lackadaisical - Oh Yeah, the Future",FAKE,1,Pop,udio,train,7221
seg_007222,sample_02506,"Lackadaisical - Oh Yeah, the Future",FAKE,1,Pop,udio,train,7222
seg_007223,sample_02506,"Lackadaisical - Oh Yeah, the Future",FAKE,1,Pop,udio,train,7223
seg_007224,sample_02507,"Lovedreams - Oh Yeah, the Future",FAKE,1,Pop,udio,train,7224
seg_007225,sample_02507,"Lovedreams - Oh Yeah, the Future",FAKE,1,Pop,udio,train,7225
seg_007226,sample_02507,"Lovedreams - Oh Yeah, the Future",FAKE,1,Pop,udio,train,7226
seg_007227,sample_02508,"Lovedreams - Oh Yeah, the Future",FAKE,1,Pop,udio,train,7227
seg_007228,sample_02508,"Lovedreams - Oh Yeah, the Future",FAKE,1,Pop,udio,train,7228
seg_007229,sample_02508,"Lovedreams - Oh Yeah, the Future",FAKE,1,Pop,udio,train,7229
seg_007230,sample_02509,Mandrill - Ergo Phizmiz,FAKE,1,Pop,udio,train,7230
seg_007231,sample_02509,Mandrill - Ergo Phizmiz,FAKE,1,Pop,udio,train,7231
seg_007232,sample_02509,Mandrill - Ergo Phizmiz,FAKE,1,Pop,udio,train,7232
seg_007233,sample_02510,Mandrill - Ergo Phizmiz,FAKE,1,Pop,udio,train,7233
seg_007234,sample_02510,Mandrill - Ergo Phizmiz,FAKE,1,Pop,udio,train,7234
seg_007235,sample_02510,Mandrill - Ergo Phizmiz,FAKE,1,Pop,udio,train,7235
seg_007236,sample_02511,mc trabalenguas - Volumina,FAKE,1,Pop,udio,train,7236
seg_007237,sample_02511,mc trabalenguas - Volumina,FAKE,1,Pop,udio,train,7237
seg_007238,sample_02511,mc trabalenguas - Volumina,FAKE,1,Pop,udio,train,7238
seg_007239,sample_02512,mc trabalenguas - Volumina,FAKE,1,Pop,udio,train,7239
seg_007240,sample_02512,mc trabalenguas - Volumina,FAKE,1,Pop,udio,train,7240
seg_007241,sample_02512,mc trabalenguas - Volumina,FAKE,1,Pop,udio,train,7241
seg_007242,sample_02513,Monkeystage - Ergo Phizmiz,FAKE,1,Pop,udio,train,7242
seg_007243,sample_02513,Monkeystage - Ergo Phizmiz,FAKE,1,Pop,udio,train,7243
seg_007244,sample_02513,Monkeystage - Ergo Phizmiz,FAKE,1,Pop,udio,train,7244
seg_007245,sample_02514,Monkeystage - Ergo Phizmiz,FAKE,1,Pop,udio,train,7245
seg_007246,sample_02514,Monkeystage - Ergo Phizmiz,FAKE,1,Pop,udio,train,7246
seg_007247,sample_02514,Monkeystage - Ergo Phizmiz,FAKE,1,Pop,udio,train,7247
seg_007248,sample_02515,Motocross Mania - Monroeville Music Center,FAKE,1,Pop,udio,test,7248
seg_007249,sample_02515,Motocross Mania - Monroeville Music Center,FAKE,1,Pop,udio,test,7249
seg_007250,sample_02515,Motocross Mania - Monroeville Music Center,FAKE,1,Pop,udio,test,7250
seg_007251,sample_02516,Motocross Mania - Monroeville Music Center,FAKE,1,Pop,udio,test,7251
seg_007252,sample_02516,Motocross Mania - Monroeville Music Center,FAKE,1,Pop,udio,test,7252
seg_007253,sample_02516,Motocross Mania - Monroeville Music Center,FAKE,1,Pop,udio,test,7253
seg_007254,sample_02517,Music For an Underground Circu - Ergo Phizmiz,FAKE,1,Pop,udio,test,7254
seg_007255,sample_02517,Music For an Underground Circu - Ergo Phizmiz,FAKE,1,Pop,udio,test,7255
seg_007256,sample_02517,Music For an Underground Circu - Ergo Phizmiz,FAKE,1,Pop,udio,test,7256
seg_007257,sample_02518,Music For an Underground Circu - Ergo Phizmiz,FAKE,1,Pop,udio,test,7257
seg_007258,sample_02518,Music For an Underground Circu - Ergo Phizmiz,FAKE,1,Pop,udio,test,7258
seg_007259,sample_02518,Music For an Underground Circu - Ergo Phizmiz,FAKE,1,Pop,udio,test,7259
seg_007260,sample_02519,Nature Is Over / Defined - Bird Names,FAKE,1,Pop,udio,train,7260
seg_007261,sample_02519,Nature Is Over / Defined - Bird Names,FAKE,1,Pop,udio,train,7261
seg_007262,sample_02519,Nature Is Over / Defined - Bird Names,FAKE,1,Pop,udio,train,7262
seg_007263,sample_02520,Nature Is Over / Defined - Bird Names,FAKE,1,Pop,udio,train,7263
seg_007264,sample_02520,Nature Is Over / Defined - Bird Names,FAKE,1,Pop,udio,train,7264
seg_007265,sample_02520,Nature Is Over / Defined - Bird Names,FAKE,1,Pop,udio,train,7265
seg_007266,sample_02521,New Life (take 1) - Bird Names,FAKE,1,Pop,udio,val,7266
seg_007267,sample_02521,New Life (take 1) - Bird Names,FAKE,1,Pop,udio,val,7267
seg_007268,sample_02521,New Life (take 1) - Bird Names,FAKE,1,Pop,udio,val,7268
seg_007269,sample_02522,New Life (take 1) - Bird Names,FAKE,1,Pop,udio,val,7269
seg_007270,sample_02522,New Life (take 1) - Bird Names,FAKE,1,Pop,udio,val,7270
seg_007271,sample_02522,New Life (take 1) - Bird Names,FAKE,1,Pop,udio,val,7271
seg_007272,sample_02523,Norweigian Wood II - Bird Names,FAKE,1,Pop,udio,val,7272
seg_007273,sample_02523,Norweigian Wood II - Bird Names,FAKE,1,Pop,udio,val,7273
seg_007274,sample_02523,Norweigian Wood II - Bird Names,FAKE,1,Pop,udio,val,7274
seg_007275,sample_02524,Norweigian Wood II - Bird Names,FAKE,1,Pop,udio,val,7275
seg_007276,sample_02524,Norweigian Wood II - Bird Names,FAKE,1,Pop,udio,val,7276
seg_007277,sample_02524,Norweigian Wood II - Bird Names,FAKE,1,Pop,udio,val,7277
seg_007278,sample_02525,On My Mind - Ergo Phizmiz,FAKE,1,Pop,udio,train,7278
seg_007279,sample_02525,On My Mind - Ergo Phizmiz,FAKE,1,Pop,udio,train,7279
seg_007280,sample_02525,On My Mind - Ergo Phizmiz,FAKE,1,Pop,udio,train,7280
seg_007281,sample_02526,On My Mind - Ergo Phizmiz,FAKE,1,Pop,udio,train,7281
seg_007282,sample_02526,On My Mind - Ergo Phizmiz,FAKE,1,Pop,udio,train,7282
seg_007283,sample_02526,On My Mind - Ergo Phizmiz,FAKE,1,Pop,udio,train,7283
seg_007284,sample_02527,philcollins takes your hand - Katapulto,FAKE,1,Pop,udio,train,7284
seg_007285,sample_02527,philcollins takes your hand - Katapulto,FAKE,1,Pop,udio,train,7285
seg_007286,sample_02527,philcollins takes your hand - Katapulto,FAKE,1,Pop,udio,train,7286
seg_007287,sample_02528,philcollins takes your hand - Katapulto,FAKE,1,Pop,udio,train,7287
seg_007288,sample_02528,philcollins takes your hand - Katapulto,FAKE,1,Pop,udio,train,7288
seg_007289,sample_02528,philcollins takes your hand - Katapulto,FAKE,1,Pop,udio,train,7289
seg_007290,sample_02529,purity & danger - Katapulto,FAKE,1,Pop,udio,train,7290
seg_007291,sample_02529,purity & danger - Katapulto,FAKE,1,Pop,udio,train,7291
seg_007292,sample_02529,purity & danger - Katapulto,FAKE,1,Pop,udio,train,7292
seg_007293,sample_02530,purity & danger - Katapulto,FAKE,1,Pop,udio,train,7293
seg_007294,sample_02530,purity & danger - Katapulto,FAKE,1,Pop,udio,train,7294
seg_007295,sample_02530,purity & danger - Katapulto,FAKE,1,Pop,udio,train,7295
seg_007296,sample_02531,Roller Star - Monroeville Music Center,FAKE,1,Pop,udio,val,7296
seg_007297,sample_02531,Roller Star - Monroeville Music Center,FAKE,1,Pop,udio,val,7297
seg_007298,sample_02531,Roller Star - Monroeville Music Center,FAKE,1,Pop,udio,val,7298
seg_007299,sample_02532,Roller Star - Monroeville Music Center,FAKE,1,Pop,udio,val,7299
seg_007300,sample_02532,Roller Star - Monroeville Music Center,FAKE,1,Pop,udio,val,7300
seg_007301,sample_02532,Roller Star - Monroeville Music Center,FAKE,1,Pop,udio,val,7301
seg_007302,sample_02533,"Roundtrip - Oh Yeah, the Future",FAKE,1,Pop,udio,val,7302
seg_007303,sample_02533,"Roundtrip - Oh Yeah, the Future",FAKE,1,Pop,udio,val,7303
seg_007304,sample_02533,"Roundtrip - Oh Yeah, the Future",FAKE,1,Pop,udio,val,7304
seg_007305,sample_02534,"Roundtrip - Oh Yeah, the Future",FAKE,1,Pop,udio,val,7305
seg_007306,sample_02534,"Roundtrip - Oh Yeah, the Future",FAKE,1,Pop,udio,val,7306
seg_007307,sample_02534,"Roundtrip - Oh Yeah, the Future",FAKE,1,Pop,udio,val,7307
seg_007308,sample_02535,Shadow Government - Bird Names,FAKE,1,Pop,udio,train,7308
seg_007309,sample_02535,Shadow Government - Bird Names,FAKE,1,Pop,udio,train,7309
seg_007310,sample_02535,Shadow Government - Bird Names,FAKE,1,Pop,udio,train,7310
seg_007311,sample_02536,Shadow Government - Bird Names,FAKE,1,Pop,udio,train,7311
seg_007312,sample_02536,Shadow Government - Bird Names,FAKE,1,Pop,udio,train,7312
seg_007313,sample_02536,Shadow Government - Bird Names,FAKE,1,Pop,udio,train,7313
seg_007314,sample_02537,She Works / Tepid Waters - Bird Names,FAKE,1,Pop,udio,test,7314
seg_007315,sample_02537,She Works / Tepid Waters - Bird Names,FAKE,1,Pop,udio,test,7315
seg_007316,sample_02537,She Works / Tepid Waters - Bird Names,FAKE,1,Pop,udio,test,7316
seg_007317,sample_02538,She Works / Tepid Waters - Bird Names,FAKE,1,Pop,udio,test,7317
seg_007318,sample_02538,She Works / Tepid Waters - Bird Names,FAKE,1,Pop,udio,test,7318
seg_007319,sample_02538,She Works / Tepid Waters - Bird Names,FAKE,1,Pop,udio,test,7319
seg_007320,sample_02539,Soleares&beats - Malaventura,FAKE,1,Pop,udio,val,7320
seg_007321,sample_02539,Soleares&beats - Malaventura,FAKE,1,Pop,udio,val,7321
seg_007322,sample_02539,Soleares&beats - Malaventura,FAKE,1,Pop,udio,val,7322
seg_007323,sample_02540,Soleares&beats - Malaventura,FAKE,1,Pop,udio,val,7323
seg_007324,sample_02540,Soleares&beats - Malaventura,FAKE,1,Pop,udio,val,7324
seg_007325,sample_02540,Soleares&beats - Malaventura,FAKE,1,Pop,udio,val,7325
seg_007326,sample_02541,Something Dirty - Ergo Phizmiz,FAKE,1,Pop,udio,test,7326
seg_007327,sample_02541,Something Dirty - Ergo Phizmiz,FAKE,1,Pop,udio,test,7327
seg_007328,sample_02541,Something Dirty - Ergo Phizmiz,FAKE,1,Pop,udio,test,7328
seg_007329,sample_02542,Something Dirty - Ergo Phizmiz,FAKE,1,Pop,udio,test,7329
seg_007330,sample_02542,Something Dirty - Ergo Phizmiz,FAKE,1,Pop,udio,test,7330
seg_007331,sample_02542,Something Dirty - Ergo Phizmiz,FAKE,1,Pop,udio,test,7331
seg_007332,sample_02543,Spanish BEEEYYAAACHHH - Malaventura,FAKE,1,Pop,udio,train,7332
seg_007333,sample_02543,Spanish BEEEYYAAACHHH - Malaventura,FAKE,1,Pop,udio,train,7333
seg_007334,sample_02543,Spanish BEEEYYAAACHHH - Malaventura,FAKE,1,Pop,udio,train,7334
seg_007335,sample_02544,Spanish BEEEYYAAACHHH - Malaventura,FAKE,1,Pop,udio,train,7335
seg_007336,sample_02544,Spanish BEEEYYAAACHHH - Malaventura,FAKE,1,Pop,udio,train,7336
seg_007337,sample_02544,Spanish BEEEYYAAACHHH - Malaventura,FAKE,1,Pop,udio,train,7337
seg_007338,sample_02545,Stockholm Syndrome / People Should Be More Aware - Bird Names,FAKE,1,Pop,udio,val,7338
seg_007339,sample_02545,Stockholm Syndrome / People Should Be More Aware - Bird Names,FAKE,1,Pop,udio,val,7339
seg_007340,sample_02545,Stockholm Syndrome / People Should Be More Aware - Bird Names,FAKE,1,Pop,udio,val,7340
seg_007341,sample_02546,Stockholm Syndrome / People Should Be More Aware - Bird Names,FAKE,1,Pop,udio,val,7341
seg_007342,sample_02546,Stockholm Syndrome / People Should Be More Aware - Bird Names,FAKE,1,Pop,udio,val,7342
seg_007343,sample_02546,Stockholm Syndrome / People Should Be More Aware - Bird Names,FAKE,1,Pop,udio,val,7343
seg_007344,sample_02547,The Cave of Time - Monroeville Music Center,FAKE,1,Pop,udio,train,7344
seg_007345,sample_02547,The Cave of Time - Monroeville Music Center,FAKE,1,Pop,udio,train,7345
seg_007346,sample_02547,The Cave of Time - Monroeville Music Center,FAKE,1,Pop,udio,train,7346
seg_007347,sample_02548,The Cave of Time - Monroeville Music Center,FAKE,1,Pop,udio,train,7347
seg_007348,sample_02548,The Cave of Time - Monroeville Music Center,FAKE,1,Pop,udio,train,7348
seg_007349,sample_02548,The Cave of Time - Monroeville Music Center,FAKE,1,Pop,udio,train,7349
seg_007350,sample_02549,The Coldest Winter - Caleb Lemond,FAKE,1,Pop,udio,train,7350
seg_007351,sample_02549,The Coldest Winter - Caleb Lemond,FAKE,1,Pop,udio,train,7351
seg_007352,sample_02549,The Coldest Winter - Caleb Lemond,FAKE,1,Pop,udio,train,7352
seg_007353,sample_02550,The Coldest Winter - Caleb Lemond,FAKE,1,Pop,udio,train,7353
seg_007354,sample_02550,The Coldest Winter - Caleb Lemond,FAKE,1,Pop,udio,train,7354
seg_007355,sample_02550,The Coldest Winter - Caleb Lemond,FAKE,1,Pop,udio,train,7355
seg_007356,sample_02551,The Dream and the Dreamer - Caleb Lemond,FAKE,1,Pop,udio,train,7356
seg_007357,sample_02551,The Dream and the Dreamer - Caleb Lemond,FAKE,1,Pop,udio,train,7357
seg_007358,sample_02551,The Dream and the Dreamer - Caleb Lemond,FAKE,1,Pop,udio,train,7358
seg_007359,sample_02552,The Dream and the Dreamer - Caleb Lemond,FAKE,1,Pop,udio,train,7359
seg_007360,sample_02552,The Dream and the Dreamer - Caleb Lemond,FAKE,1,Pop,udio,train,7360
seg_007361,sample_02552,The Dream and the Dreamer - Caleb Lemond,FAKE,1,Pop,udio,train,7361
seg_007362,sample_02553,The plot - Malaventura,FAKE,1,Pop,udio,train,7362
seg_007363,sample_02553,The plot - Malaventura,FAKE,1,Pop,udio,train,7363
seg_007364,sample_02553,The plot - Malaventura,FAKE,1,Pop,udio,train,7364
seg_007365,sample_02554,The plot - Malaventura,FAKE,1,Pop,udio,train,7365
seg_007366,sample_02554,The plot - Malaventura,FAKE,1,Pop,udio,train,7366
seg_007367,sample_02554,The plot - Malaventura,FAKE,1,Pop,udio,train,7367
seg_007368,sample_02555,The Race Forever - Monroeville Music Center,FAKE,1,Pop,udio,train,7368
seg_007369,sample_02555,The Race Forever - Monroeville Music Center,FAKE,1,Pop,udio,train,7369
seg_007370,sample_02555,The Race Forever - Monroeville Music Center,FAKE,1,Pop,udio,train,7370
seg_007371,sample_02556,The Race Forever - Monroeville Music Center,FAKE,1,Pop,udio,train,7371
seg_007372,sample_02556,The Race Forever - Monroeville Music Center,FAKE,1,Pop,udio,train,7372
seg_007373,sample_02556,The Race Forever - Monroeville Music Center,FAKE,1,Pop,udio,train,7373
seg_007374,sample_02557,The Reality Machine - Monroeville Music Center,FAKE,1,Pop,udio,train,7374
seg_007375,sample_02557,The Reality Machine - Monroeville Music Center,FAKE,1,Pop,udio,train,7375
seg_007376,sample_02557,The Reality Machine - Monroeville Music Center,FAKE,1,Pop,udio,train,7376
seg_007377,sample_02558,The Reality Machine - Monroeville Music Center,FAKE,1,Pop,udio,train,7377
seg_007378,sample_02558,The Reality Machine - Monroeville Music Center,FAKE,1,Pop,udio,train,7378
seg_007379,sample_02558,The Reality Machine - Monroeville Music Center,FAKE,1,Pop,udio,train,7379
seg_007380,sample_02559,Time Is Love - Silence is full of birds,FAKE,1,Pop,udio,val,7380
seg_007381,sample_02559,Time Is Love - Silence is full of birds,FAKE,1,Pop,udio,val,7381
seg_007382,sample_02559,Time Is Love - Silence is full of birds,FAKE,1,Pop,udio,val,7382
seg_007383,sample_02560,Time Is Love - Silence is full of birds,FAKE,1,Pop,udio,val,7383
seg_007384,sample_02560,Time Is Love - Silence is full of birds,FAKE,1,Pop,udio,val,7384
seg_007385,sample_02560,Time Is Love - Silence is full of birds,FAKE,1,Pop,udio,val,7385
seg_007386,sample_02561,Troubles I've seen - Malaventura,FAKE,1,Pop,udio,test,7386
seg_007387,sample_02561,Troubles I've seen - Malaventura,FAKE,1,Pop,udio,test,7387
seg_007388,sample_02561,Troubles I've seen - Malaventura,FAKE,1,Pop,udio,test,7388
seg_007389,sample_02562,Troubles I've seen - Malaventura,FAKE,1,Pop,udio,test,7389
seg_007390,sample_02562,Troubles I've seen - Malaventura,FAKE,1,Pop,udio,test,7390
seg_007391,sample_02562,Troubles I've seen - Malaventura,FAKE,1,Pop,udio,test,7391
seg_007392,sample_02563,We Are Canucks - David Blair,FAKE,1,Pop,udio,train,7392
seg_007393,sample_02563,We Are Canucks - David Blair,FAKE,1,Pop,udio,train,7393
seg_007394,sample_02563,We Are Canucks - David Blair,FAKE,1,Pop,udio,train,7394
seg_007395,sample_02564,We Are Canucks - David Blair,FAKE,1,Pop,udio,train,7395
seg_007396,sample_02564,We Are Canucks - David Blair,FAKE,1,Pop,udio,train,7396
seg_007397,sample_02564,We Are Canucks - David Blair,FAKE,1,Pop,udio,train,7397
seg_007398,sample_02565,Yoko live at FoEG - Emma Acs,FAKE,1,Pop,udio,train,7398
seg_007399,sample_02565,Yoko live at FoEG - Emma Acs,FAKE,1,Pop,udio,train,7399
seg_007400,sample_02565,Yoko live at FoEG - Emma Acs,FAKE,1,Pop,udio,train,7400
seg_007401,sample_02566,Yoko live at FoEG - Emma Acs,FAKE,1,Pop,udio,train,7401
seg_007402,sample_02566,Yoko live at FoEG - Emma Acs,FAKE,1,Pop,udio,train,7402
seg_007403,sample_02566,Yoko live at FoEG - Emma Acs,FAKE,1,Pop,udio,train,7403
seg_007404,sample_02567,You Are A Monster - Monroeville Music Center,FAKE,1,Pop,udio,train,7404
seg_007405,sample_02567,You Are A Monster - Monroeville Music Center,FAKE,1,Pop,udio,train,7405
seg_007406,sample_02567,You Are A Monster - Monroeville Music Center,FAKE,1,Pop,udio,train,7406
seg_007407,sample_02568,You Are A Monster - Monroeville Music Center,FAKE,1,Pop,udio,train,7407
seg_007408,sample_02568,You Are A Monster - Monroeville Music Center,FAKE,1,Pop,udio,train,7408
seg_007409,sample_02568,You Are A Monster - Monroeville Music Center,FAKE,1,Pop,udio,train,7409
seg_007410,sample_02569,zero rhythm dollar boy - Katapulto,FAKE,1,Pop,udio,train,7410
seg_007411,sample_02569,zero rhythm dollar boy - Katapulto,FAKE,1,Pop,udio,train,7411
seg_007412,sample_02569,zero rhythm dollar boy - Katapulto,FAKE,1,Pop,udio,train,7412
seg_007413,sample_02570,zero rhythm dollar boy - Katapulto,FAKE,1,Pop,udio,train,7413
seg_007414,sample_02570,zero rhythm dollar boy - Katapulto,FAKE,1,Pop,udio,train,7414
seg_007415,sample_02570,zero rhythm dollar boy - Katapulto,FAKE,1,Pop,udio,train,7415
seg_007416,sample_02571,"November 25, 2007 - Kenneth Kirschner",FAKE,1,Electronic,udio,train,7416
seg_007417,sample_02571,"November 25, 2007 - Kenneth Kirschner",FAKE,1,Electronic,udio,train,7417
seg_007418,sample_02571,"November 25, 2007 - Kenneth Kirschner",FAKE,1,Electronic,udio,train,7418
seg_007419,sample_02572,1984 - Punk Rock Opera,FAKE,1,Rock,udio,train,7419
seg_007420,sample_02572,1984 - Punk Rock Opera,FAKE,1,Rock,udio,train,7420
seg_007421,sample_02572,1984 - Punk Rock Opera,FAKE,1,Rock,udio,train,7421
seg_007422,sample_02573,2 (Wasn't There) - Isle of Pine,FAKE,1,Rock,udio,val,7422
seg_007423,sample_02573,2 (Wasn't There) - Isle of Pine,FAKE,1,Rock,udio,val,7423
seg_007424,sample_02573,2 (Wasn't There) - Isle of Pine,FAKE,1,Rock,udio,val,7424
seg_007425,sample_02574,2 (Wasn't There) - Isle of Pine,FAKE,1,Rock,udio,val,7425
seg_007426,sample_02574,2 (Wasn't There) - Isle of Pine,FAKE,1,Rock,udio,val,7426
seg_007427,sample_02574,2 (Wasn't There) - Isle of Pine,FAKE,1,Rock,udio,val,7427
seg_007428,sample_02575,Attention - Pete Prodoehl,FAKE,1,Rock,udio,test,7428
seg_007429,sample_02575,Attention - Pete Prodoehl,FAKE,1,Rock,udio,test,7429
seg_007430,sample_02575,Attention - Pete Prodoehl,FAKE,1,Rock,udio,test,7430
seg_007431,sample_02576,Attention - Pete Prodoehl,FAKE,1,Rock,udio,test,7431
seg_007432,sample_02576,Attention - Pete Prodoehl,FAKE,1,Rock,udio,test,7432
seg_007433,sample_02576,Attention - Pete Prodoehl,FAKE,1,Rock,udio,test,7433
seg_007434,sample_02577,Colossal Stillness - Scott Holmes,FAKE,1,Rock,udio,train,7434
seg_007435,sample_02577,Colossal Stillness - Scott Holmes,FAKE,1,Rock,udio,train,7435
seg_007436,sample_02577,Colossal Stillness - Scott Holmes,FAKE,1,Rock,udio,train,7436
seg_007437,sample_02578,Colossal Stillness - Scott Holmes,FAKE,1,Rock,udio,train,7437
seg_007438,sample_02578,Colossal Stillness - Scott Holmes,FAKE,1,Rock,udio,train,7438
seg_007439,sample_02578,Colossal Stillness - Scott Holmes,FAKE,1,Rock,udio,train,7439
seg_007440,sample_02579,Crossing - Los Llamarada,FAKE,1,Rock,udio,train,7440
seg_007441,sample_02579,Crossing - Los Llamarada,FAKE,1,Rock,udio,train,7441
seg_007442,sample_02579,Crossing - Los Llamarada,FAKE,1,Rock,udio,train,7442
seg_007443,sample_02580,Crossing - Los Llamarada,FAKE,1,Rock,udio,train,7443
seg_007444,sample_02580,Crossing - Los Llamarada,FAKE,1,Rock,udio,train,7444
seg_007445,sample_02580,Crossing - Los Llamarada,FAKE,1,Rock,udio,train,7445
seg_007446,sample_02581,Digital Lightning - Cloudkicker,FAKE,1,Rock,udio,train,7446
seg_007447,sample_02581,Digital Lightning - Cloudkicker,FAKE,1,Rock,udio,train,7447
seg_007448,sample_02581,Digital Lightning - Cloudkicker,FAKE,1,Rock,udio,train,7448
seg_007449,sample_02582,Digital Lightning - Cloudkicker,FAKE,1,Rock,udio,train,7449
seg_007450,sample_02582,Digital Lightning - Cloudkicker,FAKE,1,Rock,udio,train,7450
seg_007451,sample_02582,Digital Lightning - Cloudkicker,FAKE,1,Rock,udio,train,7451
seg_007452,sample_02583,Empty Pockets - Pete Prodoehl,FAKE,1,Rock,udio,val,7452
seg_007453,sample_02583,Empty Pockets - Pete Prodoehl,FAKE,1,Rock,udio,val,7453
seg_007454,sample_02583,Empty Pockets - Pete Prodoehl,FAKE,1,Rock,udio,val,7454
seg_007455,sample_02584,Empty Pockets - Pete Prodoehl,FAKE,1,Rock,udio,val,7455
seg_007456,sample_02584,Empty Pockets - Pete Prodoehl,FAKE,1,Rock,udio,val,7456
seg_007457,sample_02584,Empty Pockets - Pete Prodoehl,FAKE,1,Rock,udio,val,7457
seg_007458,sample_02585,Forest Silence - Serpentarivm,FAKE,1,Rock,udio,train,7458
seg_007459,sample_02585,Forest Silence - Serpentarivm,FAKE,1,Rock,udio,train,7459
seg_007460,sample_02585,Forest Silence - Serpentarivm,FAKE,1,Rock,udio,train,7460
seg_007461,sample_02586,Forest Silence - Serpentarivm,FAKE,1,Rock,udio,train,7461
seg_007462,sample_02586,Forest Silence - Serpentarivm,FAKE,1,Rock,udio,train,7462
seg_007463,sample_02586,Forest Silence - Serpentarivm,FAKE,1,Rock,udio,train,7463
seg_007464,sample_02587,Formic Acid for Blood - Punk Rock Opera,FAKE,1,Rock,udio,train,7464
seg_007465,sample_02587,Formic Acid for Blood - Punk Rock Opera,FAKE,1,Rock,udio,train,7465
seg_007466,sample_02587,Formic Acid for Blood - Punk Rock Opera,FAKE,1,Rock,udio,train,7466
seg_007467,sample_02588,Formic Acid for Blood - Punk Rock Opera,FAKE,1,Rock,udio,train,7467
seg_007468,sample_02588,Formic Acid for Blood - Punk Rock Opera,FAKE,1,Rock,udio,train,7468
seg_007469,sample_02588,Formic Acid for Blood - Punk Rock Opera,FAKE,1,Rock,udio,train,7469
seg_007470,sample_02589,Gila Monster Flop/Music History Lesson:The Sonics - The Crypts!,FAKE,1,Rock,udio,val,7470
seg_007471,sample_02589,Gila Monster Flop/Music History Lesson:The Sonics - The Crypts!,FAKE,1,Rock,udio,val,7471
seg_007472,sample_02589,Gila Monster Flop/Music History Lesson:The Sonics - The Crypts!,FAKE,1,Rock,udio,val,7472
seg_007473,sample_02590,Gila Monster Flop/Music History Lesson:The Sonics - The Crypts!,FAKE,1,Rock,udio,val,7473
seg_007474,sample_02590,Gila Monster Flop/Music History Lesson:The Sonics - The Crypts!,FAKE,1,Rock,udio,val,7474
seg_007475,sample_02590,Gila Monster Flop/Music History Lesson:The Sonics - The Crypts!,FAKE,1,Rock,udio,val,7475
seg_007476,sample_02591,"Head of Ancante, Talking Tree - Ak'chamel, The Giver of Illness",FAKE,1,Rock,udio,test,7476
seg_007477,sample_02591,"Head of Ancante, Talking Tree - Ak'chamel, The Giver of Illness",FAKE,1,Rock,udio,test,7477
seg_007478,sample_02591,"Head of Ancante, Talking Tree - Ak'chamel, The Giver of Illness",FAKE,1,Rock,udio,test,7478
seg_007479,sample_02592,"Head of Ancante, Talking Tree - Ak'chamel, The Giver of Illness",FAKE,1,Rock,udio,test,7479
seg_007480,sample_02592,"Head of Ancante, Talking Tree - Ak'chamel, The Giver of Illness",FAKE,1,Rock,udio,test,7480
seg_007481,sample_02592,"Head of Ancante, Talking Tree - Ak'chamel, The Giver of Illness",FAKE,1,Rock,udio,test,7481
seg_007482,sample_02593,I Dream So Vividly - Uninhabitable Mansions,FAKE,1,Rock,udio,train,7482
seg_007483,sample_02593,I Dream So Vividly - Uninhabitable Mansions,FAKE,1,Rock,udio,train,7483
seg_007484,sample_02593,I Dream So Vividly - Uninhabitable Mansions,FAKE,1,Rock,udio,train,7484
seg_007485,sample_02594,I Dream So Vividly - Uninhabitable Mansions,FAKE,1,Rock,udio,train,7485
seg_007486,sample_02594,I Dream So Vividly - Uninhabitable Mansions,FAKE,1,Rock,udio,train,7486
seg_007487,sample_02594,I Dream So Vividly - Uninhabitable Mansions,FAKE,1,Rock,udio,train,7487
seg_007488,sample_02595,I Fell - Mod Fun,FAKE,1,Rock,udio,val,7488
seg_007489,sample_02595,I Fell - Mod Fun,FAKE,1,Rock,udio,val,7489
seg_007490,sample_02595,I Fell - Mod Fun,FAKE,1,Rock,udio,val,7490
seg_007491,sample_02596,I Fell - Mod Fun,FAKE,1,Rock,udio,val,7491
seg_007492,sample_02596,I Fell - Mod Fun,FAKE,1,Rock,udio,val,7492
seg_007493,sample_02596,I Fell - Mod Fun,FAKE,1,Rock,udio,val,7493
seg_007494,sample_02597,Infinite Light - Pipe Choir,FAKE,1,Rock,udio,train,7494
seg_007495,sample_02597,Infinite Light - Pipe Choir,FAKE,1,Rock,udio,train,7495
seg_007496,sample_02597,Infinite Light - Pipe Choir,FAKE,1,Rock,udio,train,7496
seg_007497,sample_02598,Infinite Light - Pipe Choir,FAKE,1,Rock,udio,train,7497
seg_007498,sample_02598,Infinite Light - Pipe Choir,FAKE,1,Rock,udio,train,7498
seg_007499,sample_02598,Infinite Light - Pipe Choir,FAKE,1,Rock,udio,train,7499
seg_007500,sample_02599,I - Inflammator,FAKE,1,Rock,udio,test,7500
seg_007501,sample_02599,I - Inflammator,FAKE,1,Rock,udio,test,7501
seg_007502,sample_02599,I - Inflammator,FAKE,1,Rock,udio,test,7502
seg_007503,sample_02600,I - Inflammator,FAKE,1,Rock,udio,test,7503
seg_007504,sample_02600,I - Inflammator,FAKE,1,Rock,udio,test,7504
seg_007505,sample_02600,I - Inflammator,FAKE,1,Rock,udio,test,7505
seg_007506,sample_02601,Johnny I Lie - The Moi Non Plus,FAKE,1,Rock,udio,train,7506
seg_007507,sample_02601,Johnny I Lie - The Moi Non Plus,FAKE,1,Rock,udio,train,7507
seg_007508,sample_02601,Johnny I Lie - The Moi Non Plus,FAKE,1,Rock,udio,train,7508
seg_007509,sample_02602,Johnny I Lie - The Moi Non Plus,FAKE,1,Rock,udio,train,7509
seg_007510,sample_02602,Johnny I Lie - The Moi Non Plus,FAKE,1,Rock,udio,train,7510
seg_007511,sample_02602,Johnny I Lie - The Moi Non Plus,FAKE,1,Rock,udio,train,7511
seg_007512,sample_02603,KOMFORT - voyageurs,FAKE,1,Rock,udio,train,7512
seg_007513,sample_02603,KOMFORT - voyageurs,FAKE,1,Rock,udio,train,7513
seg_007514,sample_02603,KOMFORT - voyageurs,FAKE,1,Rock,udio,train,7514
seg_007515,sample_02604,KOMFORT - voyageurs,FAKE,1,Rock,udio,train,7515
seg_007516,sample_02604,KOMFORT - voyageurs,FAKE,1,Rock,udio,train,7516
seg_007517,sample_02604,KOMFORT - voyageurs,FAKE,1,Rock,udio,train,7517
seg_007518,sample_02605,LIQUID SKULLS - voyageurs,FAKE,1,Rock,udio,test,7518
seg_007519,sample_02605,LIQUID SKULLS - voyageurs,FAKE,1,Rock,udio,test,7519
seg_007520,sample_02605,LIQUID SKULLS - voyageurs,FAKE,1,Rock,udio,test,7520
seg_007521,sample_02606,LIQUID SKULLS - voyageurs,FAKE,1,Rock,udio,test,7521
seg_007522,sample_02606,LIQUID SKULLS - voyageurs,FAKE,1,Rock,udio,test,7522
seg_007523,sample_02606,LIQUID SKULLS - voyageurs,FAKE,1,Rock,udio,test,7523
seg_007524,sample_02607,Lost Paradise - Autumn Interlude,FAKE,1,Rock,udio,train,7524
seg_007525,sample_02607,Lost Paradise - Autumn Interlude,FAKE,1,Rock,udio,train,7525
seg_007526,sample_02607,Lost Paradise - Autumn Interlude,FAKE,1,Rock,udio,train,7526
seg_007527,sample_02608,Lost Paradise - Autumn Interlude,FAKE,1,Rock,udio,train,7527
seg_007528,sample_02608,Lost Paradise - Autumn Interlude,FAKE,1,Rock,udio,train,7528
seg_007529,sample_02608,Lost Paradise - Autumn Interlude,FAKE,1,Rock,udio,train,7529
seg_007530,sample_02609,Love Dream - The Zombie Dandies,FAKE,1,Rock,udio,test,7530
seg_007531,sample_02609,Love Dream - The Zombie Dandies,FAKE,1,Rock,udio,test,7531
seg_007532,sample_02609,Love Dream - The Zombie Dandies,FAKE,1,Rock,udio,test,7532
seg_007533,sample_02610,Love Dream - The Zombie Dandies,FAKE,1,Rock,udio,test,7533
seg_007534,sample_02610,Love Dream - The Zombie Dandies,FAKE,1,Rock,udio,test,7534
seg_007535,sample_02610,Love Dream - The Zombie Dandies,FAKE,1,Rock,udio,test,7535
seg_007536,sample_02611,March of the GPA Mechanics - [t]ghost,FAKE,1,Rock,udio,val,7536
seg_007537,sample_02611,March of the GPA Mechanics - [t]ghost,FAKE,1,Rock,udio,val,7537
seg_007538,sample_02611,March of the GPA Mechanics - [t]ghost,FAKE,1,Rock,udio,val,7538
seg_007539,sample_02612,March of the GPA Mechanics - [t]ghost,FAKE,1,Rock,udio,val,7539
seg_007540,sample_02612,March of the GPA Mechanics - [t]ghost,FAKE,1,Rock,udio,val,7540
seg_007541,sample_02612,March of the GPA Mechanics - [t]ghost,FAKE,1,Rock,udio,val,7541
seg_007542,sample_02613,Mettle - Pipe Choir,FAKE,1,Rock,udio,train,7542
seg_007543,sample_02613,Mettle - Pipe Choir,FAKE,1,Rock,udio,train,7543
seg_007544,sample_02613,Mettle - Pipe Choir,FAKE,1,Rock,udio,train,7544
seg_007545,sample_02614,Mettle - Pipe Choir,FAKE,1,Rock,udio,train,7545
seg_007546,sample_02614,Mettle - Pipe Choir,FAKE,1,Rock,udio,train,7546
seg_007547,sample_02614,Mettle - Pipe Choir,FAKE,1,Rock,udio,train,7547
seg_007548,sample_02615,Millitary Industrial Complex - Punk Rock Opera,FAKE,1,Rock,udio,train,7548
seg_007549,sample_02615,Millitary Industrial Complex - Punk Rock Opera,FAKE,1,Rock,udio,train,7549
seg_007550,sample_02615,Millitary Industrial Complex - Punk Rock Opera,FAKE,1,Rock,udio,train,7550
seg_007551,sample_02616,Millitary Industrial Complex - Punk Rock Opera,FAKE,1,Rock,udio,train,7551
seg_007552,sample_02616,Millitary Industrial Complex - Punk Rock Opera,FAKE,1,Rock,udio,train,7552
seg_007553,sample_02616,Millitary Industrial Complex - Punk Rock Opera,FAKE,1,Rock,udio,train,7553
seg_007554,sample_02617,Mountain Mist - Modey Lemon,FAKE,1,Rock,udio,train,7554
seg_007555,sample_02617,Mountain Mist - Modey Lemon,FAKE,1,Rock,udio,train,7555
seg_007556,sample_02617,Mountain Mist - Modey Lemon,FAKE,1,Rock,udio,train,7556
seg_007557,sample_02618,Mountain Mist - Modey Lemon,FAKE,1,Rock,udio,train,7557
seg_007558,sample_02618,Mountain Mist - Modey Lemon,FAKE,1,Rock,udio,train,7558
seg_007559,sample_02618,Mountain Mist - Modey Lemon,FAKE,1,Rock,udio,train,7559
seg_007560,sample_02619,I - Nocturnal Mayhem,FAKE,1,Rock,udio,train,7560
seg_007561,sample_02619,I - Nocturnal Mayhem,FAKE,1,Rock,udio,train,7561
seg_007562,sample_02619,I - Nocturnal Mayhem,FAKE,1,Rock,udio,train,7562
seg_007563,sample_02620,I - Nocturnal Mayhem,FAKE,1,Rock,udio,train,7563
seg_007564,sample_02620,I - Nocturnal Mayhem,FAKE,1,Rock,udio,train,7564
seg_007565,sample_02620,I - Nocturnal Mayhem,FAKE,1,Rock,udio,train,7565
seg_007566,sample_02621,Nose - DUSTdevils,FAKE,1,Rock,udio,train,7566
seg_007567,sample_02621,Nose - DUSTdevils,FAKE,1,Rock,udio,train,7567
seg_007568,sample_02621,Nose - DUSTdevils,FAKE,1,Rock,udio,train,7568
seg_007569,sample_02622,Nose - DUSTdevils,FAKE,1,Rock,udio,train,7569
seg_007570,sample_02622,Nose - DUSTdevils,FAKE,1,Rock,udio,train,7570
seg_007571,sample_02622,Nose - DUSTdevils,FAKE,1,Rock,udio,train,7571
seg_007572,sample_02623,One Eyed Ghost/This is gonna be a rough show - The Crypts!,FAKE,1,Rock,udio,train,7572
seg_007573,sample_02623,One Eyed Ghost/This is gonna be a rough show - The Crypts!,FAKE,1,Rock,udio,train,7573
seg_007574,sample_02623,One Eyed Ghost/This is gonna be a rough show - The Crypts!,FAKE,1,Rock,udio,train,7574
seg_007575,sample_02624,One Eyed Ghost/This is gonna be a rough show - The Crypts!,FAKE,1,Rock,udio,train,7575
seg_007576,sample_02624,One Eyed Ghost/This is gonna be a rough show - The Crypts!,FAKE,1,Rock,udio,train,7576
seg_007577,sample_02624,One Eyed Ghost/This is gonna be a rough show - The Crypts!,FAKE,1,Rock,udio,train,7577
seg_007578,sample_02625,Roach-Man - Punk Rock Opera,FAKE,1,Rock,udio,train,7578
seg_007579,sample_02625,Roach-Man - Punk Rock Opera,FAKE,1,Rock,udio,train,7579
seg_007580,sample_02625,Roach-Man - Punk Rock Opera,FAKE,1,Rock,udio,train,7580
seg_007581,sample_02626,Roach-Man - Punk Rock Opera,FAKE,1,Rock,udio,train,7581
seg_007582,sample_02626,Roach-Man - Punk Rock Opera,FAKE,1,Rock,udio,train,7582
seg_007583,sample_02626,Roach-Man - Punk Rock Opera,FAKE,1,Rock,udio,train,7583
seg_007584,sample_02627,Robocall - Legally Blind,FAKE,1,Rock,udio,train,7584
seg_007585,sample_02627,Robocall - Legally Blind,FAKE,1,Rock,udio,train,7585
seg_007586,sample_02627,Robocall - Legally Blind,FAKE,1,Rock,udio,train,7586
seg_007587,sample_02628,Robocall - Legally Blind,FAKE,1,Rock,udio,train,7587
seg_007588,sample_02628,Robocall - Legally Blind,FAKE,1,Rock,udio,train,7588
seg_007589,sample_02628,Robocall - Legally Blind,FAKE,1,Rock,udio,train,7589
seg_007590,sample_02629,Roland Garros 2048 - Zoliborz,FAKE,1,Rock,udio,train,7590
seg_007591,sample_02629,Roland Garros 2048 - Zoliborz,FAKE,1,Rock,udio,train,7591
seg_007592,sample_02629,Roland Garros 2048 - Zoliborz,FAKE,1,Rock,udio,train,7592
seg_007593,sample_02630,Roland Garros 2048 - Zoliborz,FAKE,1,Rock,udio,train,7593
seg_007594,sample_02630,Roland Garros 2048 - Zoliborz,FAKE,1,Rock,udio,train,7594
seg_007595,sample_02630,Roland Garros 2048 - Zoliborz,FAKE,1,Rock,udio,train,7595
seg_007596,sample_02631,Scramby Eggs - Andy G. Cohen,FAKE,1,Rock,udio,val,7596
seg_007597,sample_02631,Scramby Eggs - Andy G. Cohen,FAKE,1,Rock,udio,val,7597
seg_007598,sample_02631,Scramby Eggs - Andy G. Cohen,FAKE,1,Rock,udio,val,7598
seg_007599,sample_02632,Scramby Eggs - Andy G. Cohen,FAKE,1,Rock,udio,val,7599
seg_007600,sample_02632,Scramby Eggs - Andy G. Cohen,FAKE,1,Rock,udio,val,7600
seg_007601,sample_02632,Scramby Eggs - Andy G. Cohen,FAKE,1,Rock,udio,val,7601
seg_007602,sample_02633,Sea Monster - The Crypts!,FAKE,1,Rock,udio,train,7602
seg_007603,sample_02633,Sea Monster - The Crypts!,FAKE,1,Rock,udio,train,7603
seg_007604,sample_02633,Sea Monster - The Crypts!,FAKE,1,Rock,udio,train,7604
seg_007605,sample_02634,Sea Monster - The Crypts!,FAKE,1,Rock,udio,train,7605
seg_007606,sample_02634,Sea Monster - The Crypts!,FAKE,1,Rock,udio,train,7606
seg_007607,sample_02634,Sea Monster - The Crypts!,FAKE,1,Rock,udio,train,7607
seg_007608,sample_02635,Sfogare Il Dissenso - Deiezione HC,FAKE,1,Rock,udio,test,7608
seg_007609,sample_02635,Sfogare Il Dissenso - Deiezione HC,FAKE,1,Rock,udio,test,7609
seg_007610,sample_02635,Sfogare Il Dissenso - Deiezione HC,FAKE,1,Rock,udio,test,7610
seg_007611,sample_02636,Sfogare Il Dissenso - Deiezione HC,FAKE,1,Rock,udio,test,7611
seg_007612,sample_02636,Sfogare Il Dissenso - Deiezione HC,FAKE,1,Rock,udio,test,7612
seg_007613,sample_02636,Sfogare Il Dissenso - Deiezione HC,FAKE,1,Rock,udio,test,7613
seg_007614,sample_02637,Snakefirewalking - Los Llamarada,FAKE,1,Rock,udio,train,7614
seg_007615,sample_02637,Snakefirewalking - Los Llamarada,FAKE,1,Rock,udio,train,7615
seg_007616,sample_02637,Snakefirewalking - Los Llamarada,FAKE,1,Rock,udio,train,7616
seg_007617,sample_02638,Snakefirewalking - Los Llamarada,FAKE,1,Rock,udio,train,7617
seg_007618,sample_02638,Snakefirewalking - Los Llamarada,FAKE,1,Rock,udio,train,7618
seg_007619,sample_02638,Snakefirewalking - Los Llamarada,FAKE,1,Rock,udio,train,7619
seg_007620,sample_02639,Soul of the Demon - Zombie Raiders,FAKE,1,Rock,udio,train,7620
seg_007621,sample_02639,Soul of the Demon - Zombie Raiders,FAKE,1,Rock,udio,train,7621
seg_007622,sample_02639,Soul of the Demon - Zombie Raiders,FAKE,1,Rock,udio,train,7622
seg_007623,sample_02640,Soul of the Demon - Zombie Raiders,FAKE,1,Rock,udio,train,7623
seg_007624,sample_02640,Soul of the Demon - Zombie Raiders,FAKE,1,Rock,udio,train,7624
seg_007625,sample_02640,Soul of the Demon - Zombie Raiders,FAKE,1,Rock,udio,train,7625
seg_007626,sample_02641,Stranger - Frigg A Go Go (F.A.G.G.),FAKE,1,Rock,udio,train,7626
seg_007627,sample_02641,Stranger - Frigg A Go Go (F.A.G.G.),FAKE,1,Rock,udio,train,7627
seg_007628,sample_02641,Stranger - Frigg A Go Go (F.A.G.G.),FAKE,1,Rock,udio,train,7628
seg_007629,sample_02642,Stranger - Frigg A Go Go (F.A.G.G.),FAKE,1,Rock,udio,train,7629
seg_007630,sample_02642,Stranger - Frigg A Go Go (F.A.G.G.),FAKE,1,Rock,udio,train,7630
seg_007631,sample_02642,Stranger - Frigg A Go Go (F.A.G.G.),FAKE,1,Rock,udio,train,7631
seg_007632,sample_02643,Stuttgart - Portrayal,FAKE,1,Rock,udio,test,7632
seg_007633,sample_02643,Stuttgart - Portrayal,FAKE,1,Rock,udio,test,7633
seg_007634,sample_02643,Stuttgart - Portrayal,FAKE,1,Rock,udio,test,7634
seg_007635,sample_02644,Stuttgart - Portrayal,FAKE,1,Rock,udio,test,7635
seg_007636,sample_02644,Stuttgart - Portrayal,FAKE,1,Rock,udio,test,7636
seg_007637,sample_02644,Stuttgart - Portrayal,FAKE,1,Rock,udio,test,7637
seg_007638,sample_02645,Terve Teille - Чокнутый Пропеллер,FAKE,1,Rock,udio,test,7638
seg_007639,sample_02645,Terve Teille - Чокнутый Пропеллер,FAKE,1,Rock,udio,test,7639
seg_007640,sample_02645,Terve Teille - Чокнутый Пропеллер,FAKE,1,Rock,udio,test,7640
seg_007641,sample_02646,Terve Teille - Чокнутый Пропеллер,FAKE,1,Rock,udio,test,7641
seg_007642,sample_02646,Terve Teille - Чокнутый Пропеллер,FAKE,1,Rock,udio,test,7642
seg_007643,sample_02646,Terve Teille - Чокнутый Пропеллер,FAKE,1,Rock,udio,test,7643
seg_007644,sample_02647,The Contract - The IMG,FAKE,1,Rock,udio,train,7644
seg_007645,sample_02647,The Contract - The IMG,FAKE,1,Rock,udio,train,7645
seg_007646,sample_02647,The Contract - The IMG,FAKE,1,Rock,udio,train,7646
seg_007647,sample_02648,The Contract - The IMG,FAKE,1,Rock,udio,train,7647
seg_007648,sample_02648,The Contract - The IMG,FAKE,1,Rock,udio,train,7648
seg_007649,sample_02648,The Contract - The IMG,FAKE,1,Rock,udio,train,7649
seg_007650,sample_02649,The girl just faded - Los Llamarada,FAKE,1,Rock,udio,val,7650
seg_007651,sample_02649,The girl just faded - Los Llamarada,FAKE,1,Rock,udio,val,7651
seg_007652,sample_02649,The girl just faded - Los Llamarada,FAKE,1,Rock,udio,val,7652
seg_007653,sample_02650,The girl just faded - Los Llamarada,FAKE,1,Rock,udio,val,7653
seg_007654,sample_02650,The girl just faded - Los Llamarada,FAKE,1,Rock,udio,val,7654
seg_007655,sample_02650,The girl just faded - Los Llamarada,FAKE,1,Rock,udio,val,7655
seg_007656,sample_02651,Track 04 - Lightning Bolt,FAKE,1,Rock,udio,train,7656
seg_007657,sample_02651,Track 04 - Lightning Bolt,FAKE,1,Rock,udio,train,7657
seg_007658,sample_02651,Track 04 - Lightning Bolt,FAKE,1,Rock,udio,train,7658
seg_007659,sample_02652,Track 04 - Lightning Bolt,FAKE,1,Rock,udio,train,7659
seg_007660,sample_02652,Track 04 - Lightning Bolt,FAKE,1,Rock,udio,train,7660
seg_007661,sample_02652,Track 04 - Lightning Bolt,FAKE,1,Rock,udio,train,7661
seg_007662,sample_02653,Transmit - Lamprey,FAKE,1,Rock,udio,train,7662
seg_007663,sample_02653,Transmit - Lamprey,FAKE,1,Rock,udio,train,7663
seg_007664,sample_02653,Transmit - Lamprey,FAKE,1,Rock,udio,train,7664
seg_007665,sample_02654,Transmit - Lamprey,FAKE,1,Rock,udio,train,7665
seg_007666,sample_02654,Transmit - Lamprey,FAKE,1,Rock,udio,train,7666
seg_007667,sample_02654,Transmit - Lamprey,FAKE,1,Rock,udio,train,7667
seg_007668,sample_02655,Voxel - Andy G. Cohen,FAKE,1,Rock,udio,val,7668
seg_007669,sample_02655,Voxel - Andy G. Cohen,FAKE,1,Rock,udio,val,7669
seg_007670,sample_02655,Voxel - Andy G. Cohen,FAKE,1,Rock,udio,val,7670
seg_007671,sample_02656,Voxel - Andy G. Cohen,FAKE,1,Rock,udio,val,7671
seg_007672,sample_02656,Voxel - Andy G. Cohen,FAKE,1,Rock,udio,val,7672
seg_007673,sample_02656,Voxel - Andy G. Cohen,FAKE,1,Rock,udio,val,7673
seg_007674,sample_02657,We Move in Waves - Modey Lemon,FAKE,1,Rock,udio,train,7674
seg_007675,sample_02657,We Move in Waves - Modey Lemon,FAKE,1,Rock,udio,train,7675
seg_007676,sample_02657,We Move in Waves - Modey Lemon,FAKE,1,Rock,udio,train,7676
seg_007677,sample_02658,We Move in Waves - Modey Lemon,FAKE,1,Rock,udio,train,7677
seg_007678,sample_02658,We Move in Waves - Modey Lemon,FAKE,1,Rock,udio,train,7678
seg_007679,sample_02658,We Move in Waves - Modey Lemon,FAKE,1,Rock,udio,train,7679
seg_007680,sample_02659,Where Is Everything - The Moi Non Plus,FAKE,1,Rock,udio,test,7680
seg_007681,sample_02659,Where Is Everything - The Moi Non Plus,FAKE,1,Rock,udio,test,7681
seg_007682,sample_02659,Where Is Everything - The Moi Non Plus,FAKE,1,Rock,udio,test,7682
seg_007683,sample_02660,Where Is Everything - The Moi Non Plus,FAKE,1,Rock,udio,test,7683
seg_007684,sample_02660,Where Is Everything - The Moi Non Plus,FAKE,1,Rock,udio,test,7684
seg_007685,sample_02660,Where Is Everything - The Moi Non Plus,FAKE,1,Rock,udio,test,7685
seg_007686,sample_02661,Who Loves You Dear - Mink Lungs,FAKE,1,Rock,udio,test,7686
seg_007687,sample_02661,Who Loves You Dear - Mink Lungs,FAKE,1,Rock,udio,test,7687
seg_007688,sample_02661,Who Loves You Dear - Mink Lungs,FAKE,1,Rock,udio,test,7688
seg_007689,sample_02662,Who Loves You Dear - Mink Lungs,FAKE,1,Rock,udio,test,7689
seg_007690,sample_02662,Who Loves You Dear - Mink Lungs,FAKE,1,Rock,udio,test,7690
seg_007691,sample_02662,Who Loves You Dear - Mink Lungs,FAKE,1,Rock,udio,test,7691
seg_007692,sample_02663,Windows of the Skull - Sarin,FAKE,1,Rock,udio,val,7692
seg_007693,sample_02663,Windows of the Skull - Sarin,FAKE,1,Rock,udio,val,7693
seg_007694,sample_02663,Windows of the Skull - Sarin,FAKE,1,Rock,udio,val,7694
seg_007695,sample_02664,Windows of the Skull - Sarin,FAKE,1,Rock,udio,val,7695
seg_007696,sample_02664,Windows of the Skull - Sarin,FAKE,1,Rock,udio,val,7696
seg_007697,sample_02664,Windows of the Skull - Sarin,FAKE,1,Rock,udio,val,7697
seg_007698,sample_02665,Wir Werden Gott - Japanische Kampfhorspiele,FAKE,1,Rock,udio,train,7698
seg_007699,sample_02665,Wir Werden Gott - Japanische Kampfhorspiele,FAKE,1,Rock,udio,train,7699
seg_007700,sample_02665,Wir Werden Gott - Japanische Kampfhorspiele,FAKE,1,Rock,udio,train,7700
seg_007701,sample_02666,Wir Werden Gott - Japanische Kampfhorspiele,FAKE,1,Rock,udio,train,7701
seg_007702,sample_02666,Wir Werden Gott - Japanische Kampfhorspiele,FAKE,1,Rock,udio,train,7702
seg_007703,sample_02666,Wir Werden Gott - Japanische Kampfhorspiele,FAKE,1,Rock,udio,train,7703
seg_007704,sample_02667,Ynkelig - Die Morgendammerung Des Valhalla,FAKE,1,Rock,udio,train,7704
seg_007705,sample_02667,Ynkelig - Die Morgendammerung Des Valhalla,FAKE,1,Rock,udio,train,7705
seg_007706,sample_02667,Ynkelig - Die Morgendammerung Des Valhalla,FAKE,1,Rock,udio,train,7706
seg_007707,sample_02668,Ynkelig - Die Morgendammerung Des Valhalla,FAKE,1,Rock,udio,train,7707
seg_007708,sample_02668,Ynkelig - Die Morgendammerung Des Valhalla,FAKE,1,Rock,udio,train,7708
seg_007709,sample_02668,Ynkelig - Die Morgendammerung Des Valhalla,FAKE,1,Rock,udio,train,7709
seg_007710,sample_02669,Новый Нью-Йорк 2 - Чокнутый Пропеллер,FAKE,1,Rock,udio,val,7710
seg_007711,sample_02669,Новый Нью-Йорк 2 - Чокнутый Пропеллер,FAKE,1,Rock,udio,val,7711
seg_007712,sample_02669,Новый Нью-Йорк 2 - Чокнутый Пропеллер,FAKE,1,Rock,udio,val,7712
seg_007713,sample_02670,Новый Нью-Йорк 2 - Чокнутый Пропеллер,FAKE,1,Rock,udio,val,7713
seg_007714,sample_02670,Новый Нью-Йорк 2 - Чокнутый Пропеллер,FAKE,1,Rock,udio,val,7714
seg_007715,sample_02670,Новый Нью-Йорк 2 - Чокнутый Пропеллер,FAKE,1,Rock,udio,val,7715
seg_007716,sample_02671,Acoustic Unleashed - Remain,FAKE,1,Electronic,stableaudio,train,7716
seg_007717,sample_02671,Acoustic Unleashed - Remain,FAKE,1,Electronic,stableaudio,train,7717
seg_007718,sample_02671,Acoustic Unleashed - Remain,FAKE,1,Electronic,stableaudio,train,7718
seg_007719,sample_02672,Ad Astra - P C III,FAKE,1,Electronic,stableaudio,train,7719
seg_007720,sample_02672,Ad Astra - P C III,FAKE,1,Electronic,stableaudio,train,7720
seg_007721,sample_02672,Ad Astra - P C III,FAKE,1,Electronic,stableaudio,train,7721
seg_007722,sample_02673,All of Us - Eric Skiff,FAKE,1,Electronic,stableaudio,train,7722
seg_007723,sample_02673,All of Us - Eric Skiff,FAKE,1,Electronic,stableaudio,train,7723
seg_007724,sample_02673,All of Us - Eric Skiff,FAKE,1,Electronic,stableaudio,train,7724
seg_007725,sample_02674,"Aquamarine, My Distant Blue - Nihilore",FAKE,1,Electronic,stableaudio,train,7725
seg_007726,sample_02674,"Aquamarine, My Distant Blue - Nihilore",FAKE,1,Electronic,stableaudio,train,7726
seg_007727,sample_02674,"Aquamarine, My Distant Blue - Nihilore",FAKE,1,Electronic,stableaudio,train,7727
seg_007728,sample_02675,Autobahn - S-B-J,FAKE,1,Electronic,stableaudio,train,7728
seg_007729,sample_02675,Autobahn - S-B-J,FAKE,1,Electronic,stableaudio,train,7729
seg_007730,sample_02675,Autobahn - S-B-J,FAKE,1,Electronic,stableaudio,train,7730
seg_007731,sample_02676,Clay Heart - Nihilore,FAKE,1,Electronic,stableaudio,train,7731
seg_007732,sample_02676,Clay Heart - Nihilore,FAKE,1,Electronic,stableaudio,train,7732
seg_007733,sample_02676,Clay Heart - Nihilore,FAKE,1,Electronic,stableaudio,train,7733
seg_007734,sample_02677,Cold Chains - Rolemusic,FAKE,1,Electronic,stableaudio,train,7734
seg_007735,sample_02677,Cold Chains - Rolemusic,FAKE,1,Electronic,stableaudio,train,7735
seg_007736,sample_02677,Cold Chains - Rolemusic,FAKE,1,Electronic,stableaudio,train,7736
seg_007737,sample_02678,CopperNickle - UncleBibby,FAKE,1,Electronic,stableaudio,val,7737
seg_007738,sample_02678,CopperNickle - UncleBibby,FAKE,1,Electronic,stableaudio,val,7738
seg_007739,sample_02678,CopperNickle - UncleBibby,FAKE,1,Electronic,stableaudio,val,7739
seg_007740,sample_02679,Dance Harder - Three Chain Links,FAKE,1,Electronic,stableaudio,test,7740
seg_007741,sample_02679,Dance Harder - Three Chain Links,FAKE,1,Electronic,stableaudio,test,7741
seg_007742,sample_02679,Dance Harder - Three Chain Links,FAKE,1,Electronic,stableaudio,test,7742
seg_007743,sample_02680,Daylight Savings - My brother Daniel,FAKE,1,Electronic,stableaudio,val,7743
seg_007744,sample_02680,Daylight Savings - My brother Daniel,FAKE,1,Electronic,stableaudio,val,7744
seg_007745,sample_02680,Daylight Savings - My brother Daniel,FAKE,1,Electronic,stableaudio,val,7745
seg_007746,sample_02681,Empower Thee - vargero,FAKE,1,Electronic,stableaudio,train,7746
seg_007747,sample_02681,Empower Thee - vargero,FAKE,1,Electronic,stableaudio,train,7747
seg_007748,sample_02681,Empower Thee - vargero,FAKE,1,Electronic,stableaudio,train,7748
seg_007749,sample_02682,Endless - The Birth and Death of Silence,FAKE,1,Electronic,stableaudio,train,7749
seg_007750,sample_02682,Endless - The Birth and Death of Silence,FAKE,1,Electronic,stableaudio,train,7750
seg_007751,sample_02682,Endless - The Birth and Death of Silence,FAKE,1,Electronic,stableaudio,train,7751
seg_007752,sample_02683,Fuckaboing - RoccoW,FAKE,1,Electronic,stableaudio,test,7752
seg_007753,sample_02683,Fuckaboing - RoccoW,FAKE,1,Electronic,stableaudio,test,7753
seg_007754,sample_02683,Fuckaboing - RoccoW,FAKE,1,Electronic,stableaudio,test,7754
seg_007755,sample_02684,"Go On, Then - Jim Rooster",FAKE,1,Electronic,stableaudio,train,7755
seg_007756,sample_02684,"Go On, Then - Jim Rooster",FAKE,1,Electronic,stableaudio,train,7756
seg_007757,sample_02684,"Go On, Then - Jim Rooster",FAKE,1,Electronic,stableaudio,train,7757
seg_007758,sample_02685,Hammer and a Nail - Vienna Ditto,FAKE,1,Electronic,stableaudio,train,7758
seg_007759,sample_02685,Hammer and a Nail - Vienna Ditto,FAKE,1,Electronic,stableaudio,train,7759
seg_007760,sample_02685,Hammer and a Nail - Vienna Ditto,FAKE,1,Electronic,stableaudio,train,7760
seg_007761,sample_02686,Improvisation - Broken Chord,FAKE,1,Electronic,stableaudio,train,7761
seg_007762,sample_02686,Improvisation - Broken Chord,FAKE,1,Electronic,stableaudio,train,7762
seg_007763,sample_02686,Improvisation - Broken Chord,FAKE,1,Electronic,stableaudio,train,7763
seg_007764,sample_02687,Introduction beats - Itsensäsyöjät,FAKE,1,Electronic,stableaudio,train,7764
seg_007765,sample_02687,Introduction beats - Itsensäsyöjät,FAKE,1,Electronic,stableaudio,train,7765
seg_007766,sample_02687,Introduction beats - Itsensäsyöjät,FAKE,1,Electronic,stableaudio,train,7766
seg_007767,sample_02688,Jangus (inspired by ToeJam and Earl) - UncleBibby,FAKE,1,Electronic,stableaudio,train,7767
seg_007768,sample_02688,Jangus (inspired by ToeJam and Earl) - UncleBibby,FAKE,1,Electronic,stableaudio,train,7768
seg_007769,sample_02688,Jangus (inspired by ToeJam and Earl) - UncleBibby,FAKE,1,Electronic,stableaudio,train,7769
seg_007770,sample_02689,mystery team 2090 - Jesse Futerman,FAKE,1,Electronic,stableaudio,val,7770
seg_007771,sample_02689,mystery team 2090 - Jesse Futerman,FAKE,1,Electronic,stableaudio,val,7771
seg_007772,sample_02689,mystery team 2090 - Jesse Futerman,FAKE,1,Electronic,stableaudio,val,7772
seg_007773,sample_02690,Night Drive - Decktonic,FAKE,1,Electronic,stableaudio,val,7773
seg_007774,sample_02690,Night Drive - Decktonic,FAKE,1,Electronic,stableaudio,val,7774
seg_007775,sample_02690,Night Drive - Decktonic,FAKE,1,Electronic,stableaudio,val,7775
seg_007776,sample_02691,Night Owl - Broke For Free,FAKE,1,Electronic,stableaudio,test,7776
seg_007777,sample_02691,Night Owl - Broke For Free,FAKE,1,Electronic,stableaudio,test,7777
seg_007778,sample_02691,Night Owl - Broke For Free,FAKE,1,Electronic,stableaudio,test,7778
seg_007779,sample_02692,Noam Chomsky's Corporate Carbohydrate Surprise - Quelle Fromage,FAKE,1,Electronic,stableaudio,train,7779
seg_007780,sample_02692,Noam Chomsky's Corporate Carbohydrate Surprise - Quelle Fromage,FAKE,1,Electronic,stableaudio,train,7780
seg_007781,sample_02692,Noam Chomsky's Corporate Carbohydrate Surprise - Quelle Fromage,FAKE,1,Electronic,stableaudio,train,7781
seg_007782,sample_02693,Ohtli - Seclorance,FAKE,1,Electronic,stableaudio,train,7782
seg_007783,sample_02693,Ohtli - Seclorance,FAKE,1,Electronic,stableaudio,train,7783
seg_007784,sample_02693,Ohtli - Seclorance,FAKE,1,Electronic,stableaudio,train,7784
seg_007785,sample_02694,Okiirobo Navigation System - Henry Homesweet,FAKE,1,Electronic,stableaudio,train,7785
seg_007786,sample_02694,Okiirobo Navigation System - Henry Homesweet,FAKE,1,Electronic,stableaudio,train,7786
seg_007787,sample_02694,Okiirobo Navigation System - Henry Homesweet,FAKE,1,Electronic,stableaudio,train,7787
seg_007788,sample_02695,Only Instrumental - Broke For Free,FAKE,1,Electronic,stableaudio,train,7788
seg_007789,sample_02695,Only Instrumental - Broke For Free,FAKE,1,Electronic,stableaudio,train,7789
seg_007790,sample_02695,Only Instrumental - Broke For Free,FAKE,1,Electronic,stableaudio,train,7790
seg_007791,sample_02696,OOOTHERSIDE - Liquid Paper - Mike B. Fort,FAKE,1,Electronic,stableaudio,train,7791
seg_007792,sample_02696,OOOTHERSIDE - Liquid Paper - Mike B. Fort,FAKE,1,Electronic,stableaudio,train,7792
seg_007793,sample_02696,OOOTHERSIDE - Liquid Paper - Mike B. Fort,FAKE,1,Electronic,stableaudio,train,7793
seg_007794,sample_02697,OOOTHERSIDE - This Time - Mike B. Fort,FAKE,1,Electronic,stableaudio,train,7794
seg_007795,sample_02697,OOOTHERSIDE - This Time - Mike B. Fort,FAKE,1,Electronic,stableaudio,train,7795
seg_007796,sample_02697,OOOTHERSIDE - This Time - Mike B. Fort,FAKE,1,Electronic,stableaudio,train,7796
seg_007797,sample_02698,OST 04 Ship under attack - sawsquarenoise,FAKE,1,Electronic,stableaudio,train,7797
seg_007798,sample_02698,OST 04 Ship under attack - sawsquarenoise,FAKE,1,Electronic,stableaudio,train,7798
seg_007799,sample_02698,OST 04 Ship under attack - sawsquarenoise,FAKE,1,Electronic,stableaudio,train,7799
seg_007800,sample_02699,Fleslit - Fleslit,FAKE,1,Electronic,stableaudio,train,7800
seg_007801,sample_02699,Fleslit - Fleslit,FAKE,1,Electronic,stableaudio,train,7801
seg_007802,sample_02699,Fleslit - Fleslit,FAKE,1,Electronic,stableaudio,train,7802
seg_007803,sample_02700,Pista Afuera - Epstein,FAKE,1,Electronic,stableaudio,test,7803
seg_007804,sample_02700,Pista Afuera - Epstein,FAKE,1,Electronic,stableaudio,test,7804
seg_007805,sample_02700,Pista Afuera - Epstein,FAKE,1,Electronic,stableaudio,test,7805
seg_007806,sample_02701,Ponky McFonky - My brother Daniel,FAKE,1,Electronic,stableaudio,train,7806
seg_007807,sample_02701,Ponky McFonky - My brother Daniel,FAKE,1,Electronic,stableaudio,train,7807
seg_007808,sample_02701,Ponky McFonky - My brother Daniel,FAKE,1,Electronic,stableaudio,train,7808
seg_007809,sample_02702,Realize Me - Jim Rooster,FAKE,1,Electronic,stableaudio,test,7809
seg_007810,sample_02702,Realize Me - Jim Rooster,FAKE,1,Electronic,stableaudio,test,7810
seg_007811,sample_02702,Realize Me - Jim Rooster,FAKE,1,Electronic,stableaudio,test,7811
seg_007812,sample_02703,Resistentialism - Nihilore,FAKE,1,Electronic,stableaudio,test,7812
seg_007813,sample_02703,Resistentialism - Nihilore,FAKE,1,Electronic,stableaudio,test,7813
seg_007814,sample_02703,Resistentialism - Nihilore,FAKE,1,Electronic,stableaudio,test,7814
seg_007815,sample_02704,Robot Heart - Mystery Mammal,FAKE,1,Electronic,stableaudio,train,7815
seg_007816,sample_02704,Robot Heart - Mystery Mammal,FAKE,1,Electronic,stableaudio,train,7816
seg_007817,sample_02704,Robot Heart - Mystery Mammal,FAKE,1,Electronic,stableaudio,train,7817
seg_007818,sample_02705,Running Free - Michett featuring Kalipluche,FAKE,1,Electronic,stableaudio,train,7818
seg_007819,sample_02705,Running Free - Michett featuring Kalipluche,FAKE,1,Electronic,stableaudio,train,7819
seg_007820,sample_02705,Running Free - Michett featuring Kalipluche,FAKE,1,Electronic,stableaudio,train,7820
seg_007821,sample_02706,End of the Line - H-LR,FAKE,1,Electronic,stableaudio,train,7821
seg_007822,sample_02706,End of the Line - H-LR,FAKE,1,Electronic,stableaudio,train,7822
seg_007823,sample_02706,End of the Line - H-LR,FAKE,1,Electronic,stableaudio,train,7823
seg_007824,sample_02707,Seppuku Bot - Decktonic,FAKE,1,Electronic,stableaudio,train,7824
seg_007825,sample_02707,Seppuku Bot - Decktonic,FAKE,1,Electronic,stableaudio,train,7825
seg_007826,sample_02707,Seppuku Bot - Decktonic,FAKE,1,Electronic,stableaudio,train,7826
seg_007827,sample_02708,Straw Fields - Rolemusic,FAKE,1,Electronic,stableaudio,train,7827
seg_007828,sample_02708,Straw Fields - Rolemusic,FAKE,1,Electronic,stableaudio,train,7828
seg_007829,sample_02708,Straw Fields - Rolemusic,FAKE,1,Electronic,stableaudio,train,7829
seg_007830,sample_02709,Take Your Fingers - Michael Fakesch,FAKE,1,Electronic,stableaudio,train,7830
seg_007831,sample_02709,Take Your Fingers - Michael Fakesch,FAKE,1,Electronic,stableaudio,train,7831
seg_007832,sample_02709,Take Your Fingers - Michael Fakesch,FAKE,1,Electronic,stableaudio,train,7832
seg_007833,sample_02710,The Reality Machine - Monroeville Music Center,FAKE,1,Pop,stableaudio,train,7833
seg_007834,sample_02710,The Reality Machine - Monroeville Music Center,FAKE,1,Pop,stableaudio,train,7834
seg_007835,sample_02710,The Reality Machine - Monroeville Music Center,FAKE,1,Pop,stableaudio,train,7835
seg_007836,sample_02711,The Big House - Jason Shaw,FAKE,1,Electronic,stableaudio,train,7836
seg_007837,sample_02711,The Big House - Jason Shaw,FAKE,1,Electronic,stableaudio,train,7837
seg_007838,sample_02711,The Big House - Jason Shaw,FAKE,1,Electronic,stableaudio,train,7838
seg_007839,sample_02712,The Courtyard - Uncle Bibby,FAKE,1,Electronic,stableaudio,train,7839
seg_007840,sample_02712,The Courtyard - Uncle Bibby,FAKE,1,Electronic,stableaudio,train,7840
seg_007841,sample_02712,The Courtyard - Uncle Bibby,FAKE,1,Electronic,stableaudio,train,7841
seg_007842,sample_02713,The Front Yard - HarleyLikesMusic,FAKE,1,Electronic,stableaudio,train,7842
seg_007843,sample_02713,The Front Yard - HarleyLikesMusic,FAKE,1,Electronic,stableaudio,train,7843
seg_007844,sample_02713,The Front Yard - HarleyLikesMusic,FAKE,1,Electronic,stableaudio,train,7844
seg_007845,sample_02714,Ugh! Humans Can Join - Mystery Mammal,FAKE,1,Electronic,stableaudio,test,7845
seg_007846,sample_02714,Ugh! Humans Can Join - Mystery Mammal,FAKE,1,Electronic,stableaudio,test,7846
seg_007847,sample_02714,Ugh! Humans Can Join - Mystery Mammal,FAKE,1,Electronic,stableaudio,test,7847
seg_007848,sample_02715,Vanishing Horizon - Jason Shaw,FAKE,1,Electronic,stableaudio,train,7848
seg_007849,sample_02715,Vanishing Horizon - Jason Shaw,FAKE,1,Electronic,stableaudio,train,7849
seg_007850,sample_02715,Vanishing Horizon - Jason Shaw,FAKE,1,Electronic,stableaudio,train,7850
seg_007851,sample_02716,When I Was Taller - Dan Deacon,FAKE,1,Electronic,stableaudio,train,7851
seg_007852,sample_02716,When I Was Taller - Dan Deacon,FAKE,1,Electronic,stableaudio,train,7852
seg_007853,sample_02716,When I Was Taller - Dan Deacon,FAKE,1,Electronic,stableaudio,train,7853
seg_007854,sample_02717,Agora - Malaventura,FAKE,1,Pop,stableaudio,val,7854
seg_007855,sample_02717,Agora - Malaventura,FAKE,1,Pop,stableaudio,val,7855
seg_007856,sample_02717,Agora - Malaventura,FAKE,1,Pop,stableaudio,val,7856
seg_007857,sample_02718,"New Brave Face - Oh Yeah, the Future",FAKE,1,Pop,stableaudio,train,7857
seg_007858,sample_02718,"New Brave Face - Oh Yeah, the Future",FAKE,1,Pop,stableaudio,train,7858
seg_007859,sample_02718,"New Brave Face - Oh Yeah, the Future",FAKE,1,Pop,stableaudio,train,7859
seg_007860,sample_02719,Breeze Funk - Malaventura,FAKE,1,Pop,stableaudio,train,7860
seg_007861,sample_02719,Breeze Funk - Malaventura,FAKE,1,Pop,stableaudio,train,7861
seg_007862,sample_02719,Breeze Funk - Malaventura,FAKE,1,Pop,stableaudio,train,7862
seg_007863,sample_02720,Busby Berkeley - Ergo Phizmiz,FAKE,1,Pop,stableaudio,train,7863
seg_007864,sample_02720,Busby Berkeley - Ergo Phizmiz,FAKE,1,Pop,stableaudio,train,7864
seg_007865,sample_02720,Busby Berkeley - Ergo Phizmiz,FAKE,1,Pop,stableaudio,train,7865
seg_007866,sample_02721,Celia - Ergo Phizmiz,FAKE,1,Pop,stableaudio,train,7866
seg_007867,sample_02721,Celia - Ergo Phizmiz,FAKE,1,Pop,stableaudio,train,7867
seg_007868,sample_02721,Celia - Ergo Phizmiz,FAKE,1,Pop,stableaudio,train,7868
seg_007869,sample_02722,Convicted Jazz Drones - Malaventura,FAKE,1,Pop,stableaudio,train,7869
seg_007870,sample_02722,Convicted Jazz Drones - Malaventura,FAKE,1,Pop,stableaudio,train,7870
seg_007871,sample_02722,Convicted Jazz Drones - Malaventura,FAKE,1,Pop,stableaudio,train,7871
seg_007872,sample_02723,purity & danger - Katapulto,FAKE,1,Pop,stableaudio,train,7872
seg_007873,sample_02723,purity & danger - Katapulto,FAKE,1,Pop,stableaudio,train,7873
seg_007874,sample_02723,purity & danger - Katapulto,FAKE,1,Pop,stableaudio,train,7874
seg_007875,sample_02724,El Burrito - Malaventura,FAKE,1,Pop,stableaudio,test,7875
seg_007876,sample_02724,El Burrito - Malaventura,FAKE,1,Pop,stableaudio,test,7876
seg_007877,sample_02724,El Burrito - Malaventura,FAKE,1,Pop,stableaudio,test,7877
seg_007878,sample_02725,Evil Cannot Create - Caleb Lemond,FAKE,1,Pop,stableaudio,val,7878
seg_007879,sample_02725,Evil Cannot Create - Caleb Lemond,FAKE,1,Pop,stableaudio,val,7879
seg_007880,sample_02725,Evil Cannot Create - Caleb Lemond,FAKE,1,Pop,stableaudio,val,7880
seg_007881,sample_02726,"First Glance - Oh Yeah, the Future",FAKE,1,Pop,stableaudio,train,7881
seg_007882,sample_02726,"First Glance - Oh Yeah, the Future",FAKE,1,Pop,stableaudio,train,7882
seg_007883,sample_02726,"First Glance - Oh Yeah, the Future",FAKE,1,Pop,stableaudio,train,7883
seg_007884,sample_02727,Food and War - Ergo Phizmiz,FAKE,1,Pop,stableaudio,train,7884
seg_007885,sample_02727,Food and War - Ergo Phizmiz,FAKE,1,Pop,stableaudio,train,7885
seg_007886,sample_02727,Food and War - Ergo Phizmiz,FAKE,1,Pop,stableaudio,train,7886
seg_007887,sample_02728,purity & danger - Katapulto,FAKE,1,Pop,stableaudio,train,7887
seg_007888,sample_02728,purity & danger - Katapulto,FAKE,1,Pop,stableaudio,train,7888
seg_007889,sample_02728,purity & danger - Katapulto,FAKE,1,Pop,stableaudio,train,7889
seg_007890,sample_02729,"New Brave Face - Oh Yeah, the Future",FAKE,1,Pop,stableaudio,train,7890
seg_007891,sample_02729,"New Brave Face - Oh Yeah, the Future",FAKE,1,Pop,stableaudio,train,7891
seg_007892,sample_02729,"New Brave Face - Oh Yeah, the Future",FAKE,1,Pop,stableaudio,train,7892
seg_007893,sample_02730,Invaders From Within - Monroeville Music Center,FAKE,1,Pop,stableaudio,train,7893
seg_007894,sample_02730,Invaders From Within - Monroeville Music Center,FAKE,1,Pop,stableaudio,train,7894
seg_007895,sample_02730,Invaders From Within - Monroeville Music Center,FAKE,1,Pop,stableaudio,train,7895
seg_007896,sample_02731,I Think From Now On - Caleb Lemond,FAKE,1,Pop,stableaudio,train,7896
seg_007897,sample_02731,I Think From Now On - Caleb Lemond,FAKE,1,Pop,stableaudio,train,7897
seg_007898,sample_02731,I Think From Now On - Caleb Lemond,FAKE,1,Pop,stableaudio,train,7898
seg_007899,sample_02732,John the Baby - Ergo Phizmiz,FAKE,1,Pop,stableaudio,train,7899
seg_007900,sample_02732,John the Baby - Ergo Phizmiz,FAKE,1,Pop,stableaudio,train,7900
seg_007901,sample_02732,John the Baby - Ergo Phizmiz,FAKE,1,Pop,stableaudio,train,7901
seg_007902,sample_02733,karaoke megablast - Katapulto,FAKE,1,Pop,stableaudio,train,7902
seg_007903,sample_02733,karaoke megablast - Katapulto,FAKE,1,Pop,stableaudio,train,7903
seg_007904,sample_02733,karaoke megablast - Katapulto,FAKE,1,Pop,stableaudio,train,7904
seg_007905,sample_02734,Kissing Scars - Caleb Lemond,FAKE,1,Pop,stableaudio,train,7905
seg_007906,sample_02734,Kissing Scars - Caleb Lemond,FAKE,1,Pop,stableaudio,train,7906
seg_007907,sample_02734,Kissing Scars - Caleb Lemond,FAKE,1,Pop,stableaudio,train,7907
seg_007908,sample_02735,kolorowe wody - Katapulto,FAKE,1,Pop,stableaudio,train,7908
seg_007909,sample_02735,kolorowe wody - Katapulto,FAKE,1,Pop,stableaudio,train,7909
seg_007910,sample_02735,kolorowe wody - Katapulto,FAKE,1,Pop,stableaudio,train,7910
seg_007911,sample_02736,"New Brave Face - Oh Yeah, the Future",FAKE,1,Pop,stableaudio,train,7911
seg_007912,sample_02736,"New Brave Face - Oh Yeah, the Future",FAKE,1,Pop,stableaudio,train,7912
seg_007913,sample_02736,"New Brave Face - Oh Yeah, the Future",FAKE,1,Pop,stableaudio,train,7913
seg_007914,sample_02737,Let's the kids play - Malaventura,FAKE,1,Pop,stableaudio,train,7914
seg_007915,sample_02737,Let's the kids play - Malaventura,FAKE,1,Pop,stableaudio,train,7915
seg_007916,sample_02737,Let's the kids play - Malaventura,FAKE,1,Pop,stableaudio,train,7916
seg_007917,sample_02738,Mandrill - Ergo Phizmiz,FAKE,1,Pop,stableaudio,train,7917
seg_007918,sample_02738,Mandrill - Ergo Phizmiz,FAKE,1,Pop,stableaudio,train,7918
seg_007919,sample_02738,Mandrill - Ergo Phizmiz,FAKE,1,Pop,stableaudio,train,7919
seg_007920,sample_02739,mc trabalenguas - Volumina,FAKE,1,Pop,stableaudio,train,7920
seg_007921,sample_02739,mc trabalenguas - Volumina,FAKE,1,Pop,stableaudio,train,7921
seg_007922,sample_02739,mc trabalenguas - Volumina,FAKE,1,Pop,stableaudio,train,7922
seg_007923,sample_02740,Monkeystage - Ergo Phizmiz,FAKE,1,Pop,stableaudio,train,7923
seg_007924,sample_02740,Monkeystage - Ergo Phizmiz,FAKE,1,Pop,stableaudio,train,7924
seg_007925,sample_02740,Monkeystage - Ergo Phizmiz,FAKE,1,Pop,stableaudio,train,7925
seg_007926,sample_02741,Motocross Mania - Monroeville Music Center,FAKE,1,Pop,stableaudio,test,7926
seg_007927,sample_02741,Motocross Mania - Monroeville Music Center,FAKE,1,Pop,stableaudio,test,7927
seg_007928,sample_02741,Motocross Mania - Monroeville Music Center,FAKE,1,Pop,stableaudio,test,7928
seg_007929,sample_02742,Music For an Underground Circu - Ergo Phizmiz,FAKE,1,Pop,stableaudio,test,7929
seg_007930,sample_02742,Music For an Underground Circu - Ergo Phizmiz,FAKE,1,Pop,stableaudio,test,7930
seg_007931,sample_02742,Music For an Underground Circu - Ergo Phizmiz,FAKE,1,Pop,stableaudio,test,7931
seg_007932,sample_02743,My Body Is A Weapon (Compromise Edit) - Silence is full of birds,FAKE,1,Pop,stableaudio,val,7932
seg_007933,sample_02743,My Body Is A Weapon (Compromise Edit) - Silence is full of birds,FAKE,1,Pop,stableaudio,val,7933
seg_007934,sample_02743,My Body Is A Weapon (Compromise Edit) - Silence is full of birds,FAKE,1,Pop,stableaudio,val,7934
seg_007935,sample_02744,Nature Is Over / Defined - Bird Names,FAKE,1,Pop,stableaudio,train,7935
seg_007936,sample_02744,Nature Is Over / Defined - Bird Names,FAKE,1,Pop,stableaudio,train,7936
seg_007937,sample_02744,Nature Is Over / Defined - Bird Names,FAKE,1,Pop,stableaudio,train,7937
seg_007938,sample_02745,New Life (take 1) - Bird Names,FAKE,1,Pop,stableaudio,val,7938
seg_007939,sample_02745,New Life (take 1) - Bird Names,FAKE,1,Pop,stableaudio,val,7939
seg_007940,sample_02745,New Life (take 1) - Bird Names,FAKE,1,Pop,stableaudio,val,7940
seg_007941,sample_02746,Norweigian Wood II - Bird Names,FAKE,1,Pop,stableaudio,val,7941
seg_007942,sample_02746,Norweigian Wood II - Bird Names,FAKE,1,Pop,stableaudio,val,7942
seg_007943,sample_02746,Norweigian Wood II - Bird Names,FAKE,1,Pop,stableaudio,val,7943
seg_007944,sample_02747,Nostalgia - Malaventura,FAKE,1,Pop,stableaudio,train,7944
seg_007945,sample_02747,Nostalgia - Malaventura,FAKE,1,Pop,stableaudio,train,7945
seg_007946,sample_02747,Nostalgia - Malaventura,FAKE,1,Pop,stableaudio,train,7946
seg_007947,sample_02748,On My Mind - Ergo Phizmiz,FAKE,1,Pop,stableaudio,train,7947
seg_007948,sample_02748,On My Mind - Ergo Phizmiz,FAKE,1,Pop,stableaudio,train,7948
seg_007949,sample_02748,On My Mind - Ergo Phizmiz,FAKE,1,Pop,stableaudio,train,7949
seg_007950,sample_02749,Outro - Caleb Lemond,FAKE,1,Pop,stableaudio,train,7950
seg_007951,sample_02749,Outro - Caleb Lemond,FAKE,1,Pop,stableaudio,train,7951
seg_007952,sample_02749,Outro - Caleb Lemond,FAKE,1,Pop,stableaudio,train,7952
seg_007953,sample_02750,philcollins takes your hand - Katapulto,FAKE,1,Pop,stableaudio,train,7953
seg_007954,sample_02750,philcollins takes your hand - Katapulto,FAKE,1,Pop,stableaudio,train,7954
seg_007955,sample_02750,philcollins takes your hand - Katapulto,FAKE,1,Pop,stableaudio,train,7955
seg_007956,sample_02751,Polinesia - Malaventura,FAKE,1,Pop,stableaudio,train,7956
seg_007957,sample_02751,Polinesia - Malaventura,FAKE,1,Pop,stableaudio,train,7957
seg_007958,sample_02751,Polinesia - Malaventura,FAKE,1,Pop,stableaudio,train,7958
seg_007959,sample_02752,Production - Bird Names,FAKE,1,Pop,stableaudio,test,7959
seg_007960,sample_02752,Production - Bird Names,FAKE,1,Pop,stableaudio,test,7960
seg_007961,sample_02752,Production - Bird Names,FAKE,1,Pop,stableaudio,test,7961
seg_007962,sample_02753,purity & danger - Katapulto,FAKE,1,Pop,stableaudio,train,7962
seg_007963,sample_02753,purity & danger - Katapulto,FAKE,1,Pop,stableaudio,train,7963
seg_007964,sample_02753,purity & danger - Katapulto,FAKE,1,Pop,stableaudio,train,7964
seg_007965,sample_02754,Roller Star - Monroeville Music Center,FAKE,1,Pop,stableaudio,val,7965
seg_007966,sample_02754,Roller Star - Monroeville Music Center,FAKE,1,Pop,stableaudio,val,7966
seg_007967,sample_02754,Roller Star - Monroeville Music Center,FAKE,1,Pop,stableaudio,val,7967
seg_007968,sample_02755,Shadow Government - Bird Names,FAKE,1,Pop,stableaudio,train,7968
seg_007969,sample_02755,Shadow Government - Bird Names,FAKE,1,Pop,stableaudio,train,7969
seg_007970,sample_02755,Shadow Government - Bird Names,FAKE,1,Pop,stableaudio,train,7970
seg_007971,sample_02756,She Works / Tepid Waters - Bird Names,FAKE,1,Pop,stableaudio,test,7971
seg_007972,sample_02756,She Works / Tepid Waters - Bird Names,FAKE,1,Pop,stableaudio,test,7972
seg_007973,sample_02756,She Works / Tepid Waters - Bird Names,FAKE,1,Pop,stableaudio,test,7973
seg_007974,sample_02757,Slow and Steady - Caleb Lemond,FAKE,1,Pop,stableaudio,train,7974
seg_007975,sample_02757,Slow and Steady - Caleb Lemond,FAKE,1,Pop,stableaudio,train,7975
seg_007976,sample_02757,Slow and Steady - Caleb Lemond,FAKE,1,Pop,stableaudio,train,7976
seg_007977,sample_02758,Soleares&beats - Malaventura,FAKE,1,Pop,stableaudio,val,7977
seg_007978,sample_02758,Soleares&beats - Malaventura,FAKE,1,Pop,stableaudio,val,7978
seg_007979,sample_02758,Soleares&beats - Malaventura,FAKE,1,Pop,stableaudio,val,7979
seg_007980,sample_02759,Something Dirty - Ergo Phizmiz,FAKE,1,Pop,stableaudio,test,7980
seg_007981,sample_02759,Something Dirty - Ergo Phizmiz,FAKE,1,Pop,stableaudio,test,7981
seg_007982,sample_02759,Something Dirty - Ergo Phizmiz,FAKE,1,Pop,stableaudio,test,7982
seg_007983,sample_02760,Space is my pace - Malaventura,FAKE,1,Pop,stableaudio,train,7983
seg_007984,sample_02760,Space is my pace - Malaventura,FAKE,1,Pop,stableaudio,train,7984
seg_007985,sample_02760,Space is my pace - Malaventura,FAKE,1,Pop,stableaudio,train,7985
seg_007986,sample_02761,Spanish BEEEYYAAACHHH - Malaventura,FAKE,1,Pop,stableaudio,train,7986
seg_007987,sample_02761,Spanish BEEEYYAAACHHH - Malaventura,FAKE,1,Pop,stableaudio,train,7987
seg_007988,sample_02761,Spanish BEEEYYAAACHHH - Malaventura,FAKE,1,Pop,stableaudio,train,7988
seg_007989,sample_02762,Stockholm Syndrome / People Should Be More Aware - Bird Names,FAKE,1,Pop,stableaudio,val,7989
seg_007990,sample_02762,Stockholm Syndrome / People Should Be More Aware - Bird Names,FAKE,1,Pop,stableaudio,val,7990
seg_007991,sample_02762,Stockholm Syndrome / People Should Be More Aware - Bird Names,FAKE,1,Pop,stableaudio,val,7991
seg_007992,sample_02763,The Cave of Time - Monroeville Music Center,FAKE,1,Pop,stableaudio,train,7992
seg_007993,sample_02763,The Cave of Time - Monroeville Music Center,FAKE,1,Pop,stableaudio,train,7993
seg_007994,sample_02763,The Cave of Time - Monroeville Music Center,FAKE,1,Pop,stableaudio,train,7994
seg_007995,sample_02764,The Coldest Winter - Caleb Lemond,FAKE,1,Pop,stableaudio,train,7995
seg_007996,sample_02764,The Coldest Winter - Caleb Lemond,FAKE,1,Pop,stableaudio,train,7996
seg_007997,sample_02764,The Coldest Winter - Caleb Lemond,FAKE,1,Pop,stableaudio,train,7997
seg_007998,sample_02765,The Dream and the Dreamer - Caleb Lemond,FAKE,1,Pop,stableaudio,train,7998
seg_007999,sample_02765,The Dream and the Dreamer - Caleb Lemond,FAKE,1,Pop,stableaudio,train,7999
seg_008000,sample_02765,The Dream and the Dreamer - Caleb Lemond,FAKE,1,Pop,stableaudio,train,8000
seg_008001,sample_02766,The plot - Malaventura,FAKE,1,Pop,stableaudio,train,8001
seg_008002,sample_02766,The plot - Malaventura,FAKE,1,Pop,stableaudio,train,8002
seg_008003,sample_02766,The plot - Malaventura,FAKE,1,Pop,stableaudio,train,8003
seg_008004,sample_02767,"The Pursuit of Unintentional Humor - Oh Yeah, the Future",FAKE,1,Pop,stableaudio,test,8004
seg_008005,sample_02767,"The Pursuit of Unintentional Humor - Oh Yeah, the Future",FAKE,1,Pop,stableaudio,test,8005
seg_008006,sample_02767,"The Pursuit of Unintentional Humor - Oh Yeah, the Future",FAKE,1,Pop,stableaudio,test,8006
seg_008007,sample_02768,The Queen - Malaventura,FAKE,1,Pop,stableaudio,train,8007
seg_008008,sample_02768,The Queen - Malaventura,FAKE,1,Pop,stableaudio,train,8008
seg_008009,sample_02768,The Queen - Malaventura,FAKE,1,Pop,stableaudio,train,8009
seg_008010,sample_02769,The Race Forever - Monroeville Music Center,FAKE,1,Pop,stableaudio,train,8010
seg_008011,sample_02769,The Race Forever - Monroeville Music Center,FAKE,1,Pop,stableaudio,train,8011
seg_008012,sample_02769,The Race Forever - Monroeville Music Center,FAKE,1,Pop,stableaudio,train,8012
seg_008013,sample_02770,The Reality Machine - Monroeville Music Center,FAKE,1,Pop,stableaudio,train,8013
seg_008014,sample_02770,The Reality Machine - Monroeville Music Center,FAKE,1,Pop,stableaudio,train,8014
seg_008015,sample_02770,The Reality Machine - Monroeville Music Center,FAKE,1,Pop,stableaudio,train,8015
seg_008016,sample_02771,The Sandman - Ergo Phizmiz,FAKE,1,Pop,stableaudio,train,8016
seg_008017,sample_02771,The Sandman - Ergo Phizmiz,FAKE,1,Pop,stableaudio,train,8017
seg_008018,sample_02771,The Sandman - Ergo Phizmiz,FAKE,1,Pop,stableaudio,train,8018
seg_008019,sample_02772,Time Is Love - Silence is full of birds,FAKE,1,Pop,stableaudio,val,8019
seg_008020,sample_02772,Time Is Love - Silence is full of birds,FAKE,1,Pop,stableaudio,val,8020
seg_008021,sample_02772,Time Is Love - Silence is full of birds,FAKE,1,Pop,stableaudio,val,8021
seg_008022,sample_02773,Troubles I've seen - Malaventura,FAKE,1,Pop,stableaudio,test,8022
seg_008023,sample_02773,Troubles I've seen - Malaventura,FAKE,1,Pop,stableaudio,test,8023
seg_008024,sample_02773,Troubles I've seen - Malaventura,FAKE,1,Pop,stableaudio,test,8024
seg_008025,sample_02774,We Are Canucks - David Blair,FAKE,1,Pop,stableaudio,train,8025
seg_008026,sample_02774,We Are Canucks - David Blair,FAKE,1,Pop,stableaudio,train,8026
seg_008027,sample_02774,We Are Canucks - David Blair,FAKE,1,Pop,stableaudio,train,8027
seg_008028,sample_02775,"With the Summer - Oh Yeah, the Future",FAKE,1,Pop,stableaudio,train,8028
seg_008029,sample_02775,"With the Summer - Oh Yeah, the Future",FAKE,1,Pop,stableaudio,train,8029
seg_008030,sample_02775,"With the Summer - Oh Yeah, the Future",FAKE,1,Pop,stableaudio,train,8030
seg_008031,sample_02776,Yoko live at FoEG - Emma Acs,FAKE,1,Pop,stableaudio,train,8031
seg_008032,sample_02776,Yoko live at FoEG - Emma Acs,FAKE,1,Pop,stableaudio,train,8032
seg_008033,sample_02776,Yoko live at FoEG - Emma Acs,FAKE,1,Pop,stableaudio,train,8033
seg_008034,sample_02777,You Are A Monster - Monroeville Music Center,FAKE,1,Pop,stableaudio,train,8034
seg_008035,sample_02777,You Are A Monster - Monroeville Music Center,FAKE,1,Pop,stableaudio,train,8035
seg_008036,sample_02777,You Are A Monster - Monroeville Music Center,FAKE,1,Pop,stableaudio,train,8036
seg_008037,sample_02778,zero rhythm dollar boy - Katapulto,FAKE,1,Pop,stableaudio,train,8037
seg_008038,sample_02778,zero rhythm dollar boy - Katapulto,FAKE,1,Pop,stableaudio,train,8038
seg_008039,sample_02778,zero rhythm dollar boy - Katapulto,FAKE,1,Pop,stableaudio,train,8039
seg_008040,sample_02779,1984 - Punk Rock Opera,FAKE,1,Rock,stableaudio,train,8040
seg_008041,sample_02779,1984 - Punk Rock Opera,FAKE,1,Rock,stableaudio,train,8041
seg_008042,sample_02779,1984 - Punk Rock Opera,FAKE,1,Rock,stableaudio,train,8042
seg_008043,sample_02780,2 (Wasn't There) - Isle of Pine,FAKE,1,Rock,stableaudio,val,8043
seg_008044,sample_02780,2 (Wasn't There) - Isle of Pine,FAKE,1,Rock,stableaudio,val,8044
seg_008045,sample_02780,2 (Wasn't There) - Isle of Pine,FAKE,1,Rock,stableaudio,val,8045
seg_008046,sample_02781,"50,000 Volts of Democracy mp3 - Legally Blind",FAKE,1,Rock,stableaudio,train,8046
seg_008047,sample_02781,"50,000 Volts of Democracy mp3 - Legally Blind",FAKE,1,Rock,stableaudio,train,8047
seg_008048,sample_02781,"50,000 Volts of Democracy mp3 - Legally Blind",FAKE,1,Rock,stableaudio,train,8048
seg_008049,sample_02782,5 (Lexington) - Isle of Pine,FAKE,1,Rock,stableaudio,test,8049
seg_008050,sample_02782,5 (Lexington) - Isle of Pine,FAKE,1,Rock,stableaudio,test,8050
seg_008051,sample_02782,5 (Lexington) - Isle of Pine,FAKE,1,Rock,stableaudio,test,8051
seg_008052,sample_02783,"6 (Coat of Arms, Close) - Isle of Pine",FAKE,1,Rock,stableaudio,train,8052
seg_008053,sample_02783,"6 (Coat of Arms, Close) - Isle of Pine",FAKE,1,Rock,stableaudio,train,8053
seg_008054,sample_02783,"6 (Coat of Arms, Close) - Isle of Pine",FAKE,1,Rock,stableaudio,train,8054
seg_008055,sample_02784,Apparitions Under Glass - Sarin,FAKE,1,Rock,stableaudio,train,8055
seg_008056,sample_02784,Apparitions Under Glass - Sarin,FAKE,1,Rock,stableaudio,train,8056
seg_008057,sample_02784,Apparitions Under Glass - Sarin,FAKE,1,Rock,stableaudio,train,8057
seg_008058,sample_02785,Attention - Pete Prodoehl,FAKE,1,Rock,stableaudio,test,8058
seg_008059,sample_02785,Attention - Pete Prodoehl,FAKE,1,Rock,stableaudio,test,8059
seg_008060,sample_02785,Attention - Pete Prodoehl,FAKE,1,Rock,stableaudio,test,8060
seg_008061,sample_02786,A Dark Blue Arc - Pipe Choir,FAKE,1,Rock,stableaudio,train,8061
seg_008062,sample_02786,A Dark Blue Arc - Pipe Choir,FAKE,1,Rock,stableaudio,train,8062
seg_008063,sample_02786,A Dark Blue Arc - Pipe Choir,FAKE,1,Rock,stableaudio,train,8063
seg_008064,sample_02787,A Lady In Red With A Plan To Steal - Did You Just Hex Me?,FAKE,1,Rock,stableaudio,train,8064
seg_008065,sample_02787,A Lady In Red With A Plan To Steal - Did You Just Hex Me?,FAKE,1,Rock,stableaudio,train,8065
seg_008066,sample_02787,A Lady In Red With A Plan To Steal - Did You Just Hex Me?,FAKE,1,Rock,stableaudio,train,8066
seg_008067,sample_02788,Bergwald Bergwald - Every Now and Every Then,FAKE,1,Rock,stableaudio,train,8067
seg_008068,sample_02788,Bergwald Bergwald - Every Now and Every Then,FAKE,1,Rock,stableaudio,train,8068
seg_008069,sample_02788,Bergwald Bergwald - Every Now and Every Then,FAKE,1,Rock,stableaudio,train,8069
seg_008070,sample_02789,Better Run Away From Me - Miss Derringer,FAKE,1,Rock,stableaudio,train,8070
seg_008071,sample_02789,Better Run Away From Me - Miss Derringer,FAKE,1,Rock,stableaudio,train,8071
seg_008072,sample_02789,Better Run Away From Me - Miss Derringer,FAKE,1,Rock,stableaudio,train,8072
seg_008073,sample_02790,Beyond Luxury - Mors Ontologica,FAKE,1,Rock,stableaudio,val,8073
seg_008074,sample_02790,Beyond Luxury - Mors Ontologica,FAKE,1,Rock,stableaudio,val,8074
seg_008075,sample_02790,Beyond Luxury - Mors Ontologica,FAKE,1,Rock,stableaudio,val,8075
seg_008076,sample_02791,Black Panda - The Crypts!,FAKE,1,Rock,stableaudio,train,8076
seg_008077,sample_02791,Black Panda - The Crypts!,FAKE,1,Rock,stableaudio,train,8077
seg_008078,sample_02791,Black Panda - The Crypts!,FAKE,1,Rock,stableaudio,train,8078
seg_008079,sample_02792,Colossal Stillness - Scott Holmes,FAKE,1,Rock,stableaudio,train,8079
seg_008080,sample_02792,Colossal Stillness - Scott Holmes,FAKE,1,Rock,stableaudio,train,8080
seg_008081,sample_02792,Colossal Stillness - Scott Holmes,FAKE,1,Rock,stableaudio,train,8081
seg_008082,sample_02793,Burn - Room For A Ghost,FAKE,1,Rock,stableaudio,train,8082
seg_008083,sample_02793,Burn - Room For A Ghost,FAKE,1,Rock,stableaudio,train,8083
seg_008084,sample_02793,Burn - Room For A Ghost,FAKE,1,Rock,stableaudio,train,8084
seg_008085,sample_02794,Cassie Lace - The Zombie Dandies,FAKE,1,Rock,stableaudio,train,8085
seg_008086,sample_02794,Cassie Lace - The Zombie Dandies,FAKE,1,Rock,stableaudio,train,8086
seg_008087,sample_02794,Cassie Lace - The Zombie Dandies,FAKE,1,Rock,stableaudio,train,8087
seg_008088,sample_02795,Colossal Stillness - Scott Holmes,FAKE,1,Rock,stableaudio,train,8088
seg_008089,sample_02795,Colossal Stillness - Scott Holmes,FAKE,1,Rock,stableaudio,train,8089
seg_008090,sample_02795,Colossal Stillness - Scott Holmes,FAKE,1,Rock,stableaudio,train,8090
seg_008091,sample_02796,Crossing - Los Llamarada,FAKE,1,Rock,stableaudio,train,8091
seg_008092,sample_02796,Crossing - Los Llamarada,FAKE,1,Rock,stableaudio,train,8092
seg_008093,sample_02796,Crossing - Los Llamarada,FAKE,1,Rock,stableaudio,train,8093
seg_008094,sample_02797,Demolition - Michett,FAKE,1,Rock,stableaudio,train,8094
seg_008095,sample_02797,Demolition - Michett,FAKE,1,Rock,stableaudio,train,8095
seg_008096,sample_02797,Demolition - Michett,FAKE,1,Rock,stableaudio,train,8096
seg_008097,sample_02798,Digital Lightning - Cloudkicker,FAKE,1,Rock,stableaudio,train,8097
seg_008098,sample_02798,Digital Lightning - Cloudkicker,FAKE,1,Rock,stableaudio,train,8098
seg_008099,sample_02798,Digital Lightning - Cloudkicker,FAKE,1,Rock,stableaudio,train,8099
seg_008100,sample_02799,Don't want to be your man - Frigg A Go Go (F.A.G.G.),FAKE,1,Rock,stableaudio,train,8100
seg_008101,sample_02799,Don't want to be your man - Frigg A Go Go (F.A.G.G.),FAKE,1,Rock,stableaudio,train,8101
seg_008102,sample_02799,Don't want to be your man - Frigg A Go Go (F.A.G.G.),FAKE,1,Rock,stableaudio,train,8102
seg_008103,sample_02800,Electric Girlfriend - The Zombie Dandies,FAKE,1,Rock,stableaudio,train,8103
seg_008104,sample_02800,Electric Girlfriend - The Zombie Dandies,FAKE,1,Rock,stableaudio,train,8104
seg_008105,sample_02800,Electric Girlfriend - The Zombie Dandies,FAKE,1,Rock,stableaudio,train,8105
seg_008106,sample_02801,Empty Pockets - Pete Prodoehl,FAKE,1,Rock,stableaudio,val,8106
seg_008107,sample_02801,Empty Pockets - Pete Prodoehl,FAKE,1,Rock,stableaudio,val,8107
seg_008108,sample_02801,Empty Pockets - Pete Prodoehl,FAKE,1,Rock,stableaudio,val,8108
seg_008109,sample_02802,Eyes Getting Louder - Mod Fun,FAKE,1,Rock,stableaudio,train,8109
seg_008110,sample_02802,Eyes Getting Louder - Mod Fun,FAKE,1,Rock,stableaudio,train,8110
seg_008111,sample_02802,Eyes Getting Louder - Mod Fun,FAKE,1,Rock,stableaudio,train,8111
seg_008112,sample_02803,Five 40 Derby/Slow Whistle - The Crypts!,FAKE,1,Rock,stableaudio,train,8112
seg_008113,sample_02803,Five 40 Derby/Slow Whistle - The Crypts!,FAKE,1,Rock,stableaudio,train,8113
seg_008114,sample_02803,Five 40 Derby/Slow Whistle - The Crypts!,FAKE,1,Rock,stableaudio,train,8114
seg_008115,sample_02804,Forest Silence - Serpentarivm,FAKE,1,Rock,stableaudio,train,8115
seg_008116,sample_02804,Forest Silence - Serpentarivm,FAKE,1,Rock,stableaudio,train,8116
seg_008117,sample_02804,Forest Silence - Serpentarivm,FAKE,1,Rock,stableaudio,train,8117
seg_008118,sample_02805,Formic Acid for Blood - Punk Rock Opera,FAKE,1,Rock,stableaudio,train,8118
seg_008119,sample_02805,Formic Acid for Blood - Punk Rock Opera,FAKE,1,Rock,stableaudio,train,8119
seg_008120,sample_02805,Formic Acid for Blood - Punk Rock Opera,FAKE,1,Rock,stableaudio,train,8120
seg_008121,sample_02806,Gila Monster Flop/Music History Lesson:The Sonics - The Crypts!,FAKE,1,Rock,stableaudio,val,8121
seg_008122,sample_02806,Gila Monster Flop/Music History Lesson:The Sonics - The Crypts!,FAKE,1,Rock,stableaudio,val,8122
seg_008123,sample_02806,Gila Monster Flop/Music History Lesson:The Sonics - The Crypts!,FAKE,1,Rock,stableaudio,val,8123
seg_008124,sample_02807,Half a Doubt - Droopies,FAKE,1,Rock,stableaudio,train,8124
seg_008125,sample_02807,Half a Doubt - Droopies,FAKE,1,Rock,stableaudio,train,8125
seg_008126,sample_02807,Half a Doubt - Droopies,FAKE,1,Rock,stableaudio,train,8126
seg_008127,sample_02808,"Head of Ancante, Talking Tree - Ak'chamel, The Giver of Illness",FAKE,1,Rock,stableaudio,test,8127
seg_008128,sample_02808,"Head of Ancante, Talking Tree - Ak'chamel, The Giver of Illness",FAKE,1,Rock,stableaudio,test,8128
seg_008129,sample_02808,"Head of Ancante, Talking Tree - Ak'chamel, The Giver of Illness",FAKE,1,Rock,stableaudio,test,8129
seg_008130,sample_02809,Hisko Detria - Hisko Detria,FAKE,1,Rock,stableaudio,train,8130
seg_008131,sample_02809,Hisko Detria - Hisko Detria,FAKE,1,Rock,stableaudio,train,8131
seg_008132,sample_02809,Hisko Detria - Hisko Detria,FAKE,1,Rock,stableaudio,train,8132
seg_008133,sample_02810,I'm gonna try to reach - Los Llamarada,FAKE,1,Rock,stableaudio,train,8133
seg_008134,sample_02810,I'm gonna try to reach - Los Llamarada,FAKE,1,Rock,stableaudio,train,8134
seg_008135,sample_02810,I'm gonna try to reach - Los Llamarada,FAKE,1,Rock,stableaudio,train,8135
seg_008136,sample_02811,Infinite Light - Pipe Choir,FAKE,1,Rock,stableaudio,train,8136
seg_008137,sample_02811,Infinite Light - Pipe Choir,FAKE,1,Rock,stableaudio,train,8137
seg_008138,sample_02811,Infinite Light - Pipe Choir,FAKE,1,Rock,stableaudio,train,8138
seg_008139,sample_02812,Insectlaration of Independence - Punk Rock Opera,FAKE,1,Rock,stableaudio,train,8139
seg_008140,sample_02812,Insectlaration of Independence - Punk Rock Opera,FAKE,1,Rock,stableaudio,train,8140
seg_008141,sample_02812,Insectlaration of Independence - Punk Rock Opera,FAKE,1,Rock,stableaudio,train,8141
seg_008142,sample_02813,I Can See Everything - Mod Fun,FAKE,1,Rock,stableaudio,train,8142
seg_008143,sample_02813,I Can See Everything - Mod Fun,FAKE,1,Rock,stableaudio,train,8143
seg_008144,sample_02813,I Can See Everything - Mod Fun,FAKE,1,Rock,stableaudio,train,8144
seg_008145,sample_02814,I Close My Eyes - Miss Derringer,FAKE,1,Rock,stableaudio,train,8145
seg_008146,sample_02814,I Close My Eyes - Miss Derringer,FAKE,1,Rock,stableaudio,train,8146
seg_008147,sample_02814,I Close My Eyes - Miss Derringer,FAKE,1,Rock,stableaudio,train,8147
seg_008148,sample_02815,I Dream So Vividly - Uninhabitable Mansions,FAKE,1,Rock,stableaudio,train,8148
seg_008149,sample_02815,I Dream So Vividly - Uninhabitable Mansions,FAKE,1,Rock,stableaudio,train,8149
seg_008150,sample_02815,I Dream So Vividly - Uninhabitable Mansions,FAKE,1,Rock,stableaudio,train,8150
seg_008151,sample_02816,I - Nocturnal Mayhem,FAKE,1,Rock,stableaudio,train,8151
seg_008152,sample_02816,I - Nocturnal Mayhem,FAKE,1,Rock,stableaudio,train,8152
seg_008153,sample_02816,I - Nocturnal Mayhem,FAKE,1,Rock,stableaudio,train,8153
seg_008154,sample_02817,KISS my Boots - The Zombie Dandies,FAKE,1,Rock,stableaudio,train,8154
seg_008155,sample_02817,KISS my Boots - The Zombie Dandies,FAKE,1,Rock,stableaudio,train,8155
seg_008156,sample_02817,KISS my Boots - The Zombie Dandies,FAKE,1,Rock,stableaudio,train,8156
seg_008157,sample_02818,KOMFORT - voyageurs,FAKE,1,Rock,stableaudio,train,8157
seg_008158,sample_02818,KOMFORT - voyageurs,FAKE,1,Rock,stableaudio,train,8158
seg_008159,sample_02818,KOMFORT - voyageurs,FAKE,1,Rock,stableaudio,train,8159
seg_008160,sample_02819,Lady Love - Parsley Flakes,FAKE,1,Rock,stableaudio,train,8160
seg_008161,sample_02819,Lady Love - Parsley Flakes,FAKE,1,Rock,stableaudio,train,8161
seg_008162,sample_02819,Lady Love - Parsley Flakes,FAKE,1,Rock,stableaudio,train,8162
seg_008163,sample_02820,Liberation is not Easy - Frigg A Go Go (F.A.G.G.),FAKE,1,Rock,stableaudio,train,8163
seg_008164,sample_02820,Liberation is not Easy - Frigg A Go Go (F.A.G.G.),FAKE,1,Rock,stableaudio,train,8164
seg_008165,sample_02820,Liberation is not Easy - Frigg A Go Go (F.A.G.G.),FAKE,1,Rock,stableaudio,train,8165
seg_008166,sample_02821,Lights Up - Pipe Choir,FAKE,1,Rock,stableaudio,val,8166
seg_008167,sample_02821,Lights Up - Pipe Choir,FAKE,1,Rock,stableaudio,val,8167
seg_008168,sample_02821,Lights Up - Pipe Choir,FAKE,1,Rock,stableaudio,val,8168
seg_008169,sample_02822,LIQUID SKULLS - voyageurs,FAKE,1,Rock,stableaudio,test,8169
seg_008170,sample_02822,LIQUID SKULLS - voyageurs,FAKE,1,Rock,stableaudio,test,8170
seg_008171,sample_02822,LIQUID SKULLS - voyageurs,FAKE,1,Rock,stableaudio,test,8171
seg_008172,sample_02823,Lost Paradise - Autumn Interlude,FAKE,1,Rock,stableaudio,train,8172
seg_008173,sample_02823,Lost Paradise - Autumn Interlude,FAKE,1,Rock,stableaudio,train,8173
seg_008174,sample_02823,Lost Paradise - Autumn Interlude,FAKE,1,Rock,stableaudio,train,8174
seg_008175,sample_02824,Love Dream - The Zombie Dandies,FAKE,1,Rock,stableaudio,test,8175
seg_008176,sample_02824,Love Dream - The Zombie Dandies,FAKE,1,Rock,stableaudio,test,8176
seg_008177,sample_02824,Love Dream - The Zombie Dandies,FAKE,1,Rock,stableaudio,test,8177
seg_008178,sample_02825,March of the GPA Mechanics - [t]ghost,FAKE,1,Rock,stableaudio,val,8178
seg_008179,sample_02825,March of the GPA Mechanics - [t]ghost,FAKE,1,Rock,stableaudio,val,8179
seg_008180,sample_02825,March of the GPA Mechanics - [t]ghost,FAKE,1,Rock,stableaudio,val,8180
seg_008181,sample_02826,Mettle - Pipe Choir,FAKE,1,Rock,stableaudio,train,8181
seg_008182,sample_02826,Mettle - Pipe Choir,FAKE,1,Rock,stableaudio,train,8182
seg_008183,sample_02826,Mettle - Pipe Choir,FAKE,1,Rock,stableaudio,train,8183
seg_008184,sample_02827,Millitary Industrial Complex - Punk Rock Opera,FAKE,1,Rock,stableaudio,train,8184
seg_008185,sample_02827,Millitary Industrial Complex - Punk Rock Opera,FAKE,1,Rock,stableaudio,train,8185
seg_008186,sample_02827,Millitary Industrial Complex - Punk Rock Opera,FAKE,1,Rock,stableaudio,train,8186
seg_008187,sample_02828,Moontime - The IMG,FAKE,1,Rock,stableaudio,train,8187
seg_008188,sample_02828,Moontime - The IMG,FAKE,1,Rock,stableaudio,train,8188
seg_008189,sample_02828,Moontime - The IMG,FAKE,1,Rock,stableaudio,train,8189
seg_008190,sample_02829,Mosque - Sarin,FAKE,1,Rock,stableaudio,train,8190
seg_008191,sample_02829,Mosque - Sarin,FAKE,1,Rock,stableaudio,train,8191
seg_008192,sample_02829,Mosque - Sarin,FAKE,1,Rock,stableaudio,train,8192
seg_008193,sample_02830,Nose - DUSTdevils,FAKE,1,Rock,stableaudio,train,8193
seg_008194,sample_02830,Nose - DUSTdevils,FAKE,1,Rock,stableaudio,train,8194
seg_008195,sample_02830,Nose - DUSTdevils,FAKE,1,Rock,stableaudio,train,8195
seg_008196,sample_02831,One Eyed Ghost/This is gonna be a rough show - The Crypts!,FAKE,1,Rock,stableaudio,train,8196
seg_008197,sample_02831,One Eyed Ghost/This is gonna be a rough show - The Crypts!,FAKE,1,Rock,stableaudio,train,8197
seg_008198,sample_02831,One Eyed Ghost/This is gonna be a rough show - The Crypts!,FAKE,1,Rock,stableaudio,train,8198
seg_008199,sample_02832,Puertas de Fuego - Guerra de Cerdos,FAKE,1,Rock,stableaudio,test,8199
seg_008200,sample_02832,Puertas de Fuego - Guerra de Cerdos,FAKE,1,Rock,stableaudio,test,8200
seg_008201,sample_02832,Puertas de Fuego - Guerra de Cerdos,FAKE,1,Rock,stableaudio,test,8201
seg_008202,sample_02833,Reagan Shut Down the Asylums - Punk Rock Opera,FAKE,1,Rock,stableaudio,train,8202
seg_008203,sample_02833,Reagan Shut Down the Asylums - Punk Rock Opera,FAKE,1,Rock,stableaudio,train,8203
seg_008204,sample_02833,Reagan Shut Down the Asylums - Punk Rock Opera,FAKE,1,Rock,stableaudio,train,8204
seg_008205,sample_02834,Redlight - Room For A Ghost,FAKE,1,Rock,stableaudio,val,8205
seg_008206,sample_02834,Redlight - Room For A Ghost,FAKE,1,Rock,stableaudio,val,8206
seg_008207,sample_02834,Redlight - Room For A Ghost,FAKE,1,Rock,stableaudio,val,8207
seg_008208,sample_02835,Roach-Man - Punk Rock Opera,FAKE,1,Rock,stableaudio,train,8208
seg_008209,sample_02835,Roach-Man - Punk Rock Opera,FAKE,1,Rock,stableaudio,train,8209
seg_008210,sample_02835,Roach-Man - Punk Rock Opera,FAKE,1,Rock,stableaudio,train,8210
seg_008211,sample_02836,Robocall - Legally Blind,FAKE,1,Rock,stableaudio,train,8211
seg_008212,sample_02836,Robocall - Legally Blind,FAKE,1,Rock,stableaudio,train,8212
seg_008213,sample_02836,Robocall - Legally Blind,FAKE,1,Rock,stableaudio,train,8213
seg_008214,sample_02837,Roland Garros 2048 - Zoliborz,FAKE,1,Rock,stableaudio,train,8214
seg_008215,sample_02837,Roland Garros 2048 - Zoliborz,FAKE,1,Rock,stableaudio,train,8215
seg_008216,sample_02837,Roland Garros 2048 - Zoliborz,FAKE,1,Rock,stableaudio,train,8216
seg_008217,sample_02838,Scramby Eggs - Andy G. Cohen,FAKE,1,Rock,stableaudio,val,8217
seg_008218,sample_02838,Scramby Eggs - Andy G. Cohen,FAKE,1,Rock,stableaudio,val,8218
seg_008219,sample_02838,Scramby Eggs - Andy G. Cohen,FAKE,1,Rock,stableaudio,val,8219
seg_008220,sample_02839,Sfogare Il Dissenso - Deiezione HC,FAKE,1,Rock,stableaudio,test,8220
seg_008221,sample_02839,Sfogare Il Dissenso - Deiezione HC,FAKE,1,Rock,stableaudio,test,8221
seg_008222,sample_02839,Sfogare Il Dissenso - Deiezione HC,FAKE,1,Rock,stableaudio,test,8222
seg_008223,sample_02840,Sheffield Hall - Andy G. Cohen,FAKE,1,Rock,stableaudio,train,8223
seg_008224,sample_02840,Sheffield Hall - Andy G. Cohen,FAKE,1,Rock,stableaudio,train,8224
seg_008225,sample_02840,Sheffield Hall - Andy G. Cohen,FAKE,1,Rock,stableaudio,train,8225
seg_008226,sample_02841,Shipwrecked Crew - Pete Prodoehl,FAKE,1,Rock,stableaudio,val,8226
seg_008227,sample_02841,Shipwrecked Crew - Pete Prodoehl,FAKE,1,Rock,stableaudio,val,8227
seg_008228,sample_02841,Shipwrecked Crew - Pete Prodoehl,FAKE,1,Rock,stableaudio,val,8228
seg_008229,sample_02842,Snakefirewalking - Los Llamarada,FAKE,1,Rock,stableaudio,train,8229
seg_008230,sample_02842,Snakefirewalking - Los Llamarada,FAKE,1,Rock,stableaudio,train,8230
seg_008231,sample_02842,Snakefirewalking - Los Llamarada,FAKE,1,Rock,stableaudio,train,8231
seg_008232,sample_02843,Sonzis FM - Pipe Choir,FAKE,1,Rock,stableaudio,test,8232
seg_008233,sample_02843,Sonzis FM - Pipe Choir,FAKE,1,Rock,stableaudio,test,8233
seg_008234,sample_02843,Sonzis FM - Pipe Choir,FAKE,1,Rock,stableaudio,test,8234
seg_008235,sample_02844,Soul of the Demon - Zombie Raiders,FAKE,1,Rock,stableaudio,train,8235
seg_008236,sample_02844,Soul of the Demon - Zombie Raiders,FAKE,1,Rock,stableaudio,train,8236
seg_008237,sample_02844,Soul of the Demon - Zombie Raiders,FAKE,1,Rock,stableaudio,train,8237
seg_008238,sample_02845,Stranger - Frigg A Go Go (F.A.G.G.),FAKE,1,Rock,stableaudio,train,8238
seg_008239,sample_02845,Stranger - Frigg A Go Go (F.A.G.G.),FAKE,1,Rock,stableaudio,train,8239
seg_008240,sample_02845,Stranger - Frigg A Go Go (F.A.G.G.),FAKE,1,Rock,stableaudio,train,8240
seg_008241,sample_02846,Stuttgart - Portrayal,FAKE,1,Rock,stableaudio,test,8241
seg_008242,sample_02846,Stuttgart - Portrayal,FAKE,1,Rock,stableaudio,test,8242
seg_008243,sample_02846,Stuttgart - Portrayal,FAKE,1,Rock,stableaudio,test,8243
seg_008244,sample_02847,В Наших Сердцах - Чокнутый Пропеллер,FAKE,1,Rock,stableaudio,val,8244
seg_008245,sample_02847,В Наших Сердцах - Чокнутый Пропеллер,FAKE,1,Rock,stableaudio,val,8245
seg_008246,sample_02847,В Наших Сердцах - Чокнутый Пропеллер,FAKE,1,Rock,stableaudio,val,8246
seg_008247,sample_02848,The Contract - The IMG,FAKE,1,Rock,stableaudio,train,8247
seg_008248,sample_02848,The Contract - The IMG,FAKE,1,Rock,stableaudio,train,8248
seg_008249,sample_02848,The Contract - The IMG,FAKE,1,Rock,stableaudio,train,8249
seg_008250,sample_02849,The Dawn - The One They Fear,FAKE,1,Rock,stableaudio,train,8250
seg_008251,sample_02849,The Dawn - The One They Fear,FAKE,1,Rock,stableaudio,train,8251
seg_008252,sample_02849,The Dawn - The One They Fear,FAKE,1,Rock,stableaudio,train,8252
seg_008253,sample_02850,The girl just faded - Los Llamarada,FAKE,1,Rock,stableaudio,val,8253
seg_008254,sample_02850,The girl just faded - Los Llamarada,FAKE,1,Rock,stableaudio,val,8254
seg_008255,sample_02850,The girl just faded - Los Llamarada,FAKE,1,Rock,stableaudio,val,8255
seg_008256,sample_02851,The Monster Mash/Ya Look Fantastic - The Crypts!,FAKE,1,Rock,stableaudio,train,8256
seg_008257,sample_02851,The Monster Mash/Ya Look Fantastic - The Crypts!,FAKE,1,Rock,stableaudio,train,8257
seg_008258,sample_02851,The Monster Mash/Ya Look Fantastic - The Crypts!,FAKE,1,Rock,stableaudio,train,8258
seg_008259,sample_02852,Untitled - Fatal Injection,FAKE,1,Rock,stableaudio,test,8259
seg_008260,sample_02852,Untitled - Fatal Injection,FAKE,1,Rock,stableaudio,test,8260
seg_008261,sample_02852,Untitled - Fatal Injection,FAKE,1,Rock,stableaudio,test,8261
seg_008262,sample_02853,Versailles - Pierce Murphy,FAKE,1,Rock,stableaudio,train,8262
seg_008263,sample_02853,Versailles - Pierce Murphy,FAKE,1,Rock,stableaudio,train,8263
seg_008264,sample_02853,Versailles - Pierce Murphy,FAKE,1,Rock,stableaudio,train,8264
seg_008265,sample_02854,Voxel - Andy G. Cohen,FAKE,1,Rock,stableaudio,val,8265
seg_008266,sample_02854,Voxel - Andy G. Cohen,FAKE,1,Rock,stableaudio,val,8266
seg_008267,sample_02854,Voxel - Andy G. Cohen,FAKE,1,Rock,stableaudio,val,8267
seg_008268,sample_02855,WET DREAMS - voyageurs,FAKE,1,Rock,stableaudio,train,8268
seg_008269,sample_02855,WET DREAMS - voyageurs,FAKE,1,Rock,stableaudio,train,8269
seg_008270,sample_02855,WET DREAMS - voyageurs,FAKE,1,Rock,stableaudio,train,8270
seg_008271,sample_02856,We Misplaced A Cobra In the Uninhabitable Mansions - Uninhabitable Mansions,FAKE,1,Rock,stableaudio,train,8271
seg_008272,sample_02856,We Misplaced A Cobra In the Uninhabitable Mansions - Uninhabitable Mansions,FAKE,1,Rock,stableaudio,train,8272
seg_008273,sample_02856,We Misplaced A Cobra In the Uninhabitable Mansions - Uninhabitable Mansions,FAKE,1,Rock,stableaudio,train,8273
seg_008274,sample_02857,Who Loves You Dear - Mink Lungs,FAKE,1,Rock,stableaudio,test,8274
seg_008275,sample_02857,Who Loves You Dear - Mink Lungs,FAKE,1,Rock,stableaudio,test,8275
seg_008276,sample_02857,Who Loves You Dear - Mink Lungs,FAKE,1,Rock,stableaudio,test,8276
seg_008277,sample_02858,Windows of the Skull (Alternate Version) - Sarin,FAKE,1,Rock,stableaudio,train,8277
seg_008278,sample_02858,Windows of the Skull (Alternate Version) - Sarin,FAKE,1,Rock,stableaudio,train,8278
seg_008279,sample_02858,Windows of the Skull (Alternate Version) - Sarin,FAKE,1,Rock,stableaudio,train,8279
seg_008280,sample_02859,Windows of the Skull (Alternate Version) - Sarin,FAKE,1,Rock,stableaudio,train,8280
seg_008281,sample_02859,Windows of the Skull (Alternate Version) - Sarin,FAKE,1,Rock,stableaudio,train,8281
seg_008282,sample_02859,Windows of the Skull (Alternate Version) - Sarin,FAKE,1,Rock,stableaudio,train,8282
seg_008283,sample_02860,Wir Werden Gott - Japanische Kampfhorspiele,FAKE,1,Rock,stableaudio,train,8283
seg_008284,sample_02860,Wir Werden Gott - Japanische Kampfhorspiele,FAKE,1,Rock,stableaudio,train,8284
seg_008285,sample_02860,Wir Werden Gott - Japanische Kampfhorspiele,FAKE,1,Rock,stableaudio,train,8285
seg_008286,sample_02861,Ynkelig - Die Morgendammerung Des Valhalla,FAKE,1,Rock,stableaudio,train,8286
seg_008287,sample_02861,Ynkelig - Die Morgendammerung Des Valhalla,FAKE,1,Rock,stableaudio,train,8287
seg_008288,sample_02861,Ynkelig - Die Morgendammerung Des Valhalla,FAKE,1,Rock,stableaudio,train,8288
seg_008289,sample_02862,В Наших Сердцах - Чокнутый Пропеллер,FAKE,1,Rock,stableaudio,val,8289
seg_008290,sample_02862,В Наших Сердцах - Чокнутый Пропеллер,FAKE,1,Rock,stableaudio,val,8290
seg_008291,sample_02862,В Наших Сердцах - Чокнутый Пропеллер,FAKE,1,Rock,stableaudio,val,8291
seg_008292,sample_02863,Глазами Детей - Чокнутый Пропеллер,FAKE,1,Rock,stableaudio,train,8292
seg_008293,sample_02863,Глазами Детей - Чокнутый Пропеллер,FAKE,1,Rock,stableaudio,train,8293
seg_008294,sample_02863,Глазами Детей - Чокнутый Пропеллер,FAKE,1,Rock,stableaudio,train,8294
seg_008295,sample_02864,В Наших Сердцах - Чокнутый Пропеллер,FAKE,1,Rock,stableaudio,val,8295
seg_008296,sample_02864,В Наших Сердцах - Чокнутый Пропеллер,FAKE,1,Rock,stableaudio,val,8296
seg_008297,sample_02864,В Наших Сердцах - Чокнутый Пропеллер,FAKE,1,Rock,stableaudio,val,8297
seg_008298,sample_02865,1984 - Punk Rock Opera,FAKE,1,Rock,elevenlabs,train,8298
seg_008299,sample_02865,1984 - Punk Rock Opera,FAKE,1,Rock,elevenlabs,train,8299
seg_008300,sample_02865,1984 - Punk Rock Opera,FAKE,1,Rock,elevenlabs,train,8300
seg_008301,sample_02866,1984 - Punk Rock Opera,FAKE,1,Rock,elevenlabs,train,8301
seg_008302,sample_02866,1984 - Punk Rock Opera,FAKE,1,Rock,elevenlabs,train,8302
seg_008303,sample_02866,1984 - Punk Rock Opera,FAKE,1,Rock,elevenlabs,train,8303
seg_008304,sample_02867,2 (Wasn't There) - Isle of Pine,FAKE,1,Rock,elevenlabs,val,8304
seg_008305,sample_02867,2 (Wasn't There) - Isle of Pine,FAKE,1,Rock,elevenlabs,val,8305
seg_008306,sample_02867,2 (Wasn't There) - Isle of Pine,FAKE,1,Rock,elevenlabs,val,8306
seg_008307,sample_02868,2 (Wasn't There) - Isle of Pine,FAKE,1,Rock,elevenlabs,val,8307
seg_008308,sample_02868,2 (Wasn't There) - Isle of Pine,FAKE,1,Rock,elevenlabs,val,8308
seg_008309,sample_02868,2 (Wasn't There) - Isle of Pine,FAKE,1,Rock,elevenlabs,val,8309
seg_008310,sample_02869,Acoustic Unleashed - Remain,FAKE,1,Electronic,elevenlabs,train,8310
seg_008311,sample_02869,Acoustic Unleashed - Remain,FAKE,1,Electronic,elevenlabs,train,8311
seg_008312,sample_02869,Acoustic Unleashed - Remain,FAKE,1,Electronic,elevenlabs,train,8312
seg_008313,sample_02870,Acoustic Unleashed - Remain,FAKE,1,Electronic,elevenlabs,train,8313
seg_008314,sample_02870,Acoustic Unleashed - Remain,FAKE,1,Electronic,elevenlabs,train,8314
seg_008315,sample_02870,Acoustic Unleashed - Remain,FAKE,1,Electronic,elevenlabs,train,8315
seg_008316,sample_02871,Ad Astra - P C III,FAKE,1,Electronic,elevenlabs,train,8316
seg_008317,sample_02871,Ad Astra - P C III,FAKE,1,Electronic,elevenlabs,train,8317
seg_008318,sample_02871,Ad Astra - P C III,FAKE,1,Electronic,elevenlabs,train,8318
seg_008319,sample_02872,Ad Astra - P C III,FAKE,1,Electronic,elevenlabs,train,8319
seg_008320,sample_02872,Ad Astra - P C III,FAKE,1,Electronic,elevenlabs,train,8320
seg_008321,sample_02872,Ad Astra - P C III,FAKE,1,Electronic,elevenlabs,train,8321
seg_008322,sample_02873,All of Us - Eric Skiff,FAKE,1,Electronic,elevenlabs,train,8322
seg_008323,sample_02873,All of Us - Eric Skiff,FAKE,1,Electronic,elevenlabs,train,8323
seg_008324,sample_02873,All of Us - Eric Skiff,FAKE,1,Electronic,elevenlabs,train,8324
seg_008325,sample_02874,All of Us - Eric Skiff,FAKE,1,Electronic,elevenlabs,train,8325
seg_008326,sample_02874,All of Us - Eric Skiff,FAKE,1,Electronic,elevenlabs,train,8326
seg_008327,sample_02874,All of Us - Eric Skiff,FAKE,1,Electronic,elevenlabs,train,8327
seg_008328,sample_02875,"Aquamarine, My Distant Blue - Nihilore",FAKE,1,Electronic,elevenlabs,train,8328
seg_008329,sample_02875,"Aquamarine, My Distant Blue - Nihilore",FAKE,1,Electronic,elevenlabs,train,8329
seg_008330,sample_02875,"Aquamarine, My Distant Blue - Nihilore",FAKE,1,Electronic,elevenlabs,train,8330
seg_008331,sample_02876,"Aquamarine, My Distant Blue - Nihilore",FAKE,1,Electronic,elevenlabs,train,8331
seg_008332,sample_02876,"Aquamarine, My Distant Blue - Nihilore",FAKE,1,Electronic,elevenlabs,train,8332
seg_008333,sample_02876,"Aquamarine, My Distant Blue - Nihilore",FAKE,1,Electronic,elevenlabs,train,8333
seg_008334,sample_02877,Attention - Pete Prodoehl,FAKE,1,Rock,elevenlabs,test,8334
seg_008335,sample_02877,Attention - Pete Prodoehl,FAKE,1,Rock,elevenlabs,test,8335
seg_008336,sample_02877,Attention - Pete Prodoehl,FAKE,1,Rock,elevenlabs,test,8336
seg_008337,sample_02878,Attention - Pete Prodoehl,FAKE,1,Rock,elevenlabs,test,8337
seg_008338,sample_02878,Attention - Pete Prodoehl,FAKE,1,Rock,elevenlabs,test,8338
seg_008339,sample_02878,Attention - Pete Prodoehl,FAKE,1,Rock,elevenlabs,test,8339
seg_008340,sample_02879,Autobahn - S-B-J,FAKE,1,Electronic,elevenlabs,train,8340
seg_008341,sample_02879,Autobahn - S-B-J,FAKE,1,Electronic,elevenlabs,train,8341
seg_008342,sample_02879,Autobahn - S-B-J,FAKE,1,Electronic,elevenlabs,train,8342
seg_008343,sample_02880,Autobahn - S-B-J,FAKE,1,Electronic,elevenlabs,train,8343
seg_008344,sample_02880,Autobahn - S-B-J,FAKE,1,Electronic,elevenlabs,train,8344
seg_008345,sample_02880,Autobahn - S-B-J,FAKE,1,Electronic,elevenlabs,train,8345
seg_008346,sample_02881,"Autopsy - Oh Yeah, the Future",FAKE,1,Pop,elevenlabs,train,8346
seg_008347,sample_02881,"Autopsy - Oh Yeah, the Future",FAKE,1,Pop,elevenlabs,train,8347
seg_008348,sample_02881,"Autopsy - Oh Yeah, the Future",FAKE,1,Pop,elevenlabs,train,8348
seg_008349,sample_02882,"Autopsy - Oh Yeah, the Future",FAKE,1,Pop,elevenlabs,train,8349
seg_008350,sample_02882,"Autopsy - Oh Yeah, the Future",FAKE,1,Pop,elevenlabs,train,8350
seg_008351,sample_02882,"Autopsy - Oh Yeah, the Future",FAKE,1,Pop,elevenlabs,train,8351
seg_008352,sample_02883,Breeze Funk - Malaventura,FAKE,1,Pop,elevenlabs,train,8352
seg_008353,sample_02883,Breeze Funk - Malaventura,FAKE,1,Pop,elevenlabs,train,8353
seg_008354,sample_02883,Breeze Funk - Malaventura,FAKE,1,Pop,elevenlabs,train,8354
seg_008355,sample_02884,Breeze Funk - Malaventura,FAKE,1,Pop,elevenlabs,train,8355
seg_008356,sample_02884,Breeze Funk - Malaventura,FAKE,1,Pop,elevenlabs,train,8356
seg_008357,sample_02884,Breeze Funk - Malaventura,FAKE,1,Pop,elevenlabs,train,8357
seg_008358,sample_02885,Busby Berkeley - Ergo Phizmiz,FAKE,1,Pop,elevenlabs,train,8358
seg_008359,sample_02885,Busby Berkeley - Ergo Phizmiz,FAKE,1,Pop,elevenlabs,train,8359
seg_008360,sample_02885,Busby Berkeley - Ergo Phizmiz,FAKE,1,Pop,elevenlabs,train,8360
seg_008361,sample_02886,Busby Berkeley - Ergo Phizmiz,FAKE,1,Pop,elevenlabs,train,8361
seg_008362,sample_02886,Busby Berkeley - Ergo Phizmiz,FAKE,1,Pop,elevenlabs,train,8362
seg_008363,sample_02886,Busby Berkeley - Ergo Phizmiz,FAKE,1,Pop,elevenlabs,train,8363
seg_008364,sample_02887,Celia - Ergo Phizmiz,FAKE,1,Pop,elevenlabs,train,8364
seg_008365,sample_02887,Celia - Ergo Phizmiz,FAKE,1,Pop,elevenlabs,train,8365
seg_008366,sample_02887,Celia - Ergo Phizmiz,FAKE,1,Pop,elevenlabs,train,8366
seg_008367,sample_02888,Celia - Ergo Phizmiz,FAKE,1,Pop,elevenlabs,train,8367
seg_008368,sample_02888,Celia - Ergo Phizmiz,FAKE,1,Pop,elevenlabs,train,8368
seg_008369,sample_02888,Celia - Ergo Phizmiz,FAKE,1,Pop,elevenlabs,train,8369
seg_008370,sample_02889,Clay Heart - Nihilore,FAKE,1,Electronic,elevenlabs,train,8370
seg_008371,sample_02889,Clay Heart - Nihilore,FAKE,1,Electronic,elevenlabs,train,8371
seg_008372,sample_02889,Clay Heart - Nihilore,FAKE,1,Electronic,elevenlabs,train,8372
seg_008373,sample_02890,Clay Heart - Nihilore,FAKE,1,Electronic,elevenlabs,train,8373
seg_008374,sample_02890,Clay Heart - Nihilore,FAKE,1,Electronic,elevenlabs,train,8374
seg_008375,sample_02890,Clay Heart - Nihilore,FAKE,1,Electronic,elevenlabs,train,8375
seg_008376,sample_02891,Cold Chains - Rolemusic,FAKE,1,Electronic,elevenlabs,train,8376
seg_008377,sample_02891,Cold Chains - Rolemusic,FAKE,1,Electronic,elevenlabs,train,8377
seg_008378,sample_02891,Cold Chains - Rolemusic,FAKE,1,Electronic,elevenlabs,train,8378
seg_008379,sample_02892,Cold Chains - Rolemusic,FAKE,1,Electronic,elevenlabs,train,8379
seg_008380,sample_02892,Cold Chains - Rolemusic,FAKE,1,Electronic,elevenlabs,train,8380
seg_008381,sample_02892,Cold Chains - Rolemusic,FAKE,1,Electronic,elevenlabs,train,8381
seg_008382,sample_02893,Coliidae - K.D. Expression,FAKE,1,Electronic,elevenlabs,train,8382
seg_008383,sample_02893,Coliidae - K.D. Expression,FAKE,1,Electronic,elevenlabs,train,8383
seg_008384,sample_02893,Coliidae - K.D. Expression,FAKE,1,Electronic,elevenlabs,train,8384
seg_008385,sample_02894,Coliidae - K.D. Expression,FAKE,1,Electronic,elevenlabs,train,8385
seg_008386,sample_02894,Coliidae - K.D. Expression,FAKE,1,Electronic,elevenlabs,train,8386
seg_008387,sample_02894,Coliidae - K.D. Expression,FAKE,1,Electronic,elevenlabs,train,8387
seg_008388,sample_02895,Colossal Stillness - Scott Holmes,FAKE,1,Rock,elevenlabs,train,8388
seg_008389,sample_02895,Colossal Stillness - Scott Holmes,FAKE,1,Rock,elevenlabs,train,8389
seg_008390,sample_02895,Colossal Stillness - Scott Holmes,FAKE,1,Rock,elevenlabs,train,8390
seg_008391,sample_02896,Colossal Stillness - Scott Holmes,FAKE,1,Rock,elevenlabs,train,8391
seg_008392,sample_02896,Colossal Stillness - Scott Holmes,FAKE,1,Rock,elevenlabs,train,8392
seg_008393,sample_02896,Colossal Stillness - Scott Holmes,FAKE,1,Rock,elevenlabs,train,8393
seg_008394,sample_02897,Convicted Jazz Drones - Malaventura,FAKE,1,Pop,elevenlabs,train,8394
seg_008395,sample_02897,Convicted Jazz Drones - Malaventura,FAKE,1,Pop,elevenlabs,train,8395
seg_008396,sample_02897,Convicted Jazz Drones - Malaventura,FAKE,1,Pop,elevenlabs,train,8396
seg_008397,sample_02898,Convicted Jazz Drones - Malaventura,FAKE,1,Pop,elevenlabs,train,8397
seg_008398,sample_02898,Convicted Jazz Drones - Malaventura,FAKE,1,Pop,elevenlabs,train,8398
seg_008399,sample_02898,Convicted Jazz Drones - Malaventura,FAKE,1,Pop,elevenlabs,train,8399
seg_008400,sample_02899,CopperNickle - UncleBibby,FAKE,1,Electronic,elevenlabs,val,8400
seg_008401,sample_02899,CopperNickle - UncleBibby,FAKE,1,Electronic,elevenlabs,val,8401
seg_008402,sample_02899,CopperNickle - UncleBibby,FAKE,1,Electronic,elevenlabs,val,8402
seg_008403,sample_02900,CopperNickle - UncleBibby,FAKE,1,Electronic,elevenlabs,val,8403
seg_008404,sample_02900,CopperNickle - UncleBibby,FAKE,1,Electronic,elevenlabs,val,8404
seg_008405,sample_02900,CopperNickle - UncleBibby,FAKE,1,Electronic,elevenlabs,val,8405
seg_008406,sample_02901,Crossing - Los Llamarada,FAKE,1,Rock,elevenlabs,train,8406
seg_008407,sample_02901,Crossing - Los Llamarada,FAKE,1,Rock,elevenlabs,train,8407
seg_008408,sample_02901,Crossing - Los Llamarada,FAKE,1,Rock,elevenlabs,train,8408
seg_008409,sample_02902,Crossing - Los Llamarada,FAKE,1,Rock,elevenlabs,train,8409
seg_008410,sample_02902,Crossing - Los Llamarada,FAKE,1,Rock,elevenlabs,train,8410
seg_008411,sample_02902,Crossing - Los Llamarada,FAKE,1,Rock,elevenlabs,train,8411
seg_008412,sample_02903,Dance Harder - Three Chain Links,FAKE,1,Electronic,elevenlabs,test,8412
seg_008413,sample_02903,Dance Harder - Three Chain Links,FAKE,1,Electronic,elevenlabs,test,8413
seg_008414,sample_02903,Dance Harder - Three Chain Links,FAKE,1,Electronic,elevenlabs,test,8414
seg_008415,sample_02904,Dance Harder - Three Chain Links,FAKE,1,Electronic,elevenlabs,test,8415
seg_008416,sample_02904,Dance Harder - Three Chain Links,FAKE,1,Electronic,elevenlabs,test,8416
seg_008417,sample_02904,Dance Harder - Three Chain Links,FAKE,1,Electronic,elevenlabs,test,8417
seg_008418,sample_02905,Daylight Savings - My brother Daniel,FAKE,1,Electronic,elevenlabs,val,8418
seg_008419,sample_02905,Daylight Savings - My brother Daniel,FAKE,1,Electronic,elevenlabs,val,8419
seg_008420,sample_02905,Daylight Savings - My brother Daniel,FAKE,1,Electronic,elevenlabs,val,8420
seg_008421,sample_02906,Daylight Savings - My brother Daniel,FAKE,1,Electronic,elevenlabs,val,8421
seg_008422,sample_02906,Daylight Savings - My brother Daniel,FAKE,1,Electronic,elevenlabs,val,8422
seg_008423,sample_02906,Daylight Savings - My brother Daniel,FAKE,1,Electronic,elevenlabs,val,8423
seg_008424,sample_02907,Different Day - First,FAKE,1,Pop,elevenlabs,test,8424
seg_008425,sample_02907,Different Day - First,FAKE,1,Pop,elevenlabs,test,8425
seg_008426,sample_02907,Different Day - First,FAKE,1,Pop,elevenlabs,test,8426
seg_008427,sample_02908,Different Day - First,FAKE,1,Pop,elevenlabs,test,8427
seg_008428,sample_02908,Different Day - First,FAKE,1,Pop,elevenlabs,test,8428
seg_008429,sample_02908,Different Day - First,FAKE,1,Pop,elevenlabs,test,8429
seg_008430,sample_02909,Digital Lightning - Cloudkicker,FAKE,1,Rock,elevenlabs,train,8430
seg_008431,sample_02909,Digital Lightning - Cloudkicker,FAKE,1,Rock,elevenlabs,train,8431
seg_008432,sample_02909,Digital Lightning - Cloudkicker,FAKE,1,Rock,elevenlabs,train,8432
seg_008433,sample_02910,Digital Lightning - Cloudkicker,FAKE,1,Rock,elevenlabs,train,8433
seg_008434,sample_02910,Digital Lightning - Cloudkicker,FAKE,1,Rock,elevenlabs,train,8434
seg_008435,sample_02910,Digital Lightning - Cloudkicker,FAKE,1,Rock,elevenlabs,train,8435
seg_008436,sample_02911,Edge - Mystery Mammal,FAKE,1,Electronic,elevenlabs,train,8436
seg_008437,sample_02911,Edge - Mystery Mammal,FAKE,1,Electronic,elevenlabs,train,8437
seg_008438,sample_02911,Edge - Mystery Mammal,FAKE,1,Electronic,elevenlabs,train,8438
seg_008439,sample_02912,Edge - Mystery Mammal,FAKE,1,Electronic,elevenlabs,train,8439
seg_008440,sample_02912,Edge - Mystery Mammal,FAKE,1,Electronic,elevenlabs,train,8440
seg_008441,sample_02912,Edge - Mystery Mammal,FAKE,1,Electronic,elevenlabs,train,8441
seg_008442,sample_02913,Empower Thee - vargero,FAKE,1,Electronic,elevenlabs,train,8442
seg_008443,sample_02913,Empower Thee - vargero,FAKE,1,Electronic,elevenlabs,train,8443
seg_008444,sample_02913,Empower Thee - vargero,FAKE,1,Electronic,elevenlabs,train,8444
seg_008445,sample_02914,Empower Thee - vargero,FAKE,1,Electronic,elevenlabs,train,8445
seg_008446,sample_02914,Empower Thee - vargero,FAKE,1,Electronic,elevenlabs,train,8446
seg_008447,sample_02914,Empower Thee - vargero,FAKE,1,Electronic,elevenlabs,train,8447
seg_008448,sample_02915,Empty Pockets - Pete Prodoehl,FAKE,1,Rock,elevenlabs,val,8448
seg_008449,sample_02915,Empty Pockets - Pete Prodoehl,FAKE,1,Rock,elevenlabs,val,8449
seg_008450,sample_02915,Empty Pockets - Pete Prodoehl,FAKE,1,Rock,elevenlabs,val,8450
seg_008451,sample_02916,Empty Pockets - Pete Prodoehl,FAKE,1,Rock,elevenlabs,val,8451
seg_008452,sample_02916,Empty Pockets - Pete Prodoehl,FAKE,1,Rock,elevenlabs,val,8452
seg_008453,sample_02916,Empty Pockets - Pete Prodoehl,FAKE,1,Rock,elevenlabs,val,8453
seg_008454,sample_02917,Endless - The Birth and Death of Silence,FAKE,1,Electronic,elevenlabs,train,8454
seg_008455,sample_02917,Endless - The Birth and Death of Silence,FAKE,1,Electronic,elevenlabs,train,8455
seg_008456,sample_02917,Endless - The Birth and Death of Silence,FAKE,1,Electronic,elevenlabs,train,8456
seg_008457,sample_02918,Endless - The Birth and Death of Silence,FAKE,1,Electronic,elevenlabs,train,8457
seg_008458,sample_02918,Endless - The Birth and Death of Silence,FAKE,1,Electronic,elevenlabs,train,8458
seg_008459,sample_02918,Endless - The Birth and Death of Silence,FAKE,1,Electronic,elevenlabs,train,8459
seg_008460,sample_02919,Evil Cannot Create - Caleb Lemond,FAKE,1,Pop,elevenlabs,val,8460
seg_008461,sample_02919,Evil Cannot Create - Caleb Lemond,FAKE,1,Pop,elevenlabs,val,8461
seg_008462,sample_02919,Evil Cannot Create - Caleb Lemond,FAKE,1,Pop,elevenlabs,val,8462
seg_008463,sample_02920,Evil Cannot Create - Caleb Lemond,FAKE,1,Pop,elevenlabs,val,8463
seg_008464,sample_02920,Evil Cannot Create - Caleb Lemond,FAKE,1,Pop,elevenlabs,val,8464
seg_008465,sample_02920,Evil Cannot Create - Caleb Lemond,FAKE,1,Pop,elevenlabs,val,8465
seg_008466,sample_02921,"First Glance - Oh Yeah, the Future",FAKE,1,Pop,elevenlabs,train,8466
seg_008467,sample_02921,"First Glance - Oh Yeah, the Future",FAKE,1,Pop,elevenlabs,train,8467
seg_008468,sample_02921,"First Glance - Oh Yeah, the Future",FAKE,1,Pop,elevenlabs,train,8468
seg_008469,sample_02922,"First Glance - Oh Yeah, the Future",FAKE,1,Pop,elevenlabs,train,8469
seg_008470,sample_02922,"First Glance - Oh Yeah, the Future",FAKE,1,Pop,elevenlabs,train,8470
seg_008471,sample_02922,"First Glance - Oh Yeah, the Future",FAKE,1,Pop,elevenlabs,train,8471
seg_008472,sample_02923,Flashback - Seclorance,FAKE,1,Electronic,elevenlabs,train,8472
seg_008473,sample_02923,Flashback - Seclorance,FAKE,1,Electronic,elevenlabs,train,8473
seg_008474,sample_02923,Flashback - Seclorance,FAKE,1,Electronic,elevenlabs,train,8474
seg_008475,sample_02924,Flashback - Seclorance,FAKE,1,Electronic,elevenlabs,train,8475
seg_008476,sample_02924,Flashback - Seclorance,FAKE,1,Electronic,elevenlabs,train,8476
seg_008477,sample_02924,Flashback - Seclorance,FAKE,1,Electronic,elevenlabs,train,8477
seg_008478,sample_02925,Food and War - Ergo Phizmiz,FAKE,1,Pop,elevenlabs,train,8478
seg_008479,sample_02925,Food and War - Ergo Phizmiz,FAKE,1,Pop,elevenlabs,train,8479
seg_008480,sample_02925,Food and War - Ergo Phizmiz,FAKE,1,Pop,elevenlabs,train,8480
seg_008481,sample_02926,Food and War - Ergo Phizmiz,FAKE,1,Pop,elevenlabs,train,8481
seg_008482,sample_02926,Food and War - Ergo Phizmiz,FAKE,1,Pop,elevenlabs,train,8482
seg_008483,sample_02926,Food and War - Ergo Phizmiz,FAKE,1,Pop,elevenlabs,train,8483
seg_008484,sample_02927,Forest Silence - Serpentarivm,FAKE,1,Rock,elevenlabs,train,8484
seg_008485,sample_02927,Forest Silence - Serpentarivm,FAKE,1,Rock,elevenlabs,train,8485
seg_008486,sample_02927,Forest Silence - Serpentarivm,FAKE,1,Rock,elevenlabs,train,8486
seg_008487,sample_02928,Forest Silence - Serpentarivm,FAKE,1,Rock,elevenlabs,train,8487
seg_008488,sample_02928,Forest Silence - Serpentarivm,FAKE,1,Rock,elevenlabs,train,8488
seg_008489,sample_02928,Forest Silence - Serpentarivm,FAKE,1,Rock,elevenlabs,train,8489
seg_008490,sample_02929,Formic Acid for Blood - Punk Rock Opera,FAKE,1,Rock,elevenlabs,train,8490
seg_008491,sample_02929,Formic Acid for Blood - Punk Rock Opera,FAKE,1,Rock,elevenlabs,train,8491
seg_008492,sample_02929,Formic Acid for Blood - Punk Rock Opera,FAKE,1,Rock,elevenlabs,train,8492
seg_008493,sample_02930,Formic Acid for Blood - Punk Rock Opera,FAKE,1,Rock,elevenlabs,train,8493
seg_008494,sample_02930,Formic Acid for Blood - Punk Rock Opera,FAKE,1,Rock,elevenlabs,train,8494
seg_008495,sample_02930,Formic Acid for Blood - Punk Rock Opera,FAKE,1,Rock,elevenlabs,train,8495
seg_008496,sample_02931,Fuckaboing - RoccoW,FAKE,1,Electronic,elevenlabs,test,8496
seg_008497,sample_02931,Fuckaboing - RoccoW,FAKE,1,Electronic,elevenlabs,test,8497
seg_008498,sample_02931,Fuckaboing - RoccoW,FAKE,1,Electronic,elevenlabs,test,8498
seg_008499,sample_02932,Fuckaboing - RoccoW,FAKE,1,Electronic,elevenlabs,test,8499
seg_008500,sample_02932,Fuckaboing - RoccoW,FAKE,1,Electronic,elevenlabs,test,8500
seg_008501,sample_02932,Fuckaboing - RoccoW,FAKE,1,Electronic,elevenlabs,test,8501
seg_008502,sample_02933,Gila Monster Flop/Music History Lesson:The Sonics - The Crypts!,FAKE,1,Rock,elevenlabs,val,8502
seg_008503,sample_02933,Gila Monster Flop/Music History Lesson:The Sonics - The Crypts!,FAKE,1,Rock,elevenlabs,val,8503
seg_008504,sample_02933,Gila Monster Flop/Music History Lesson:The Sonics - The Crypts!,FAKE,1,Rock,elevenlabs,val,8504
seg_008505,sample_02934,Gila Monster Flop/Music History Lesson:The Sonics - The Crypts!,FAKE,1,Rock,elevenlabs,val,8505
seg_008506,sample_02934,Gila Monster Flop/Music History Lesson:The Sonics - The Crypts!,FAKE,1,Rock,elevenlabs,val,8506
seg_008507,sample_02934,Gila Monster Flop/Music History Lesson:The Sonics - The Crypts!,FAKE,1,Rock,elevenlabs,val,8507
seg_008508,sample_02935,"Go On, Then - Jim Rooster",FAKE,1,Electronic,elevenlabs,train,8508
seg_008509,sample_02935,"Go On, Then - Jim Rooster",FAKE,1,Electronic,elevenlabs,train,8509
seg_008510,sample_02935,"Go On, Then - Jim Rooster",FAKE,1,Electronic,elevenlabs,train,8510
seg_008511,sample_02936,"Go On, Then - Jim Rooster",FAKE,1,Electronic,elevenlabs,train,8511
seg_008512,sample_02936,"Go On, Then - Jim Rooster",FAKE,1,Electronic,elevenlabs,train,8512
seg_008513,sample_02936,"Go On, Then - Jim Rooster",FAKE,1,Electronic,elevenlabs,train,8513
seg_008514,sample_02937,Hammer and a Nail - Vienna Ditto,FAKE,1,Electronic,elevenlabs,train,8514
seg_008515,sample_02937,Hammer and a Nail - Vienna Ditto,FAKE,1,Electronic,elevenlabs,train,8515
seg_008516,sample_02937,Hammer and a Nail - Vienna Ditto,FAKE,1,Electronic,elevenlabs,train,8516
seg_008517,sample_02938,Hammer and a Nail - Vienna Ditto,FAKE,1,Electronic,elevenlabs,train,8517
seg_008518,sample_02938,Hammer and a Nail - Vienna Ditto,FAKE,1,Electronic,elevenlabs,train,8518
seg_008519,sample_02938,Hammer and a Nail - Vienna Ditto,FAKE,1,Electronic,elevenlabs,train,8519
seg_008520,sample_02939,"Head of Ancante, Talking Tree - Ak'chamel, The Giver of Illness",FAKE,1,Rock,elevenlabs,test,8520
seg_008521,sample_02939,"Head of Ancante, Talking Tree - Ak'chamel, The Giver of Illness",FAKE,1,Rock,elevenlabs,test,8521
seg_008522,sample_02939,"Head of Ancante, Talking Tree - Ak'chamel, The Giver of Illness",FAKE,1,Rock,elevenlabs,test,8522
seg_008523,sample_02940,"Head of Ancante, Talking Tree - Ak'chamel, The Giver of Illness",FAKE,1,Rock,elevenlabs,test,8523
seg_008524,sample_02940,"Head of Ancante, Talking Tree - Ak'chamel, The Giver of Illness",FAKE,1,Rock,elevenlabs,test,8524
seg_008525,sample_02940,"Head of Ancante, Talking Tree - Ak'chamel, The Giver of Illness",FAKE,1,Rock,elevenlabs,test,8525
seg_008526,sample_02941,"Hungry - Oh Yeah, the Future",FAKE,1,Pop,elevenlabs,test,8526
seg_008527,sample_02941,"Hungry - Oh Yeah, the Future",FAKE,1,Pop,elevenlabs,test,8527
seg_008528,sample_02941,"Hungry - Oh Yeah, the Future",FAKE,1,Pop,elevenlabs,test,8528
seg_008529,sample_02942,"Hungry - Oh Yeah, the Future",FAKE,1,Pop,elevenlabs,test,8529
seg_008530,sample_02942,"Hungry - Oh Yeah, the Future",FAKE,1,Pop,elevenlabs,test,8530
seg_008531,sample_02942,"Hungry - Oh Yeah, the Future",FAKE,1,Pop,elevenlabs,test,8531
seg_008532,sample_02943,I Dream So Vividly - Uninhabitable Mansions,FAKE,1,Rock,elevenlabs,train,8532
seg_008533,sample_02943,I Dream So Vividly - Uninhabitable Mansions,FAKE,1,Rock,elevenlabs,train,8533
seg_008534,sample_02943,I Dream So Vividly - Uninhabitable Mansions,FAKE,1,Rock,elevenlabs,train,8534
seg_008535,sample_02944,I Dream So Vividly - Uninhabitable Mansions,FAKE,1,Rock,elevenlabs,train,8535
seg_008536,sample_02944,I Dream So Vividly - Uninhabitable Mansions,FAKE,1,Rock,elevenlabs,train,8536
seg_008537,sample_02944,I Dream So Vividly - Uninhabitable Mansions,FAKE,1,Rock,elevenlabs,train,8537
seg_008538,sample_02945,I Fell - Mod Fun,FAKE,1,Rock,elevenlabs,val,8538
seg_008539,sample_02945,I Fell - Mod Fun,FAKE,1,Rock,elevenlabs,val,8539
seg_008540,sample_02945,I Fell - Mod Fun,FAKE,1,Rock,elevenlabs,val,8540
seg_008541,sample_02946,I Fell - Mod Fun,FAKE,1,Rock,elevenlabs,val,8541
seg_008542,sample_02946,I Fell - Mod Fun,FAKE,1,Rock,elevenlabs,val,8542
seg_008543,sample_02946,I Fell - Mod Fun,FAKE,1,Rock,elevenlabs,val,8543
seg_008544,sample_02947,I - Inflammator,FAKE,1,Rock,elevenlabs,test,8544
seg_008545,sample_02947,I - Inflammator,FAKE,1,Rock,elevenlabs,test,8545
seg_008546,sample_02947,I - Inflammator,FAKE,1,Rock,elevenlabs,test,8546
seg_008547,sample_02948,I - Inflammator,FAKE,1,Rock,elevenlabs,test,8547
seg_008548,sample_02948,I - Inflammator,FAKE,1,Rock,elevenlabs,test,8548
seg_008549,sample_02948,I - Inflammator,FAKE,1,Rock,elevenlabs,test,8549
seg_008550,sample_02949,I - Nocturnal Mayhem,FAKE,1,Rock,elevenlabs,train,8550
seg_008551,sample_02949,I - Nocturnal Mayhem,FAKE,1,Rock,elevenlabs,train,8551
seg_008552,sample_02949,I - Nocturnal Mayhem,FAKE,1,Rock,elevenlabs,train,8552
seg_008553,sample_02950,I - Nocturnal Mayhem,FAKE,1,Rock,elevenlabs,train,8553
seg_008554,sample_02950,I - Nocturnal Mayhem,FAKE,1,Rock,elevenlabs,train,8554
seg_008555,sample_02950,I - Nocturnal Mayhem,FAKE,1,Rock,elevenlabs,train,8555
seg_008556,sample_02951,I Think From Now On - Caleb Lemond,FAKE,1,Pop,elevenlabs,train,8556
seg_008557,sample_02951,I Think From Now On - Caleb Lemond,FAKE,1,Pop,elevenlabs,train,8557
seg_008558,sample_02951,I Think From Now On - Caleb Lemond,FAKE,1,Pop,elevenlabs,train,8558
seg_008559,sample_02952,I Think From Now On - Caleb Lemond,FAKE,1,Pop,elevenlabs,train,8559
seg_008560,sample_02952,I Think From Now On - Caleb Lemond,FAKE,1,Pop,elevenlabs,train,8560
seg_008561,sample_02952,I Think From Now On - Caleb Lemond,FAKE,1,Pop,elevenlabs,train,8561
seg_008562,sample_02953,Improvisation - Broken Chord,FAKE,1,Electronic,elevenlabs,train,8562
seg_008563,sample_02953,Improvisation - Broken Chord,FAKE,1,Electronic,elevenlabs,train,8563
seg_008564,sample_02953,Improvisation - Broken Chord,FAKE,1,Electronic,elevenlabs,train,8564
seg_008565,sample_02954,Improvisation - Broken Chord,FAKE,1,Electronic,elevenlabs,train,8565
seg_008566,sample_02954,Improvisation - Broken Chord,FAKE,1,Electronic,elevenlabs,train,8566
seg_008567,sample_02954,Improvisation - Broken Chord,FAKE,1,Electronic,elevenlabs,train,8567
seg_008568,sample_02955,Infinite Light - Pipe Choir,FAKE,1,Rock,elevenlabs,train,8568
seg_008569,sample_02955,Infinite Light - Pipe Choir,FAKE,1,Rock,elevenlabs,train,8569
seg_008570,sample_02955,Infinite Light - Pipe Choir,FAKE,1,Rock,elevenlabs,train,8570
seg_008571,sample_02956,Infinite Light - Pipe Choir,FAKE,1,Rock,elevenlabs,train,8571
seg_008572,sample_02956,Infinite Light - Pipe Choir,FAKE,1,Rock,elevenlabs,train,8572
seg_008573,sample_02956,Infinite Light - Pipe Choir,FAKE,1,Rock,elevenlabs,train,8573
seg_008574,sample_02957,Introduction beats - Itsensäsyöjät,FAKE,1,Electronic,elevenlabs,train,8574
seg_008575,sample_02957,Introduction beats - Itsensäsyöjät,FAKE,1,Electronic,elevenlabs,train,8575
seg_008576,sample_02957,Introduction beats - Itsensäsyöjät,FAKE,1,Electronic,elevenlabs,train,8576
seg_008577,sample_02958,Introduction beats - Itsensäsyöjät,FAKE,1,Electronic,elevenlabs,train,8577
seg_008578,sample_02958,Introduction beats - Itsensäsyöjät,FAKE,1,Electronic,elevenlabs,train,8578
seg_008579,sample_02958,Introduction beats - Itsensäsyöjät,FAKE,1,Electronic,elevenlabs,train,8579
seg_008580,sample_02959,Invaders From Within - Monroeville Music Center,FAKE,1,Pop,elevenlabs,train,8580
seg_008581,sample_02959,Invaders From Within - Monroeville Music Center,FAKE,1,Pop,elevenlabs,train,8581
seg_008582,sample_02959,Invaders From Within - Monroeville Music Center,FAKE,1,Pop,elevenlabs,train,8582
seg_008583,sample_02960,Invaders From Within - Monroeville Music Center,FAKE,1,Pop,elevenlabs,train,8583
seg_008584,sample_02960,Invaders From Within - Monroeville Music Center,FAKE,1,Pop,elevenlabs,train,8584
seg_008585,sample_02960,Invaders From Within - Monroeville Music Center,FAKE,1,Pop,elevenlabs,train,8585
seg_008586,sample_02961,Jangus (inspired by ToeJam and Earl) - UncleBibby,FAKE,1,Electronic,elevenlabs,train,8586
seg_008587,sample_02961,Jangus (inspired by ToeJam and Earl) - UncleBibby,FAKE,1,Electronic,elevenlabs,train,8587
seg_008588,sample_02961,Jangus (inspired by ToeJam and Earl) - UncleBibby,FAKE,1,Electronic,elevenlabs,train,8588
seg_008589,sample_02962,Jangus (inspired by ToeJam and Earl) - UncleBibby,FAKE,1,Electronic,elevenlabs,train,8589
seg_008590,sample_02962,Jangus (inspired by ToeJam and Earl) - UncleBibby,FAKE,1,Electronic,elevenlabs,train,8590
seg_008591,sample_02962,Jangus (inspired by ToeJam and Earl) - UncleBibby,FAKE,1,Electronic,elevenlabs,train,8591
seg_008592,sample_02963,John the Baby - Ergo Phizmiz,FAKE,1,Pop,elevenlabs,train,8592
seg_008593,sample_02963,John the Baby - Ergo Phizmiz,FAKE,1,Pop,elevenlabs,train,8593
seg_008594,sample_02963,John the Baby - Ergo Phizmiz,FAKE,1,Pop,elevenlabs,train,8594
seg_008595,sample_02964,John the Baby - Ergo Phizmiz,FAKE,1,Pop,elevenlabs,train,8595
seg_008596,sample_02964,John the Baby - Ergo Phizmiz,FAKE,1,Pop,elevenlabs,train,8596
seg_008597,sample_02964,John the Baby - Ergo Phizmiz,FAKE,1,Pop,elevenlabs,train,8597
seg_008598,sample_02965,Johnny I Lie - The Moi Non Plus,FAKE,1,Rock,elevenlabs,train,8598
seg_008599,sample_02965,Johnny I Lie - The Moi Non Plus,FAKE,1,Rock,elevenlabs,train,8599
seg_008600,sample_02965,Johnny I Lie - The Moi Non Plus,FAKE,1,Rock,elevenlabs,train,8600
seg_008601,sample_02966,Johnny I Lie - The Moi Non Plus,FAKE,1,Rock,elevenlabs,train,8601
seg_008602,sample_02966,Johnny I Lie - The Moi Non Plus,FAKE,1,Rock,elevenlabs,train,8602
seg_008603,sample_02966,Johnny I Lie - The Moi Non Plus,FAKE,1,Rock,elevenlabs,train,8603
seg_008604,sample_02967,KOMFORT - voyageurs,FAKE,1,Rock,elevenlabs,train,8604
seg_008605,sample_02967,KOMFORT - voyageurs,FAKE,1,Rock,elevenlabs,train,8605
seg_008606,sample_02967,KOMFORT - voyageurs,FAKE,1,Rock,elevenlabs,train,8606
seg_008607,sample_02968,KOMFORT - voyageurs,FAKE,1,Rock,elevenlabs,train,8607
seg_008608,sample_02968,KOMFORT - voyageurs,FAKE,1,Rock,elevenlabs,train,8608
seg_008609,sample_02968,KOMFORT - voyageurs,FAKE,1,Rock,elevenlabs,train,8609
seg_008610,sample_02969,Kissing Scars - Caleb Lemond,FAKE,1,Pop,elevenlabs,train,8610
seg_008611,sample_02969,Kissing Scars - Caleb Lemond,FAKE,1,Pop,elevenlabs,train,8611
seg_008612,sample_02969,Kissing Scars - Caleb Lemond,FAKE,1,Pop,elevenlabs,train,8612
seg_008613,sample_02970,Kissing Scars - Caleb Lemond,FAKE,1,Pop,elevenlabs,train,8613
seg_008614,sample_02970,Kissing Scars - Caleb Lemond,FAKE,1,Pop,elevenlabs,train,8614
seg_008615,sample_02970,Kissing Scars - Caleb Lemond,FAKE,1,Pop,elevenlabs,train,8615
seg_008616,sample_02971,LIQUID SKULLS - voyageurs,FAKE,1,Rock,elevenlabs,test,8616
seg_008617,sample_02971,LIQUID SKULLS - voyageurs,FAKE,1,Rock,elevenlabs,test,8617
seg_008618,sample_02971,LIQUID SKULLS - voyageurs,FAKE,1,Rock,elevenlabs,test,8618
seg_008619,sample_02972,LIQUID SKULLS - voyageurs,FAKE,1,Rock,elevenlabs,test,8619
seg_008620,sample_02972,LIQUID SKULLS - voyageurs,FAKE,1,Rock,elevenlabs,test,8620
seg_008621,sample_02972,LIQUID SKULLS - voyageurs,FAKE,1,Rock,elevenlabs,test,8621
seg_008622,sample_02973,"Lackadaisical - Oh Yeah, the Future",FAKE,1,Pop,elevenlabs,train,8622
seg_008623,sample_02973,"Lackadaisical - Oh Yeah, the Future",FAKE,1,Pop,elevenlabs,train,8623
seg_008624,sample_02973,"Lackadaisical - Oh Yeah, the Future",FAKE,1,Pop,elevenlabs,train,8624
seg_008625,sample_02974,"Lackadaisical - Oh Yeah, the Future",FAKE,1,Pop,elevenlabs,train,8625
seg_008626,sample_02974,"Lackadaisical - Oh Yeah, the Future",FAKE,1,Pop,elevenlabs,train,8626
seg_008627,sample_02974,"Lackadaisical - Oh Yeah, the Future",FAKE,1,Pop,elevenlabs,train,8627
seg_008628,sample_02975,Lost Paradise - Autumn Interlude,FAKE,1,Rock,elevenlabs,train,8628
seg_008629,sample_02975,Lost Paradise - Autumn Interlude,FAKE,1,Rock,elevenlabs,train,8629
seg_008630,sample_02975,Lost Paradise - Autumn Interlude,FAKE,1,Rock,elevenlabs,train,8630
seg_008631,sample_02976,Lost Paradise - Autumn Interlude,FAKE,1,Rock,elevenlabs,train,8631
seg_008632,sample_02976,Lost Paradise - Autumn Interlude,FAKE,1,Rock,elevenlabs,train,8632
seg_008633,sample_02976,Lost Paradise - Autumn Interlude,FAKE,1,Rock,elevenlabs,train,8633
seg_008634,sample_02977,Love Dream - The Zombie Dandies,FAKE,1,Rock,elevenlabs,test,8634
seg_008635,sample_02977,Love Dream - The Zombie Dandies,FAKE,1,Rock,elevenlabs,test,8635
seg_008636,sample_02977,Love Dream - The Zombie Dandies,FAKE,1,Rock,elevenlabs,test,8636
seg_008637,sample_02978,Love Dream - The Zombie Dandies,FAKE,1,Rock,elevenlabs,test,8637
seg_008638,sample_02978,Love Dream - The Zombie Dandies,FAKE,1,Rock,elevenlabs,test,8638
seg_008639,sample_02978,Love Dream - The Zombie Dandies,FAKE,1,Rock,elevenlabs,test,8639
seg_008640,sample_02979,"Lovedreams - Oh Yeah, the Future",FAKE,1,Pop,elevenlabs,train,8640
seg_008641,sample_02979,"Lovedreams - Oh Yeah, the Future",FAKE,1,Pop,elevenlabs,train,8641
seg_008642,sample_02979,"Lovedreams - Oh Yeah, the Future",FAKE,1,Pop,elevenlabs,train,8642
seg_008643,sample_02980,"Lovedreams - Oh Yeah, the Future",FAKE,1,Pop,elevenlabs,train,8643
seg_008644,sample_02980,"Lovedreams - Oh Yeah, the Future",FAKE,1,Pop,elevenlabs,train,8644
seg_008645,sample_02980,"Lovedreams - Oh Yeah, the Future",FAKE,1,Pop,elevenlabs,train,8645
seg_008646,sample_02981,Mandrill - Ergo Phizmiz,FAKE,1,Pop,elevenlabs,train,8646
seg_008647,sample_02981,Mandrill - Ergo Phizmiz,FAKE,1,Pop,elevenlabs,train,8647
seg_008648,sample_02981,Mandrill - Ergo Phizmiz,FAKE,1,Pop,elevenlabs,train,8648
seg_008649,sample_02982,Mandrill - Ergo Phizmiz,FAKE,1,Pop,elevenlabs,train,8649
seg_008650,sample_02982,Mandrill - Ergo Phizmiz,FAKE,1,Pop,elevenlabs,train,8650
seg_008651,sample_02982,Mandrill - Ergo Phizmiz,FAKE,1,Pop,elevenlabs,train,8651
seg_008652,sample_02983,March of the GPA Mechanics - [t]ghost,FAKE,1,Rock,elevenlabs,val,8652
seg_008653,sample_02983,March of the GPA Mechanics - [t]ghost,FAKE,1,Rock,elevenlabs,val,8653
seg_008654,sample_02983,March of the GPA Mechanics - [t]ghost,FAKE,1,Rock,elevenlabs,val,8654
seg_008655,sample_02984,March of the GPA Mechanics - [t]ghost,FAKE,1,Rock,elevenlabs,val,8655
seg_008656,sample_02984,March of the GPA Mechanics - [t]ghost,FAKE,1,Rock,elevenlabs,val,8656
seg_008657,sample_02984,March of the GPA Mechanics - [t]ghost,FAKE,1,Rock,elevenlabs,val,8657
seg_008658,sample_02985,Mettle - Pipe Choir,FAKE,1,Rock,elevenlabs,train,8658
seg_008659,sample_02985,Mettle - Pipe Choir,FAKE,1,Rock,elevenlabs,train,8659
seg_008660,sample_02985,Mettle - Pipe Choir,FAKE,1,Rock,elevenlabs,train,8660
seg_008661,sample_02986,Mettle - Pipe Choir,FAKE,1,Rock,elevenlabs,train,8661
seg_008662,sample_02986,Mettle - Pipe Choir,FAKE,1,Rock,elevenlabs,train,8662
seg_008663,sample_02986,Mettle - Pipe Choir,FAKE,1,Rock,elevenlabs,train,8663
seg_008664,sample_02987,Millitary Industrial Complex - Punk Rock Opera,FAKE,1,Rock,elevenlabs,train,8664
seg_008665,sample_02987,Millitary Industrial Complex - Punk Rock Opera,FAKE,1,Rock,elevenlabs,train,8665
seg_008666,sample_02987,Millitary Industrial Complex - Punk Rock Opera,FAKE,1,Rock,elevenlabs,train,8666
seg_008667,sample_02988,Millitary Industrial Complex - Punk Rock Opera,FAKE,1,Rock,elevenlabs,train,8667
seg_008668,sample_02988,Millitary Industrial Complex - Punk Rock Opera,FAKE,1,Rock,elevenlabs,train,8668
seg_008669,sample_02988,Millitary Industrial Complex - Punk Rock Opera,FAKE,1,Rock,elevenlabs,train,8669
seg_008670,sample_02989,Monkeystage - Ergo Phizmiz,FAKE,1,Pop,elevenlabs,train,8670
seg_008671,sample_02989,Monkeystage - Ergo Phizmiz,FAKE,1,Pop,elevenlabs,train,8671
seg_008672,sample_02989,Monkeystage - Ergo Phizmiz,FAKE,1,Pop,elevenlabs,train,8672
seg_008673,sample_02990,Monkeystage - Ergo Phizmiz,FAKE,1,Pop,elevenlabs,train,8673
seg_008674,sample_02990,Monkeystage - Ergo Phizmiz,FAKE,1,Pop,elevenlabs,train,8674
seg_008675,sample_02990,Monkeystage - Ergo Phizmiz,FAKE,1,Pop,elevenlabs,train,8675
seg_008676,sample_02991,Motocross Mania - Monroeville Music Center,FAKE,1,Pop,elevenlabs,test,8676
seg_008677,sample_02991,Motocross Mania - Monroeville Music Center,FAKE,1,Pop,elevenlabs,test,8677
seg_008678,sample_02991,Motocross Mania - Monroeville Music Center,FAKE,1,Pop,elevenlabs,test,8678
seg_008679,sample_02992,Motocross Mania - Monroeville Music Center,FAKE,1,Pop,elevenlabs,test,8679
seg_008680,sample_02992,Motocross Mania - Monroeville Music Center,FAKE,1,Pop,elevenlabs,test,8680
seg_008681,sample_02992,Motocross Mania - Monroeville Music Center,FAKE,1,Pop,elevenlabs,test,8681
seg_008682,sample_02993,Mountain Mist - Modey Lemon,FAKE,1,Rock,elevenlabs,train,8682
seg_008683,sample_02993,Mountain Mist - Modey Lemon,FAKE,1,Rock,elevenlabs,train,8683
seg_008684,sample_02993,Mountain Mist - Modey Lemon,FAKE,1,Rock,elevenlabs,train,8684
seg_008685,sample_02994,Mountain Mist - Modey Lemon,FAKE,1,Rock,elevenlabs,train,8685
seg_008686,sample_02994,Mountain Mist - Modey Lemon,FAKE,1,Rock,elevenlabs,train,8686
seg_008687,sample_02994,Mountain Mist - Modey Lemon,FAKE,1,Rock,elevenlabs,train,8687
seg_008688,sample_02995,Music For an Underground Circu - Ergo Phizmiz,FAKE,1,Pop,elevenlabs,test,8688
seg_008689,sample_02995,Music For an Underground Circu - Ergo Phizmiz,FAKE,1,Pop,elevenlabs,test,8689
seg_008690,sample_02995,Music For an Underground Circu - Ergo Phizmiz,FAKE,1,Pop,elevenlabs,test,8690
seg_008691,sample_02996,Music For an Underground Circu - Ergo Phizmiz,FAKE,1,Pop,elevenlabs,test,8691
seg_008692,sample_02996,Music For an Underground Circu - Ergo Phizmiz,FAKE,1,Pop,elevenlabs,test,8692
seg_008693,sample_02996,Music For an Underground Circu - Ergo Phizmiz,FAKE,1,Pop,elevenlabs,test,8693
seg_008694,sample_02997,Nature Is Over / Defined - Bird Names,FAKE,1,Pop,elevenlabs,train,8694
seg_008695,sample_02997,Nature Is Over / Defined - Bird Names,FAKE,1,Pop,elevenlabs,train,8695
seg_008696,sample_02997,Nature Is Over / Defined - Bird Names,FAKE,1,Pop,elevenlabs,train,8696
seg_008697,sample_02998,Nature Is Over / Defined - Bird Names,FAKE,1,Pop,elevenlabs,train,8697
seg_008698,sample_02998,Nature Is Over / Defined - Bird Names,FAKE,1,Pop,elevenlabs,train,8698
seg_008699,sample_02998,Nature Is Over / Defined - Bird Names,FAKE,1,Pop,elevenlabs,train,8699
seg_008700,sample_02999,New Life (take 1) - Bird Names,FAKE,1,Pop,elevenlabs,val,8700
seg_008701,sample_02999,New Life (take 1) - Bird Names,FAKE,1,Pop,elevenlabs,val,8701
seg_008702,sample_02999,New Life (take 1) - Bird Names,FAKE,1,Pop,elevenlabs,val,8702
seg_008703,sample_03000,New Life (take 1) - Bird Names,FAKE,1,Pop,elevenlabs,val,8703
seg_008704,sample_03000,New Life (take 1) - Bird Names,FAKE,1,Pop,elevenlabs,val,8704
seg_008705,sample_03000,New Life (take 1) - Bird Names,FAKE,1,Pop,elevenlabs,val,8705
seg_008706,sample_03001,Night Drive - Decktonic,FAKE,1,Electronic,elevenlabs,val,8706
seg_008707,sample_03001,Night Drive - Decktonic,FAKE,1,Electronic,elevenlabs,val,8707
seg_008708,sample_03001,Night Drive - Decktonic,FAKE,1,Electronic,elevenlabs,val,8708
seg_008709,sample_03002,Night Drive - Decktonic,FAKE,1,Electronic,elevenlabs,val,8709
seg_008710,sample_03002,Night Drive - Decktonic,FAKE,1,Electronic,elevenlabs,val,8710
seg_008711,sample_03002,Night Drive - Decktonic,FAKE,1,Electronic,elevenlabs,val,8711
seg_008712,sample_03003,Night Owl - Broke For Free,FAKE,1,Electronic,elevenlabs,test,8712
seg_008713,sample_03003,Night Owl - Broke For Free,FAKE,1,Electronic,elevenlabs,test,8713
seg_008714,sample_03003,Night Owl - Broke For Free,FAKE,1,Electronic,elevenlabs,test,8714
seg_008715,sample_03004,Night Owl - Broke For Free,FAKE,1,Electronic,elevenlabs,test,8715
seg_008716,sample_03004,Night Owl - Broke For Free,FAKE,1,Electronic,elevenlabs,test,8716
seg_008717,sample_03004,Night Owl - Broke For Free,FAKE,1,Electronic,elevenlabs,test,8717
seg_008718,sample_03005,Noam Chomsky's Corporate Carbohydrate Surprise - Quelle Fromage,FAKE,1,Electronic,elevenlabs,train,8718
seg_008719,sample_03005,Noam Chomsky's Corporate Carbohydrate Surprise - Quelle Fromage,FAKE,1,Electronic,elevenlabs,train,8719
seg_008720,sample_03005,Noam Chomsky's Corporate Carbohydrate Surprise - Quelle Fromage,FAKE,1,Electronic,elevenlabs,train,8720
seg_008721,sample_03006,Noam Chomsky's Corporate Carbohydrate Surprise - Quelle Fromage,FAKE,1,Electronic,elevenlabs,train,8721
seg_008722,sample_03006,Noam Chomsky's Corporate Carbohydrate Surprise - Quelle Fromage,FAKE,1,Electronic,elevenlabs,train,8722
seg_008723,sample_03006,Noam Chomsky's Corporate Carbohydrate Surprise - Quelle Fromage,FAKE,1,Electronic,elevenlabs,train,8723
seg_008724,sample_03007,Norweigian Wood II - Bird Names,FAKE,1,Pop,elevenlabs,val,8724
seg_008725,sample_03007,Norweigian Wood II - Bird Names,FAKE,1,Pop,elevenlabs,val,8725
seg_008726,sample_03007,Norweigian Wood II - Bird Names,FAKE,1,Pop,elevenlabs,val,8726
seg_008727,sample_03008,Norweigian Wood II - Bird Names,FAKE,1,Pop,elevenlabs,val,8727
seg_008728,sample_03008,Norweigian Wood II - Bird Names,FAKE,1,Pop,elevenlabs,val,8728
seg_008729,sample_03008,Norweigian Wood II - Bird Names,FAKE,1,Pop,elevenlabs,val,8729
seg_008730,sample_03009,Nose - DUSTdevils,FAKE,1,Rock,elevenlabs,train,8730
seg_008731,sample_03009,Nose - DUSTdevils,FAKE,1,Rock,elevenlabs,train,8731
seg_008732,sample_03009,Nose - DUSTdevils,FAKE,1,Rock,elevenlabs,train,8732
seg_008733,sample_03010,Nose - DUSTdevils,FAKE,1,Rock,elevenlabs,train,8733
seg_008734,sample_03010,Nose - DUSTdevils,FAKE,1,Rock,elevenlabs,train,8734
seg_008735,sample_03010,Nose - DUSTdevils,FAKE,1,Rock,elevenlabs,train,8735
seg_008736,sample_03011,Nuo Maisemat - Paavoharju,FAKE,1,Electronic,elevenlabs,val,8736
seg_008737,sample_03011,Nuo Maisemat - Paavoharju,FAKE,1,Electronic,elevenlabs,val,8737
seg_008738,sample_03011,Nuo Maisemat - Paavoharju,FAKE,1,Electronic,elevenlabs,val,8738
seg_008739,sample_03012,Nuo Maisemat - Paavoharju,FAKE,1,Electronic,elevenlabs,val,8739
seg_008740,sample_03012,Nuo Maisemat - Paavoharju,FAKE,1,Electronic,elevenlabs,val,8740
seg_008741,sample_03012,Nuo Maisemat - Paavoharju,FAKE,1,Electronic,elevenlabs,val,8741
seg_008742,sample_03013,OOOTHERSIDE - Liquid Paper - Mike B. Fort,FAKE,1,Electronic,elevenlabs,train,8742
seg_008743,sample_03013,OOOTHERSIDE - Liquid Paper - Mike B. Fort,FAKE,1,Electronic,elevenlabs,train,8743
seg_008744,sample_03013,OOOTHERSIDE - Liquid Paper - Mike B. Fort,FAKE,1,Electronic,elevenlabs,train,8744
seg_008745,sample_03014,OOOTHERSIDE - Liquid Paper - Mike B. Fort,FAKE,1,Electronic,elevenlabs,train,8745
seg_008746,sample_03014,OOOTHERSIDE - Liquid Paper - Mike B. Fort,FAKE,1,Electronic,elevenlabs,train,8746
seg_008747,sample_03014,OOOTHERSIDE - Liquid Paper - Mike B. Fort,FAKE,1,Electronic,elevenlabs,train,8747
seg_008748,sample_03015,OOOTHERSIDE - This Time - Mike B. Fort,FAKE,1,Electronic,elevenlabs,train,8748
seg_008749,sample_03015,OOOTHERSIDE - This Time - Mike B. Fort,FAKE,1,Electronic,elevenlabs,train,8749
seg_008750,sample_03015,OOOTHERSIDE - This Time - Mike B. Fort,FAKE,1,Electronic,elevenlabs,train,8750
seg_008751,sample_03016,OOOTHERSIDE - This Time - Mike B. Fort,FAKE,1,Electronic,elevenlabs,train,8751
seg_008752,sample_03016,OOOTHERSIDE - This Time - Mike B. Fort,FAKE,1,Electronic,elevenlabs,train,8752
seg_008753,sample_03016,OOOTHERSIDE - This Time - Mike B. Fort,FAKE,1,Electronic,elevenlabs,train,8753
seg_008754,sample_03017,OST 04 Ship under attack - sawsquarenoise,FAKE,1,Electronic,elevenlabs,train,8754
seg_008755,sample_03017,OST 04 Ship under attack - sawsquarenoise,FAKE,1,Electronic,elevenlabs,train,8755
seg_008756,sample_03017,OST 04 Ship under attack - sawsquarenoise,FAKE,1,Electronic,elevenlabs,train,8756
seg_008757,sample_03018,OST 04 Ship under attack - sawsquarenoise,FAKE,1,Electronic,elevenlabs,train,8757
seg_008758,sample_03018,OST 04 Ship under attack - sawsquarenoise,FAKE,1,Electronic,elevenlabs,train,8758
seg_008759,sample_03018,OST 04 Ship under attack - sawsquarenoise,FAKE,1,Electronic,elevenlabs,train,8759
seg_008760,sample_03019,Ohtli - Seclorance,FAKE,1,Electronic,elevenlabs,train,8760
seg_008761,sample_03019,Ohtli - Seclorance,FAKE,1,Electronic,elevenlabs,train,8761
seg_008762,sample_03019,Ohtli - Seclorance,FAKE,1,Electronic,elevenlabs,train,8762
seg_008763,sample_03020,Ohtli - Seclorance,FAKE,1,Electronic,elevenlabs,train,8763
seg_008764,sample_03020,Ohtli - Seclorance,FAKE,1,Electronic,elevenlabs,train,8764
seg_008765,sample_03020,Ohtli - Seclorance,FAKE,1,Electronic,elevenlabs,train,8765
seg_008766,sample_03021,Okiirobo Navigation System - Henry Homesweet,FAKE,1,Electronic,elevenlabs,train,8766
seg_008767,sample_03021,Okiirobo Navigation System - Henry Homesweet,FAKE,1,Electronic,elevenlabs,train,8767
seg_008768,sample_03021,Okiirobo Navigation System - Henry Homesweet,FAKE,1,Electronic,elevenlabs,train,8768
seg_008769,sample_03022,Okiirobo Navigation System - Henry Homesweet,FAKE,1,Electronic,elevenlabs,train,8769
seg_008770,sample_03022,Okiirobo Navigation System - Henry Homesweet,FAKE,1,Electronic,elevenlabs,train,8770
seg_008771,sample_03022,Okiirobo Navigation System - Henry Homesweet,FAKE,1,Electronic,elevenlabs,train,8771
seg_008772,sample_03023,On My Mind - Ergo Phizmiz,FAKE,1,Pop,elevenlabs,train,8772
seg_008773,sample_03023,On My Mind - Ergo Phizmiz,FAKE,1,Pop,elevenlabs,train,8773
seg_008774,sample_03023,On My Mind - Ergo Phizmiz,FAKE,1,Pop,elevenlabs,train,8774
seg_008775,sample_03024,On My Mind - Ergo Phizmiz,FAKE,1,Pop,elevenlabs,train,8775
seg_008776,sample_03024,On My Mind - Ergo Phizmiz,FAKE,1,Pop,elevenlabs,train,8776
seg_008777,sample_03024,On My Mind - Ergo Phizmiz,FAKE,1,Pop,elevenlabs,train,8777
seg_008778,sample_03025,One Eyed Ghost/This is gonna be a rough show - The Crypts!,FAKE,1,Rock,elevenlabs,train,8778
seg_008779,sample_03025,One Eyed Ghost/This is gonna be a rough show - The Crypts!,FAKE,1,Rock,elevenlabs,train,8779
seg_008780,sample_03025,One Eyed Ghost/This is gonna be a rough show - The Crypts!,FAKE,1,Rock,elevenlabs,train,8780
seg_008781,sample_03026,One Eyed Ghost/This is gonna be a rough show - The Crypts!,FAKE,1,Rock,elevenlabs,train,8781
seg_008782,sample_03026,One Eyed Ghost/This is gonna be a rough show - The Crypts!,FAKE,1,Rock,elevenlabs,train,8782
seg_008783,sample_03026,One Eyed Ghost/This is gonna be a rough show - The Crypts!,FAKE,1,Rock,elevenlabs,train,8783
seg_008784,sample_03027,Only Instrumental - Broke For Free,FAKE,1,Electronic,elevenlabs,train,8784
seg_008785,sample_03027,Only Instrumental - Broke For Free,FAKE,1,Electronic,elevenlabs,train,8785
seg_008786,sample_03027,Only Instrumental - Broke For Free,FAKE,1,Electronic,elevenlabs,train,8786
seg_008787,sample_03028,Only Instrumental - Broke For Free,FAKE,1,Electronic,elevenlabs,train,8787
seg_008788,sample_03028,Only Instrumental - Broke For Free,FAKE,1,Electronic,elevenlabs,train,8788
seg_008789,sample_03028,Only Instrumental - Broke For Free,FAKE,1,Electronic,elevenlabs,train,8789
seg_008790,sample_03029,Paris - Fleslit,FAKE,1,Electronic,elevenlabs,train,8790
seg_008791,sample_03029,Paris - Fleslit,FAKE,1,Electronic,elevenlabs,train,8791
seg_008792,sample_03029,Paris - Fleslit,FAKE,1,Electronic,elevenlabs,train,8792
seg_008793,sample_03030,Paris - Fleslit,FAKE,1,Electronic,elevenlabs,train,8793
seg_008794,sample_03030,Paris - Fleslit,FAKE,1,Electronic,elevenlabs,train,8794
seg_008795,sample_03030,Paris - Fleslit,FAKE,1,Electronic,elevenlabs,train,8795
seg_008796,sample_03031,Pista Afuera - Epstein,FAKE,1,Electronic,elevenlabs,test,8796
seg_008797,sample_03031,Pista Afuera - Epstein,FAKE,1,Electronic,elevenlabs,test,8797
seg_008798,sample_03031,Pista Afuera - Epstein,FAKE,1,Electronic,elevenlabs,test,8798
seg_008799,sample_03032,Pista Afuera - Epstein,FAKE,1,Electronic,elevenlabs,test,8799
seg_008800,sample_03032,Pista Afuera - Epstein,FAKE,1,Electronic,elevenlabs,test,8800
seg_008801,sample_03032,Pista Afuera - Epstein,FAKE,1,Electronic,elevenlabs,test,8801
seg_008802,sample_03033,Ponky McFonky - My brother Daniel,FAKE,1,Electronic,elevenlabs,train,8802
seg_008803,sample_03033,Ponky McFonky - My brother Daniel,FAKE,1,Electronic,elevenlabs,train,8803
seg_008804,sample_03033,Ponky McFonky - My brother Daniel,FAKE,1,Electronic,elevenlabs,train,8804
seg_008805,sample_03034,Ponky McFonky - My brother Daniel,FAKE,1,Electronic,elevenlabs,train,8805
seg_008806,sample_03034,Ponky McFonky - My brother Daniel,FAKE,1,Electronic,elevenlabs,train,8806
seg_008807,sample_03034,Ponky McFonky - My brother Daniel,FAKE,1,Electronic,elevenlabs,train,8807
seg_008808,sample_03035,Realize Me - Jim Rooster,FAKE,1,Electronic,elevenlabs,test,8808
seg_008809,sample_03035,Realize Me - Jim Rooster,FAKE,1,Electronic,elevenlabs,test,8809
seg_008810,sample_03035,Realize Me - Jim Rooster,FAKE,1,Electronic,elevenlabs,test,8810
seg_008811,sample_03036,Realize Me - Jim Rooster,FAKE,1,Electronic,elevenlabs,test,8811
seg_008812,sample_03036,Realize Me - Jim Rooster,FAKE,1,Electronic,elevenlabs,test,8812
seg_008813,sample_03036,Realize Me - Jim Rooster,FAKE,1,Electronic,elevenlabs,test,8813
seg_008814,sample_03037,Resistentialism - Nihilore,FAKE,1,Electronic,elevenlabs,test,8814
seg_008815,sample_03037,Resistentialism - Nihilore,FAKE,1,Electronic,elevenlabs,test,8815
seg_008816,sample_03037,Resistentialism - Nihilore,FAKE,1,Electronic,elevenlabs,test,8816
seg_008817,sample_03038,Resistentialism - Nihilore,FAKE,1,Electronic,elevenlabs,test,8817
seg_008818,sample_03038,Resistentialism - Nihilore,FAKE,1,Electronic,elevenlabs,test,8818
seg_008819,sample_03038,Resistentialism - Nihilore,FAKE,1,Electronic,elevenlabs,test,8819
seg_008820,sample_03039,Roach-Man - Punk Rock Opera,FAKE,1,Rock,elevenlabs,train,8820
seg_008821,sample_03039,Roach-Man - Punk Rock Opera,FAKE,1,Rock,elevenlabs,train,8821
seg_008822,sample_03039,Roach-Man - Punk Rock Opera,FAKE,1,Rock,elevenlabs,train,8822
seg_008823,sample_03040,Roach-Man - Punk Rock Opera,FAKE,1,Rock,elevenlabs,train,8823
seg_008824,sample_03040,Roach-Man - Punk Rock Opera,FAKE,1,Rock,elevenlabs,train,8824
seg_008825,sample_03040,Roach-Man - Punk Rock Opera,FAKE,1,Rock,elevenlabs,train,8825
seg_008826,sample_03041,Robocall - Legally Blind,FAKE,1,Rock,elevenlabs,train,8826
seg_008827,sample_03041,Robocall - Legally Blind,FAKE,1,Rock,elevenlabs,train,8827
seg_008828,sample_03041,Robocall - Legally Blind,FAKE,1,Rock,elevenlabs,train,8828
seg_008829,sample_03042,Robocall - Legally Blind,FAKE,1,Rock,elevenlabs,train,8829
seg_008830,sample_03042,Robocall - Legally Blind,FAKE,1,Rock,elevenlabs,train,8830
seg_008831,sample_03042,Robocall - Legally Blind,FAKE,1,Rock,elevenlabs,train,8831
seg_008832,sample_03043,Robot Heart - Mystery Mammal,FAKE,1,Electronic,elevenlabs,train,8832
seg_008833,sample_03043,Robot Heart - Mystery Mammal,FAKE,1,Electronic,elevenlabs,train,8833
seg_008834,sample_03043,Robot Heart - Mystery Mammal,FAKE,1,Electronic,elevenlabs,train,8834
seg_008835,sample_03044,Robot Heart - Mystery Mammal,FAKE,1,Electronic,elevenlabs,train,8835
seg_008836,sample_03044,Robot Heart - Mystery Mammal,FAKE,1,Electronic,elevenlabs,train,8836
seg_008837,sample_03044,Robot Heart - Mystery Mammal,FAKE,1,Electronic,elevenlabs,train,8837
seg_008838,sample_03045,Roland Garros 2048 - Zoliborz,FAKE,1,Rock,elevenlabs,train,8838
seg_008839,sample_03045,Roland Garros 2048 - Zoliborz,FAKE,1,Rock,elevenlabs,train,8839
seg_008840,sample_03045,Roland Garros 2048 - Zoliborz,FAKE,1,Rock,elevenlabs,train,8840
seg_008841,sample_03046,Roland Garros 2048 - Zoliborz,FAKE,1,Rock,elevenlabs,train,8841
seg_008842,sample_03046,Roland Garros 2048 - Zoliborz,FAKE,1,Rock,elevenlabs,train,8842
seg_008843,sample_03046,Roland Garros 2048 - Zoliborz,FAKE,1,Rock,elevenlabs,train,8843
seg_008844,sample_03047,Roller Star - Monroeville Music Center,FAKE,1,Pop,elevenlabs,val,8844
seg_008845,sample_03047,Roller Star - Monroeville Music Center,FAKE,1,Pop,elevenlabs,val,8845
seg_008846,sample_03047,Roller Star - Monroeville Music Center,FAKE,1,Pop,elevenlabs,val,8846
seg_008847,sample_03048,Roller Star - Monroeville Music Center,FAKE,1,Pop,elevenlabs,val,8847
seg_008848,sample_03048,Roller Star - Monroeville Music Center,FAKE,1,Pop,elevenlabs,val,8848
seg_008849,sample_03048,Roller Star - Monroeville Music Center,FAKE,1,Pop,elevenlabs,val,8849
seg_008850,sample_03049,"Roundtrip - Oh Yeah, the Future",FAKE,1,Pop,elevenlabs,val,8850
seg_008851,sample_03049,"Roundtrip - Oh Yeah, the Future",FAKE,1,Pop,elevenlabs,val,8851
seg_008852,sample_03049,"Roundtrip - Oh Yeah, the Future",FAKE,1,Pop,elevenlabs,val,8852
seg_008853,sample_03050,"Roundtrip - Oh Yeah, the Future",FAKE,1,Pop,elevenlabs,val,8853
seg_008854,sample_03050,"Roundtrip - Oh Yeah, the Future",FAKE,1,Pop,elevenlabs,val,8854
seg_008855,sample_03050,"Roundtrip - Oh Yeah, the Future",FAKE,1,Pop,elevenlabs,val,8855
seg_008856,sample_03051,Running Free - Michett featuring Kalipluche,FAKE,1,Electronic,elevenlabs,train,8856
seg_008857,sample_03051,Running Free - Michett featuring Kalipluche,FAKE,1,Electronic,elevenlabs,train,8857
seg_008858,sample_03051,Running Free - Michett featuring Kalipluche,FAKE,1,Electronic,elevenlabs,train,8858
seg_008859,sample_03052,Running Free - Michett featuring Kalipluche,FAKE,1,Electronic,elevenlabs,train,8859
seg_008860,sample_03052,Running Free - Michett featuring Kalipluche,FAKE,1,Electronic,elevenlabs,train,8860
seg_008861,sample_03052,Running Free - Michett featuring Kalipluche,FAKE,1,Electronic,elevenlabs,train,8861
seg_008862,sample_03053,SD (Ill Mix) - H-LR,FAKE,1,Electronic,elevenlabs,val,8862
seg_008863,sample_03053,SD (Ill Mix) - H-LR,FAKE,1,Electronic,elevenlabs,val,8863
seg_008864,sample_03053,SD (Ill Mix) - H-LR,FAKE,1,Electronic,elevenlabs,val,8864
seg_008865,sample_03054,SD (Ill Mix) - H-LR,FAKE,1,Electronic,elevenlabs,val,8865
seg_008866,sample_03054,SD (Ill Mix) - H-LR,FAKE,1,Electronic,elevenlabs,val,8866
seg_008867,sample_03054,SD (Ill Mix) - H-LR,FAKE,1,Electronic,elevenlabs,val,8867
seg_008868,sample_03055,Scramby Eggs - Andy G. Cohen,FAKE,1,Rock,elevenlabs,val,8868
seg_008869,sample_03055,Scramby Eggs - Andy G. Cohen,FAKE,1,Rock,elevenlabs,val,8869
seg_008870,sample_03055,Scramby Eggs - Andy G. Cohen,FAKE,1,Rock,elevenlabs,val,8870
seg_008871,sample_03056,Scramby Eggs - Andy G. Cohen,FAKE,1,Rock,elevenlabs,val,8871
seg_008872,sample_03056,Scramby Eggs - Andy G. Cohen,FAKE,1,Rock,elevenlabs,val,8872
seg_008873,sample_03056,Scramby Eggs - Andy G. Cohen,FAKE,1,Rock,elevenlabs,val,8873
seg_008874,sample_03057,Sea Monster - The Crypts!,FAKE,1,Rock,elevenlabs,train,8874
seg_008875,sample_03057,Sea Monster - The Crypts!,FAKE,1,Rock,elevenlabs,train,8875
seg_008876,sample_03057,Sea Monster - The Crypts!,FAKE,1,Rock,elevenlabs,train,8876
seg_008877,sample_03058,Sea Monster - The Crypts!,FAKE,1,Rock,elevenlabs,train,8877
seg_008878,sample_03058,Sea Monster - The Crypts!,FAKE,1,Rock,elevenlabs,train,8878
seg_008879,sample_03058,Sea Monster - The Crypts!,FAKE,1,Rock,elevenlabs,train,8879
seg_008880,sample_03059,Seppuku Bot - Decktonic,FAKE,1,Electronic,elevenlabs,train,8880
seg_008881,sample_03059,Seppuku Bot - Decktonic,FAKE,1,Electronic,elevenlabs,train,8881
seg_008882,sample_03059,Seppuku Bot - Decktonic,FAKE,1,Electronic,elevenlabs,train,8882
seg_008883,sample_03060,Seppuku Bot - Decktonic,FAKE,1,Electronic,elevenlabs,train,8883
seg_008884,sample_03060,Seppuku Bot - Decktonic,FAKE,1,Electronic,elevenlabs,train,8884
seg_008885,sample_03060,Seppuku Bot - Decktonic,FAKE,1,Electronic,elevenlabs,train,8885
seg_008886,sample_03061,Sfogare Il Dissenso - Deiezione HC,FAKE,1,Rock,elevenlabs,test,8886
seg_008887,sample_03061,Sfogare Il Dissenso - Deiezione HC,FAKE,1,Rock,elevenlabs,test,8887
seg_008888,sample_03061,Sfogare Il Dissenso - Deiezione HC,FAKE,1,Rock,elevenlabs,test,8888
seg_008889,sample_03062,Sfogare Il Dissenso - Deiezione HC,FAKE,1,Rock,elevenlabs,test,8889
seg_008890,sample_03062,Sfogare Il Dissenso - Deiezione HC,FAKE,1,Rock,elevenlabs,test,8890
seg_008891,sample_03062,Sfogare Il Dissenso - Deiezione HC,FAKE,1,Rock,elevenlabs,test,8891
seg_008892,sample_03063,Shadow Government - Bird Names,FAKE,1,Pop,elevenlabs,train,8892
seg_008893,sample_03063,Shadow Government - Bird Names,FAKE,1,Pop,elevenlabs,train,8893
seg_008894,sample_03063,Shadow Government - Bird Names,FAKE,1,Pop,elevenlabs,train,8894
seg_008895,sample_03064,Shadow Government - Bird Names,FAKE,1,Pop,elevenlabs,train,8895
seg_008896,sample_03064,Shadow Government - Bird Names,FAKE,1,Pop,elevenlabs,train,8896
seg_008897,sample_03064,Shadow Government - Bird Names,FAKE,1,Pop,elevenlabs,train,8897
seg_008898,sample_03065,She Works / Tepid Waters - Bird Names,FAKE,1,Pop,elevenlabs,test,8898
seg_008899,sample_03065,She Works / Tepid Waters - Bird Names,FAKE,1,Pop,elevenlabs,test,8899
seg_008900,sample_03065,She Works / Tepid Waters - Bird Names,FAKE,1,Pop,elevenlabs,test,8900
seg_008901,sample_03066,She Works / Tepid Waters - Bird Names,FAKE,1,Pop,elevenlabs,test,8901
seg_008902,sample_03066,She Works / Tepid Waters - Bird Names,FAKE,1,Pop,elevenlabs,test,8902
seg_008903,sample_03066,She Works / Tepid Waters - Bird Names,FAKE,1,Pop,elevenlabs,test,8903
seg_008904,sample_03067,Snakefirewalking - Los Llamarada,FAKE,1,Rock,elevenlabs,train,8904
seg_008905,sample_03067,Snakefirewalking - Los Llamarada,FAKE,1,Rock,elevenlabs,train,8905
seg_008906,sample_03067,Snakefirewalking - Los Llamarada,FAKE,1,Rock,elevenlabs,train,8906
seg_008907,sample_03068,Snakefirewalking - Los Llamarada,FAKE,1,Rock,elevenlabs,train,8907
seg_008908,sample_03068,Snakefirewalking - Los Llamarada,FAKE,1,Rock,elevenlabs,train,8908
seg_008909,sample_03068,Snakefirewalking - Los Llamarada,FAKE,1,Rock,elevenlabs,train,8909
seg_008910,sample_03069,Soleares&beats - Malaventura,FAKE,1,Pop,elevenlabs,val,8910
seg_008911,sample_03069,Soleares&beats - Malaventura,FAKE,1,Pop,elevenlabs,val,8911
seg_008912,sample_03069,Soleares&beats - Malaventura,FAKE,1,Pop,elevenlabs,val,8912
seg_008913,sample_03070,Soleares&beats - Malaventura,FAKE,1,Pop,elevenlabs,val,8913
seg_008914,sample_03070,Soleares&beats - Malaventura,FAKE,1,Pop,elevenlabs,val,8914
seg_008915,sample_03070,Soleares&beats - Malaventura,FAKE,1,Pop,elevenlabs,val,8915
seg_008916,sample_03071,Something Dirty - Ergo Phizmiz,FAKE,1,Pop,elevenlabs,test,8916
seg_008917,sample_03071,Something Dirty - Ergo Phizmiz,FAKE,1,Pop,elevenlabs,test,8917
seg_008918,sample_03071,Something Dirty - Ergo Phizmiz,FAKE,1,Pop,elevenlabs,test,8918
seg_008919,sample_03072,Something Dirty - Ergo Phizmiz,FAKE,1,Pop,elevenlabs,test,8919
seg_008920,sample_03072,Something Dirty - Ergo Phizmiz,FAKE,1,Pop,elevenlabs,test,8920
seg_008921,sample_03072,Something Dirty - Ergo Phizmiz,FAKE,1,Pop,elevenlabs,test,8921
seg_008922,sample_03073,Soul of the Demon - Zombie Raiders,FAKE,1,Rock,elevenlabs,train,8922
seg_008923,sample_03073,Soul of the Demon - Zombie Raiders,FAKE,1,Rock,elevenlabs,train,8923
seg_008924,sample_03073,Soul of the Demon - Zombie Raiders,FAKE,1,Rock,elevenlabs,train,8924
seg_008925,sample_03074,Soul of the Demon - Zombie Raiders,FAKE,1,Rock,elevenlabs,train,8925
seg_008926,sample_03074,Soul of the Demon - Zombie Raiders,FAKE,1,Rock,elevenlabs,train,8926
seg_008927,sample_03074,Soul of the Demon - Zombie Raiders,FAKE,1,Rock,elevenlabs,train,8927
seg_008928,sample_03075,Spanish BEEEYYAAACHHH - Malaventura,FAKE,1,Pop,elevenlabs,train,8928
seg_008929,sample_03075,Spanish BEEEYYAAACHHH - Malaventura,FAKE,1,Pop,elevenlabs,train,8929
seg_008930,sample_03075,Spanish BEEEYYAAACHHH - Malaventura,FAKE,1,Pop,elevenlabs,train,8930
seg_008931,sample_03076,Spanish BEEEYYAAACHHH - Malaventura,FAKE,1,Pop,elevenlabs,train,8931
seg_008932,sample_03076,Spanish BEEEYYAAACHHH - Malaventura,FAKE,1,Pop,elevenlabs,train,8932
seg_008933,sample_03076,Spanish BEEEYYAAACHHH - Malaventura,FAKE,1,Pop,elevenlabs,train,8933
seg_008934,sample_03077,Stockholm Syndrome / People Should Be More Aware - Bird Names,FAKE,1,Pop,elevenlabs,val,8934
seg_008935,sample_03077,Stockholm Syndrome / People Should Be More Aware - Bird Names,FAKE,1,Pop,elevenlabs,val,8935
seg_008936,sample_03077,Stockholm Syndrome / People Should Be More Aware - Bird Names,FAKE,1,Pop,elevenlabs,val,8936
seg_008937,sample_03078,Stockholm Syndrome / People Should Be More Aware - Bird Names,FAKE,1,Pop,elevenlabs,val,8937
seg_008938,sample_03078,Stockholm Syndrome / People Should Be More Aware - Bird Names,FAKE,1,Pop,elevenlabs,val,8938
seg_008939,sample_03078,Stockholm Syndrome / People Should Be More Aware - Bird Names,FAKE,1,Pop,elevenlabs,val,8939
seg_008940,sample_03079,Stranger - Frigg A Go Go (F.A.G.G.),FAKE,1,Rock,elevenlabs,train,8940
seg_008941,sample_03079,Stranger - Frigg A Go Go (F.A.G.G.),FAKE,1,Rock,elevenlabs,train,8941
seg_008942,sample_03079,Stranger - Frigg A Go Go (F.A.G.G.),FAKE,1,Rock,elevenlabs,train,8942
seg_008943,sample_03080,Stranger - Frigg A Go Go (F.A.G.G.),FAKE,1,Rock,elevenlabs,train,8943
seg_008944,sample_03080,Stranger - Frigg A Go Go (F.A.G.G.),FAKE,1,Rock,elevenlabs,train,8944
seg_008945,sample_03080,Stranger - Frigg A Go Go (F.A.G.G.),FAKE,1,Rock,elevenlabs,train,8945
seg_008946,sample_03081,Straw Fields - Rolemusic,FAKE,1,Electronic,elevenlabs,train,8946
seg_008947,sample_03081,Straw Fields - Rolemusic,FAKE,1,Electronic,elevenlabs,train,8947
seg_008948,sample_03081,Straw Fields - Rolemusic,FAKE,1,Electronic,elevenlabs,train,8948
seg_008949,sample_03082,Straw Fields - Rolemusic,FAKE,1,Electronic,elevenlabs,train,8949
seg_008950,sample_03082,Straw Fields - Rolemusic,FAKE,1,Electronic,elevenlabs,train,8950
seg_008951,sample_03082,Straw Fields - Rolemusic,FAKE,1,Electronic,elevenlabs,train,8951
seg_008952,sample_03083,Stuttgart - Portrayal,FAKE,1,Rock,elevenlabs,test,8952
seg_008953,sample_03083,Stuttgart - Portrayal,FAKE,1,Rock,elevenlabs,test,8953
seg_008954,sample_03083,Stuttgart - Portrayal,FAKE,1,Rock,elevenlabs,test,8954
seg_008955,sample_03084,Stuttgart - Portrayal,FAKE,1,Rock,elevenlabs,test,8955
seg_008956,sample_03084,Stuttgart - Portrayal,FAKE,1,Rock,elevenlabs,test,8956
seg_008957,sample_03084,Stuttgart - Portrayal,FAKE,1,Rock,elevenlabs,test,8957
seg_008958,sample_03085,Take Your Fingers - Michael Fakesch,FAKE,1,Electronic,elevenlabs,train,8958
seg_008959,sample_03085,Take Your Fingers - Michael Fakesch,FAKE,1,Electronic,elevenlabs,train,8959
seg_008960,sample_03085,Take Your Fingers - Michael Fakesch,FAKE,1,Electronic,elevenlabs,train,8960
seg_008961,sample_03086,Take Your Fingers - Michael Fakesch,FAKE,1,Electronic,elevenlabs,train,8961
seg_008962,sample_03086,Take Your Fingers - Michael Fakesch,FAKE,1,Electronic,elevenlabs,train,8962
seg_008963,sample_03086,Take Your Fingers - Michael Fakesch,FAKE,1,Electronic,elevenlabs,train,8963
seg_008964,sample_03087,Tapes - Gumbel,FAKE,1,Electronic,elevenlabs,train,8964
seg_008965,sample_03087,Tapes - Gumbel,FAKE,1,Electronic,elevenlabs,train,8965
seg_008966,sample_03087,Tapes - Gumbel,FAKE,1,Electronic,elevenlabs,train,8966
seg_008967,sample_03088,Tapes - Gumbel,FAKE,1,Electronic,elevenlabs,train,8967
seg_008968,sample_03088,Tapes - Gumbel,FAKE,1,Electronic,elevenlabs,train,8968
seg_008969,sample_03088,Tapes - Gumbel,FAKE,1,Electronic,elevenlabs,train,8969
seg_008970,sample_03089,Terve Teille - Чокнутый Пропеллер,FAKE,1,Rock,elevenlabs,test,8970
seg_008971,sample_03089,Terve Teille - Чокнутый Пропеллер,FAKE,1,Rock,elevenlabs,test,8971
seg_008972,sample_03089,Terve Teille - Чокнутый Пропеллер,FAKE,1,Rock,elevenlabs,test,8972
seg_008973,sample_03090,Terve Teille - Чокнутый Пропеллер,FAKE,1,Rock,elevenlabs,test,8973
seg_008974,sample_03090,Terve Teille - Чокнутый Пропеллер,FAKE,1,Rock,elevenlabs,test,8974
seg_008975,sample_03090,Terve Teille - Чокнутый Пропеллер,FAKE,1,Rock,elevenlabs,test,8975
seg_008976,sample_03091,The Big House - Jason Shaw,FAKE,1,Electronic,elevenlabs,train,8976
seg_008977,sample_03091,The Big House - Jason Shaw,FAKE,1,Electronic,elevenlabs,train,8977
seg_008978,sample_03091,The Big House - Jason Shaw,FAKE,1,Electronic,elevenlabs,train,8978
seg_008979,sample_03092,The Big House - Jason Shaw,FAKE,1,Electronic,elevenlabs,train,8979
seg_008980,sample_03092,The Big House - Jason Shaw,FAKE,1,Electronic,elevenlabs,train,8980
seg_008981,sample_03092,The Big House - Jason Shaw,FAKE,1,Electronic,elevenlabs,train,8981
seg_008982,sample_03093,The Cave of Time - Monroeville Music Center,FAKE,1,Pop,elevenlabs,train,8982
seg_008983,sample_03093,The Cave of Time - Monroeville Music Center,FAKE,1,Pop,elevenlabs,train,8983
seg_008984,sample_03093,The Cave of Time - Monroeville Music Center,FAKE,1,Pop,elevenlabs,train,8984
seg_008985,sample_03094,The Cave of Time - Monroeville Music Center,FAKE,1,Pop,elevenlabs,train,8985
seg_008986,sample_03094,The Cave of Time - Monroeville Music Center,FAKE,1,Pop,elevenlabs,train,8986
seg_008987,sample_03094,The Cave of Time - Monroeville Music Center,FAKE,1,Pop,elevenlabs,train,8987
seg_008988,sample_03095,The Coldest Winter - Caleb Lemond,FAKE,1,Pop,elevenlabs,train,8988
seg_008989,sample_03095,The Coldest Winter - Caleb Lemond,FAKE,1,Pop,elevenlabs,train,8989
seg_008990,sample_03095,The Coldest Winter - Caleb Lemond,FAKE,1,Pop,elevenlabs,train,8990
seg_008991,sample_03096,The Coldest Winter - Caleb Lemond,FAKE,1,Pop,elevenlabs,train,8991
seg_008992,sample_03096,The Coldest Winter - Caleb Lemond,FAKE,1,Pop,elevenlabs,train,8992
seg_008993,sample_03096,The Coldest Winter - Caleb Lemond,FAKE,1,Pop,elevenlabs,train,8993
seg_008994,sample_03097,The Contract - The IMG,FAKE,1,Rock,elevenlabs,train,8994
seg_008995,sample_03097,The Contract - The IMG,FAKE,1,Rock,elevenlabs,train,8995
seg_008996,sample_03097,The Contract - The IMG,FAKE,1,Rock,elevenlabs,train,8996
seg_008997,sample_03098,The Contract - The IMG,FAKE,1,Rock,elevenlabs,train,8997
seg_008998,sample_03098,The Contract - The IMG,FAKE,1,Rock,elevenlabs,train,8998
seg_008999,sample_03098,The Contract - The IMG,FAKE,1,Rock,elevenlabs,train,8999
seg_009000,sample_03099,The Courtyard - Uncle Bibby,FAKE,1,Electronic,elevenlabs,train,9000
seg_009001,sample_03099,The Courtyard - Uncle Bibby,FAKE,1,Electronic,elevenlabs,train,9001
seg_009002,sample_03099,The Courtyard - Uncle Bibby,FAKE,1,Electronic,elevenlabs,train,9002
seg_009003,sample_03100,The Courtyard - Uncle Bibby,FAKE,1,Electronic,elevenlabs,train,9003
seg_009004,sample_03100,The Courtyard - Uncle Bibby,FAKE,1,Electronic,elevenlabs,train,9004
seg_009005,sample_03100,The Courtyard - Uncle Bibby,FAKE,1,Electronic,elevenlabs,train,9005
seg_009006,sample_03101,The Dream and the Dreamer - Caleb Lemond,FAKE,1,Pop,elevenlabs,train,9006
seg_009007,sample_03101,The Dream and the Dreamer - Caleb Lemond,FAKE,1,Pop,elevenlabs,train,9007
seg_009008,sample_03101,The Dream and the Dreamer - Caleb Lemond,FAKE,1,Pop,elevenlabs,train,9008
seg_009009,sample_03102,The Dream and the Dreamer - Caleb Lemond,FAKE,1,Pop,elevenlabs,train,9009
seg_009010,sample_03102,The Dream and the Dreamer - Caleb Lemond,FAKE,1,Pop,elevenlabs,train,9010
seg_009011,sample_03102,The Dream and the Dreamer - Caleb Lemond,FAKE,1,Pop,elevenlabs,train,9011
seg_009012,sample_03103,The Front Yard - HarleyLikesMusic,FAKE,1,Electronic,elevenlabs,train,9012
seg_009013,sample_03103,The Front Yard - HarleyLikesMusic,FAKE,1,Electronic,elevenlabs,train,9013
seg_009014,sample_03103,The Front Yard - HarleyLikesMusic,FAKE,1,Electronic,elevenlabs,train,9014
seg_009015,sample_03104,The Front Yard - HarleyLikesMusic,FAKE,1,Electronic,elevenlabs,train,9015
seg_009016,sample_03104,The Front Yard - HarleyLikesMusic,FAKE,1,Electronic,elevenlabs,train,9016
seg_009017,sample_03104,The Front Yard - HarleyLikesMusic,FAKE,1,Electronic,elevenlabs,train,9017
seg_009018,sample_03105,The Race Forever - Monroeville Music Center,FAKE,1,Pop,elevenlabs,train,9018
seg_009019,sample_03105,The Race Forever - Monroeville Music Center,FAKE,1,Pop,elevenlabs,train,9019
seg_009020,sample_03105,The Race Forever - Monroeville Music Center,FAKE,1,Pop,elevenlabs,train,9020
seg_009021,sample_03106,The Race Forever - Monroeville Music Center,FAKE,1,Pop,elevenlabs,train,9021
seg_009022,sample_03106,The Race Forever - Monroeville Music Center,FAKE,1,Pop,elevenlabs,train,9022
seg_009023,sample_03106,The Race Forever - Monroeville Music Center,FAKE,1,Pop,elevenlabs,train,9023
seg_009024,sample_03107,The Reality Machine - Monroeville Music Center,FAKE,1,Pop,elevenlabs,train,9024
seg_009025,sample_03107,The Reality Machine - Monroeville Music Center,FAKE,1,Pop,elevenlabs,train,9025
seg_009026,sample_03107,The Reality Machine - Monroeville Music Center,FAKE,1,Pop,elevenlabs,train,9026
seg_009027,sample_03108,The Reality Machine - Monroeville Music Center,FAKE,1,Pop,elevenlabs,train,9027
seg_009028,sample_03108,The Reality Machine - Monroeville Music Center,FAKE,1,Pop,elevenlabs,train,9028
seg_009029,sample_03108,The Reality Machine - Monroeville Music Center,FAKE,1,Pop,elevenlabs,train,9029
seg_009030,sample_03109,The girl just faded - Los Llamarada,FAKE,1,Rock,elevenlabs,val,9030
seg_009031,sample_03109,The girl just faded - Los Llamarada,FAKE,1,Rock,elevenlabs,val,9031
seg_009032,sample_03109,The girl just faded - Los Llamarada,FAKE,1,Rock,elevenlabs,val,9032
seg_009033,sample_03110,The girl just faded - Los Llamarada,FAKE,1,Rock,elevenlabs,val,9033
seg_009034,sample_03110,The girl just faded - Los Llamarada,FAKE,1,Rock,elevenlabs,val,9034
seg_009035,sample_03110,The girl just faded - Los Llamarada,FAKE,1,Rock,elevenlabs,val,9035
seg_009036,sample_03111,The plot - Malaventura,FAKE,1,Pop,elevenlabs,train,9036
seg_009037,sample_03111,The plot - Malaventura,FAKE,1,Pop,elevenlabs,train,9037
seg_009038,sample_03111,The plot - Malaventura,FAKE,1,Pop,elevenlabs,train,9038
seg_009039,sample_03112,The plot - Malaventura,FAKE,1,Pop,elevenlabs,train,9039
seg_009040,sample_03112,The plot - Malaventura,FAKE,1,Pop,elevenlabs,train,9040
seg_009041,sample_03112,The plot - Malaventura,FAKE,1,Pop,elevenlabs,train,9041
seg_009042,sample_03113,Time Is Love - Silence is full of birds,FAKE,1,Pop,elevenlabs,val,9042
seg_009043,sample_03113,Time Is Love - Silence is full of birds,FAKE,1,Pop,elevenlabs,val,9043
seg_009044,sample_03113,Time Is Love - Silence is full of birds,FAKE,1,Pop,elevenlabs,val,9044
seg_009045,sample_03114,Time Is Love - Silence is full of birds,FAKE,1,Pop,elevenlabs,val,9045
seg_009046,sample_03114,Time Is Love - Silence is full of birds,FAKE,1,Pop,elevenlabs,val,9046
seg_009047,sample_03114,Time Is Love - Silence is full of birds,FAKE,1,Pop,elevenlabs,val,9047
seg_009048,sample_03115,Track 04 - Lightning Bolt,FAKE,1,Rock,elevenlabs,train,9048
seg_009049,sample_03115,Track 04 - Lightning Bolt,FAKE,1,Rock,elevenlabs,train,9049
seg_009050,sample_03115,Track 04 - Lightning Bolt,FAKE,1,Rock,elevenlabs,train,9050
seg_009051,sample_03116,Track 04 - Lightning Bolt,FAKE,1,Rock,elevenlabs,train,9051
seg_009052,sample_03116,Track 04 - Lightning Bolt,FAKE,1,Rock,elevenlabs,train,9052
seg_009053,sample_03116,Track 04 - Lightning Bolt,FAKE,1,Rock,elevenlabs,train,9053
seg_009054,sample_03117,Transmit - Lamprey,FAKE,1,Rock,elevenlabs,train,9054
seg_009055,sample_03117,Transmit - Lamprey,FAKE,1,Rock,elevenlabs,train,9055
seg_009056,sample_03117,Transmit - Lamprey,FAKE,1,Rock,elevenlabs,train,9056
seg_009057,sample_03118,Transmit - Lamprey,FAKE,1,Rock,elevenlabs,train,9057
seg_009058,sample_03118,Transmit - Lamprey,FAKE,1,Rock,elevenlabs,train,9058
seg_009059,sample_03118,Transmit - Lamprey,FAKE,1,Rock,elevenlabs,train,9059
seg_009060,sample_03119,Troubles I've seen - Malaventura,FAKE,1,Pop,elevenlabs,test,9060
seg_009061,sample_03119,Troubles I've seen - Malaventura,FAKE,1,Pop,elevenlabs,test,9061
seg_009062,sample_03119,Troubles I've seen - Malaventura,FAKE,1,Pop,elevenlabs,test,9062
seg_009063,sample_03120,Troubles I've seen - Malaventura,FAKE,1,Pop,elevenlabs,test,9063
seg_009064,sample_03120,Troubles I've seen - Malaventura,FAKE,1,Pop,elevenlabs,test,9064
seg_009065,sample_03120,Troubles I've seen - Malaventura,FAKE,1,Pop,elevenlabs,test,9065
seg_009066,sample_03121,Ugh! Humans Can Join - Mystery Mammal,FAKE,1,Electronic,elevenlabs,test,9066
seg_009067,sample_03121,Ugh! Humans Can Join - Mystery Mammal,FAKE,1,Electronic,elevenlabs,test,9067
seg_009068,sample_03121,Ugh! Humans Can Join - Mystery Mammal,FAKE,1,Electronic,elevenlabs,test,9068
seg_009069,sample_03122,Ugh! Humans Can Join - Mystery Mammal,FAKE,1,Electronic,elevenlabs,test,9069
seg_009070,sample_03122,Ugh! Humans Can Join - Mystery Mammal,FAKE,1,Electronic,elevenlabs,test,9070
seg_009071,sample_03122,Ugh! Humans Can Join - Mystery Mammal,FAKE,1,Electronic,elevenlabs,test,9071
seg_009072,sample_03123,Vanishing Horizon - Jason Shaw,FAKE,1,Electronic,elevenlabs,train,9072
seg_009073,sample_03123,Vanishing Horizon - Jason Shaw,FAKE,1,Electronic,elevenlabs,train,9073
seg_009074,sample_03123,Vanishing Horizon - Jason Shaw,FAKE,1,Electronic,elevenlabs,train,9074
seg_009075,sample_03124,Vanishing Horizon - Jason Shaw,FAKE,1,Electronic,elevenlabs,train,9075
seg_009076,sample_03124,Vanishing Horizon - Jason Shaw,FAKE,1,Electronic,elevenlabs,train,9076
seg_009077,sample_03124,Vanishing Horizon - Jason Shaw,FAKE,1,Electronic,elevenlabs,train,9077
seg_009078,sample_03125,Voxel - Andy G. Cohen,FAKE,1,Rock,elevenlabs,val,9078
seg_009079,sample_03125,Voxel - Andy G. Cohen,FAKE,1,Rock,elevenlabs,val,9079
seg_009080,sample_03125,Voxel - Andy G. Cohen,FAKE,1,Rock,elevenlabs,val,9080
seg_009081,sample_03126,Voxel - Andy G. Cohen,FAKE,1,Rock,elevenlabs,val,9081
seg_009082,sample_03126,Voxel - Andy G. Cohen,FAKE,1,Rock,elevenlabs,val,9082
seg_009083,sample_03126,Voxel - Andy G. Cohen,FAKE,1,Rock,elevenlabs,val,9083
seg_009084,sample_03127,We Are Canucks - David Blair,FAKE,1,Pop,elevenlabs,train,9084
seg_009085,sample_03127,We Are Canucks - David Blair,FAKE,1,Pop,elevenlabs,train,9085
seg_009086,sample_03127,We Are Canucks - David Blair,FAKE,1,Pop,elevenlabs,train,9086
seg_009087,sample_03128,We Are Canucks - David Blair,FAKE,1,Pop,elevenlabs,train,9087
seg_009088,sample_03128,We Are Canucks - David Blair,FAKE,1,Pop,elevenlabs,train,9088
seg_009089,sample_03128,We Are Canucks - David Blair,FAKE,1,Pop,elevenlabs,train,9089
seg_009090,sample_03129,We Move in Waves - Modey Lemon,FAKE,1,Rock,elevenlabs,train,9090
seg_009091,sample_03129,We Move in Waves - Modey Lemon,FAKE,1,Rock,elevenlabs,train,9091
seg_009092,sample_03129,We Move in Waves - Modey Lemon,FAKE,1,Rock,elevenlabs,train,9092
seg_009093,sample_03130,We Move in Waves - Modey Lemon,FAKE,1,Rock,elevenlabs,train,9093
seg_009094,sample_03130,We Move in Waves - Modey Lemon,FAKE,1,Rock,elevenlabs,train,9094
seg_009095,sample_03130,We Move in Waves - Modey Lemon,FAKE,1,Rock,elevenlabs,train,9095
seg_009096,sample_03131,When I Was Taller - Dan Deacon,FAKE,1,Electronic,elevenlabs,train,9096
seg_009097,sample_03131,When I Was Taller - Dan Deacon,FAKE,1,Electronic,elevenlabs,train,9097
seg_009098,sample_03131,When I Was Taller - Dan Deacon,FAKE,1,Electronic,elevenlabs,train,9098
seg_009099,sample_03132,When I Was Taller - Dan Deacon,FAKE,1,Electronic,elevenlabs,train,9099
seg_009100,sample_03132,When I Was Taller - Dan Deacon,FAKE,1,Electronic,elevenlabs,train,9100
seg_009101,sample_03132,When I Was Taller - Dan Deacon,FAKE,1,Electronic,elevenlabs,train,9101
seg_009102,sample_03133,Where Is Everything - The Moi Non Plus,FAKE,1,Rock,elevenlabs,test,9102
seg_009103,sample_03133,Where Is Everything - The Moi Non Plus,FAKE,1,Rock,elevenlabs,test,9103
seg_009104,sample_03133,Where Is Everything - The Moi Non Plus,FAKE,1,Rock,elevenlabs,test,9104
seg_009105,sample_03134,Where Is Everything - The Moi Non Plus,FAKE,1,Rock,elevenlabs,test,9105
seg_009106,sample_03134,Where Is Everything - The Moi Non Plus,FAKE,1,Rock,elevenlabs,test,9106
seg_009107,sample_03134,Where Is Everything - The Moi Non Plus,FAKE,1,Rock,elevenlabs,test,9107
seg_009108,sample_03135,Who Loves You Dear - Mink Lungs,FAKE,1,Rock,elevenlabs,test,9108
seg_009109,sample_03135,Who Loves You Dear - Mink Lungs,FAKE,1,Rock,elevenlabs,test,9109
seg_009110,sample_03135,Who Loves You Dear - Mink Lungs,FAKE,1,Rock,elevenlabs,test,9110
seg_009111,sample_03136,Who Loves You Dear - Mink Lungs,FAKE,1,Rock,elevenlabs,test,9111
seg_009112,sample_03136,Who Loves You Dear - Mink Lungs,FAKE,1,Rock,elevenlabs,test,9112
seg_009113,sample_03136,Who Loves You Dear - Mink Lungs,FAKE,1,Rock,elevenlabs,test,9113
seg_009114,sample_03137,Windows of the Skull - Sarin,FAKE,1,Rock,elevenlabs,val,9114
seg_009115,sample_03137,Windows of the Skull - Sarin,FAKE,1,Rock,elevenlabs,val,9115
seg_009116,sample_03137,Windows of the Skull - Sarin,FAKE,1,Rock,elevenlabs,val,9116
seg_009117,sample_03138,Windows of the Skull - Sarin,FAKE,1,Rock,elevenlabs,val,9117
seg_009118,sample_03138,Windows of the Skull - Sarin,FAKE,1,Rock,elevenlabs,val,9118
seg_009119,sample_03138,Windows of the Skull - Sarin,FAKE,1,Rock,elevenlabs,val,9119
seg_009120,sample_03139,Wir Werden Gott - Japanische Kampfhorspiele,FAKE,1,Rock,elevenlabs,train,9120
seg_009121,sample_03139,Wir Werden Gott - Japanische Kampfhorspiele,FAKE,1,Rock,elevenlabs,train,9121
seg_009122,sample_03139,Wir Werden Gott - Japanische Kampfhorspiele,FAKE,1,Rock,elevenlabs,train,9122
seg_009123,sample_03140,Wir Werden Gott - Japanische Kampfhorspiele,FAKE,1,Rock,elevenlabs,train,9123
seg_009124,sample_03140,Wir Werden Gott - Japanische Kampfhorspiele,FAKE,1,Rock,elevenlabs,train,9124
seg_009125,sample_03140,Wir Werden Gott - Japanische Kampfhorspiele,FAKE,1,Rock,elevenlabs,train,9125
seg_009126,sample_03141,Ynkelig - Die Morgendammerung Des Valhalla,FAKE,1,Rock,elevenlabs,train,9126
seg_009127,sample_03141,Ynkelig - Die Morgendammerung Des Valhalla,FAKE,1,Rock,elevenlabs,train,9127
seg_009128,sample_03141,Ynkelig - Die Morgendammerung Des Valhalla,FAKE,1,Rock,elevenlabs,train,9128
seg_009129,sample_03142,Ynkelig - Die Morgendammerung Des Valhalla,FAKE,1,Rock,elevenlabs,train,9129
seg_009130,sample_03142,Ynkelig - Die Morgendammerung Des Valhalla,FAKE,1,Rock,elevenlabs,train,9130
seg_009131,sample_03142,Ynkelig - Die Morgendammerung Des Valhalla,FAKE,1,Rock,elevenlabs,train,9131
seg_009132,sample_03143,Yoko live at FoEG - Emma Acs,FAKE,1,Pop,elevenlabs,train,9132
seg_009133,sample_03143,Yoko live at FoEG - Emma Acs,FAKE,1,Pop,elevenlabs,train,9133
seg_009134,sample_03143,Yoko live at FoEG - Emma Acs,FAKE,1,Pop,elevenlabs,train,9134
seg_009135,sample_03144,Yoko live at FoEG - Emma Acs,FAKE,1,Pop,elevenlabs,train,9135
seg_009136,sample_03144,Yoko live at FoEG - Emma Acs,FAKE,1,Pop,elevenlabs,train,9136
seg_009137,sample_03144,Yoko live at FoEG - Emma Acs,FAKE,1,Pop,elevenlabs,train,9137
seg_009138,sample_03145,You Are A Monster - Monroeville Music Center,FAKE,1,Pop,elevenlabs,train,9138
seg_009139,sample_03145,You Are A Monster - Monroeville Music Center,FAKE,1,Pop,elevenlabs,train,9139
seg_009140,sample_03145,You Are A Monster - Monroeville Music Center,FAKE,1,Pop,elevenlabs,train,9140
seg_009141,sample_03146,You Are A Monster - Monroeville Music Center,FAKE,1,Pop,elevenlabs,train,9141
seg_009142,sample_03146,You Are A Monster - Monroeville Music Center,FAKE,1,Pop,elevenlabs,train,9142
seg_009143,sample_03146,You Are A Monster - Monroeville Music Center,FAKE,1,Pop,elevenlabs,train,9143
seg_009144,sample_03147,danse macabre - Katapulto,FAKE,1,Pop,elevenlabs,train,9144
seg_009145,sample_03147,danse macabre - Katapulto,FAKE,1,Pop,elevenlabs,train,9145
seg_009146,sample_03147,danse macabre - Katapulto,FAKE,1,Pop,elevenlabs,train,9146
seg_009147,sample_03148,danse macabre - Katapulto,FAKE,1,Pop,elevenlabs,train,9147
seg_009148,sample_03148,danse macabre - Katapulto,FAKE,1,Pop,elevenlabs,train,9148
seg_009149,sample_03148,danse macabre - Katapulto,FAKE,1,Pop,elevenlabs,train,9149
seg_009150,sample_03149,gospellioza - Katapulto,FAKE,1,Pop,elevenlabs,train,9150
seg_009151,sample_03149,gospellioza - Katapulto,FAKE,1,Pop,elevenlabs,train,9151
seg_009152,sample_03149,gospellioza - Katapulto,FAKE,1,Pop,elevenlabs,train,9152
seg_009153,sample_03150,gospellioza - Katapulto,FAKE,1,Pop,elevenlabs,train,9153
seg_009154,sample_03150,gospellioza - Katapulto,FAKE,1,Pop,elevenlabs,train,9154
seg_009155,sample_03150,gospellioza - Katapulto,FAKE,1,Pop,elevenlabs,train,9155
seg_009156,sample_03151,kolorowe wody - Katapulto,FAKE,1,Pop,elevenlabs,train,9156
seg_009157,sample_03151,kolorowe wody - Katapulto,FAKE,1,Pop,elevenlabs,train,9157
seg_009158,sample_03151,kolorowe wody - Katapulto,FAKE,1,Pop,elevenlabs,train,9158
seg_009159,sample_03152,kolorowe wody - Katapulto,FAKE,1,Pop,elevenlabs,train,9159
seg_009160,sample_03152,kolorowe wody - Katapulto,FAKE,1,Pop,elevenlabs,train,9160
seg_009161,sample_03152,kolorowe wody - Katapulto,FAKE,1,Pop,elevenlabs,train,9161
seg_009162,sample_03153,mc trabalenguas - Volumina,FAKE,1,Pop,elevenlabs,train,9162
seg_009163,sample_03153,mc trabalenguas - Volumina,FAKE,1,Pop,elevenlabs,train,9163
seg_009164,sample_03153,mc trabalenguas - Volumina,FAKE,1,Pop,elevenlabs,train,9164
seg_009165,sample_03154,mc trabalenguas - Volumina,FAKE,1,Pop,elevenlabs,train,9165
seg_009166,sample_03154,mc trabalenguas - Volumina,FAKE,1,Pop,elevenlabs,train,9166
seg_009167,sample_03154,mc trabalenguas - Volumina,FAKE,1,Pop,elevenlabs,train,9167
seg_009168,sample_03155,mystery team 2090 - Jesse Futerman,FAKE,1,Electronic,elevenlabs,val,9168
seg_009169,sample_03155,mystery team 2090 - Jesse Futerman,FAKE,1,Electronic,elevenlabs,val,9169
seg_009170,sample_03155,mystery team 2090 - Jesse Futerman,FAKE,1,Electronic,elevenlabs,val,9170
seg_009171,sample_03156,mystery team 2090 - Jesse Futerman,FAKE,1,Electronic,elevenlabs,val,9171
seg_009172,sample_03156,mystery team 2090 - Jesse Futerman,FAKE,1,Electronic,elevenlabs,val,9172
seg_009173,sample_03156,mystery team 2090 - Jesse Futerman,FAKE,1,Electronic,elevenlabs,val,9173
seg_009174,sample_03157,philcollins takes your hand - Katapulto,FAKE,1,Pop,elevenlabs,train,9174
seg_009175,sample_03157,philcollins takes your hand - Katapulto,FAKE,1,Pop,elevenlabs,train,9175
seg_009176,sample_03157,philcollins takes your hand - Katapulto,FAKE,1,Pop,elevenlabs,train,9176
seg_009177,sample_03158,philcollins takes your hand - Katapulto,FAKE,1,Pop,elevenlabs,train,9177
seg_009178,sample_03158,philcollins takes your hand - Katapulto,FAKE,1,Pop,elevenlabs,train,9178
seg_009179,sample_03158,philcollins takes your hand - Katapulto,FAKE,1,Pop,elevenlabs,train,9179
seg_009180,sample_03159,purity & danger - Katapulto,FAKE,1,Pop,elevenlabs,train,9180
seg_009181,sample_03159,purity & danger - Katapulto,FAKE,1,Pop,elevenlabs,train,9181
seg_009182,sample_03159,purity & danger - Katapulto,FAKE,1,Pop,elevenlabs,train,9182
seg_009183,sample_03160,purity & danger - Katapulto,FAKE,1,Pop,elevenlabs,train,9183
seg_009184,sample_03160,purity & danger - Katapulto,FAKE,1,Pop,elevenlabs,train,9184
seg_009185,sample_03160,purity & danger - Katapulto,FAKE,1,Pop,elevenlabs,train,9185
seg_009186,sample_03161,zero rhythm dollar boy - Katapulto,FAKE,1,Pop,elevenlabs,train,9186
seg_009187,sample_03161,zero rhythm dollar boy - Katapulto,FAKE,1,Pop,elevenlabs,train,9187
seg_009188,sample_03161,zero rhythm dollar boy - Katapulto,FAKE,1,Pop,elevenlabs,train,9188
seg_009189,sample_03162,zero rhythm dollar boy - Katapulto,FAKE,1,Pop,elevenlabs,train,9189
seg_009190,sample_03162,zero rhythm dollar boy - Katapulto,FAKE,1,Pop,elevenlabs,train,9190
seg_009191,sample_03162,zero rhythm dollar boy - Katapulto,FAKE,1,Pop,elevenlabs,train,9191
seg_009192,sample_03163,Новый Нью-Йорк 2 - Чокнутый Пропеллер,FAKE,1,Rock,elevenlabs,val,9192
seg_009193,sample_03163,Новый Нью-Йорк 2 - Чокнутый Пропеллер,FAKE,1,Rock,elevenlabs,val,9193
seg_009194,sample_03163,Новый Нью-Йорк 2 - Чокнутый Пропеллер,FAKE,1,Rock,elevenlabs,val,9194
seg_009195,sample_03164,Новый Нью-Йорк 2 - Чокнутый Пропеллер,FAKE,1,Rock,elevenlabs,val,9195
seg_009196,sample_03164,Новый Нью-Йорк 2 - Чокнутый Пропеллер,FAKE,1,Rock,elevenlabs,val,9196
seg_009197,sample_03164,Новый Нью-Йорк 2 - Чокнутый Пропеллер,FAKE,1,Rock,elevenlabs,val,9197
seg_009198,sample_03165,"10,000 People Chanting, ""I'm an Individual"" - Nihilore",FAKE,1,Electronic,musicgen,train,9198
seg_009199,sample_03165,"10,000 People Chanting, ""I'm an Individual"" - Nihilore",FAKE,1,Electronic,musicgen,train,9199
seg_009200,sample_03165,"10,000 People Chanting, ""I'm an Individual"" - Nihilore",FAKE,1,Electronic,musicgen,train,9200
seg_009201,sample_03166,1984 - Punk Rock Opera,FAKE,1,Rock,musicgen,train,9201
seg_009202,sample_03166,1984 - Punk Rock Opera,FAKE,1,Rock,musicgen,train,9202
seg_009203,sample_03166,1984 - Punk Rock Opera,FAKE,1,Rock,musicgen,train,9203
seg_009204,sample_03167,2Much (Andy Spinelli & Alex Sánchez House Edit) - Tentacles,FAKE,1,Electronic,musicgen,test,9204
seg_009205,sample_03167,2Much (Andy Spinelli & Alex Sánchez House Edit) - Tentacles,FAKE,1,Electronic,musicgen,test,9205
seg_009206,sample_03167,2Much (Andy Spinelli & Alex Sánchez House Edit) - Tentacles,FAKE,1,Electronic,musicgen,test,9206
seg_009207,sample_03168,2 (Wasn't There) - Isle of Pine,FAKE,1,Rock,musicgen,val,9207
seg_009208,sample_03168,2 (Wasn't There) - Isle of Pine,FAKE,1,Rock,musicgen,val,9208
seg_009209,sample_03168,2 (Wasn't There) - Isle of Pine,FAKE,1,Rock,musicgen,val,9209
seg_009210,sample_03169,3 am West End - statusq,FAKE,1,Electronic,musicgen,test,9210
seg_009211,sample_03169,3 am West End - statusq,FAKE,1,Electronic,musicgen,test,9211
seg_009212,sample_03169,3 am West End - statusq,FAKE,1,Electronic,musicgen,test,9212
seg_009213,sample_03170,"50,000 Volts of Democracy mp3 - Legally Blind",FAKE,1,Rock,musicgen,train,9213
seg_009214,sample_03170,"50,000 Volts of Democracy mp3 - Legally Blind",FAKE,1,Rock,musicgen,train,9214
seg_009215,sample_03170,"50,000 Volts of Democracy mp3 - Legally Blind",FAKE,1,Rock,musicgen,train,9215
seg_009216,sample_03171,5 (Lexington) - Isle of Pine,FAKE,1,Rock,musicgen,test,9216
seg_009217,sample_03171,5 (Lexington) - Isle of Pine,FAKE,1,Rock,musicgen,test,9217
seg_009218,sample_03171,5 (Lexington) - Isle of Pine,FAKE,1,Rock,musicgen,test,9218
seg_009219,sample_03172,"6 (Coat of Arms, Close) - Isle of Pine",FAKE,1,Rock,musicgen,train,9219
seg_009220,sample_03172,"6 (Coat of Arms, Close) - Isle of Pine",FAKE,1,Rock,musicgen,train,9220
seg_009221,sample_03172,"6 (Coat of Arms, Close) - Isle of Pine",FAKE,1,Rock,musicgen,train,9221
seg_009222,sample_03173,Acoustic Unleashed - Remain,FAKE,1,Electronic,musicgen,train,9222
seg_009223,sample_03173,Acoustic Unleashed - Remain,FAKE,1,Electronic,musicgen,train,9223
seg_009224,sample_03173,Acoustic Unleashed - Remain,FAKE,1,Electronic,musicgen,train,9224
seg_009225,sample_03174,Ad Astra - P C III,FAKE,1,Electronic,musicgen,train,9225
seg_009226,sample_03174,Ad Astra - P C III,FAKE,1,Electronic,musicgen,train,9226
seg_009227,sample_03174,Ad Astra - P C III,FAKE,1,Electronic,musicgen,train,9227
seg_009228,sample_03175,Agora - Malaventura,FAKE,1,Pop,musicgen,val,9228
seg_009229,sample_03175,Agora - Malaventura,FAKE,1,Pop,musicgen,val,9229
seg_009230,sample_03175,Agora - Malaventura,FAKE,1,Pop,musicgen,val,9230
seg_009231,sample_03176,All of Us - Eric Skiff,FAKE,1,Electronic,musicgen,train,9231
seg_009232,sample_03176,All of Us - Eric Skiff,FAKE,1,Electronic,musicgen,train,9232
seg_009233,sample_03176,All of Us - Eric Skiff,FAKE,1,Electronic,musicgen,train,9233
seg_009234,sample_03177,Ancient Whispers I - P C III,FAKE,1,Electronic,musicgen,train,9234
seg_009235,sample_03177,Ancient Whispers I - P C III,FAKE,1,Electronic,musicgen,train,9235
seg_009236,sample_03177,Ancient Whispers I - P C III,FAKE,1,Electronic,musicgen,train,9236
seg_009237,sample_03178,And Over The Rainbows - milky-chu,FAKE,1,Electronic,musicgen,train,9237
seg_009238,sample_03178,And Over The Rainbows - milky-chu,FAKE,1,Electronic,musicgen,train,9238
seg_009239,sample_03178,And Over The Rainbows - milky-chu,FAKE,1,Electronic,musicgen,train,9239
seg_009240,sample_03179,Apparitions Under Glass - Sarin,FAKE,1,Rock,musicgen,train,9240
seg_009241,sample_03179,Apparitions Under Glass - Sarin,FAKE,1,Rock,musicgen,train,9241
seg_009242,sample_03179,Apparitions Under Glass - Sarin,FAKE,1,Rock,musicgen,train,9242
seg_009243,sample_03180,"Aquamarine, My Distant Blue - Nihilore",FAKE,1,Electronic,musicgen,train,9243
seg_009244,sample_03180,"Aquamarine, My Distant Blue - Nihilore",FAKE,1,Electronic,musicgen,train,9244
seg_009245,sample_03180,"Aquamarine, My Distant Blue - Nihilore",FAKE,1,Electronic,musicgen,train,9245
seg_009246,sample_03181,Artificial anxiety - Michett,FAKE,1,Electronic,musicgen,train,9246
seg_009247,sample_03181,Artificial anxiety - Michett,FAKE,1,Electronic,musicgen,train,9247
seg_009248,sample_03181,Artificial anxiety - Michett,FAKE,1,Electronic,musicgen,train,9248
seg_009249,sample_03182,As Nihilism Gives Way To Existentialism - Nihilore,FAKE,1,Electronic,musicgen,train,9249
seg_009250,sample_03182,As Nihilism Gives Way To Existentialism - Nihilore,FAKE,1,Electronic,musicgen,train,9250
seg_009251,sample_03182,As Nihilism Gives Way To Existentialism - Nihilore,FAKE,1,Electronic,musicgen,train,9251
seg_009252,sample_03183,Attention - Pete Prodoehl,FAKE,1,Rock,musicgen,test,9252
seg_009253,sample_03183,Attention - Pete Prodoehl,FAKE,1,Rock,musicgen,test,9253
seg_009254,sample_03183,Attention - Pete Prodoehl,FAKE,1,Rock,musicgen,test,9254
seg_009255,sample_03184,Authenticity - Nihilore,FAKE,1,Electronic,musicgen,train,9255
seg_009256,sample_03184,Authenticity - Nihilore,FAKE,1,Electronic,musicgen,train,9256
seg_009257,sample_03184,Authenticity - Nihilore,FAKE,1,Electronic,musicgen,train,9257
seg_009258,sample_03185,Autobahn - S-B-J,FAKE,1,Electronic,musicgen,train,9258
seg_009259,sample_03185,Autobahn - S-B-J,FAKE,1,Electronic,musicgen,train,9259
seg_009260,sample_03185,Autobahn - S-B-J,FAKE,1,Electronic,musicgen,train,9260
seg_009261,sample_03186,"Autopsy - Oh Yeah, the Future",FAKE,1,Pop,musicgen,train,9261
seg_009262,sample_03186,"Autopsy - Oh Yeah, the Future",FAKE,1,Pop,musicgen,train,9262
seg_009263,sample_03186,"Autopsy - Oh Yeah, the Future",FAKE,1,Pop,musicgen,train,9263
seg_009264,sample_03187,A Dark Blue Arc - Pipe Choir,FAKE,1,Rock,musicgen,train,9264
seg_009265,sample_03187,A Dark Blue Arc - Pipe Choir,FAKE,1,Rock,musicgen,train,9265
seg_009266,sample_03187,A Dark Blue Arc - Pipe Choir,FAKE,1,Rock,musicgen,train,9266
seg_009267,sample_03188,A Different World By Night - Nihilore,FAKE,1,Electronic,musicgen,train,9267
seg_009268,sample_03188,A Different World By Night - Nihilore,FAKE,1,Electronic,musicgen,train,9268
seg_009269,sample_03188,A Different World By Night - Nihilore,FAKE,1,Electronic,musicgen,train,9269
seg_009270,sample_03189,A Lady In Red With A Plan To Steal - Did You Just Hex Me?,FAKE,1,Rock,musicgen,train,9270
seg_009271,sample_03189,A Lady In Red With A Plan To Steal - Did You Just Hex Me?,FAKE,1,Rock,musicgen,train,9271
seg_009272,sample_03189,A Lady In Red With A Plan To Steal - Did You Just Hex Me?,FAKE,1,Rock,musicgen,train,9272
seg_009273,sample_03190,Bergwald Bergwald - Every Now and Every Then,FAKE,1,Rock,musicgen,train,9273
seg_009274,sample_03190,Bergwald Bergwald - Every Now and Every Then,FAKE,1,Rock,musicgen,train,9274
seg_009275,sample_03190,Bergwald Bergwald - Every Now and Every Then,FAKE,1,Rock,musicgen,train,9275
seg_009276,sample_03191,Better Run Away From Me - Miss Derringer,FAKE,1,Rock,musicgen,train,9276
seg_009277,sample_03191,Better Run Away From Me - Miss Derringer,FAKE,1,Rock,musicgen,train,9277
seg_009278,sample_03191,Better Run Away From Me - Miss Derringer,FAKE,1,Rock,musicgen,train,9278
seg_009279,sample_03192,Beyond Luxury - Mors Ontologica,FAKE,1,Rock,musicgen,val,9279
seg_009280,sample_03192,Beyond Luxury - Mors Ontologica,FAKE,1,Rock,musicgen,val,9280
seg_009281,sample_03192,Beyond Luxury - Mors Ontologica,FAKE,1,Rock,musicgen,val,9281
seg_009282,sample_03193,Bizzy - The Tleilaxu Music Machine,FAKE,1,Electronic,musicgen,test,9282
seg_009283,sample_03193,Bizzy - The Tleilaxu Music Machine,FAKE,1,Electronic,musicgen,test,9283
seg_009284,sample_03193,Bizzy - The Tleilaxu Music Machine,FAKE,1,Electronic,musicgen,test,9284
seg_009285,sample_03194,Black Panda - The Crypts!,FAKE,1,Rock,musicgen,train,9285
seg_009286,sample_03194,Black Panda - The Crypts!,FAKE,1,Rock,musicgen,train,9286
seg_009287,sample_03194,Black Panda - The Crypts!,FAKE,1,Rock,musicgen,train,9287
seg_009288,sample_03195,Breathe New Life - Scott Holmes,FAKE,1,Rock,musicgen,train,9288
seg_009289,sample_03195,Breathe New Life - Scott Holmes,FAKE,1,Rock,musicgen,train,9289
seg_009290,sample_03195,Breathe New Life - Scott Holmes,FAKE,1,Rock,musicgen,train,9290
seg_009291,sample_03196,Breeze Funk - Malaventura,FAKE,1,Pop,musicgen,train,9291
seg_009292,sample_03196,Breeze Funk - Malaventura,FAKE,1,Pop,musicgen,train,9292
seg_009293,sample_03196,Breeze Funk - Malaventura,FAKE,1,Pop,musicgen,train,9293
seg_009294,sample_03197,Burn - Room For A Ghost,FAKE,1,Rock,musicgen,train,9294
seg_009295,sample_03197,Burn - Room For A Ghost,FAKE,1,Rock,musicgen,train,9295
seg_009296,sample_03197,Burn - Room For A Ghost,FAKE,1,Rock,musicgen,train,9296
seg_009297,sample_03198,Busby Berkeley - Ergo Phizmiz,FAKE,1,Pop,musicgen,train,9297
seg_009298,sample_03198,Busby Berkeley - Ergo Phizmiz,FAKE,1,Pop,musicgen,train,9298
seg_009299,sample_03198,Busby Berkeley - Ergo Phizmiz,FAKE,1,Pop,musicgen,train,9299
seg_009300,sample_03199,Cassie Lace - The Zombie Dandies,FAKE,1,Rock,musicgen,train,9300
seg_009301,sample_03199,Cassie Lace - The Zombie Dandies,FAKE,1,Rock,musicgen,train,9301
seg_009302,sample_03199,Cassie Lace - The Zombie Dandies,FAKE,1,Rock,musicgen,train,9302
seg_009303,sample_03200,Celia - Ergo Phizmiz,FAKE,1,Pop,musicgen,train,9303
seg_009304,sample_03200,Celia - Ergo Phizmiz,FAKE,1,Pop,musicgen,train,9304
seg_009305,sample_03200,Celia - Ergo Phizmiz,FAKE,1,Pop,musicgen,train,9305
seg_009306,sample_03201,Clay Heart - Nihilore,FAKE,1,Electronic,musicgen,train,9306
seg_009307,sample_03201,Clay Heart - Nihilore,FAKE,1,Electronic,musicgen,train,9307
seg_009308,sample_03201,Clay Heart - Nihilore,FAKE,1,Electronic,musicgen,train,9308
seg_009309,sample_03202,Cloudy - Subway Sonicbeat,FAKE,1,Electronic,musicgen,train,9309
seg_009310,sample_03202,Cloudy - Subway Sonicbeat,FAKE,1,Electronic,musicgen,train,9310
seg_009311,sample_03202,Cloudy - Subway Sonicbeat,FAKE,1,Electronic,musicgen,train,9311
seg_009312,sample_03203,Cold Chains - Rolemusic,FAKE,1,Electronic,musicgen,train,9312
seg_009313,sample_03203,Cold Chains - Rolemusic,FAKE,1,Electronic,musicgen,train,9313
seg_009314,sample_03203,Cold Chains - Rolemusic,FAKE,1,Electronic,musicgen,train,9314
seg_009315,sample_03204,Coliidae - K.D. Expression,FAKE,1,Electronic,musicgen,train,9315
seg_009316,sample_03204,Coliidae - K.D. Expression,FAKE,1,Electronic,musicgen,train,9316
seg_009317,sample_03204,Coliidae - K.D. Expression,FAKE,1,Electronic,musicgen,train,9317
seg_009318,sample_03205,Colossal Stillness - Scott Holmes,FAKE,1,Rock,musicgen,train,9318
seg_009319,sample_03205,Colossal Stillness - Scott Holmes,FAKE,1,Rock,musicgen,train,9319
seg_009320,sample_03205,Colossal Stillness - Scott Holmes,FAKE,1,Rock,musicgen,train,9320
seg_009321,sample_03206,Convicted Jazz Drones - Malaventura,FAKE,1,Pop,musicgen,train,9321
seg_009322,sample_03206,Convicted Jazz Drones - Malaventura,FAKE,1,Pop,musicgen,train,9322
seg_009323,sample_03206,Convicted Jazz Drones - Malaventura,FAKE,1,Pop,musicgen,train,9323
seg_009324,sample_03207,CopperNickle - UncleBibby,FAKE,1,Electronic,musicgen,val,9324
seg_009325,sample_03207,CopperNickle - UncleBibby,FAKE,1,Electronic,musicgen,val,9325
seg_009326,sample_03207,CopperNickle - UncleBibby,FAKE,1,Electronic,musicgen,val,9326
seg_009327,sample_03208,Crossing - Los Llamarada,FAKE,1,Rock,musicgen,train,9327
seg_009328,sample_03208,Crossing - Los Llamarada,FAKE,1,Rock,musicgen,train,9328
seg_009329,sample_03208,Crossing - Los Llamarada,FAKE,1,Rock,musicgen,train,9329
seg_009330,sample_03209,Dance Harder - Three Chain Links,FAKE,1,Electronic,musicgen,test,9330
seg_009331,sample_03209,Dance Harder - Three Chain Links,FAKE,1,Electronic,musicgen,test,9331
seg_009332,sample_03209,Dance Harder - Three Chain Links,FAKE,1,Electronic,musicgen,test,9332
seg_009333,sample_03210,Dance of the Martians (SynthStep Edit) - Maxim Kornyshev,FAKE,1,Electronic,musicgen,train,9333
seg_009334,sample_03210,Dance of the Martians (SynthStep Edit) - Maxim Kornyshev,FAKE,1,Electronic,musicgen,train,9334
seg_009335,sample_03210,Dance of the Martians (SynthStep Edit) - Maxim Kornyshev,FAKE,1,Electronic,musicgen,train,9335
seg_009336,sample_03211,danse macabre - Katapulto,FAKE,1,Pop,musicgen,train,9336
seg_009337,sample_03211,danse macabre - Katapulto,FAKE,1,Pop,musicgen,train,9337
seg_009338,sample_03211,danse macabre - Katapulto,FAKE,1,Pop,musicgen,train,9338
seg_009339,sample_03212,Daylight Savings - My brother Daniel,FAKE,1,Electronic,musicgen,val,9339
seg_009340,sample_03212,Daylight Savings - My brother Daniel,FAKE,1,Electronic,musicgen,val,9340
seg_009341,sample_03212,Daylight Savings - My brother Daniel,FAKE,1,Electronic,musicgen,val,9341
seg_009342,sample_03213,Demolition - Michett,FAKE,1,Rock,musicgen,train,9342
seg_009343,sample_03213,Demolition - Michett,FAKE,1,Rock,musicgen,train,9343
seg_009344,sample_03213,Demolition - Michett,FAKE,1,Rock,musicgen,train,9344
seg_009345,sample_03214,Different Day - First,FAKE,1,Pop,musicgen,test,9345
seg_009346,sample_03214,Different Day - First,FAKE,1,Pop,musicgen,test,9346
seg_009347,sample_03214,Different Day - First,FAKE,1,Pop,musicgen,test,9347
seg_009348,sample_03215,Digital Lightning - Cloudkicker,FAKE,1,Rock,musicgen,train,9348
seg_009349,sample_03215,Digital Lightning - Cloudkicker,FAKE,1,Rock,musicgen,train,9349
seg_009350,sample_03215,Digital Lightning - Cloudkicker,FAKE,1,Rock,musicgen,train,9350
seg_009351,sample_03216,Don't want to be your man - Frigg A Go Go (F.A.G.G.),FAKE,1,Rock,musicgen,train,9351
seg_009352,sample_03216,Don't want to be your man - Frigg A Go Go (F.A.G.G.),FAKE,1,Rock,musicgen,train,9352
seg_009353,sample_03216,Don't want to be your man - Frigg A Go Go (F.A.G.G.),FAKE,1,Rock,musicgen,train,9353
seg_009354,sample_03217,Dreams - ENDRUDARK,FAKE,1,Electronic,musicgen,train,9354
seg_009355,sample_03217,Dreams - ENDRUDARK,FAKE,1,Electronic,musicgen,train,9355
seg_009356,sample_03217,Dreams - ENDRUDARK,FAKE,1,Electronic,musicgen,train,9356
seg_009357,sample_03218,Dr. Bodysnatcher - Modey Lemon,FAKE,1,Rock,musicgen,train,9357
seg_009358,sample_03218,Dr. Bodysnatcher - Modey Lemon,FAKE,1,Rock,musicgen,train,9358
seg_009359,sample_03218,Dr. Bodysnatcher - Modey Lemon,FAKE,1,Rock,musicgen,train,9359
seg_009360,sample_03219,Dr Deimos-Scribble - Mizuki's Last Chance/Dr Deimos,FAKE,1,Electronic,musicgen,train,9360
seg_009361,sample_03219,Dr Deimos-Scribble - Mizuki's Last Chance/Dr Deimos,FAKE,1,Electronic,musicgen,train,9361
seg_009362,sample_03219,Dr Deimos-Scribble - Mizuki's Last Chance/Dr Deimos,FAKE,1,Electronic,musicgen,train,9362
seg_009363,sample_03220,Edge - Mystery Mammal,FAKE,1,Electronic,musicgen,train,9363
seg_009364,sample_03220,Edge - Mystery Mammal,FAKE,1,Electronic,musicgen,train,9364
seg_009365,sample_03220,Edge - Mystery Mammal,FAKE,1,Electronic,musicgen,train,9365
seg_009366,sample_03221,Electric Girlfriend - The Zombie Dandies,FAKE,1,Rock,musicgen,train,9366
seg_009367,sample_03221,Electric Girlfriend - The Zombie Dandies,FAKE,1,Rock,musicgen,train,9367
seg_009368,sample_03221,Electric Girlfriend - The Zombie Dandies,FAKE,1,Rock,musicgen,train,9368
seg_009369,sample_03222,El Burrito - Malaventura,FAKE,1,Pop,musicgen,test,9369
seg_009370,sample_03222,El Burrito - Malaventura,FAKE,1,Pop,musicgen,test,9370
seg_009371,sample_03222,El Burrito - Malaventura,FAKE,1,Pop,musicgen,test,9371
seg_009372,sample_03223,Empower Thee - vargero,FAKE,1,Electronic,musicgen,train,9372
seg_009373,sample_03223,Empower Thee - vargero,FAKE,1,Electronic,musicgen,train,9373
seg_009374,sample_03223,Empower Thee - vargero,FAKE,1,Electronic,musicgen,train,9374
seg_009375,sample_03224,Empty Pockets - Pete Prodoehl,FAKE,1,Rock,musicgen,val,9375
seg_009376,sample_03224,Empty Pockets - Pete Prodoehl,FAKE,1,Rock,musicgen,val,9376
seg_009377,sample_03224,Empty Pockets - Pete Prodoehl,FAKE,1,Rock,musicgen,val,9377
seg_009378,sample_03225,Endless - The Birth and Death of Silence,FAKE,1,Electronic,musicgen,train,9378
seg_009379,sample_03225,Endless - The Birth and Death of Silence,FAKE,1,Electronic,musicgen,train,9379
seg_009380,sample_03225,Endless - The Birth and Death of Silence,FAKE,1,Electronic,musicgen,train,9380
seg_009381,sample_03226,End of the Line - H-LR,FAKE,1,Electronic,musicgen,train,9381
seg_009382,sample_03226,End of the Line - H-LR,FAKE,1,Electronic,musicgen,train,9382
seg_009383,sample_03226,End of the Line - H-LR,FAKE,1,Electronic,musicgen,train,9383
seg_009384,sample_03227,End titles - Itsensäsyöjät,FAKE,1,Electronic,musicgen,test,9384
seg_009385,sample_03227,End titles - Itsensäsyöjät,FAKE,1,Electronic,musicgen,test,9385
seg_009386,sample_03227,End titles - Itsensäsyöjät,FAKE,1,Electronic,musicgen,test,9386
seg_009387,sample_03228,Enemy - Modey Lemon,FAKE,1,Rock,musicgen,train,9387
seg_009388,sample_03228,Enemy - Modey Lemon,FAKE,1,Rock,musicgen,train,9388
seg_009389,sample_03228,Enemy - Modey Lemon,FAKE,1,Rock,musicgen,train,9389
seg_009390,sample_03229,Enthalpy - Rolemusic,FAKE,1,Electronic,musicgen,train,9390
seg_009391,sample_03229,Enthalpy - Rolemusic,FAKE,1,Electronic,musicgen,train,9391
seg_009392,sample_03229,Enthalpy - Rolemusic,FAKE,1,Electronic,musicgen,train,9392
seg_009393,sample_03230,Evil Cannot Create - Caleb Lemond,FAKE,1,Pop,musicgen,val,9393
seg_009394,sample_03230,Evil Cannot Create - Caleb Lemond,FAKE,1,Pop,musicgen,val,9394
seg_009395,sample_03230,Evil Cannot Create - Caleb Lemond,FAKE,1,Pop,musicgen,val,9395
seg_009396,sample_03231,Eyes Getting Louder - Mod Fun,FAKE,1,Rock,musicgen,train,9396
seg_009397,sample_03231,Eyes Getting Louder - Mod Fun,FAKE,1,Rock,musicgen,train,9397
seg_009398,sample_03231,Eyes Getting Louder - Mod Fun,FAKE,1,Rock,musicgen,train,9398
seg_009399,sample_03232,Fear - Los Fancy Free,FAKE,1,Rock,musicgen,val,9399
seg_009400,sample_03232,Fear - Los Fancy Free,FAKE,1,Rock,musicgen,val,9400
seg_009401,sample_03232,Fear - Los Fancy Free,FAKE,1,Rock,musicgen,val,9401
seg_009402,sample_03233,Fifth Ramble - From the album Keith [RSVP007] - My brother Daniel,FAKE,1,Electronic,musicgen,val,9402
seg_009403,sample_03233,Fifth Ramble - From the album Keith [RSVP007] - My brother Daniel,FAKE,1,Electronic,musicgen,val,9403
seg_009404,sample_03233,Fifth Ramble - From the album Keith [RSVP007] - My brother Daniel,FAKE,1,Electronic,musicgen,val,9404
seg_009405,sample_03234,"First Glance - Oh Yeah, the Future",FAKE,1,Pop,musicgen,train,9405
seg_009406,sample_03234,"First Glance - Oh Yeah, the Future",FAKE,1,Pop,musicgen,train,9406
seg_009407,sample_03234,"First Glance - Oh Yeah, the Future",FAKE,1,Pop,musicgen,train,9407
seg_009408,sample_03235,Five 40 Derby/Slow Whistle - The Crypts!,FAKE,1,Rock,musicgen,train,9408
seg_009409,sample_03235,Five 40 Derby/Slow Whistle - The Crypts!,FAKE,1,Rock,musicgen,train,9409
seg_009410,sample_03235,Five 40 Derby/Slow Whistle - The Crypts!,FAKE,1,Rock,musicgen,train,9410
seg_009411,sample_03236,Flashback - Seclorance,FAKE,1,Electronic,musicgen,train,9411
seg_009412,sample_03236,Flashback - Seclorance,FAKE,1,Electronic,musicgen,train,9412
seg_009413,sample_03236,Flashback - Seclorance,FAKE,1,Electronic,musicgen,train,9413
seg_009414,sample_03237,Fleslit - Fleslit,FAKE,1,Electronic,musicgen,train,9414
seg_009415,sample_03237,Fleslit - Fleslit,FAKE,1,Electronic,musicgen,train,9415
seg_009416,sample_03237,Fleslit - Fleslit,FAKE,1,Electronic,musicgen,train,9416
seg_009417,sample_03238,Fly 2 - Andre Jetson,FAKE,1,Electronic,musicgen,train,9417
seg_009418,sample_03238,Fly 2 - Andre Jetson,FAKE,1,Electronic,musicgen,train,9418
seg_009419,sample_03238,Fly 2 - Andre Jetson,FAKE,1,Electronic,musicgen,train,9419
seg_009420,sample_03239,Food and War - Ergo Phizmiz,FAKE,1,Pop,musicgen,train,9420
seg_009421,sample_03239,Food and War - Ergo Phizmiz,FAKE,1,Pop,musicgen,train,9421
seg_009422,sample_03239,Food and War - Ergo Phizmiz,FAKE,1,Pop,musicgen,train,9422
seg_009423,sample_03240,Forest Silence - Serpentarivm,FAKE,1,Rock,musicgen,train,9423
seg_009424,sample_03240,Forest Silence - Serpentarivm,FAKE,1,Rock,musicgen,train,9424
seg_009425,sample_03240,Forest Silence - Serpentarivm,FAKE,1,Rock,musicgen,train,9425
seg_009426,sample_03241,Formic Acid for Blood - Punk Rock Opera,FAKE,1,Rock,musicgen,train,9426
seg_009427,sample_03241,Formic Acid for Blood - Punk Rock Opera,FAKE,1,Rock,musicgen,train,9427
seg_009428,sample_03241,Formic Acid for Blood - Punk Rock Opera,FAKE,1,Rock,musicgen,train,9428
seg_009429,sample_03242,Four and a Half Tatami - Nihilore,FAKE,1,Electronic,musicgen,train,9429
seg_009430,sample_03242,Four and a Half Tatami - Nihilore,FAKE,1,Electronic,musicgen,train,9430
seg_009431,sample_03242,Four and a Half Tatami - Nihilore,FAKE,1,Electronic,musicgen,train,9431
seg_009432,sample_03243,Fridge - Railkid Station,FAKE,1,Rock,musicgen,train,9432
seg_009433,sample_03243,Fridge - Railkid Station,FAKE,1,Rock,musicgen,train,9433
seg_009434,sample_03243,Fridge - Railkid Station,FAKE,1,Rock,musicgen,train,9434
seg_009435,sample_03244,Fuckaboing - RoccoW,FAKE,1,Electronic,musicgen,test,9435
seg_009436,sample_03244,Fuckaboing - RoccoW,FAKE,1,Electronic,musicgen,test,9436
seg_009437,sample_03244,Fuckaboing - RoccoW,FAKE,1,Electronic,musicgen,test,9437
seg_009438,sample_03245,Gila Monster Flop/Music History Lesson:The Sonics - The Crypts!,FAKE,1,Rock,musicgen,val,9438
seg_009439,sample_03245,Gila Monster Flop/Music History Lesson:The Sonics - The Crypts!,FAKE,1,Rock,musicgen,val,9439
seg_009440,sample_03245,Gila Monster Flop/Music History Lesson:The Sonics - The Crypts!,FAKE,1,Rock,musicgen,val,9440
seg_009441,sample_03246,Gloomy Sunday - AmortE,FAKE,1,Rock,musicgen,train,9441
seg_009442,sample_03246,Gloomy Sunday - AmortE,FAKE,1,Rock,musicgen,train,9442
seg_009443,sample_03246,Gloomy Sunday - AmortE,FAKE,1,Rock,musicgen,train,9443
seg_009444,sample_03247,gospellioza - Katapulto,FAKE,1,Pop,musicgen,train,9444
seg_009445,sample_03247,gospellioza - Katapulto,FAKE,1,Pop,musicgen,train,9445
seg_009446,sample_03247,gospellioza - Katapulto,FAKE,1,Pop,musicgen,train,9446
seg_009447,sample_03248,"Go On, Then - Jim Rooster",FAKE,1,Electronic,musicgen,train,9447
seg_009448,sample_03248,"Go On, Then - Jim Rooster",FAKE,1,Electronic,musicgen,train,9448
seg_009449,sample_03248,"Go On, Then - Jim Rooster",FAKE,1,Electronic,musicgen,train,9449
seg_009450,sample_03249,Hahaha - The Moi Non Plus,FAKE,1,Rock,musicgen,train,9450
seg_009451,sample_03249,Hahaha - The Moi Non Plus,FAKE,1,Rock,musicgen,train,9451
seg_009452,sample_03249,Hahaha - The Moi Non Plus,FAKE,1,Rock,musicgen,train,9452
seg_009453,sample_03250,Half a Doubt - Droopies,FAKE,1,Rock,musicgen,train,9453
seg_009454,sample_03250,Half a Doubt - Droopies,FAKE,1,Rock,musicgen,train,9454
seg_009455,sample_03250,Half a Doubt - Droopies,FAKE,1,Rock,musicgen,train,9455
seg_009456,sample_03251,Hammer and a Nail - Vienna Ditto,FAKE,1,Electronic,musicgen,train,9456
seg_009457,sample_03251,Hammer and a Nail - Vienna Ditto,FAKE,1,Electronic,musicgen,train,9457
seg_009458,sample_03251,Hammer and a Nail - Vienna Ditto,FAKE,1,Electronic,musicgen,train,9458
seg_009459,sample_03252,Happy - Lamprey,FAKE,1,Rock,musicgen,train,9459
seg_009460,sample_03252,Happy - Lamprey,FAKE,1,Rock,musicgen,train,9460
seg_009461,sample_03252,Happy - Lamprey,FAKE,1,Rock,musicgen,train,9461
seg_009462,sample_03253,"Head of Ancante, Talking Tree - Ak'chamel, The Giver of Illness",FAKE,1,Rock,musicgen,test,9462
seg_009463,sample_03253,"Head of Ancante, Talking Tree - Ak'chamel, The Giver of Illness",FAKE,1,Rock,musicgen,test,9463
seg_009464,sample_03253,"Head of Ancante, Talking Tree - Ak'chamel, The Giver of Illness",FAKE,1,Rock,musicgen,test,9464
seg_009465,sample_03254,Hisko Detria - Hisko Detria,FAKE,1,Rock,musicgen,train,9465
seg_009466,sample_03254,Hisko Detria - Hisko Detria,FAKE,1,Rock,musicgen,train,9466
seg_009467,sample_03254,Hisko Detria - Hisko Detria,FAKE,1,Rock,musicgen,train,9467
seg_009468,sample_03255,"Hungry - Oh Yeah, the Future",FAKE,1,Pop,musicgen,test,9468
seg_009469,sample_03255,"Hungry - Oh Yeah, the Future",FAKE,1,Pop,musicgen,test,9469
seg_009470,sample_03255,"Hungry - Oh Yeah, the Future",FAKE,1,Pop,musicgen,test,9470
seg_009471,sample_03256,If You're Ther - Nicola Ratti,FAKE,1,Electronic,musicgen,val,9471
seg_009472,sample_03256,If You're Ther - Nicola Ratti,FAKE,1,Electronic,musicgen,val,9472
seg_009473,sample_03256,If You're Ther - Nicola Ratti,FAKE,1,Electronic,musicgen,val,9473
seg_009474,sample_03257,Improvisation - Broken Chord,FAKE,1,Electronic,musicgen,train,9474
seg_009475,sample_03257,Improvisation - Broken Chord,FAKE,1,Electronic,musicgen,train,9475
seg_009476,sample_03257,Improvisation - Broken Chord,FAKE,1,Electronic,musicgen,train,9476
seg_009477,sample_03258,Infinite Light - Pipe Choir,FAKE,1,Rock,musicgen,train,9477
seg_009478,sample_03258,Infinite Light - Pipe Choir,FAKE,1,Rock,musicgen,train,9478
seg_009479,sample_03258,Infinite Light - Pipe Choir,FAKE,1,Rock,musicgen,train,9479
seg_009480,sample_03259,Insectlaration of Independence - Punk Rock Opera,FAKE,1,Rock,musicgen,train,9480
seg_009481,sample_03259,Insectlaration of Independence - Punk Rock Opera,FAKE,1,Rock,musicgen,train,9481
seg_009482,sample_03259,Insectlaration of Independence - Punk Rock Opera,FAKE,1,Rock,musicgen,train,9482
seg_009483,sample_03260,Introduction beats - Itsensäsyöjät,FAKE,1,Electronic,musicgen,train,9483
seg_009484,sample_03260,Introduction beats - Itsensäsyöjät,FAKE,1,Electronic,musicgen,train,9484
seg_009485,sample_03260,Introduction beats - Itsensäsyöjät,FAKE,1,Electronic,musicgen,train,9485
seg_009486,sample_03261,Invaders From Within - Monroeville Music Center,FAKE,1,Pop,musicgen,train,9486
seg_009487,sample_03261,Invaders From Within - Monroeville Music Center,FAKE,1,Pop,musicgen,train,9487
seg_009488,sample_03261,Invaders From Within - Monroeville Music Center,FAKE,1,Pop,musicgen,train,9488
seg_009489,sample_03262,It Can't Be Bargained With - Three Chain Links,FAKE,1,Electronic,musicgen,train,9489
seg_009490,sample_03262,It Can't Be Bargained With - Three Chain Links,FAKE,1,Electronic,musicgen,train,9490
seg_009491,sample_03262,It Can't Be Bargained With - Three Chain Links,FAKE,1,Electronic,musicgen,train,9491
seg_009492,sample_03263,I Can See Everything - Mod Fun,FAKE,1,Rock,musicgen,train,9492
seg_009493,sample_03263,I Can See Everything - Mod Fun,FAKE,1,Rock,musicgen,train,9493
seg_009494,sample_03263,I Can See Everything - Mod Fun,FAKE,1,Rock,musicgen,train,9494
seg_009495,sample_03264,I Close My Eyes - Miss Derringer,FAKE,1,Rock,musicgen,train,9495
seg_009496,sample_03264,I Close My Eyes - Miss Derringer,FAKE,1,Rock,musicgen,train,9496
seg_009497,sample_03264,I Close My Eyes - Miss Derringer,FAKE,1,Rock,musicgen,train,9497
seg_009498,sample_03265,I Dream So Vividly - Uninhabitable Mansions,FAKE,1,Rock,musicgen,train,9498
seg_009499,sample_03265,I Dream So Vividly - Uninhabitable Mansions,FAKE,1,Rock,musicgen,train,9499
seg_009500,sample_03265,I Dream So Vividly - Uninhabitable Mansions,FAKE,1,Rock,musicgen,train,9500
seg_009501,sample_03266,I Fell - Mod Fun,FAKE,1,Rock,musicgen,val,9501
seg_009502,sample_03266,I Fell - Mod Fun,FAKE,1,Rock,musicgen,val,9502
seg_009503,sample_03266,I Fell - Mod Fun,FAKE,1,Rock,musicgen,val,9503
seg_009504,sample_03267,I - Inflammator,FAKE,1,Rock,musicgen,test,9504
seg_009505,sample_03267,I - Inflammator,FAKE,1,Rock,musicgen,test,9505
seg_009506,sample_03267,I - Inflammator,FAKE,1,Rock,musicgen,test,9506
seg_009507,sample_03268,I Know His Blood - Vienna Ditto,FAKE,1,Electronic,musicgen,train,9507
seg_009508,sample_03268,I Know His Blood - Vienna Ditto,FAKE,1,Electronic,musicgen,train,9508
seg_009509,sample_03268,I Know His Blood - Vienna Ditto,FAKE,1,Electronic,musicgen,train,9509
seg_009510,sample_03269,I'm gonna try to reach - Los Llamarada,FAKE,1,Rock,musicgen,train,9510
seg_009511,sample_03269,I'm gonna try to reach - Los Llamarada,FAKE,1,Rock,musicgen,train,9511
seg_009512,sample_03269,I'm gonna try to reach - Los Llamarada,FAKE,1,Rock,musicgen,train,9512
seg_009513,sample_03270,I - Nocturnal Mayhem,FAKE,1,Rock,musicgen,train,9513
seg_009514,sample_03270,I - Nocturnal Mayhem,FAKE,1,Rock,musicgen,train,9514
seg_009515,sample_03270,I - Nocturnal Mayhem,FAKE,1,Rock,musicgen,train,9515
seg_009516,sample_03271,I Think From Now On - Caleb Lemond,FAKE,1,Pop,musicgen,train,9516
seg_009517,sample_03271,I Think From Now On - Caleb Lemond,FAKE,1,Pop,musicgen,train,9517
seg_009518,sample_03271,I Think From Now On - Caleb Lemond,FAKE,1,Pop,musicgen,train,9518
seg_009519,sample_03272,Jangus (inspired by ToeJam and Earl) - UncleBibby,FAKE,1,Electronic,musicgen,train,9519
seg_009520,sample_03272,Jangus (inspired by ToeJam and Earl) - UncleBibby,FAKE,1,Electronic,musicgen,train,9520
seg_009521,sample_03272,Jangus (inspired by ToeJam and Earl) - UncleBibby,FAKE,1,Electronic,musicgen,train,9521
seg_009522,sample_03273,Johnny I Lie - The Moi Non Plus,FAKE,1,Rock,musicgen,train,9522
seg_009523,sample_03273,Johnny I Lie - The Moi Non Plus,FAKE,1,Rock,musicgen,train,9523
seg_009524,sample_03273,Johnny I Lie - The Moi Non Plus,FAKE,1,Rock,musicgen,train,9524
seg_009525,sample_03274,John the Baby - Ergo Phizmiz,FAKE,1,Pop,musicgen,train,9525
seg_009526,sample_03274,John the Baby - Ergo Phizmiz,FAKE,1,Pop,musicgen,train,9526
seg_009527,sample_03274,John the Baby - Ergo Phizmiz,FAKE,1,Pop,musicgen,train,9527
seg_009528,sample_03275,karaoke megablast - Katapulto,FAKE,1,Pop,musicgen,train,9528
seg_009529,sample_03275,karaoke megablast - Katapulto,FAKE,1,Pop,musicgen,train,9529
seg_009530,sample_03275,karaoke megablast - Katapulto,FAKE,1,Pop,musicgen,train,9530
seg_009531,sample_03276,Key trick - Krisa,FAKE,1,Electronic,musicgen,train,9531
seg_009532,sample_03276,Key trick - Krisa,FAKE,1,Electronic,musicgen,train,9532
seg_009533,sample_03276,Key trick - Krisa,FAKE,1,Electronic,musicgen,train,9533
seg_009534,sample_03277,Killing Bosses - Gumbel,FAKE,1,Electronic,musicgen,train,9534
seg_009535,sample_03277,Killing Bosses - Gumbel,FAKE,1,Electronic,musicgen,train,9535
seg_009536,sample_03277,Killing Bosses - Gumbel,FAKE,1,Electronic,musicgen,train,9536
seg_009537,sample_03278,Kissing Scars - Caleb Lemond,FAKE,1,Pop,musicgen,train,9537
seg_009538,sample_03278,Kissing Scars - Caleb Lemond,FAKE,1,Pop,musicgen,train,9538
seg_009539,sample_03278,Kissing Scars - Caleb Lemond,FAKE,1,Pop,musicgen,train,9539
seg_009540,sample_03279,KISS my Boots - The Zombie Dandies,FAKE,1,Rock,musicgen,train,9540
seg_009541,sample_03279,KISS my Boots - The Zombie Dandies,FAKE,1,Rock,musicgen,train,9541
seg_009542,sample_03279,KISS my Boots - The Zombie Dandies,FAKE,1,Rock,musicgen,train,9542
seg_009543,sample_03280,kolorowe wody - Katapulto,FAKE,1,Pop,musicgen,train,9543
seg_009544,sample_03280,kolorowe wody - Katapulto,FAKE,1,Pop,musicgen,train,9544
seg_009545,sample_03280,kolorowe wody - Katapulto,FAKE,1,Pop,musicgen,train,9545
seg_009546,sample_03281,KOMFORT - voyageurs,FAKE,1,Rock,musicgen,train,9546
seg_009547,sample_03281,KOMFORT - voyageurs,FAKE,1,Rock,musicgen,train,9547
seg_009548,sample_03281,KOMFORT - voyageurs,FAKE,1,Rock,musicgen,train,9548
seg_009549,sample_03282,Kumorizoranohajimarutokoro - Hosomi,FAKE,1,Electronic,musicgen,val,9549
seg_009550,sample_03282,Kumorizoranohajimarutokoro - Hosomi,FAKE,1,Electronic,musicgen,val,9550
seg_009551,sample_03282,Kumorizoranohajimarutokoro - Hosomi,FAKE,1,Electronic,musicgen,val,9551
seg_009552,sample_03283,"Lackadaisical - Oh Yeah, the Future",FAKE,1,Pop,musicgen,train,9552
seg_009553,sample_03283,"Lackadaisical - Oh Yeah, the Future",FAKE,1,Pop,musicgen,train,9553
seg_009554,sample_03283,"Lackadaisical - Oh Yeah, the Future",FAKE,1,Pop,musicgen,train,9554
seg_009555,sample_03284,Lady Love - Parsley Flakes,FAKE,1,Rock,musicgen,train,9555
seg_009556,sample_03284,Lady Love - Parsley Flakes,FAKE,1,Rock,musicgen,train,9556
seg_009557,sample_03284,Lady Love - Parsley Flakes,FAKE,1,Rock,musicgen,train,9557
seg_009558,sample_03285,Laika - NGC 1365,FAKE,1,Electronic,musicgen,train,9558
seg_009559,sample_03285,Laika - NGC 1365,FAKE,1,Electronic,musicgen,train,9559
seg_009560,sample_03285,Laika - NGC 1365,FAKE,1,Electronic,musicgen,train,9560
seg_009561,sample_03286,La Nina Blanca - Vienna Ditto,FAKE,1,Electronic,musicgen,train,9561
seg_009562,sample_03286,La Nina Blanca - Vienna Ditto,FAKE,1,Electronic,musicgen,train,9562
seg_009563,sample_03286,La Nina Blanca - Vienna Ditto,FAKE,1,Electronic,musicgen,train,9563
seg_009564,sample_03287,Leaving Here - Mod Fun,FAKE,1,Rock,musicgen,test,9564
seg_009565,sample_03287,Leaving Here - Mod Fun,FAKE,1,Rock,musicgen,test,9565
seg_009566,sample_03287,Leaving Here - Mod Fun,FAKE,1,Rock,musicgen,test,9566
seg_009567,sample_03288,Let's Start Out Slow - RoccoW,FAKE,1,Electronic,musicgen,test,9567
seg_009568,sample_03288,Let's Start Out Slow - RoccoW,FAKE,1,Electronic,musicgen,test,9568
seg_009569,sample_03288,Let's Start Out Slow - RoccoW,FAKE,1,Electronic,musicgen,test,9569
seg_009570,sample_03289,Let's the kids play - Malaventura,FAKE,1,Pop,musicgen,train,9570
seg_009571,sample_03289,Let's the kids play - Malaventura,FAKE,1,Pop,musicgen,train,9571
seg_009572,sample_03289,Let's the kids play - Malaventura,FAKE,1,Pop,musicgen,train,9572
seg_009573,sample_03290,Let You're Body Move - D SMILEZ,FAKE,1,Electronic,musicgen,test,9573
seg_009574,sample_03290,Let You're Body Move - D SMILEZ,FAKE,1,Electronic,musicgen,test,9574
seg_009575,sample_03290,Let You're Body Move - D SMILEZ,FAKE,1,Electronic,musicgen,test,9575
seg_009576,sample_03291,Liar Liar Quietly - Vienna Ditto,FAKE,1,Electronic,musicgen,train,9576
seg_009577,sample_03291,Liar Liar Quietly - Vienna Ditto,FAKE,1,Electronic,musicgen,train,9577
seg_009578,sample_03291,Liar Liar Quietly - Vienna Ditto,FAKE,1,Electronic,musicgen,train,9578
seg_009579,sample_03292,Liberation is not Easy - Frigg A Go Go (F.A.G.G.),FAKE,1,Rock,musicgen,train,9579
seg_009580,sample_03292,Liberation is not Easy - Frigg A Go Go (F.A.G.G.),FAKE,1,Rock,musicgen,train,9580
seg_009581,sample_03292,Liberation is not Easy - Frigg A Go Go (F.A.G.G.),FAKE,1,Rock,musicgen,train,9581
seg_009582,sample_03293,Liberosis - Nihilore,FAKE,1,Electronic,musicgen,train,9582
seg_009583,sample_03293,Liberosis - Nihilore,FAKE,1,Electronic,musicgen,train,9583
seg_009584,sample_03293,Liberosis - Nihilore,FAKE,1,Electronic,musicgen,train,9584
seg_009585,sample_03294,Lights Up - Pipe Choir,FAKE,1,Rock,musicgen,val,9585
seg_009586,sample_03294,Lights Up - Pipe Choir,FAKE,1,Rock,musicgen,val,9586
seg_009587,sample_03294,Lights Up - Pipe Choir,FAKE,1,Rock,musicgen,val,9587
seg_009588,sample_03295,LIQUID SKULLS - voyageurs,FAKE,1,Rock,musicgen,test,9588
seg_009589,sample_03295,LIQUID SKULLS - voyageurs,FAKE,1,Rock,musicgen,test,9589
seg_009590,sample_03295,LIQUID SKULLS - voyageurs,FAKE,1,Rock,musicgen,test,9590
seg_009591,sample_03296,Little Fingers - Vienna Ditto,FAKE,1,Electronic,musicgen,train,9591
seg_009592,sample_03296,Little Fingers - Vienna Ditto,FAKE,1,Electronic,musicgen,train,9592
seg_009593,sample_03296,Little Fingers - Vienna Ditto,FAKE,1,Electronic,musicgen,train,9593
seg_009594,sample_03297,Lost In The Music (D-Smilez Mix) - D SMILEZ,FAKE,1,Electronic,musicgen,train,9594
seg_009595,sample_03297,Lost In The Music (D-Smilez Mix) - D SMILEZ,FAKE,1,Electronic,musicgen,train,9595
seg_009596,sample_03297,Lost In The Music (D-Smilez Mix) - D SMILEZ,FAKE,1,Electronic,musicgen,train,9596
seg_009597,sample_03298,Lost Paradise - Autumn Interlude,FAKE,1,Rock,musicgen,train,9597
seg_009598,sample_03298,Lost Paradise - Autumn Interlude,FAKE,1,Rock,musicgen,train,9598
seg_009599,sample_03298,Lost Paradise - Autumn Interlude,FAKE,1,Rock,musicgen,train,9599
seg_009600,sample_03299,"Lovedreams - Oh Yeah, the Future",FAKE,1,Pop,musicgen,train,9600
seg_009601,sample_03299,"Lovedreams - Oh Yeah, the Future",FAKE,1,Pop,musicgen,train,9601
seg_009602,sample_03299,"Lovedreams - Oh Yeah, the Future",FAKE,1,Pop,musicgen,train,9602
seg_009603,sample_03300,Loved Ones - Rowan Box,FAKE,1,Electronic,musicgen,val,9603
seg_009604,sample_03300,Loved Ones - Rowan Box,FAKE,1,Electronic,musicgen,val,9604
seg_009605,sample_03300,Loved Ones - Rowan Box,FAKE,1,Electronic,musicgen,val,9605
seg_009606,sample_03301,Love Dream - The Zombie Dandies,FAKE,1,Rock,musicgen,test,9606
seg_009607,sample_03301,Love Dream - The Zombie Dandies,FAKE,1,Rock,musicgen,test,9607
seg_009608,sample_03301,Love Dream - The Zombie Dandies,FAKE,1,Rock,musicgen,test,9608
seg_009609,sample_03302,L'arbre - Salmo,FAKE,1,Rock,musicgen,test,9609
seg_009610,sample_03302,L'arbre - Salmo,FAKE,1,Rock,musicgen,test,9610
seg_009611,sample_03302,L'arbre - Salmo,FAKE,1,Rock,musicgen,test,9611
seg_009612,sample_03303,Mandrill - Ergo Phizmiz,FAKE,1,Pop,musicgen,train,9612
seg_009613,sample_03303,Mandrill - Ergo Phizmiz,FAKE,1,Pop,musicgen,train,9613
seg_009614,sample_03303,Mandrill - Ergo Phizmiz,FAKE,1,Pop,musicgen,train,9614
seg_009615,sample_03304,March of the GPA Mechanics - [t]ghost,FAKE,1,Rock,musicgen,val,9615
seg_009616,sample_03304,March of the GPA Mechanics - [t]ghost,FAKE,1,Rock,musicgen,val,9616
seg_009617,sample_03304,March of the GPA Mechanics - [t]ghost,FAKE,1,Rock,musicgen,val,9617
seg_009618,sample_03305,mc trabalenguas - Volumina,FAKE,1,Pop,musicgen,train,9618
seg_009619,sample_03305,mc trabalenguas - Volumina,FAKE,1,Pop,musicgen,train,9619
seg_009620,sample_03305,mc trabalenguas - Volumina,FAKE,1,Pop,musicgen,train,9620
seg_009621,sample_03306,Mettle - Pipe Choir,FAKE,1,Rock,musicgen,train,9621
seg_009622,sample_03306,Mettle - Pipe Choir,FAKE,1,Rock,musicgen,train,9622
seg_009623,sample_03306,Mettle - Pipe Choir,FAKE,1,Rock,musicgen,train,9623
seg_009624,sample_03307,Millitary Industrial Complex - Punk Rock Opera,FAKE,1,Rock,musicgen,train,9624
seg_009625,sample_03307,Millitary Industrial Complex - Punk Rock Opera,FAKE,1,Rock,musicgen,train,9625
seg_009626,sample_03307,Millitary Industrial Complex - Punk Rock Opera,FAKE,1,Rock,musicgen,train,9626
seg_009627,sample_03308,Moja Krypta - AmortE,FAKE,1,Rock,musicgen,test,9627
seg_009628,sample_03308,Moja Krypta - AmortE,FAKE,1,Rock,musicgen,test,9628
seg_009629,sample_03308,Moja Krypta - AmortE,FAKE,1,Rock,musicgen,test,9629
seg_009630,sample_03309,Monkeystage - Ergo Phizmiz,FAKE,1,Pop,musicgen,train,9630
seg_009631,sample_03309,Monkeystage - Ergo Phizmiz,FAKE,1,Pop,musicgen,train,9631
seg_009632,sample_03309,Monkeystage - Ergo Phizmiz,FAKE,1,Pop,musicgen,train,9632
seg_009633,sample_03310,Moontime - The IMG,FAKE,1,Rock,musicgen,train,9633
seg_009634,sample_03310,Moontime - The IMG,FAKE,1,Rock,musicgen,train,9634
seg_009635,sample_03310,Moontime - The IMG,FAKE,1,Rock,musicgen,train,9635
seg_009636,sample_03311,Morning Bell - Nihilore,FAKE,1,Electronic,musicgen,val,9636
seg_009637,sample_03311,Morning Bell - Nihilore,FAKE,1,Electronic,musicgen,val,9637
seg_009638,sample_03311,Morning Bell - Nihilore,FAKE,1,Electronic,musicgen,val,9638
seg_009639,sample_03312,Mosque - Sarin,FAKE,1,Rock,musicgen,train,9639
seg_009640,sample_03312,Mosque - Sarin,FAKE,1,Rock,musicgen,train,9640
seg_009641,sample_03312,Mosque - Sarin,FAKE,1,Rock,musicgen,train,9641
seg_009642,sample_03313,Motocross Mania - Monroeville Music Center,FAKE,1,Pop,musicgen,test,9642
seg_009643,sample_03313,Motocross Mania - Monroeville Music Center,FAKE,1,Pop,musicgen,test,9643
seg_009644,sample_03313,Motocross Mania - Monroeville Music Center,FAKE,1,Pop,musicgen,test,9644
seg_009645,sample_03314,Mountain Mist - Modey Lemon,FAKE,1,Rock,musicgen,train,9645
seg_009646,sample_03314,Mountain Mist - Modey Lemon,FAKE,1,Rock,musicgen,train,9646
seg_009647,sample_03314,Mountain Mist - Modey Lemon,FAKE,1,Rock,musicgen,train,9647
seg_009648,sample_03315,Music For an Underground Circu - Ergo Phizmiz,FAKE,1,Pop,musicgen,test,9648
seg_009649,sample_03315,Music For an Underground Circu - Ergo Phizmiz,FAKE,1,Pop,musicgen,test,9649
seg_009650,sample_03315,Music For an Underground Circu - Ergo Phizmiz,FAKE,1,Pop,musicgen,test,9650
seg_009651,sample_03316,mystery team 2090 - Jesse Futerman,FAKE,1,Electronic,musicgen,val,9651
seg_009652,sample_03316,mystery team 2090 - Jesse Futerman,FAKE,1,Electronic,musicgen,val,9652
seg_009653,sample_03316,mystery team 2090 - Jesse Futerman,FAKE,1,Electronic,musicgen,val,9653
seg_009654,sample_03317,My Body Is A Weapon (Compromise Edit) - Silence is full of birds,FAKE,1,Pop,musicgen,val,9654
seg_009655,sample_03317,My Body Is A Weapon (Compromise Edit) - Silence is full of birds,FAKE,1,Pop,musicgen,val,9655
seg_009656,sample_03317,My Body Is A Weapon (Compromise Edit) - Silence is full of birds,FAKE,1,Pop,musicgen,val,9656
seg_009657,sample_03318,Natron Queen - AmortE,FAKE,1,Rock,musicgen,train,9657
seg_009658,sample_03318,Natron Queen - AmortE,FAKE,1,Rock,musicgen,train,9658
seg_009659,sample_03318,Natron Queen - AmortE,FAKE,1,Rock,musicgen,train,9659
seg_009660,sample_03319,Nature Is Over / Defined - Bird Names,FAKE,1,Pop,musicgen,train,9660
seg_009661,sample_03319,Nature Is Over / Defined - Bird Names,FAKE,1,Pop,musicgen,train,9661
seg_009662,sample_03319,Nature Is Over / Defined - Bird Names,FAKE,1,Pop,musicgen,train,9662
seg_009663,sample_03320,"New Brave Face - Oh Yeah, the Future",FAKE,1,Pop,musicgen,train,9663
seg_009664,sample_03320,"New Brave Face - Oh Yeah, the Future",FAKE,1,Pop,musicgen,train,9664
seg_009665,sample_03320,"New Brave Face - Oh Yeah, the Future",FAKE,1,Pop,musicgen,train,9665
seg_009666,sample_03321,New Life (take 1) - Bird Names,FAKE,1,Pop,musicgen,val,9666
seg_009667,sample_03321,New Life (take 1) - Bird Names,FAKE,1,Pop,musicgen,val,9667
seg_009668,sample_03321,New Life (take 1) - Bird Names,FAKE,1,Pop,musicgen,val,9668
seg_009669,sample_03322,Niche Dreams - Square People,FAKE,1,Rock,musicgen,train,9669
seg_009670,sample_03322,Niche Dreams - Square People,FAKE,1,Rock,musicgen,train,9670
seg_009671,sample_03322,Niche Dreams - Square People,FAKE,1,Rock,musicgen,train,9671
seg_009672,sample_03323,Night Drive - Decktonic,FAKE,1,Electronic,musicgen,val,9672
seg_009673,sample_03323,Night Drive - Decktonic,FAKE,1,Electronic,musicgen,val,9673
seg_009674,sample_03323,Night Drive - Decktonic,FAKE,1,Electronic,musicgen,val,9674
seg_009675,sample_03324,Night Owl - Broke For Free,FAKE,1,Electronic,musicgen,test,9675
seg_009676,sample_03324,Night Owl - Broke For Free,FAKE,1,Electronic,musicgen,test,9676
seg_009677,sample_03324,Night Owl - Broke For Free,FAKE,1,Electronic,musicgen,test,9677
seg_009678,sample_03325,Noam Chomsky's Corporate Carbohydrate Surprise - Quelle Fromage,FAKE,1,Electronic,musicgen,train,9678
seg_009679,sample_03325,Noam Chomsky's Corporate Carbohydrate Surprise - Quelle Fromage,FAKE,1,Electronic,musicgen,train,9679
seg_009680,sample_03325,Noam Chomsky's Corporate Carbohydrate Surprise - Quelle Fromage,FAKE,1,Electronic,musicgen,train,9680
seg_009681,sample_03326,Norweigian Wood II - Bird Names,FAKE,1,Pop,musicgen,val,9681
seg_009682,sample_03326,Norweigian Wood II - Bird Names,FAKE,1,Pop,musicgen,val,9682
seg_009683,sample_03326,Norweigian Wood II - Bird Names,FAKE,1,Pop,musicgen,val,9683
seg_009684,sample_03327,Nose - DUSTdevils,FAKE,1,Rock,musicgen,train,9684
seg_009685,sample_03327,Nose - DUSTdevils,FAKE,1,Rock,musicgen,train,9685
seg_009686,sample_03327,Nose - DUSTdevils,FAKE,1,Rock,musicgen,train,9686
seg_009687,sample_03328,Nostalgia - Malaventura,FAKE,1,Pop,musicgen,train,9687
seg_009688,sample_03328,Nostalgia - Malaventura,FAKE,1,Pop,musicgen,train,9688
seg_009689,sample_03328,Nostalgia - Malaventura,FAKE,1,Pop,musicgen,train,9689
seg_009690,sample_03329,"November 25, 2007 - Kenneth Kirschner",FAKE,1,Electronic,musicgen,train,9690
seg_009691,sample_03329,"November 25, 2007 - Kenneth Kirschner",FAKE,1,Electronic,musicgen,train,9691
seg_009692,sample_03329,"November 25, 2007 - Kenneth Kirschner",FAKE,1,Electronic,musicgen,train,9692
seg_009693,sample_03330,Nuo Maisemat - Paavoharju,FAKE,1,Electronic,musicgen,val,9693
seg_009694,sample_03330,Nuo Maisemat - Paavoharju,FAKE,1,Electronic,musicgen,val,9694
seg_009695,sample_03330,Nuo Maisemat - Paavoharju,FAKE,1,Electronic,musicgen,val,9695
seg_009696,sample_03331,Ohtli - Seclorance,FAKE,1,Electronic,musicgen,train,9696
seg_009697,sample_03331,Ohtli - Seclorance,FAKE,1,Electronic,musicgen,train,9697
seg_009698,sample_03331,Ohtli - Seclorance,FAKE,1,Electronic,musicgen,train,9698
seg_009699,sample_03332,Okiirobo Navigation System - Henry Homesweet,FAKE,1,Electronic,musicgen,train,9699
seg_009700,sample_03332,Okiirobo Navigation System - Henry Homesweet,FAKE,1,Electronic,musicgen,train,9700
seg_009701,sample_03332,Okiirobo Navigation System - Henry Homesweet,FAKE,1,Electronic,musicgen,train,9701
seg_009702,sample_03333,One Eyed Ghost/This is gonna be a rough show - The Crypts!,FAKE,1,Rock,musicgen,train,9702
seg_009703,sample_03333,One Eyed Ghost/This is gonna be a rough show - The Crypts!,FAKE,1,Rock,musicgen,train,9703
seg_009704,sample_03333,One Eyed Ghost/This is gonna be a rough show - The Crypts!,FAKE,1,Rock,musicgen,train,9704
seg_009705,sample_03334,Only Instrumental - Broke For Free,FAKE,1,Electronic,musicgen,train,9705
seg_009706,sample_03334,Only Instrumental - Broke For Free,FAKE,1,Electronic,musicgen,train,9706
seg_009707,sample_03334,Only Instrumental - Broke For Free,FAKE,1,Electronic,musicgen,train,9707
seg_009708,sample_03335,On My Mind - Ergo Phizmiz,FAKE,1,Pop,musicgen,train,9708
seg_009709,sample_03335,On My Mind - Ergo Phizmiz,FAKE,1,Pop,musicgen,train,9709
seg_009710,sample_03335,On My Mind - Ergo Phizmiz,FAKE,1,Pop,musicgen,train,9710
seg_009711,sample_03336,OOOTHERSIDE - Liquid Paper - Mike B. Fort,FAKE,1,Electronic,musicgen,train,9711
seg_009712,sample_03336,OOOTHERSIDE - Liquid Paper - Mike B. Fort,FAKE,1,Electronic,musicgen,train,9712
seg_009713,sample_03336,OOOTHERSIDE - Liquid Paper - Mike B. Fort,FAKE,1,Electronic,musicgen,train,9713
seg_009714,sample_03337,OOOTHERSIDE - This Time - Mike B. Fort,FAKE,1,Electronic,musicgen,train,9714
seg_009715,sample_03337,OOOTHERSIDE - This Time - Mike B. Fort,FAKE,1,Electronic,musicgen,train,9715
seg_009716,sample_03337,OOOTHERSIDE - This Time - Mike B. Fort,FAKE,1,Electronic,musicgen,train,9716
seg_009717,sample_03338,OST 04 Ship under attack - sawsquarenoise,FAKE,1,Electronic,musicgen,train,9717
seg_009718,sample_03338,OST 04 Ship under attack - sawsquarenoise,FAKE,1,Electronic,musicgen,train,9718
seg_009719,sample_03338,OST 04 Ship under attack - sawsquarenoise,FAKE,1,Electronic,musicgen,train,9719
seg_009720,sample_03339,Outro - Caleb Lemond,FAKE,1,Pop,musicgen,train,9720
seg_009721,sample_03339,Outro - Caleb Lemond,FAKE,1,Pop,musicgen,train,9721
seg_009722,sample_03339,Outro - Caleb Lemond,FAKE,1,Pop,musicgen,train,9722
seg_009723,sample_03340,Paris - Fleslit,FAKE,1,Electronic,musicgen,train,9723
seg_009724,sample_03340,Paris - Fleslit,FAKE,1,Electronic,musicgen,train,9724
seg_009725,sample_03340,Paris - Fleslit,FAKE,1,Electronic,musicgen,train,9725
seg_009726,sample_03341,philcollins takes your hand - Katapulto,FAKE,1,Pop,musicgen,train,9726
seg_009727,sample_03341,philcollins takes your hand - Katapulto,FAKE,1,Pop,musicgen,train,9727
seg_009728,sample_03341,philcollins takes your hand - Katapulto,FAKE,1,Pop,musicgen,train,9728
seg_009729,sample_03342,Pista Afuera - Epstein,FAKE,1,Electronic,musicgen,test,9729
seg_009730,sample_03342,Pista Afuera - Epstein,FAKE,1,Electronic,musicgen,test,9730
seg_009731,sample_03342,Pista Afuera - Epstein,FAKE,1,Electronic,musicgen,test,9731
seg_009732,sample_03343,Polinesia - Malaventura,FAKE,1,Pop,musicgen,train,9732
seg_009733,sample_03343,Polinesia - Malaventura,FAKE,1,Pop,musicgen,train,9733
seg_009734,sample_03343,Polinesia - Malaventura,FAKE,1,Pop,musicgen,train,9734
seg_009735,sample_03344,Ponky McFonky - My brother Daniel,FAKE,1,Electronic,musicgen,train,9735
seg_009736,sample_03344,Ponky McFonky - My brother Daniel,FAKE,1,Electronic,musicgen,train,9736
seg_009737,sample_03344,Ponky McFonky - My brother Daniel,FAKE,1,Electronic,musicgen,train,9737
seg_009738,sample_03345,Production - Bird Names,FAKE,1,Pop,musicgen,test,9738
seg_009739,sample_03345,Production - Bird Names,FAKE,1,Pop,musicgen,test,9739
seg_009740,sample_03345,Production - Bird Names,FAKE,1,Pop,musicgen,test,9740
seg_009741,sample_03346,Promo Mix Vocal Edit (Luv Dub Mix) - Pierlo,FAKE,1,Electronic,musicgen,train,9741
seg_009742,sample_03346,Promo Mix Vocal Edit (Luv Dub Mix) - Pierlo,FAKE,1,Electronic,musicgen,train,9742
seg_009743,sample_03346,Promo Mix Vocal Edit (Luv Dub Mix) - Pierlo,FAKE,1,Electronic,musicgen,train,9743
seg_009744,sample_03347,Puertas de Fuego - Guerra de Cerdos,FAKE,1,Rock,musicgen,test,9744
seg_009745,sample_03347,Puertas de Fuego - Guerra de Cerdos,FAKE,1,Rock,musicgen,test,9745
seg_009746,sample_03347,Puertas de Fuego - Guerra de Cerdos,FAKE,1,Rock,musicgen,test,9746
seg_009747,sample_03348,purity & danger - Katapulto,FAKE,1,Pop,musicgen,train,9747
seg_009748,sample_03348,purity & danger - Katapulto,FAKE,1,Pop,musicgen,train,9748
seg_009749,sample_03348,purity & danger - Katapulto,FAKE,1,Pop,musicgen,train,9749
seg_009750,sample_03349,Reagan Shut Down the Asylums - Punk Rock Opera,FAKE,1,Rock,musicgen,train,9750
seg_009751,sample_03349,Reagan Shut Down the Asylums - Punk Rock Opera,FAKE,1,Rock,musicgen,train,9751
seg_009752,sample_03349,Reagan Shut Down the Asylums - Punk Rock Opera,FAKE,1,Rock,musicgen,train,9752
seg_009753,sample_03350,Realize Me - Jim Rooster,FAKE,1,Electronic,musicgen,test,9753
seg_009754,sample_03350,Realize Me - Jim Rooster,FAKE,1,Electronic,musicgen,test,9754
seg_009755,sample_03350,Realize Me - Jim Rooster,FAKE,1,Electronic,musicgen,test,9755
seg_009756,sample_03351,Redlight - Room For A Ghost,FAKE,1,Rock,musicgen,val,9756
seg_009757,sample_03351,Redlight - Room For A Ghost,FAKE,1,Rock,musicgen,val,9757
seg_009758,sample_03351,Redlight - Room For A Ghost,FAKE,1,Rock,musicgen,val,9758
seg_009759,sample_03352,Resistentialism - Nihilore,FAKE,1,Electronic,musicgen,test,9759
seg_009760,sample_03352,Resistentialism - Nihilore,FAKE,1,Electronic,musicgen,test,9760
seg_009761,sample_03352,Resistentialism - Nihilore,FAKE,1,Electronic,musicgen,test,9761
seg_009762,sample_03353,Roach-Man - Punk Rock Opera,FAKE,1,Rock,musicgen,train,9762
seg_009763,sample_03353,Roach-Man - Punk Rock Opera,FAKE,1,Rock,musicgen,train,9763
seg_009764,sample_03353,Roach-Man - Punk Rock Opera,FAKE,1,Rock,musicgen,train,9764
seg_009765,sample_03354,Robocall - Legally Blind,FAKE,1,Rock,musicgen,train,9765
seg_009766,sample_03354,Robocall - Legally Blind,FAKE,1,Rock,musicgen,train,9766
seg_009767,sample_03354,Robocall - Legally Blind,FAKE,1,Rock,musicgen,train,9767
seg_009768,sample_03355,Robot Heart - Mystery Mammal,FAKE,1,Electronic,musicgen,train,9768
seg_009769,sample_03355,Robot Heart - Mystery Mammal,FAKE,1,Electronic,musicgen,train,9769
seg_009770,sample_03355,Robot Heart - Mystery Mammal,FAKE,1,Electronic,musicgen,train,9770
seg_009771,sample_03356,Roland Garros 2048 - Zoliborz,FAKE,1,Rock,musicgen,train,9771
seg_009772,sample_03356,Roland Garros 2048 - Zoliborz,FAKE,1,Rock,musicgen,train,9772
seg_009773,sample_03356,Roland Garros 2048 - Zoliborz,FAKE,1,Rock,musicgen,train,9773
seg_009774,sample_03357,Roller Star - Monroeville Music Center,FAKE,1,Pop,musicgen,val,9774
seg_009775,sample_03357,Roller Star - Monroeville Music Center,FAKE,1,Pop,musicgen,val,9775
seg_009776,sample_03357,Roller Star - Monroeville Music Center,FAKE,1,Pop,musicgen,val,9776
seg_009777,sample_03358,Rolling On - Avaren,FAKE,1,Electronic,musicgen,train,9777
seg_009778,sample_03358,Rolling On - Avaren,FAKE,1,Electronic,musicgen,train,9778
seg_009779,sample_03358,Rolling On - Avaren,FAKE,1,Electronic,musicgen,train,9779
seg_009780,sample_03359,"Roundtrip - Oh Yeah, the Future",FAKE,1,Pop,musicgen,val,9780
seg_009781,sample_03359,"Roundtrip - Oh Yeah, the Future",FAKE,1,Pop,musicgen,val,9781
seg_009782,sample_03359,"Roundtrip - Oh Yeah, the Future",FAKE,1,Pop,musicgen,val,9782
seg_009783,sample_03360,Rumble - Railkid Station,FAKE,1,Rock,musicgen,train,9783
seg_009784,sample_03360,Rumble - Railkid Station,FAKE,1,Rock,musicgen,train,9784
seg_009785,sample_03360,Rumble - Railkid Station,FAKE,1,Rock,musicgen,train,9785
seg_009786,sample_03361,Running Free - Michett featuring Kalipluche,FAKE,1,Electronic,musicgen,train,9786
seg_009787,sample_03361,Running Free - Michett featuring Kalipluche,FAKE,1,Electronic,musicgen,train,9787
seg_009788,sample_03361,Running Free - Michett featuring Kalipluche,FAKE,1,Electronic,musicgen,train,9788
seg_009789,sample_03362,Scape from the city - Rolemusic,FAKE,1,Electronic,musicgen,train,9789
seg_009790,sample_03362,Scape from the city - Rolemusic,FAKE,1,Electronic,musicgen,train,9790
seg_009791,sample_03362,Scape from the city - Rolemusic,FAKE,1,Electronic,musicgen,train,9791
seg_009792,sample_03363,Scramby Eggs - Andy G. Cohen,FAKE,1,Rock,musicgen,val,9792
seg_009793,sample_03363,Scramby Eggs - Andy G. Cohen,FAKE,1,Rock,musicgen,val,9793
seg_009794,sample_03363,Scramby Eggs - Andy G. Cohen,FAKE,1,Rock,musicgen,val,9794
seg_009795,sample_03364,SD (Ill Mix) - H-LR,FAKE,1,Electronic,musicgen,val,9795
seg_009796,sample_03364,SD (Ill Mix) - H-LR,FAKE,1,Electronic,musicgen,val,9796
seg_009797,sample_03364,SD (Ill Mix) - H-LR,FAKE,1,Electronic,musicgen,val,9797
seg_009798,sample_03365,Sea Monster - The Crypts!,FAKE,1,Rock,musicgen,train,9798
seg_009799,sample_03365,Sea Monster - The Crypts!,FAKE,1,Rock,musicgen,train,9799
seg_009800,sample_03365,Sea Monster - The Crypts!,FAKE,1,Rock,musicgen,train,9800
seg_009801,sample_03366,Seppuku Bot - Decktonic,FAKE,1,Electronic,musicgen,train,9801
seg_009802,sample_03366,Seppuku Bot - Decktonic,FAKE,1,Electronic,musicgen,train,9802
seg_009803,sample_03366,Seppuku Bot - Decktonic,FAKE,1,Electronic,musicgen,train,9803
seg_009804,sample_03367,Set Fire to Creation - Nihilore,FAKE,1,Electronic,musicgen,test,9804
seg_009805,sample_03367,Set Fire to Creation - Nihilore,FAKE,1,Electronic,musicgen,test,9805
seg_009806,sample_03367,Set Fire to Creation - Nihilore,FAKE,1,Electronic,musicgen,test,9806
seg_009807,sample_03368,Sfogare Il Dissenso - Deiezione HC,FAKE,1,Rock,musicgen,test,9807
seg_009808,sample_03368,Sfogare Il Dissenso - Deiezione HC,FAKE,1,Rock,musicgen,test,9808
seg_009809,sample_03368,Sfogare Il Dissenso - Deiezione HC,FAKE,1,Rock,musicgen,test,9809
seg_009810,sample_03369,Shadow Government - Bird Names,FAKE,1,Pop,musicgen,train,9810
seg_009811,sample_03369,Shadow Government - Bird Names,FAKE,1,Pop,musicgen,train,9811
seg_009812,sample_03369,Shadow Government - Bird Names,FAKE,1,Pop,musicgen,train,9812
seg_009813,sample_03370,Sheffield Hall - Andy G. Cohen,FAKE,1,Rock,musicgen,train,9813
seg_009814,sample_03370,Sheffield Hall - Andy G. Cohen,FAKE,1,Rock,musicgen,train,9814
seg_009815,sample_03370,Sheffield Hall - Andy G. Cohen,FAKE,1,Rock,musicgen,train,9815
seg_009816,sample_03371,She Works / Tepid Waters - Bird Names,FAKE,1,Pop,musicgen,test,9816
seg_009817,sample_03371,She Works / Tepid Waters - Bird Names,FAKE,1,Pop,musicgen,test,9817
seg_009818,sample_03371,She Works / Tepid Waters - Bird Names,FAKE,1,Pop,musicgen,test,9818
seg_009819,sample_03372,Shipwrecked Crew - Pete Prodoehl,FAKE,1,Rock,musicgen,val,9819
seg_009820,sample_03372,Shipwrecked Crew - Pete Prodoehl,FAKE,1,Rock,musicgen,val,9820
seg_009821,sample_03372,Shipwrecked Crew - Pete Prodoehl,FAKE,1,Rock,musicgen,val,9821
seg_009822,sample_03373,shmoove - epsilon not,FAKE,1,Electronic,musicgen,train,9822
seg_009823,sample_03373,shmoove - epsilon not,FAKE,1,Electronic,musicgen,train,9823
seg_009824,sample_03373,shmoove - epsilon not,FAKE,1,Electronic,musicgen,train,9824
seg_009825,sample_03374,Slot - Neotnas,FAKE,1,Electronic,musicgen,train,9825
seg_009826,sample_03374,Slot - Neotnas,FAKE,1,Electronic,musicgen,train,9826
seg_009827,sample_03374,Slot - Neotnas,FAKE,1,Electronic,musicgen,train,9827
seg_009828,sample_03375,Slow and Steady - Caleb Lemond,FAKE,1,Pop,musicgen,train,9828
seg_009829,sample_03375,Slow and Steady - Caleb Lemond,FAKE,1,Pop,musicgen,train,9829
seg_009830,sample_03375,Slow and Steady - Caleb Lemond,FAKE,1,Pop,musicgen,train,9830
seg_009831,sample_03376,Snakefirewalking - Los Llamarada,FAKE,1,Rock,musicgen,train,9831
seg_009832,sample_03376,Snakefirewalking - Los Llamarada,FAKE,1,Rock,musicgen,train,9832
seg_009833,sample_03376,Snakefirewalking - Los Llamarada,FAKE,1,Rock,musicgen,train,9833
seg_009834,sample_03377,"Snowday - Oh Yeah, the Future",FAKE,1,Pop,musicgen,train,9834
seg_009835,sample_03377,"Snowday - Oh Yeah, the Future",FAKE,1,Pop,musicgen,train,9835
seg_009836,sample_03377,"Snowday - Oh Yeah, the Future",FAKE,1,Pop,musicgen,train,9836
seg_009837,sample_03378,Soleares&beats - Malaventura,FAKE,1,Pop,musicgen,val,9837
seg_009838,sample_03378,Soleares&beats - Malaventura,FAKE,1,Pop,musicgen,val,9838
seg_009839,sample_03378,Soleares&beats - Malaventura,FAKE,1,Pop,musicgen,val,9839
seg_009840,sample_03379,Something Dirty - Ergo Phizmiz,FAKE,1,Pop,musicgen,test,9840
seg_009841,sample_03379,Something Dirty - Ergo Phizmiz,FAKE,1,Pop,musicgen,test,9841
seg_009842,sample_03379,Something Dirty - Ergo Phizmiz,FAKE,1,Pop,musicgen,test,9842
seg_009843,sample_03380,some dextromethorphan - Jeva,FAKE,1,Electronic,musicgen,val,9843
seg_009844,sample_03380,some dextromethorphan - Jeva,FAKE,1,Electronic,musicgen,val,9844
seg_009845,sample_03380,some dextromethorphan - Jeva,FAKE,1,Electronic,musicgen,val,9845
seg_009846,sample_03381,Sonzis FM - Pipe Choir,FAKE,1,Rock,musicgen,test,9846
seg_009847,sample_03381,Sonzis FM - Pipe Choir,FAKE,1,Rock,musicgen,test,9847
seg_009848,sample_03381,Sonzis FM - Pipe Choir,FAKE,1,Rock,musicgen,test,9848
seg_009849,sample_03382,Soul of the Demon - Zombie Raiders,FAKE,1,Rock,musicgen,train,9849
seg_009850,sample_03382,Soul of the Demon - Zombie Raiders,FAKE,1,Rock,musicgen,train,9850
seg_009851,sample_03382,Soul of the Demon - Zombie Raiders,FAKE,1,Rock,musicgen,train,9851
seg_009852,sample_03383,Space is my pace - Malaventura,FAKE,1,Pop,musicgen,train,9852
seg_009853,sample_03383,Space is my pace - Malaventura,FAKE,1,Pop,musicgen,train,9853
seg_009854,sample_03383,Space is my pace - Malaventura,FAKE,1,Pop,musicgen,train,9854
seg_009855,sample_03384,Spanish BEEEYYAAACHHH - Malaventura,FAKE,1,Pop,musicgen,train,9855
seg_009856,sample_03384,Spanish BEEEYYAAACHHH - Malaventura,FAKE,1,Pop,musicgen,train,9856
seg_009857,sample_03384,Spanish BEEEYYAAACHHH - Malaventura,FAKE,1,Pop,musicgen,train,9857
seg_009858,sample_03385,Stockholm Syndrome / People Should Be More Aware - Bird Names,FAKE,1,Pop,musicgen,val,9858
seg_009859,sample_03385,Stockholm Syndrome / People Should Be More Aware - Bird Names,FAKE,1,Pop,musicgen,val,9859
seg_009860,sample_03385,Stockholm Syndrome / People Should Be More Aware - Bird Names,FAKE,1,Pop,musicgen,val,9860
seg_009861,sample_03386,Stranger - Frigg A Go Go (F.A.G.G.),FAKE,1,Rock,musicgen,train,9861
seg_009862,sample_03386,Stranger - Frigg A Go Go (F.A.G.G.),FAKE,1,Rock,musicgen,train,9862
seg_009863,sample_03386,Stranger - Frigg A Go Go (F.A.G.G.),FAKE,1,Rock,musicgen,train,9863
seg_009864,sample_03387,Straw Fields - Rolemusic,FAKE,1,Electronic,musicgen,train,9864
seg_009865,sample_03387,Straw Fields - Rolemusic,FAKE,1,Electronic,musicgen,train,9865
seg_009866,sample_03387,Straw Fields - Rolemusic,FAKE,1,Electronic,musicgen,train,9866
seg_009867,sample_03388,Strongbreeze - Rowan Box,FAKE,1,Electronic,musicgen,train,9867
seg_009868,sample_03388,Strongbreeze - Rowan Box,FAKE,1,Electronic,musicgen,train,9868
seg_009869,sample_03388,Strongbreeze - Rowan Box,FAKE,1,Electronic,musicgen,train,9869
seg_009870,sample_03389,Sturgeon's Law - Nihilore,FAKE,1,Electronic,musicgen,val,9870
seg_009871,sample_03389,Sturgeon's Law - Nihilore,FAKE,1,Electronic,musicgen,val,9871
seg_009872,sample_03389,Sturgeon's Law - Nihilore,FAKE,1,Electronic,musicgen,val,9872
seg_009873,sample_03390,Stuttgart - Portrayal,FAKE,1,Rock,musicgen,test,9873
seg_009874,sample_03390,Stuttgart - Portrayal,FAKE,1,Rock,musicgen,test,9874
seg_009875,sample_03390,Stuttgart - Portrayal,FAKE,1,Rock,musicgen,test,9875
seg_009876,sample_03391,Support Me in This Moment That I'm About To Lose Heart - Nihilore,FAKE,1,Electronic,musicgen,test,9876
seg_009877,sample_03391,Support Me in This Moment That I'm About To Lose Heart - Nihilore,FAKE,1,Electronic,musicgen,test,9877
seg_009878,sample_03391,Support Me in This Moment That I'm About To Lose Heart - Nihilore,FAKE,1,Electronic,musicgen,test,9878
seg_009879,sample_03392,Take It All - Mod Fun,FAKE,1,Rock,musicgen,train,9879
seg_009880,sample_03392,Take It All - Mod Fun,FAKE,1,Rock,musicgen,train,9880
seg_009881,sample_03392,Take It All - Mod Fun,FAKE,1,Rock,musicgen,train,9881
seg_009882,sample_03393,Take Your Fingers - Michael Fakesch,FAKE,1,Electronic,musicgen,train,9882
seg_009883,sample_03393,Take Your Fingers - Michael Fakesch,FAKE,1,Electronic,musicgen,train,9883
seg_009884,sample_03393,Take Your Fingers - Michael Fakesch,FAKE,1,Electronic,musicgen,train,9884
seg_009885,sample_03394,Tapes - Gumbel,FAKE,1,Electronic,musicgen,train,9885
seg_009886,sample_03394,Tapes - Gumbel,FAKE,1,Electronic,musicgen,train,9886
seg_009887,sample_03394,Tapes - Gumbel,FAKE,1,Electronic,musicgen,train,9887
seg_009888,sample_03395,Tartu Tähän Hetkeen - Paavoharju,FAKE,1,Electronic,musicgen,train,9888
seg_009889,sample_03395,Tartu Tähän Hetkeen - Paavoharju,FAKE,1,Electronic,musicgen,train,9889
seg_009890,sample_03395,Tartu Tähän Hetkeen - Paavoharju,FAKE,1,Electronic,musicgen,train,9890
seg_009891,sample_03396,Terve Teille - Чокнутый Пропеллер,FAKE,1,Rock,musicgen,test,9891
seg_009892,sample_03396,Terve Teille - Чокнутый Пропеллер,FAKE,1,Rock,musicgen,test,9892
seg_009893,sample_03396,Terve Teille - Чокнутый Пропеллер,FAKE,1,Rock,musicgen,test,9893
seg_009894,sample_03397,The Adventures Of Roderick Random - Maps And Diagrams,FAKE,1,Electronic,musicgen,test,9894
seg_009895,sample_03397,The Adventures Of Roderick Random - Maps And Diagrams,FAKE,1,Electronic,musicgen,test,9895
seg_009896,sample_03397,The Adventures Of Roderick Random - Maps And Diagrams,FAKE,1,Electronic,musicgen,test,9896
seg_009897,sample_03398,The Big House - Jason Shaw,FAKE,1,Electronic,musicgen,train,9897
seg_009898,sample_03398,The Big House - Jason Shaw,FAKE,1,Electronic,musicgen,train,9898
seg_009899,sample_03398,The Big House - Jason Shaw,FAKE,1,Electronic,musicgen,train,9899
seg_009900,sample_03399,The Boss - Multifaros,FAKE,1,Electronic,musicgen,train,9900
seg_009901,sample_03399,The Boss - Multifaros,FAKE,1,Electronic,musicgen,train,9901
seg_009902,sample_03399,The Boss - Multifaros,FAKE,1,Electronic,musicgen,train,9902
seg_009903,sample_03400,The Cave of Time - Monroeville Music Center,FAKE,1,Pop,musicgen,train,9903
seg_009904,sample_03400,The Cave of Time - Monroeville Music Center,FAKE,1,Pop,musicgen,train,9904
seg_009905,sample_03400,The Cave of Time - Monroeville Music Center,FAKE,1,Pop,musicgen,train,9905
seg_009906,sample_03401,The Coldest Winter - Caleb Lemond,FAKE,1,Pop,musicgen,train,9906
seg_009907,sample_03401,The Coldest Winter - Caleb Lemond,FAKE,1,Pop,musicgen,train,9907
seg_009908,sample_03401,The Coldest Winter - Caleb Lemond,FAKE,1,Pop,musicgen,train,9908
seg_009909,sample_03402,The Contract - The IMG,FAKE,1,Rock,musicgen,train,9909
seg_009910,sample_03402,The Contract - The IMG,FAKE,1,Rock,musicgen,train,9910
seg_009911,sample_03402,The Contract - The IMG,FAKE,1,Rock,musicgen,train,9911
seg_009912,sample_03403,The Courtyard - Uncle Bibby,FAKE,1,Electronic,musicgen,train,9912
seg_009913,sample_03403,The Courtyard - Uncle Bibby,FAKE,1,Electronic,musicgen,train,9913
seg_009914,sample_03403,The Courtyard - Uncle Bibby,FAKE,1,Electronic,musicgen,train,9914
seg_009915,sample_03404,The Dawn - The One They Fear,FAKE,1,Rock,musicgen,train,9915
seg_009916,sample_03404,The Dawn - The One They Fear,FAKE,1,Rock,musicgen,train,9916
seg_009917,sample_03404,The Dawn - The One They Fear,FAKE,1,Rock,musicgen,train,9917
seg_009918,sample_03405,The Dream and the Dreamer - Caleb Lemond,FAKE,1,Pop,musicgen,train,9918
seg_009919,sample_03405,The Dream and the Dreamer - Caleb Lemond,FAKE,1,Pop,musicgen,train,9919
seg_009920,sample_03405,The Dream and the Dreamer - Caleb Lemond,FAKE,1,Pop,musicgen,train,9920
seg_009921,sample_03406,The Factory - Multifaros,FAKE,1,Electronic,musicgen,train,9921
seg_009922,sample_03406,The Factory - Multifaros,FAKE,1,Electronic,musicgen,train,9922
seg_009923,sample_03406,The Factory - Multifaros,FAKE,1,Electronic,musicgen,train,9923
seg_009924,sample_03407,The Front Yard - HarleyLikesMusic,FAKE,1,Electronic,musicgen,train,9924
seg_009925,sample_03407,The Front Yard - HarleyLikesMusic,FAKE,1,Electronic,musicgen,train,9925
seg_009926,sample_03407,The Front Yard - HarleyLikesMusic,FAKE,1,Electronic,musicgen,train,9926
seg_009927,sample_03408,The girl just faded - Los Llamarada,FAKE,1,Rock,musicgen,val,9927
seg_009928,sample_03408,The girl just faded - Los Llamarada,FAKE,1,Rock,musicgen,val,9928
seg_009929,sample_03408,The girl just faded - Los Llamarada,FAKE,1,Rock,musicgen,val,9929
seg_009930,sample_03409,The Monster Mash/Ya Look Fantastic - The Crypts!,FAKE,1,Rock,musicgen,train,9930
seg_009931,sample_03409,The Monster Mash/Ya Look Fantastic - The Crypts!,FAKE,1,Rock,musicgen,train,9931
seg_009932,sample_03409,The Monster Mash/Ya Look Fantastic - The Crypts!,FAKE,1,Rock,musicgen,train,9932
seg_009933,sample_03410,The plot - Malaventura,FAKE,1,Pop,musicgen,train,9933
seg_009934,sample_03410,The plot - Malaventura,FAKE,1,Pop,musicgen,train,9934
seg_009935,sample_03410,The plot - Malaventura,FAKE,1,Pop,musicgen,train,9935
seg_009936,sample_03411,"The Pursuit of Unintentional Humor - Oh Yeah, the Future",FAKE,1,Pop,musicgen,test,9936
seg_009937,sample_03411,"The Pursuit of Unintentional Humor - Oh Yeah, the Future",FAKE,1,Pop,musicgen,test,9937
seg_009938,sample_03411,"The Pursuit of Unintentional Humor - Oh Yeah, the Future",FAKE,1,Pop,musicgen,test,9938
seg_009939,sample_03412,The Queen - Malaventura,FAKE,1,Pop,musicgen,train,9939
seg_009940,sample_03412,The Queen - Malaventura,FAKE,1,Pop,musicgen,train,9940
seg_009941,sample_03412,The Queen - Malaventura,FAKE,1,Pop,musicgen,train,9941
seg_009942,sample_03413,The Race Forever - Monroeville Music Center,FAKE,1,Pop,musicgen,train,9942
seg_009943,sample_03413,The Race Forever - Monroeville Music Center,FAKE,1,Pop,musicgen,train,9943
seg_009944,sample_03413,The Race Forever - Monroeville Music Center,FAKE,1,Pop,musicgen,train,9944
seg_009945,sample_03414,The Reality Machine - Monroeville Music Center,FAKE,1,Pop,musicgen,train,9945
seg_009946,sample_03414,The Reality Machine - Monroeville Music Center,FAKE,1,Pop,musicgen,train,9946
seg_009947,sample_03414,The Reality Machine - Monroeville Music Center,FAKE,1,Pop,musicgen,train,9947
seg_009948,sample_03415,The Sandman - Ergo Phizmiz,FAKE,1,Pop,musicgen,train,9948
seg_009949,sample_03415,The Sandman - Ergo Phizmiz,FAKE,1,Pop,musicgen,train,9949
seg_009950,sample_03415,The Sandman - Ergo Phizmiz,FAKE,1,Pop,musicgen,train,9950
seg_009951,sample_03416,The Secret Garden - Barbarix,FAKE,1,Electronic,musicgen,test,9951
seg_009952,sample_03416,The Secret Garden - Barbarix,FAKE,1,Electronic,musicgen,test,9952
seg_009953,sample_03416,The Secret Garden - Barbarix,FAKE,1,Electronic,musicgen,test,9953
seg_009954,sample_03417,The Stairway - WarpToken,FAKE,1,Electronic,musicgen,val,9954
seg_009955,sample_03417,The Stairway - WarpToken,FAKE,1,Electronic,musicgen,val,9955
seg_009956,sample_03417,The Stairway - WarpToken,FAKE,1,Electronic,musicgen,val,9956
seg_009957,sample_03418,Three Bird - My brother Daniel,FAKE,1,Electronic,musicgen,val,9957
seg_009958,sample_03418,Three Bird - My brother Daniel,FAKE,1,Electronic,musicgen,val,9958
seg_009959,sample_03418,Three Bird - My brother Daniel,FAKE,1,Electronic,musicgen,val,9959
seg_009960,sample_03419,Timen Passing By - Jason Shaw,FAKE,1,Electronic,musicgen,val,9960
seg_009961,sample_03419,Timen Passing By - Jason Shaw,FAKE,1,Electronic,musicgen,val,9961
seg_009962,sample_03419,Timen Passing By - Jason Shaw,FAKE,1,Electronic,musicgen,val,9962
seg_009963,sample_03420,Time Is Love - Silence is full of birds,FAKE,1,Pop,musicgen,val,9963
seg_009964,sample_03420,Time Is Love - Silence is full of birds,FAKE,1,Pop,musicgen,val,9964
seg_009965,sample_03420,Time Is Love - Silence is full of birds,FAKE,1,Pop,musicgen,val,9965
seg_009966,sample_03421,Time Up - ENDRUDARK,FAKE,1,Electronic,musicgen,train,9966
seg_009967,sample_03421,Time Up - ENDRUDARK,FAKE,1,Electronic,musicgen,train,9967
seg_009968,sample_03421,Time Up - ENDRUDARK,FAKE,1,Electronic,musicgen,train,9968
seg_009969,sample_03422,Topam - Twin Heads,FAKE,1,Electronic,musicgen,train,9969
seg_009970,sample_03422,Topam - Twin Heads,FAKE,1,Electronic,musicgen,train,9970
seg_009971,sample_03422,Topam - Twin Heads,FAKE,1,Electronic,musicgen,train,9971
seg_009972,sample_03423,Track 04 - Lightning Bolt,FAKE,1,Rock,musicgen,train,9972
seg_009973,sample_03423,Track 04 - Lightning Bolt,FAKE,1,Rock,musicgen,train,9973
seg_009974,sample_03423,Track 04 - Lightning Bolt,FAKE,1,Rock,musicgen,train,9974
seg_009975,sample_03424,Transmit - Lamprey,FAKE,1,Rock,musicgen,train,9975
seg_009976,sample_03424,Transmit - Lamprey,FAKE,1,Rock,musicgen,train,9976
seg_009977,sample_03424,Transmit - Lamprey,FAKE,1,Rock,musicgen,train,9977
seg_009978,sample_03425,Troubles I've seen - Malaventura,FAKE,1,Pop,musicgen,test,9978
seg_009979,sample_03425,Troubles I've seen - Malaventura,FAKE,1,Pop,musicgen,test,9979
seg_009980,sample_03425,Troubles I've seen - Malaventura,FAKE,1,Pop,musicgen,test,9980
seg_009981,sample_03426,TTL - Twin Heads,FAKE,1,Electronic,musicgen,train,9981
seg_009982,sample_03426,TTL - Twin Heads,FAKE,1,Electronic,musicgen,train,9982
seg_009983,sample_03426,TTL - Twin Heads,FAKE,1,Electronic,musicgen,train,9983
seg_009984,sample_03427,Ugh! Humans Can Join - Mystery Mammal,FAKE,1,Electronic,musicgen,test,9984
seg_009985,sample_03427,Ugh! Humans Can Join - Mystery Mammal,FAKE,1,Electronic,musicgen,test,9985
seg_009986,sample_03427,Ugh! Humans Can Join - Mystery Mammal,FAKE,1,Electronic,musicgen,test,9986
seg_009987,sample_03428,Ugly - Vienna Ditto,FAKE,1,Electronic,musicgen,train,9987
seg_009988,sample_03428,Ugly - Vienna Ditto,FAKE,1,Electronic,musicgen,train,9988
seg_009989,sample_03428,Ugly - Vienna Ditto,FAKE,1,Electronic,musicgen,train,9989
seg_009990,sample_03429,Understand That This Is A Dream - From the album Modulating Coil [RSVP008] - Forrest James,FAKE,1,Electronic,musicgen,val,9990
seg_009991,sample_03429,Understand That This Is A Dream - From the album Modulating Coil [RSVP008] - Forrest James,FAKE,1,Electronic,musicgen,val,9991
seg_009992,sample_03429,Understand That This Is A Dream - From the album Modulating Coil [RSVP008] - Forrest James,FAKE,1,Electronic,musicgen,val,9992
seg_009993,sample_03430,Unexpected Little Happenings - UltraCat,FAKE,1,Electronic,musicgen,train,9993
seg_009994,sample_03430,Unexpected Little Happenings - UltraCat,FAKE,1,Electronic,musicgen,train,9994
seg_009995,sample_03430,Unexpected Little Happenings - UltraCat,FAKE,1,Electronic,musicgen,train,9995
seg_009996,sample_03431,Untitled - Fatal Injection,FAKE,1,Rock,musicgen,test,9996
seg_009997,sample_03431,Untitled - Fatal Injection,FAKE,1,Rock,musicgen,test,9997
seg_009998,sample_03431,Untitled - Fatal Injection,FAKE,1,Rock,musicgen,test,9998
seg_009999,sample_03432,Vanishing Horizon - Jason Shaw,FAKE,1,Electronic,musicgen,train,9999
seg_010000,sample_03432,Vanishing Horizon - Jason Shaw,FAKE,1,Electronic,musicgen,train,10000
seg_010001,sample_03432,Vanishing Horizon - Jason Shaw,FAKE,1,Electronic,musicgen,train,10001
seg_010002,sample_03433,Versailles - Pierce Murphy,FAKE,1,Rock,musicgen,train,10002
seg_010003,sample_03433,Versailles - Pierce Murphy,FAKE,1,Rock,musicgen,train,10003
seg_010004,sample_03433,Versailles - Pierce Murphy,FAKE,1,Rock,musicgen,train,10004
seg_010005,sample_03434,Voxel - Andy G. Cohen,FAKE,1,Rock,musicgen,val,10005
seg_010006,sample_03434,Voxel - Andy G. Cohen,FAKE,1,Rock,musicgen,val,10006
seg_010007,sample_03434,Voxel - Andy G. Cohen,FAKE,1,Rock,musicgen,val,10007
seg_010008,sample_03435,Wake Up - The Moi Non Plus,FAKE,1,Rock,musicgen,train,10008
seg_010009,sample_03435,Wake Up - The Moi Non Plus,FAKE,1,Rock,musicgen,train,10009
seg_010010,sample_03435,Wake Up - The Moi Non Plus,FAKE,1,Rock,musicgen,train,10010
seg_010011,sample_03436,Westside Chillers - Little Glass Men,FAKE,1,Electronic,musicgen,val,10011
seg_010012,sample_03436,Westside Chillers - Little Glass Men,FAKE,1,Electronic,musicgen,val,10012
seg_010013,sample_03436,Westside Chillers - Little Glass Men,FAKE,1,Electronic,musicgen,val,10013
seg_010014,sample_03437,WET DREAMS - voyageurs,FAKE,1,Rock,musicgen,train,10014
seg_010015,sample_03437,WET DREAMS - voyageurs,FAKE,1,Rock,musicgen,train,10015
seg_010016,sample_03437,WET DREAMS - voyageurs,FAKE,1,Rock,musicgen,train,10016
seg_010017,sample_03438,We Are Canucks - David Blair,FAKE,1,Pop,musicgen,train,10017
seg_010018,sample_03438,We Are Canucks - David Blair,FAKE,1,Pop,musicgen,train,10018
seg_010019,sample_03438,We Are Canucks - David Blair,FAKE,1,Pop,musicgen,train,10019
seg_010020,sample_03439,We Misplaced A Cobra In the Uninhabitable Mansions - Uninhabitable Mansions,FAKE,1,Rock,musicgen,train,10020
seg_010021,sample_03439,We Misplaced A Cobra In the Uninhabitable Mansions - Uninhabitable Mansions,FAKE,1,Rock,musicgen,train,10021
seg_010022,sample_03439,We Misplaced A Cobra In the Uninhabitable Mansions - Uninhabitable Mansions,FAKE,1,Rock,musicgen,train,10022
seg_010023,sample_03440,We Move in Waves - Modey Lemon,FAKE,1,Rock,musicgen,train,10023
seg_010024,sample_03440,We Move in Waves - Modey Lemon,FAKE,1,Rock,musicgen,train,10024
seg_010025,sample_03440,We Move in Waves - Modey Lemon,FAKE,1,Rock,musicgen,train,10025
seg_010026,sample_03441,When I Was Taller - Dan Deacon,FAKE,1,Electronic,musicgen,train,10026
seg_010027,sample_03441,When I Was Taller - Dan Deacon,FAKE,1,Electronic,musicgen,train,10027
seg_010028,sample_03441,When I Was Taller - Dan Deacon,FAKE,1,Electronic,musicgen,train,10028
seg_010029,sample_03442,When Will We Ever Learn - Ontayso,FAKE,1,Electronic,musicgen,train,10029
seg_010030,sample_03442,When Will We Ever Learn - Ontayso,FAKE,1,Electronic,musicgen,train,10030
seg_010031,sample_03442,When Will We Ever Learn - Ontayso,FAKE,1,Electronic,musicgen,train,10031
seg_010032,sample_03443,Where Is Everything - The Moi Non Plus,FAKE,1,Rock,musicgen,test,10032
seg_010033,sample_03443,Where Is Everything - The Moi Non Plus,FAKE,1,Rock,musicgen,test,10033
seg_010034,sample_03443,Where Is Everything - The Moi Non Plus,FAKE,1,Rock,musicgen,test,10034
seg_010035,sample_03444,Who Loves You Dear - Mink Lungs,FAKE,1,Rock,musicgen,test,10035
seg_010036,sample_03444,Who Loves You Dear - Mink Lungs,FAKE,1,Rock,musicgen,test,10036
seg_010037,sample_03444,Who Loves You Dear - Mink Lungs,FAKE,1,Rock,musicgen,test,10037
seg_010038,sample_03445,Windows of the Skull (Alternate Version) - Sarin,FAKE,1,Rock,musicgen,train,10038
seg_010039,sample_03445,Windows of the Skull (Alternate Version) - Sarin,FAKE,1,Rock,musicgen,train,10039
seg_010040,sample_03445,Windows of the Skull (Alternate Version) - Sarin,FAKE,1,Rock,musicgen,train,10040
seg_010041,sample_03446,Wir Werden Gott - Japanische Kampfhorspiele,FAKE,1,Rock,musicgen,train,10041
seg_010042,sample_03446,Wir Werden Gott - Japanische Kampfhorspiele,FAKE,1,Rock,musicgen,train,10042
seg_010043,sample_03446,Wir Werden Gott - Japanische Kampfhorspiele,FAKE,1,Rock,musicgen,train,10043
seg_010044,sample_03447,"With the Summer - Oh Yeah, the Future",FAKE,1,Pop,musicgen,train,10044
seg_010045,sample_03447,"With the Summer - Oh Yeah, the Future",FAKE,1,Pop,musicgen,train,10045
seg_010046,sample_03447,"With the Summer - Oh Yeah, the Future",FAKE,1,Pop,musicgen,train,10046
seg_010047,sample_03448,Ynkelig - Die Morgendammerung Des Valhalla,FAKE,1,Rock,musicgen,train,10047
seg_010048,sample_03448,Ynkelig - Die Morgendammerung Des Valhalla,FAKE,1,Rock,musicgen,train,10048
seg_010049,sample_03448,Ynkelig - Die Morgendammerung Des Valhalla,FAKE,1,Rock,musicgen,train,10049
seg_010050,sample_03449,Yoko live at FoEG - Emma Acs,FAKE,1,Pop,musicgen,train,10050
seg_010051,sample_03449,Yoko live at FoEG - Emma Acs,FAKE,1,Pop,musicgen,train,10051
seg_010052,sample_03449,Yoko live at FoEG - Emma Acs,FAKE,1,Pop,musicgen,train,10052
seg_010053,sample_03450,You Are A Monster - Monroeville Music Center,FAKE,1,Pop,musicgen,train,10053
seg_010054,sample_03450,You Are A Monster - Monroeville Music Center,FAKE,1,Pop,musicgen,train,10054
seg_010055,sample_03450,You Are A Monster - Monroeville Music Center,FAKE,1,Pop,musicgen,train,10055
seg_010056,sample_03451,Yurtology - Michett,FAKE,1,Electronic,musicgen,test,10056
seg_010057,sample_03451,Yurtology - Michett,FAKE,1,Electronic,musicgen,test,10057
seg_010058,sample_03451,Yurtology - Michett,FAKE,1,Electronic,musicgen,test,10058
seg_010059,sample_03452,zero rhythm dollar boy - Katapulto,FAKE,1,Pop,musicgen,train,10059
seg_010060,sample_03452,zero rhythm dollar boy - Katapulto,FAKE,1,Pop,musicgen,train,10060
seg_010061,sample_03452,zero rhythm dollar boy - Katapulto,FAKE,1,Pop,musicgen,train,10061
seg_010062,sample_03453,Z-Saber (feat Jake Allison) - Decktonic,FAKE,1,Electronic,musicgen,train,10062
seg_010063,sample_03453,Z-Saber (feat Jake Allison) - Decktonic,FAKE,1,Electronic,musicgen,train,10063
seg_010064,sample_03453,Z-Saber (feat Jake Allison) - Decktonic,FAKE,1,Electronic,musicgen,train,10064
seg_010065,sample_03454,Новый Нью-Йорк 2 - Чокнутый Пропеллер,FAKE,1,Rock,musicgen,val,10065
seg_010066,sample_03454,Новый Нью-Йорк 2 - Чокнутый Пропеллер,FAKE,1,Rock,musicgen,val,10066
seg_010067,sample_03454,Новый Нью-Йорк 2 - Чокнутый Пропеллер,FAKE,1,Rock,musicgen,val,10067
seg_010068,sample_03455,Variations - Decktonic,FAKE,1,Electronic,musicgen,train,10068
seg_010069,sample_03455,Variations - Decktonic,FAKE,1,Electronic,musicgen,train,10069
seg_010070,sample_03455,Variations - Decktonic,FAKE,1,Electronic,musicgen,train,10070
seg_010071,sample_03456,Windows of the Skull - Sarin,FAKE,1,Rock,musicgen,val,10071
seg_010072,sample_03456,Windows of the Skull - Sarin,FAKE,1,Rock,musicgen,val,10072
seg_010073,sample_03456,Windows of the Skull - Sarin,FAKE,1,Rock,musicgen,val,10073
seg_010074,sample_03457,Chipho instrumental - RoccoW,FAKE,1,Electronic,musicgen,train,10074
seg_010075,sample_03457,Chipho instrumental - RoccoW,FAKE,1,Electronic,musicgen,train,10075
seg_010076,sample_03457,Chipho instrumental - RoccoW,FAKE,1,Electronic,musicgen,train,10076
