segment_id,track_sample_id,original_audio,label,label_id,genre,generator,split,condition,score,threshold,pred
seg_000009,sample_00003,2Much (Andy Spinelli & Alex Sánchez House Edit) - Tentacles,REAL,0,Electronic,,test,original,0.36398130775213056,0.5685665621681771,0
seg_000010,sample_00003,2Much (Andy Spinelli & Alex Sánchez House Edit) - Tentacles,REAL,0,Electronic,,test,original,0.7731247531976326,0.5685665621681771,1
seg_000011,sample_00003,2Much (Andy Spinelli & Alex Sánchez House Edit) - Tentacles,REAL,0,Electronic,,test,original,0.9013383877991303,0.5685665621681771,1
seg_000012,sample_00004,3 am West End - statusq,REAL,0,Electronic,,test,original,0.13348013502852468,0.5685665621681771,0
seg_000013,sample_00004,3 am West End - statusq,REAL,0,Electronic,,test,original,0.20877954792272008,0.5685665621681771,0
seg_000014,sample_00004,3 am West End - statusq,REAL,0,Electronic,,test,original,0.3569257594810473,0.5685665621681771,0
seg_000015,sample_00005,5 (Lexington) - Isle of Pine,REAL,0,Rock,,test,original,0.3483413207276854,0.5685665621681771,0
seg_000016,sample_00005,5 (Lexington) - Isle of Pine,REAL,0,Rock,,test,original,0.3299041216054747,0.5685665621681771,0
seg_000017,sample_00005,5 (Lexington) - Isle of Pine,REAL,0,Rock,,test,original,0.5278188662814917,0.5685665621681771,0
seg_000063,sample_00021,Attention - Pete Prodoehl,REAL,0,Rock,,test,original,0.07134607834025318,0.5685665621681771,0
seg_000064,sample_00021,Attention - Pete Prodoehl,REAL,0,Rock,,test,original,0.0806671498968492,0.5685665621681771,0
seg_000065,sample_00021,Attention - Pete Prodoehl,REAL,0,Rock,,test,original,0.44838163870651415,0.5685665621681771,0
seg_000084,sample_00028,Bizzy - The Tleilaxu Music Machine,REAL,0,Electronic,,test,original,0.0548875536360344,0.5685665621681771,0
seg_000085,sample_00028,Bizzy - The Tleilaxu Music Machine,REAL,0,Electronic,,test,original,0.09000142258534334,0.5685665621681771,0
seg_000086,sample_00028,Bizzy - The Tleilaxu Music Machine,REAL,0,Electronic,,test,original,0.024401773602476893,0.5685665621681771,0
seg_000135,sample_00045,Dance Harder - Three Chain Links,REAL,0,Electronic,,test,original,0.056502812155909694,0.5685665621681771,0
seg_000136,sample_00045,Dance Harder - Three Chain Links,REAL,0,Electronic,,test,original,0.417050069158244,0.5685665621681771,0
seg_000137,sample_00045,Dance Harder - Three Chain Links,REAL,0,Electronic,,test,original,0.5309039151492317,0.5685665621681771,0
seg_000147,sample_00049,Different Day - First,REAL,0,Pop,,test,original,0.9680929674053701,0.5685665621681771,1
seg_000148,sample_00049,Different Day - First,REAL,0,Pop,,test,original,0.9163931877220207,0.5685665621681771,1
seg_000149,sample_00049,Different Day - First,REAL,0,Pop,,test,original,0.9070971483025692,0.5685665621681771,1
seg_000168,sample_00056,El Burrito - Malaventura,REAL,0,Pop,,test,original,0.07679010096917306,0.5685665621681771,0
seg_000169,sample_00056,El Burrito - Malaventura,REAL,0,Pop,,test,original,0.0809932191059982,0.5685665621681771,0
seg_000170,sample_00056,El Burrito - Malaventura,REAL,0,Pop,,test,original,0.05466469277516609,0.5685665621681771,0
seg_000183,sample_00061,End titles - Itsensäsyöjät,REAL,0,Electronic,,test,original,0.009372665446087086,0.5685665621681771,0
seg_000184,sample_00061,End titles - Itsensäsyöjät,REAL,0,Electronic,,test,original,0.02497402141634622,0.5685665621681771,0
seg_000185,sample_00061,End titles - Itsensäsyöjät,REAL,0,Electronic,,test,original,0.012926719021619893,0.5685665621681771,0
seg_000237,sample_00079,Fuckaboing - RoccoW,REAL,0,Electronic,,test,original,0.0790633087313608,0.5685665621681771,0
seg_000238,sample_00079,Fuckaboing - RoccoW,REAL,0,Electronic,,test,original,0.003499889229159948,0.5685665621681771,0
seg_000239,sample_00079,Fuckaboing - RoccoW,REAL,0,Electronic,,test,original,0.006339675251814486,0.5685665621681771,0
seg_000261,sample_00087,"Head of Ancante, Talking Tree - Ak'chamel, The Giver of Illness",REAL,0,Rock,,test,original,0.005438171972316764,0.5685665621681771,0
seg_000262,sample_00087,"Head of Ancante, Talking Tree - Ak'chamel, The Giver of Illness",REAL,0,Rock,,test,original,0.0048918583064631056,0.5685665621681771,0
seg_000263,sample_00087,"Head of Ancante, Talking Tree - Ak'chamel, The Giver of Illness",REAL,0,Rock,,test,original,0.01106230621404332,0.5685665621681771,0
seg_000267,sample_00089,"Hungry - Oh Yeah, the Future",REAL,0,Pop,,test,original,0.04633065742854114,0.5685665621681771,0
seg_000268,sample_00089,"Hungry - Oh Yeah, the Future",REAL,0,Pop,,test,original,0.17850232839844385,0.5685665621681771,0
seg_000269,sample_00089,"Hungry - Oh Yeah, the Future",REAL,0,Pop,,test,original,0.00543660322163179,0.5685665621681771,0
seg_000270,sample_00090,I - Inflammator,REAL,0,Rock,,test,original,0.03774767000430013,0.5685665621681771,0
seg_000271,sample_00090,I - Inflammator,REAL,0,Rock,,test,original,0.07859250433356761,0.5685665621681771,0
seg_000272,sample_00090,I - Inflammator,REAL,0,Rock,,test,original,0.1574187395122369,0.5685665621681771,0
seg_000345,sample_00115,L'arbre - Salmo,REAL,0,Rock,,test,original,0.29760669588271443,0.5685665621681771,0
seg_000346,sample_00115,L'arbre - Salmo,REAL,0,Rock,,test,original,0.025044788907781827,0.5685665621681771,0
seg_000347,sample_00115,L'arbre - Salmo,REAL,0,Rock,,test,original,0.012536950258144249,0.5685665621681771,0
seg_000348,sample_00116,LIQUID SKULLS - voyageurs,REAL,0,Rock,,test,original,0.014398136619197048,0.5685665621681771,0
seg_000349,sample_00116,LIQUID SKULLS - voyageurs,REAL,0,Rock,,test,original,0.02472689618759809,0.5685665621681771,0
seg_000350,sample_00116,LIQUID SKULLS - voyageurs,REAL,0,Rock,,test,original,0.01275848537539799,0.5685665621681771,0
seg_000363,sample_00121,Leaving Here - Mod Fun,REAL,0,Rock,,test,original,0.011980258151170682,0.5685665621681771,0
seg_000364,sample_00121,Leaving Here - Mod Fun,REAL,0,Rock,,test,original,0.006152471160249431,0.5685665621681771,0
seg_000365,sample_00121,Leaving Here - Mod Fun,REAL,0,Rock,,test,original,0.07933530055471111,0.5685665621681771,0
seg_000366,sample_00122,Let You're Body Move - D SMILEZ,REAL,0,Electronic,,test,original,0.0877564520403627,0.5685665621681771,0
seg_000367,sample_00122,Let You're Body Move - D SMILEZ,REAL,0,Electronic,,test,original,0.021740261202408767,0.5685665621681771,0
seg_000368,sample_00122,Let You're Body Move - D SMILEZ,REAL,0,Electronic,,test,original,0.03561921812332012,0.5685665621681771,0
seg_000369,sample_00123,Let's Start Out Slow - RoccoW,REAL,0,Electronic,,test,original,0.33976651264508556,0.5685665621681771,0
seg_000370,sample_00123,Let's Start Out Slow - RoccoW,REAL,0,Electronic,,test,original,0.27643797070606574,0.5685665621681771,0
seg_000371,sample_00123,Let's Start Out Slow - RoccoW,REAL,0,Electronic,,test,original,0.38995127032604265,0.5685665621681771,0
seg_000396,sample_00132,Love Dream - The Zombie Dandies,REAL,0,Rock,,test,original,0.007320103358309593,0.5685665621681771,0
seg_000397,sample_00132,Love Dream - The Zombie Dandies,REAL,0,Rock,,test,original,0.004777112485830083,0.5685665621681771,0
seg_000398,sample_00132,Love Dream - The Zombie Dandies,REAL,0,Rock,,test,original,0.0017124073259009818,0.5685665621681771,0
seg_000417,sample_00139,Moja Krypta - AmortE,REAL,0,Rock,,test,original,0.7261030748502755,0.5685665621681771,1
seg_000418,sample_00139,Moja Krypta - AmortE,REAL,0,Rock,,test,original,0.5350777291221116,0.5685665621681771,0
seg_000419,sample_00139,Moja Krypta - AmortE,REAL,0,Rock,,test,original,0.913647267014413,0.5685665621681771,1
seg_000432,sample_00144,Motocross Mania - Monroeville Music Center,REAL,0,Pop,,test,original,0.4060190204774279,0.5685665621681771,0
seg_000433,sample_00144,Motocross Mania - Monroeville Music Center,REAL,0,Pop,,test,original,0.02391953249155582,0.5685665621681771,0
seg_000434,sample_00144,Motocross Mania - Monroeville Music Center,REAL,0,Pop,,test,original,0.027102058001573275,0.5685665621681771,0
seg_000438,sample_00146,Music For an Underground Circu - Ergo Phizmiz,REAL,0,Pop,,test,original,0.20145844108655356,0.5685665621681771,0
seg_000439,sample_00146,Music For an Underground Circu - Ergo Phizmiz,REAL,0,Pop,,test,original,0.015199241993757023,0.5685665621681771,0
seg_000440,sample_00146,Music For an Underground Circu - Ergo Phizmiz,REAL,0,Pop,,test,original,0.013184468017544635,0.5685665621681771,0
seg_000462,sample_00154,Night Owl - Broke For Free,REAL,0,Electronic,,test,original,0.09841360344740625,0.5685665621681771,0
seg_000463,sample_00154,Night Owl - Broke For Free,REAL,0,Electronic,,test,original,0.11671029456623037,0.5685665621681771,0
seg_000464,sample_00154,Night Owl - Broke For Free,REAL,0,Electronic,,test,original,0.10418565383712927,0.5685665621681771,0
seg_000513,sample_00171,Pista Afuera - Epstein,REAL,0,Electronic,,test,original,0.006937682159022028,0.5685665621681771,0
seg_000514,sample_00171,Pista Afuera - Epstein,REAL,0,Electronic,,test,original,0.0036560283247600517,0.5685665621681771,0
seg_000515,sample_00171,Pista Afuera - Epstein,REAL,0,Electronic,,test,original,0.0022721714997423065,0.5685665621681771,0
seg_000522,sample_00174,Production - Bird Names,REAL,0,Pop,,test,original,0.04061963853501696,0.5685665621681771,0
seg_000523,sample_00174,Production - Bird Names,REAL,0,Pop,,test,original,0.05108199878833386,0.5685665621681771,0
seg_000524,sample_00174,Production - Bird Names,REAL,0,Pop,,test,original,0.018647852670288793,0.5685665621681771,0
seg_000528,sample_00176,Puertas de Fuego - Guerra de Cerdos,REAL,0,Rock,,test,original,0.004509771972102604,0.5685665621681771,0
seg_000529,sample_00176,Puertas de Fuego - Guerra de Cerdos,REAL,0,Rock,,test,original,0.09969501656953152,0.5685665621681771,0
seg_000530,sample_00176,Puertas de Fuego - Guerra de Cerdos,REAL,0,Rock,,test,original,0.13557570027854343,0.5685665621681771,0
seg_000534,sample_00178,Realize Me - Jim Rooster,REAL,0,Electronic,,test,original,0.022815558121950404,0.5685665621681771,0
seg_000535,sample_00178,Realize Me - Jim Rooster,REAL,0,Electronic,,test,original,0.9050147927199806,0.5685665621681771,1
seg_000536,sample_00178,Realize Me - Jim Rooster,REAL,0,Electronic,,test,original,0.9279085977165757,0.5685665621681771,1
seg_000540,sample_00180,Resistentialism - Nihilore,REAL,0,Electronic,,test,original,0.042486167414608485,0.5685665621681771,0
seg_000541,sample_00180,Resistentialism - Nihilore,REAL,0,Electronic,,test,original,0.07960273130305745,0.5685665621681771,0
seg_000542,sample_00180,Resistentialism - Nihilore,REAL,0,Electronic,,test,original,0.08239022750757498,0.5685665621681771,0
seg_000585,sample_00195,Set Fire to Creation - Nihilore,REAL,0,Electronic,,test,original,0.043091668482763225,0.5685665621681771,0
seg_000586,sample_00195,Set Fire to Creation - Nihilore,REAL,0,Electronic,,test,original,0.02269095514383501,0.5685665621681771,0
seg_000587,sample_00195,Set Fire to Creation - Nihilore,REAL,0,Electronic,,test,original,0.03189939444861559,0.5685665621681771,0
seg_000588,sample_00196,Sfogare Il Dissenso - Deiezione HC,REAL,0,Rock,,test,original,0.0057591727160153155,0.5685665621681771,0
seg_000589,sample_00196,Sfogare Il Dissenso - Deiezione HC,REAL,0,Rock,,test,original,0.024573354021206858,0.5685665621681771,0
seg_000590,sample_00196,Sfogare Il Dissenso - Deiezione HC,REAL,0,Rock,,test,original,0.046546549170310855,0.5685665621681771,0
seg_000594,sample_00198,She Works / Tepid Waters - Bird Names,REAL,0,Pop,,test,original,0.1501936194317726,0.5685665621681771,0
seg_000595,sample_00198,She Works / Tepid Waters - Bird Names,REAL,0,Pop,,test,original,0.10520548307306773,0.5685665621681771,0
seg_000596,sample_00198,She Works / Tepid Waters - Bird Names,REAL,0,Pop,,test,original,0.11798575418993464,0.5685665621681771,0
seg_000618,sample_00206,Something Dirty - Ergo Phizmiz,REAL,0,Pop,,test,original,0.03316946489634163,0.5685665621681771,0
seg_000619,sample_00206,Something Dirty - Ergo Phizmiz,REAL,0,Pop,,test,original,0.03422529006710216,0.5685665621681771,0
seg_000620,sample_00206,Something Dirty - Ergo Phizmiz,REAL,0,Pop,,test,original,0.011982160645289473,0.5685665621681771,0
seg_000621,sample_00207,Sonzis FM - Pipe Choir,REAL,0,Rock,,test,original,0.05087435288910184,0.5685665621681771,0
seg_000622,sample_00207,Sonzis FM - Pipe Choir,REAL,0,Rock,,test,original,0.05195171803866022,0.5685665621681771,0
seg_000623,sample_00207,Sonzis FM - Pipe Choir,REAL,0,Rock,,test,original,0.04009715498296268,0.5685665621681771,0
seg_000648,sample_00216,Stuttgart - Portrayal,REAL,0,Rock,,test,original,0.5917139073002617,0.5685665621681771,1
seg_000649,sample_00216,Stuttgart - Portrayal,REAL,0,Rock,,test,original,0.46570241204723223,0.5685665621681771,0
seg_000650,sample_00216,Stuttgart - Portrayal,REAL,0,Rock,,test,original,0.38680050046266623,0.5685665621681771,0
seg_000651,sample_00217,Support Me in This Moment That I'm About To Lose Heart - Nihilore,REAL,0,Electronic,,test,original,0.17705967537067657,0.5685665621681771,0
seg_000652,sample_00217,Support Me in This Moment That I'm About To Lose Heart - Nihilore,REAL,0,Electronic,,test,original,0.196184596860838,0.5685665621681771,0
seg_000653,sample_00217,Support Me in This Moment That I'm About To Lose Heart - Nihilore,REAL,0,Electronic,,test,original,0.02976281980621535,0.5685665621681771,0
seg_000669,sample_00223,Terve Teille - Чокнутый Пропеллер,REAL,0,Rock,,test,original,0.07612391909547292,0.5685665621681771,0
seg_000670,sample_00223,Terve Teille - Чокнутый Пропеллер,REAL,0,Rock,,test,original,0.018403971718665355,0.5685665621681771,0
seg_000671,sample_00223,Terve Teille - Чокнутый Пропеллер,REAL,0,Rock,,test,original,0.07374925881079762,0.5685665621681771,0
seg_000672,sample_00224,The Adventures Of Roderick Random - Maps And Diagrams,REAL,0,Electronic,,test,original,0.03546011386418826,0.5685665621681771,0
seg_000673,sample_00224,The Adventures Of Roderick Random - Maps And Diagrams,REAL,0,Electronic,,test,original,0.049938487190172985,0.5685665621681771,0
seg_000674,sample_00224,The Adventures Of Roderick Random - Maps And Diagrams,REAL,0,Electronic,,test,original,0.023541543709455753,0.5685665621681771,0
seg_000708,sample_00236,"The Pursuit of Unintentional Humor - Oh Yeah, the Future",REAL,0,Pop,,test,original,0.002399108192765437,0.5685665621681771,0
seg_000709,sample_00236,"The Pursuit of Unintentional Humor - Oh Yeah, the Future",REAL,0,Pop,,test,original,0.003783483204852621,0.5685665621681771,0
seg_000710,sample_00236,"The Pursuit of Unintentional Humor - Oh Yeah, the Future",REAL,0,Pop,,test,original,0.006170635719987511,0.5685665621681771,0
seg_000723,sample_00241,The Secret Garden - Barbarix,REAL,0,Electronic,,test,original,0.02171049747921841,0.5685665621681771,0
seg_000724,sample_00241,The Secret Garden - Barbarix,REAL,0,Electronic,,test,original,0.020559573917533696,0.5685665621681771,0
seg_000725,sample_00241,The Secret Garden - Barbarix,REAL,0,Electronic,,test,original,0.009182951747259175,0.5685665621681771,0
seg_000756,sample_00252,Troubles I've seen - Malaventura,REAL,0,Pop,,test,original,0.11424763727467355,0.5685665621681771,0
seg_000757,sample_00252,Troubles I've seen - Malaventura,REAL,0,Pop,,test,original,0.1774746852096947,0.5685665621681771,0
seg_000758,sample_00252,Troubles I've seen - Malaventura,REAL,0,Pop,,test,original,0.36121204631708365,0.5685665621681771,0
seg_000759,sample_00253,Ugh! Humans Can Join - Mystery Mammal,REAL,0,Electronic,,test,original,0.6516648811821117,0.5685665621681771,1
seg_000760,sample_00253,Ugh! Humans Can Join - Mystery Mammal,REAL,0,Electronic,,test,original,0.03804089293950522,0.5685665621681771,0
seg_000761,sample_00253,Ugh! Humans Can Join - Mystery Mammal,REAL,0,Electronic,,test,original,0.035384777773855,0.5685665621681771,0
seg_000771,sample_00257,Untitled - Fatal Injection,REAL,0,Rock,,test,original,0.014088970833003426,0.5685665621681771,0
seg_000772,sample_00257,Untitled - Fatal Injection,REAL,0,Rock,,test,original,0.058685210217139384,0.5685665621681771,0
seg_000773,sample_00257,Untitled - Fatal Injection,REAL,0,Rock,,test,original,0.06283751644115637,0.5685665621681771,0
seg_000810,sample_00270,Where Is Everything - The Moi Non Plus,REAL,0,Rock,,test,original,0.013478591852040298,0.5685665621681771,0
seg_000811,sample_00270,Where Is Everything - The Moi Non Plus,REAL,0,Rock,,test,original,0.013364191773825824,0.5685665621681771,0
seg_000812,sample_00270,Where Is Everything - The Moi Non Plus,REAL,0,Rock,,test,original,0.005928364279099755,0.5685665621681771,0
seg_000813,sample_00271,Who Loves You Dear - Mink Lungs,REAL,0,Rock,,test,original,0.009560828936592,0.5685665621681771,0
seg_000814,sample_00271,Who Loves You Dear - Mink Lungs,REAL,0,Rock,,test,original,0.02274508184546113,0.5685665621681771,0
seg_000815,sample_00271,Who Loves You Dear - Mink Lungs,REAL,0,Rock,,test,original,0.0019477816773775178,0.5685665621681771,0
seg_000837,sample_00279,Yurtology - Michett,REAL,0,Electronic,,test,original,0.304238373337172,0.5685665621681771,0
seg_000838,sample_00279,Yurtology - Michett,REAL,0,Electronic,,test,original,0.3721028293381106,0.5685665621681771,0
seg_000839,sample_00279,Yurtology - Michett,REAL,0,Electronic,,test,original,0.2920623381524734,0.5685665621681771,0
seg_000894,sample_00298,2Much (Andy Spinelli & Alex Sánchez House Edit) - Tentacles,FAKE,1,Electronic,acestep,test,original,0.9960683705651134,0.5685665621681771,1
seg_000895,sample_00298,2Much (Andy Spinelli & Alex Sánchez House Edit) - Tentacles,FAKE,1,Electronic,acestep,test,original,0.8564993988786501,0.5685665621681771,1
seg_000896,sample_00298,2Much (Andy Spinelli & Alex Sánchez House Edit) - Tentacles,FAKE,1,Electronic,acestep,test,original,0.9764451762227089,0.5685665621681771,1
seg_000900,sample_00300,3 am West End - statusq,FAKE,1,Electronic,acestep,test,original,0.9966924037934219,0.5685665621681771,1
seg_000901,sample_00300,3 am West End - statusq,FAKE,1,Electronic,acestep,test,original,0.9330989305325904,0.5685665621681771,1
seg_000902,sample_00300,3 am West End - statusq,FAKE,1,Electronic,acestep,test,original,0.9995494949633612,0.5685665621681771,1
seg_000906,sample_00302,5 (Lexington) - Isle of Pine,FAKE,1,Rock,acestep,test,original,0.9557731138385859,0.5685665621681771,1
seg_000907,sample_00302,5 (Lexington) - Isle of Pine,FAKE,1,Rock,acestep,test,original,0.8351161433403151,0.5685665621681771,1
seg_000908,sample_00302,5 (Lexington) - Isle of Pine,FAKE,1,Rock,acestep,test,original,0.9900522668543713,0.5685665621681771,1
seg_000942,sample_00314,Attention - Pete Prodoehl,FAKE,1,Rock,acestep,test,original,0.8492537751106674,0.5685665621681771,1
seg_000943,sample_00314,Attention - Pete Prodoehl,FAKE,1,Rock,acestep,test,original,0.7398084931097604,0.5685665621681771,1
seg_000944,sample_00314,Attention - Pete Prodoehl,FAKE,1,Rock,acestep,test,original,0.9951166757192655,0.5685665621681771,1
seg_000972,sample_00324,Bizzy - The Tleilaxu Music Machine,FAKE,1,Electronic,acestep,test,original,0.6239306649642378,0.5685665621681771,1
seg_000973,sample_00324,Bizzy - The Tleilaxu Music Machine,FAKE,1,Electronic,acestep,test,original,0.792971257148634,0.5685665621681771,1
seg_000974,sample_00324,Bizzy - The Tleilaxu Music Machine,FAKE,1,Electronic,acestep,test,original,0.9984869659126364,0.5685665621681771,1
seg_001020,sample_00340,Dance Harder - Three Chain Links,FAKE,1,Electronic,acestep,test,original,0.999834073712823,0.5685665621681771,1
seg_001021,sample_00340,Dance Harder - Three Chain Links,FAKE,1,Electronic,acestep,test,original,0.8364538757205501,0.5685665621681771,1
seg_001022,sample_00340,Dance Harder - Three Chain Links,FAKE,1,Electronic,acestep,test,original,0.9685674977434506,0.5685665621681771,1
seg_001035,sample_00345,Different Day - First,FAKE,1,Pop,acestep,test,original,0.906410244436702,0.5685665621681771,1
seg_001036,sample_00345,Different Day - First,FAKE,1,Pop,acestep,test,original,0.933125638050149,0.5685665621681771,1
seg_001037,sample_00345,Different Day - First,FAKE,1,Pop,acestep,test,original,0.9961438971432123,0.5685665621681771,1
seg_001059,sample_00353,El Burrito - Malaventura,FAKE,1,Pop,acestep,test,original,0.9722318323399333,0.5685665621681771,1
seg_001060,sample_00353,El Burrito - Malaventura,FAKE,1,Pop,acestep,test,original,0.9567256850283435,0.5685665621681771,1
seg_001061,sample_00353,El Burrito - Malaventura,FAKE,1,Pop,acestep,test,original,0.9835172069074495,0.5685665621681771,1
seg_001074,sample_00358,End titles - Itsensäsyöjät,FAKE,1,Electronic,acestep,test,original,0.82884708633088,0.5685665621681771,1
seg_001075,sample_00358,End titles - Itsensäsyöjät,FAKE,1,Electronic,acestep,test,original,0.844617476389412,0.5685665621681771,1
seg_001076,sample_00358,End titles - Itsensäsyöjät,FAKE,1,Electronic,acestep,test,original,0.9891026174338412,0.5685665621681771,1
seg_001125,sample_00375,Fuckaboing - RoccoW,FAKE,1,Electronic,acestep,test,original,0.9993665687564784,0.5685665621681771,1
seg_001126,sample_00375,Fuckaboing - RoccoW,FAKE,1,Electronic,acestep,test,original,0.9851455116920906,0.5685665621681771,1
seg_001127,sample_00375,Fuckaboing - RoccoW,FAKE,1,Electronic,acestep,test,original,0.9967633793648304,0.5685665621681771,1
seg_001152,sample_00384,"Head of Ancante, Talking Tree - Ak'chamel, The Giver of Illness",FAKE,1,Rock,acestep,test,original,0.6655403970939645,0.5685665621681771,1
seg_001153,sample_00384,"Head of Ancante, Talking Tree - Ak'chamel, The Giver of Illness",FAKE,1,Rock,acestep,test,original,0.5875795244220285,0.5685665621681771,1
seg_001154,sample_00384,"Head of Ancante, Talking Tree - Ak'chamel, The Giver of Illness",FAKE,1,Rock,acestep,test,original,0.9180792549612455,0.5685665621681771,1
seg_001158,sample_00386,"Hungry - Oh Yeah, the Future",FAKE,1,Pop,acestep,test,original,0.980361559936241,0.5685665621681771,1
seg_001159,sample_00386,"Hungry - Oh Yeah, the Future",FAKE,1,Pop,acestep,test,original,0.9916548906175231,0.5685665621681771,1
seg_001160,sample_00386,"Hungry - Oh Yeah, the Future",FAKE,1,Pop,acestep,test,original,0.8648591187721548,0.5685665621681771,1
seg_001194,sample_00398,I - Inflammator,FAKE,1,Rock,acestep,test,original,0.9800805471209262,0.5685665621681771,1
seg_001195,sample_00398,I - Inflammator,FAKE,1,Rock,acestep,test,original,0.960467832195146,0.5685665621681771,1
seg_001196,sample_00398,I - Inflammator,FAKE,1,Rock,acestep,test,original,0.9992867163088041,0.5685665621681771,1
seg_001254,sample_00418,Leaving Here - Mod Fun,FAKE,1,Rock,acestep,test,original,0.9786063322731829,0.5685665621681771,1
seg_001255,sample_00418,Leaving Here - Mod Fun,FAKE,1,Rock,acestep,test,original,0.8919721761767966,0.5685665621681771,1
seg_001256,sample_00418,Leaving Here - Mod Fun,FAKE,1,Rock,acestep,test,original,0.9989303285368815,0.5685665621681771,1
seg_001257,sample_00419,Let's Start Out Slow - RoccoW,FAKE,1,Electronic,acestep,test,original,0.9942581079707933,0.5685665621681771,1
seg_001258,sample_00419,Let's Start Out Slow - RoccoW,FAKE,1,Electronic,acestep,test,original,0.9749560676146283,0.5685665621681771,1
seg_001259,sample_00419,Let's Start Out Slow - RoccoW,FAKE,1,Electronic,acestep,test,original,0.9910450118387059,0.5685665621681771,1
seg_001263,sample_00421,Let You're Body Move - D SMILEZ,FAKE,1,Electronic,acestep,test,original,0.7584977622504182,0.5685665621681771,1
seg_001264,sample_00421,Let You're Body Move - D SMILEZ,FAKE,1,Electronic,acestep,test,original,0.6435489924032374,0.5685665621681771,1
seg_001265,sample_00421,Let You're Body Move - D SMILEZ,FAKE,1,Electronic,acestep,test,original,0.998580077065598,0.5685665621681771,1
seg_001278,sample_00426,LIQUID SKULLS - voyageurs,FAKE,1,Rock,acestep,test,original,0.9384945005127323,0.5685665621681771,1
seg_001279,sample_00426,LIQUID SKULLS - voyageurs,FAKE,1,Rock,acestep,test,original,0.9733645067289516,0.5685665621681771,1
seg_001280,sample_00426,LIQUID SKULLS - voyageurs,FAKE,1,Rock,acestep,test,original,0.9972033554324302,0.5685665621681771,1
seg_001296,sample_00432,Love Dream - The Zombie Dandies,FAKE,1,Rock,acestep,test,original,0.883206861110811,0.5685665621681771,1
seg_001297,sample_00432,Love Dream - The Zombie Dandies,FAKE,1,Rock,acestep,test,original,0.6129517487230205,0.5685665621681771,1
seg_001298,sample_00432,Love Dream - The Zombie Dandies,FAKE,1,Rock,acestep,test,original,0.8437901637966286,0.5685665621681771,1
seg_001299,sample_00433,L'arbre - Salmo,FAKE,1,Rock,acestep,test,original,0.5563227636614737,0.5685665621681771,0
seg_001300,sample_00433,L'arbre - Salmo,FAKE,1,Rock,acestep,test,original,0.4958585450473903,0.5685665621681771,0
seg_001301,sample_00433,L'arbre - Salmo,FAKE,1,Rock,acestep,test,original,0.8008221115924106,0.5685665621681771,1
seg_001317,sample_00439,Moja Krypta - AmortE,FAKE,1,Rock,acestep,test,original,0.9789673510249479,0.5685665621681771,1
seg_001318,sample_00439,Moja Krypta - AmortE,FAKE,1,Rock,acestep,test,original,0.9958298935811488,0.5685665621681771,1
seg_001319,sample_00439,Moja Krypta - AmortE,FAKE,1,Rock,acestep,test,original,0.9972317816718683,0.5685665621681771,1
seg_001332,sample_00444,Motocross Mania - Monroeville Music Center,FAKE,1,Pop,acestep,test,original,0.9793750184461587,0.5685665621681771,1
seg_001333,sample_00444,Motocross Mania - Monroeville Music Center,FAKE,1,Pop,acestep,test,original,0.9607932355579826,0.5685665621681771,1
seg_001334,sample_00444,Motocross Mania - Monroeville Music Center,FAKE,1,Pop,acestep,test,original,0.9995261308699416,0.5685665621681771,1
seg_001338,sample_00446,Music For an Underground Circu - Ergo Phizmiz,FAKE,1,Pop,acestep,test,original,0.9775883742212279,0.5685665621681771,1
seg_001339,sample_00446,Music For an Underground Circu - Ergo Phizmiz,FAKE,1,Pop,acestep,test,original,0.9838061892021376,0.5685665621681771,1
seg_001340,sample_00446,Music For an Underground Circu - Ergo Phizmiz,FAKE,1,Pop,acestep,test,original,0.9882524418368849,0.5685665621681771,1
seg_001365,sample_00455,Night Owl - Broke For Free,FAKE,1,Electronic,acestep,test,original,0.9999180723244303,0.5685665621681771,1
seg_001366,sample_00455,Night Owl - Broke For Free,FAKE,1,Electronic,acestep,test,original,0.9998393220617957,0.5685665621681771,1
seg_001367,sample_00455,Night Owl - Broke For Free,FAKE,1,Electronic,acestep,test,original,0.9999246254824183,0.5685665621681771,1
seg_001419,sample_00473,Pista Afuera - Epstein,FAKE,1,Electronic,acestep,test,original,0.982471967610083,0.5685665621681771,1
seg_001420,sample_00473,Pista Afuera - Epstein,FAKE,1,Electronic,acestep,test,original,0.9838343554513312,0.5685665621681771,1
seg_001421,sample_00473,Pista Afuera - Epstein,FAKE,1,Electronic,acestep,test,original,0.9988441884185421,0.5685665621681771,1
seg_001428,sample_00476,Production - Bird Names,FAKE,1,Pop,acestep,test,original,0.9920658546267955,0.5685665621681771,1
seg_001429,sample_00476,Production - Bird Names,FAKE,1,Pop,acestep,test,original,0.9895411654625388,0.5685665621681771,1
seg_001430,sample_00476,Production - Bird Names,FAKE,1,Pop,acestep,test,original,0.9943489197914838,0.5685665621681771,1
seg_001434,sample_00478,Puertas de Fuego - Guerra de Cerdos,FAKE,1,Rock,acestep,test,original,0.9997084051140522,0.5685665621681771,1
seg_001435,sample_00478,Puertas de Fuego - Guerra de Cerdos,FAKE,1,Rock,acestep,test,original,0.6542421963833379,0.5685665621681771,1
seg_001436,sample_00478,Puertas de Fuego - Guerra de Cerdos,FAKE,1,Rock,acestep,test,original,0.44334791952357205,0.5685665621681771,0
seg_001443,sample_00481,Realize Me - Jim Rooster,FAKE,1,Electronic,acestep,test,original,0.9968107027426456,0.5685665621681771,1
seg_001444,sample_00481,Realize Me - Jim Rooster,FAKE,1,Electronic,acestep,test,original,0.9703676981112468,0.5685665621681771,1
seg_001445,sample_00481,Realize Me - Jim Rooster,FAKE,1,Electronic,acestep,test,original,0.9746089139790142,0.5685665621681771,1
seg_001449,sample_00483,Resistentialism - Nihilore,FAKE,1,Electronic,acestep,test,original,0.99944147216261,0.5685665621681771,1
seg_001450,sample_00483,Resistentialism - Nihilore,FAKE,1,Electronic,acestep,test,original,0.9994082939842373,0.5685665621681771,1
seg_001451,sample_00483,Resistentialism - Nihilore,FAKE,1,Electronic,acestep,test,original,0.9995435954136462,0.5685665621681771,1
seg_001494,sample_00498,Set Fire to Creation - Nihilore,FAKE,1,Electronic,acestep,test,original,0.9936045477016598,0.5685665621681771,1
seg_001495,sample_00498,Set Fire to Creation - Nihilore,FAKE,1,Electronic,acestep,test,original,0.9758939789572013,0.5685665621681771,1
seg_001496,sample_00498,Set Fire to Creation - Nihilore,FAKE,1,Electronic,acestep,test,original,0.9678576892707071,0.5685665621681771,1
seg_001497,sample_00499,Sfogare Il Dissenso - Deiezione HC,FAKE,1,Rock,acestep,test,original,0.9860136736472174,0.5685665621681771,1
seg_001498,sample_00499,Sfogare Il Dissenso - Deiezione HC,FAKE,1,Rock,acestep,test,original,0.5294978613317092,0.5685665621681771,0
seg_001499,sample_00499,Sfogare Il Dissenso - Deiezione HC,FAKE,1,Rock,acestep,test,original,0.45855834865839873,0.5685665621681771,0
seg_001506,sample_00502,She Works / Tepid Waters - Bird Names,FAKE,1,Pop,acestep,test,original,0.9407304251417427,0.5685665621681771,1
seg_001507,sample_00502,She Works / Tepid Waters - Bird Names,FAKE,1,Pop,acestep,test,original,0.9472517071256936,0.5685665621681771,1
seg_001508,sample_00502,She Works / Tepid Waters - Bird Names,FAKE,1,Pop,acestep,test,original,0.9956592116077283,0.5685665621681771,1
seg_001530,sample_00510,Something Dirty - Ergo Phizmiz,FAKE,1,Pop,acestep,test,original,0.9686373709178034,0.5685665621681771,1
seg_001531,sample_00510,Something Dirty - Ergo Phizmiz,FAKE,1,Pop,acestep,test,original,0.9896327469368777,0.5685665621681771,1
seg_001532,sample_00510,Something Dirty - Ergo Phizmiz,FAKE,1,Pop,acestep,test,original,0.9892898430936387,0.5685665621681771,1
seg_001536,sample_00512,Sonzis FM - Pipe Choir,FAKE,1,Rock,acestep,test,original,0.9398783857331644,0.5685665621681771,1
seg_001537,sample_00512,Sonzis FM - Pipe Choir,FAKE,1,Rock,acestep,test,original,0.9290066013697763,0.5685665621681771,1
seg_001538,sample_00512,Sonzis FM - Pipe Choir,FAKE,1,Rock,acestep,test,original,0.9992000168887404,0.5685665621681771,1
seg_001563,sample_00521,Stuttgart - Portrayal,FAKE,1,Rock,acestep,test,original,0.9999740093713858,0.5685665621681771,1
seg_001564,sample_00521,Stuttgart - Portrayal,FAKE,1,Rock,acestep,test,original,0.9997874038028413,0.5685665621681771,1
seg_001565,sample_00521,Stuttgart - Portrayal,FAKE,1,Rock,acestep,test,original,0.9991815226106631,0.5685665621681771,1
seg_001566,sample_00522,Support Me in This Moment That I'm About To Lose Heart - Nihilore,FAKE,1,Electronic,acestep,test,original,0.9944184678543765,0.5685665621681771,1
seg_001567,sample_00522,Support Me in This Moment That I'm About To Lose Heart - Nihilore,FAKE,1,Electronic,acestep,test,original,0.9982859960148928,0.5685665621681771,1
seg_001568,sample_00522,Support Me in This Moment That I'm About To Lose Heart - Nihilore,FAKE,1,Electronic,acestep,test,original,0.9699241354644963,0.5685665621681771,1
seg_001581,sample_00527,Terve Teille - Чокнутый Пропеллер,FAKE,1,Rock,acestep,test,original,0.903590169740723,0.5685665621681771,1
seg_001582,sample_00527,Terve Teille - Чокнутый Пропеллер,FAKE,1,Rock,acestep,test,original,0.9565412667415147,0.5685665621681771,1
seg_001583,sample_00527,Terve Teille - Чокнутый Пропеллер,FAKE,1,Rock,acestep,test,original,0.9849729113347069,0.5685665621681771,1
seg_001584,sample_00528,The Adventures Of Roderick Random - Maps And Diagrams,FAKE,1,Electronic,acestep,test,original,0.9245918921110862,0.5685665621681771,1
seg_001585,sample_00528,The Adventures Of Roderick Random - Maps And Diagrams,FAKE,1,Electronic,acestep,test,original,0.941814824415785,0.5685665621681771,1
seg_001586,sample_00528,The Adventures Of Roderick Random - Maps And Diagrams,FAKE,1,Electronic,acestep,test,original,0.9851819914355198,0.5685665621681771,1
seg_001626,sample_00542,"The Pursuit of Unintentional Humor - Oh Yeah, the Future",FAKE,1,Pop,acestep,test,original,0.9319553766559342,0.5685665621681771,1
seg_001627,sample_00542,"The Pursuit of Unintentional Humor - Oh Yeah, the Future",FAKE,1,Pop,acestep,test,original,0.8445636125848869,0.5685665621681771,1
seg_001628,sample_00542,"The Pursuit of Unintentional Humor - Oh Yeah, the Future",FAKE,1,Pop,acestep,test,original,0.9398738123480165,0.5685665621681771,1
seg_001641,sample_00547,The Secret Garden - Barbarix,FAKE,1,Electronic,acestep,test,original,0.8962312415562358,0.5685665621681771,1
seg_001642,sample_00547,The Secret Garden - Barbarix,FAKE,1,Electronic,acestep,test,original,0.855587909069992,0.5685665621681771,1
seg_001643,sample_00547,The Secret Garden - Barbarix,FAKE,1,Electronic,acestep,test,original,0.9865219260592422,0.5685665621681771,1
seg_001668,sample_00556,Troubles I've seen - Malaventura,FAKE,1,Pop,acestep,test,original,0.925094752317652,0.5685665621681771,1
seg_001669,sample_00556,Troubles I've seen - Malaventura,FAKE,1,Pop,acestep,test,original,0.937481167254217,0.5685665621681771,1
seg_001670,sample_00556,Troubles I've seen - Malaventura,FAKE,1,Pop,acestep,test,original,0.9968215543273258,0.5685665621681771,1
seg_001674,sample_00558,Ugh! Humans Can Join - Mystery Mammal,FAKE,1,Electronic,acestep,test,original,0.9961808038203921,0.5685665621681771,1
seg_001675,sample_00558,Ugh! Humans Can Join - Mystery Mammal,FAKE,1,Electronic,acestep,test,original,0.9009216743866058,0.5685665621681771,1
seg_001676,sample_00558,Ugh! Humans Can Join - Mystery Mammal,FAKE,1,Electronic,acestep,test,original,0.8446727440285797,0.5685665621681771,1
seg_001686,sample_00562,Untitled - Fatal Injection,FAKE,1,Rock,acestep,test,original,0.9951200817955502,0.5685665621681771,1
seg_001687,sample_00562,Untitled - Fatal Injection,FAKE,1,Rock,acestep,test,original,0.9930190840240551,0.5685665621681771,1
seg_001688,sample_00562,Untitled - Fatal Injection,FAKE,1,Rock,acestep,test,original,0.9942777018779921,0.5685665621681771,1
seg_001722,sample_00574,Where Is Everything - The Moi Non Plus,FAKE,1,Rock,acestep,test,original,0.995681709414013,0.5685665621681771,1
seg_001723,sample_00574,Where Is Everything - The Moi Non Plus,FAKE,1,Rock,acestep,test,original,0.9609369654091737,0.5685665621681771,1
seg_001724,sample_00574,Where Is Everything - The Moi Non Plus,FAKE,1,Rock,acestep,test,original,0.9951343856409854,0.5685665621681771,1
seg_001725,sample_00575,Who Loves You Dear - Mink Lungs,FAKE,1,Rock,acestep,test,original,0.8842666584921757,0.5685665621681771,1
seg_001726,sample_00575,Who Loves You Dear - Mink Lungs,FAKE,1,Rock,acestep,test,original,0.7810896868617867,0.5685665621681771,1
seg_001727,sample_00575,Who Loves You Dear - Mink Lungs,FAKE,1,Rock,acestep,test,original,0.9985445033073488,0.5685665621681771,1
seg_001749,sample_00583,Yurtology - Michett,FAKE,1,Electronic,acestep,test,original,0.9751475529048172,0.5685665621681771,1
seg_001750,sample_00583,Yurtology - Michett,FAKE,1,Electronic,acestep,test,original,0.9931821115459348,0.5685665621681771,1
seg_001751,sample_00583,Yurtology - Michett,FAKE,1,Electronic,acestep,test,original,0.9899292306384105,0.5685665621681771,1
seg_001800,sample_00600,Pista Afuera - Epstein,FAKE,1,Electronic,audioldm,test,original,0.9986552040715607,0.5685665621681771,1
seg_001801,sample_00600,Pista Afuera - Epstein,FAKE,1,Electronic,audioldm,test,original,0.9778941666071599,0.5685665621681771,1
seg_001802,sample_00600,Pista Afuera - Epstein,FAKE,1,Electronic,audioldm,test,original,0.9997012028039978,0.5685665621681771,1
seg_001803,sample_00601,Let You're Body Move - D SMILEZ,FAKE,1,Electronic,audioldm,test,original,0.8901587316098692,0.5685665621681771,1
seg_001804,sample_00601,Let You're Body Move - D SMILEZ,FAKE,1,Electronic,audioldm,test,original,0.9295668694881891,0.5685665621681771,1
seg_001805,sample_00601,Let You're Body Move - D SMILEZ,FAKE,1,Electronic,audioldm,test,original,0.8853322602534496,0.5685665621681771,1
seg_001818,sample_00606,The Secret Garden - Barbarix,FAKE,1,Electronic,audioldm,test,original,0.9720410626661912,0.5685665621681771,1
seg_001819,sample_00606,The Secret Garden - Barbarix,FAKE,1,Electronic,audioldm,test,original,0.539786656944759,0.5685665621681771,0
seg_001820,sample_00606,The Secret Garden - Barbarix,FAKE,1,Electronic,audioldm,test,original,0.9330299467029329,0.5685665621681771,1
seg_001824,sample_00608,Resistentialism - Nihilore,FAKE,1,Electronic,audioldm,test,original,0.9857882901018669,0.5685665621681771,1
seg_001825,sample_00608,Resistentialism - Nihilore,FAKE,1,Electronic,audioldm,test,original,0.9935855077414611,0.5685665621681771,1
seg_001826,sample_00608,Resistentialism - Nihilore,FAKE,1,Electronic,audioldm,test,original,0.9984715041936839,0.5685665621681771,1
seg_001833,sample_00611,Fuckaboing - RoccoW,FAKE,1,Electronic,audioldm,test,original,0.9977038341177418,0.5685665621681771,1
seg_001834,sample_00611,Fuckaboing - RoccoW,FAKE,1,Electronic,audioldm,test,original,0.9965312704993365,0.5685665621681771,1
seg_001835,sample_00611,Fuckaboing - RoccoW,FAKE,1,Electronic,audioldm,test,original,0.9971825809900534,0.5685665621681771,1
seg_001836,sample_00612,Ugh! Humans Can Join - Mystery Mammal,FAKE,1,Electronic,audioldm,test,original,0.9975415523814367,0.5685665621681771,1
seg_001837,sample_00612,Ugh! Humans Can Join - Mystery Mammal,FAKE,1,Electronic,audioldm,test,original,0.9992840418169171,0.5685665621681771,1
seg_001838,sample_00612,Ugh! Humans Can Join - Mystery Mammal,FAKE,1,Electronic,audioldm,test,original,0.9999820729652246,0.5685665621681771,1
seg_001860,sample_00620,Realize Me - Jim Rooster,FAKE,1,Electronic,audioldm,test,original,0.9686915107977544,0.5685665621681771,1
seg_001861,sample_00620,Realize Me - Jim Rooster,FAKE,1,Electronic,audioldm,test,original,0.938383230796829,0.5685665621681771,1
seg_001862,sample_00620,Realize Me - Jim Rooster,FAKE,1,Electronic,audioldm,test,original,0.982899509771094,0.5685665621681771,1
seg_001881,sample_00627,Support Me in This Moment That I'm About To Lose Heart - Nihilore,FAKE,1,Electronic,audioldm,test,original,0.9932240443659799,0.5685665621681771,1
seg_001882,sample_00627,Support Me in This Moment That I'm About To Lose Heart - Nihilore,FAKE,1,Electronic,audioldm,test,original,0.9870382983321659,0.5685665621681771,1
seg_001883,sample_00627,Support Me in This Moment That I'm About To Lose Heart - Nihilore,FAKE,1,Electronic,audioldm,test,original,0.9998877933134291,0.5685665621681771,1
seg_001911,sample_00637,Dance Harder - Three Chain Links,FAKE,1,Electronic,audioldm,test,original,0.9917206121893933,0.5685665621681771,1
seg_001912,sample_00637,Dance Harder - Three Chain Links,FAKE,1,Electronic,audioldm,test,original,0.9959450969424924,0.5685665621681771,1
seg_001913,sample_00637,Dance Harder - Three Chain Links,FAKE,1,Electronic,audioldm,test,original,0.9925462149153458,0.5685665621681771,1
seg_001914,sample_00638,Yurtology - Michett,FAKE,1,Electronic,audioldm,test,original,0.9682690950302838,0.5685665621681771,1
seg_001915,sample_00638,Yurtology - Michett,FAKE,1,Electronic,audioldm,test,original,0.9443724582323185,0.5685665621681771,1
seg_001916,sample_00638,Yurtology - Michett,FAKE,1,Electronic,audioldm,test,original,0.9870700574999541,0.5685665621681771,1
seg_001932,sample_00644,The Adventures Of Roderick Random - Maps And Diagrams,FAKE,1,Electronic,audioldm,test,original,0.998974092604779,0.5685665621681771,1
seg_001933,sample_00644,The Adventures Of Roderick Random - Maps And Diagrams,FAKE,1,Electronic,audioldm,test,original,0.986378072959081,0.5685665621681771,1
seg_001934,sample_00644,The Adventures Of Roderick Random - Maps And Diagrams,FAKE,1,Electronic,audioldm,test,original,0.9996414312555395,0.5685665621681771,1
seg_001962,sample_00654,Night Owl - Broke For Free,FAKE,1,Electronic,audioldm,test,original,0.9929975488218135,0.5685665621681771,1
seg_001963,sample_00654,Night Owl - Broke For Free,FAKE,1,Electronic,audioldm,test,original,0.9935445696348048,0.5685665621681771,1
seg_001964,sample_00654,Night Owl - Broke For Free,FAKE,1,Electronic,audioldm,test,original,0.9929194228064674,0.5685665621681771,1
seg_002016,sample_00672,2Much (Andy Spinelli & Alex Sánchez House Edit) - Tentacles,FAKE,1,Electronic,audioldm,test,original,0.9917755549949905,0.5685665621681771,1
seg_002017,sample_00672,2Much (Andy Spinelli & Alex Sánchez House Edit) - Tentacles,FAKE,1,Electronic,audioldm,test,original,0.9841194488557883,0.5685665621681771,1
seg_002018,sample_00672,2Much (Andy Spinelli & Alex Sánchez House Edit) - Tentacles,FAKE,1,Electronic,audioldm,test,original,0.9890331265932069,0.5685665621681771,1
seg_002025,sample_00675,Let's Start Out Slow - RoccoW,FAKE,1,Electronic,audioldm,test,original,0.9946027188529257,0.5685665621681771,1
seg_002026,sample_00675,Let's Start Out Slow - RoccoW,FAKE,1,Electronic,audioldm,test,original,0.993430845405844,0.5685665621681771,1
seg_002027,sample_00675,Let's Start Out Slow - RoccoW,FAKE,1,Electronic,audioldm,test,original,0.9979904031096544,0.5685665621681771,1
seg_002058,sample_00686,Bizzy - The Tleilaxu Music Machine,FAKE,1,Electronic,audioldm,test,original,0.9995315602645232,0.5685665621681771,1
seg_002059,sample_00686,Bizzy - The Tleilaxu Music Machine,FAKE,1,Electronic,audioldm,test,original,0.9988454139948975,0.5685665621681771,1
seg_002060,sample_00686,Bizzy - The Tleilaxu Music Machine,FAKE,1,Electronic,audioldm,test,original,0.9989533231945581,0.5685665621681771,1
seg_002061,sample_00687,3 am West End - statusq,FAKE,1,Electronic,audioldm,test,original,0.9989507260140412,0.5685665621681771,1
seg_002062,sample_00687,3 am West End - statusq,FAKE,1,Electronic,audioldm,test,original,0.9986183583591138,0.5685665621681771,1
seg_002063,sample_00687,3 am West End - statusq,FAKE,1,Electronic,audioldm,test,original,0.9995317812673593,0.5685665621681771,1
seg_002070,sample_00690,Set Fire to Creation - Nihilore,FAKE,1,Electronic,audioldm,test,original,0.9955600078306485,0.5685665621681771,1
seg_002071,sample_00690,Set Fire to Creation - Nihilore,FAKE,1,Electronic,audioldm,test,original,0.9977850948909364,0.5685665621681771,1
seg_002072,sample_00690,Set Fire to Creation - Nihilore,FAKE,1,Electronic,audioldm,test,original,0.9990181380609611,0.5685665621681771,1
seg_002091,sample_00697,End titles - Itsensäsyöjät,FAKE,1,Electronic,audioldm,test,original,0.9977364092070748,0.5685665621681771,1
seg_002092,sample_00697,End titles - Itsensäsyöjät,FAKE,1,Electronic,audioldm,test,original,0.9838399797193085,0.5685665621681771,1
seg_002093,sample_00697,End titles - Itsensäsyöjät,FAKE,1,Electronic,audioldm,test,original,0.9889900236568129,0.5685665621681771,1
seg_002115,sample_00705,Something Dirty - Ergo Phizmiz,FAKE,1,Pop,audioldm,test,original,0.881434158480649,0.5685665621681771,1
seg_002116,sample_00705,Something Dirty - Ergo Phizmiz,FAKE,1,Pop,audioldm,test,original,0.9645122393701319,0.5685665621681771,1
seg_002117,sample_00705,Something Dirty - Ergo Phizmiz,FAKE,1,Pop,audioldm,test,original,0.8947504538930026,0.5685665621681771,1
seg_002127,sample_00709,"Hungry - Oh Yeah, the Future",FAKE,1,Pop,audioldm,test,original,0.910539019275532,0.5685665621681771,1
seg_002128,sample_00709,"Hungry - Oh Yeah, the Future",FAKE,1,Pop,audioldm,test,original,0.9320365151754663,0.5685665621681771,1
seg_002129,sample_00709,"Hungry - Oh Yeah, the Future",FAKE,1,Pop,audioldm,test,original,0.9985390465529745,0.5685665621681771,1
seg_002136,sample_00712,Music For an Underground Circu - Ergo Phizmiz,FAKE,1,Pop,audioldm,test,original,0.9987200979620416,0.5685665621681771,1
seg_002137,sample_00712,Music For an Underground Circu - Ergo Phizmiz,FAKE,1,Pop,audioldm,test,original,0.6433375349506378,0.5685665621681771,1
seg_002138,sample_00712,Music For an Underground Circu - Ergo Phizmiz,FAKE,1,Pop,audioldm,test,original,0.9994953077275716,0.5685665621681771,1
seg_002145,sample_00715,Motocross Mania - Monroeville Music Center,FAKE,1,Pop,audioldm,test,original,0.9539157925044767,0.5685665621681771,1
seg_002146,sample_00715,Motocross Mania - Monroeville Music Center,FAKE,1,Pop,audioldm,test,original,0.9504387940897686,0.5685665621681771,1
seg_002147,sample_00715,Motocross Mania - Monroeville Music Center,FAKE,1,Pop,audioldm,test,original,0.9939268391799367,0.5685665621681771,1
seg_002169,sample_00723,Troubles I've seen - Malaventura,FAKE,1,Pop,audioldm,test,original,0.9976720393111781,0.5685665621681771,1
seg_002170,sample_00723,Troubles I've seen - Malaventura,FAKE,1,Pop,audioldm,test,original,0.9272771504370627,0.5685665621681771,1
seg_002171,sample_00723,Troubles I've seen - Malaventura,FAKE,1,Pop,audioldm,test,original,0.9971786776898122,0.5685665621681771,1
seg_002190,sample_00730,Different Day - First,FAKE,1,Pop,audioldm,test,original,0.9999166364374019,0.5685665621681771,1
seg_002191,sample_00730,Different Day - First,FAKE,1,Pop,audioldm,test,original,0.9980141684742372,0.5685665621681771,1
seg_002192,sample_00730,Different Day - First,FAKE,1,Pop,audioldm,test,original,0.9994944771267854,0.5685665621681771,1
seg_002238,sample_00746,She Works / Tepid Waters - Bird Names,FAKE,1,Pop,audioldm,test,original,0.9798968615684909,0.5685665621681771,1
seg_002239,sample_00746,She Works / Tepid Waters - Bird Names,FAKE,1,Pop,audioldm,test,original,0.9931975892471485,0.5685665621681771,1
seg_002240,sample_00746,She Works / Tepid Waters - Bird Names,FAKE,1,Pop,audioldm,test,original,0.999867154039748,0.5685665621681771,1
seg_002256,sample_00752,Production - Bird Names,FAKE,1,Pop,audioldm,test,original,0.9931112855445919,0.5685665621681771,1
seg_002257,sample_00752,Production - Bird Names,FAKE,1,Pop,audioldm,test,original,0.9963401159585609,0.5685665621681771,1
seg_002258,sample_00752,Production - Bird Names,FAKE,1,Pop,audioldm,test,original,0.9955768412662557,0.5685665621681771,1
seg_002274,sample_00758,"The Pursuit of Unintentional Humor - Oh Yeah, the Future",FAKE,1,Pop,audioldm,test,original,0.9928062904199366,0.5685665621681771,1
seg_002275,sample_00758,"The Pursuit of Unintentional Humor - Oh Yeah, the Future",FAKE,1,Pop,audioldm,test,original,0.9743231246127612,0.5685665621681771,1
seg_002276,sample_00758,"The Pursuit of Unintentional Humor - Oh Yeah, the Future",FAKE,1,Pop,audioldm,test,original,0.9996130521519077,0.5685665621681771,1
seg_002289,sample_00763,El Burrito - Malaventura,FAKE,1,Pop,audioldm,test,original,0.9962916284534259,0.5685665621681771,1
seg_002290,sample_00763,El Burrito - Malaventura,FAKE,1,Pop,audioldm,test,original,0.9964660559065888,0.5685665621681771,1
seg_002291,sample_00763,El Burrito - Malaventura,FAKE,1,Pop,audioldm,test,original,0.9977413792267208,0.5685665621681771,1
seg_002298,sample_00766,Where Is Everything - The Moi Non Plus,FAKE,1,Rock,audioldm,test,original,0.9695272959203414,0.5685665621681771,1
seg_002299,sample_00766,Where Is Everything - The Moi Non Plus,FAKE,1,Rock,audioldm,test,original,0.9952103724566137,0.5685665621681771,1
seg_002300,sample_00766,Where Is Everything - The Moi Non Plus,FAKE,1,Rock,audioldm,test,original,0.9728234297389138,0.5685665621681771,1
seg_002301,sample_00767,Terve Teille - Чокнутый Пропеллер,FAKE,1,Rock,audioldm,test,original,0.8901058577453806,0.5685665621681771,1
seg_002302,sample_00767,Terve Teille - Чокнутый Пропеллер,FAKE,1,Rock,audioldm,test,original,0.7778579607837278,0.5685665621681771,1
seg_002303,sample_00767,Terve Teille - Чокнутый Пропеллер,FAKE,1,Rock,audioldm,test,original,0.9700942555649384,0.5685665621681771,1
seg_002340,sample_00780,Stuttgart - Portrayal,FAKE,1,Rock,audioldm,test,original,0.9923467212569802,0.5685665621681771,1
seg_002341,sample_00780,Stuttgart - Portrayal,FAKE,1,Rock,audioldm,test,original,0.9580261072978412,0.5685665621681771,1
seg_002342,sample_00780,Stuttgart - Portrayal,FAKE,1,Rock,audioldm,test,original,0.9798831972856937,0.5685665621681771,1
seg_002361,sample_00787,Love Dream - The Zombie Dandies,FAKE,1,Rock,audioldm,test,original,0.9981948025467664,0.5685665621681771,1
seg_002362,sample_00787,Love Dream - The Zombie Dandies,FAKE,1,Rock,audioldm,test,original,0.9992663838136129,0.5685665621681771,1
seg_002363,sample_00787,Love Dream - The Zombie Dandies,FAKE,1,Rock,audioldm,test,original,0.999994326821626,0.5685665621681771,1
seg_002382,sample_00794,"Head of Ancante, Talking Tree - Ak'chamel, The Giver of Illness",FAKE,1,Rock,audioldm,test,original,0.9916450363560652,0.5685665621681771,1
seg_002383,sample_00794,"Head of Ancante, Talking Tree - Ak'chamel, The Giver of Illness",FAKE,1,Rock,audioldm,test,original,0.9907705480223067,0.5685665621681771,1
seg_002384,sample_00794,"Head of Ancante, Talking Tree - Ak'chamel, The Giver of Illness",FAKE,1,Rock,audioldm,test,original,0.989306757256141,0.5685665621681771,1
seg_002391,sample_00797,Who Loves You Dear - Mink Lungs,FAKE,1,Rock,audioldm,test,original,0.9990473554257483,0.5685665621681771,1
seg_002392,sample_00797,Who Loves You Dear - Mink Lungs,FAKE,1,Rock,audioldm,test,original,0.9862270174316649,0.5685665621681771,1
seg_002393,sample_00797,Who Loves You Dear - Mink Lungs,FAKE,1,Rock,audioldm,test,original,0.9994206747395626,0.5685665621681771,1
seg_002394,sample_00798,LIQUID SKULLS - voyageurs,FAKE,1,Rock,audioldm,test,original,0.9988512194912903,0.5685665621681771,1
seg_002395,sample_00798,LIQUID SKULLS - voyageurs,FAKE,1,Rock,audioldm,test,original,0.9956411721128108,0.5685665621681771,1
seg_002396,sample_00798,LIQUID SKULLS - voyageurs,FAKE,1,Rock,audioldm,test,original,0.9991904459594381,0.5685665621681771,1
seg_002412,sample_00804,I - Inflammator,FAKE,1,Rock,audioldm,test,original,0.9999821083824576,0.5685665621681771,1
seg_002413,sample_00804,I - Inflammator,FAKE,1,Rock,audioldm,test,original,0.9988367951009017,0.5685665621681771,1
seg_002414,sample_00804,I - Inflammator,FAKE,1,Rock,audioldm,test,original,0.9994467551867501,0.5685665621681771,1
seg_002415,sample_00805,Sfogare Il Dissenso - Deiezione HC,FAKE,1,Rock,audioldm,test,original,0.9448497528843807,0.5685665621681771,1
seg_002416,sample_00805,Sfogare Il Dissenso - Deiezione HC,FAKE,1,Rock,audioldm,test,original,0.9582704896599069,0.5685665621681771,1
seg_002417,sample_00805,Sfogare Il Dissenso - Deiezione HC,FAKE,1,Rock,audioldm,test,original,0.9986876637056549,0.5685665621681771,1
seg_002427,sample_00809,Attention - Pete Prodoehl,FAKE,1,Rock,audioldm,test,original,0.9991401471201073,0.5685665621681771,1
seg_002428,sample_00809,Attention - Pete Prodoehl,FAKE,1,Rock,audioldm,test,original,0.9991297205654703,0.5685665621681771,1
seg_002429,sample_00809,Attention - Pete Prodoehl,FAKE,1,Rock,audioldm,test,original,0.9996777361475728,0.5685665621681771,1
seg_002469,sample_00823,L'arbre - Salmo,FAKE,1,Rock,audioldm,test,original,0.993459946873786,0.5685665621681771,1
seg_002470,sample_00823,L'arbre - Salmo,FAKE,1,Rock,audioldm,test,original,0.9954541782148433,0.5685665621681771,1
seg_002471,sample_00823,L'arbre - Salmo,FAKE,1,Rock,audioldm,test,original,0.9985174841443174,0.5685665621681771,1
seg_002562,sample_00854,Leaving Here - Mod Fun,FAKE,1,Rock,audioldm,test,original,0.9959517912838926,0.5685665621681771,1
seg_002563,sample_00854,Leaving Here - Mod Fun,FAKE,1,Rock,audioldm,test,original,0.9898908264145176,0.5685665621681771,1
seg_002564,sample_00854,Leaving Here - Mod Fun,FAKE,1,Rock,audioldm,test,original,0.9948216901649787,0.5685665621681771,1
seg_002580,sample_00860,Puertas de Fuego - Guerra de Cerdos,FAKE,1,Rock,audioldm,test,original,0.999917877405982,0.5685665621681771,1
seg_002581,sample_00860,Puertas de Fuego - Guerra de Cerdos,FAKE,1,Rock,audioldm,test,original,0.9998459945322775,0.5685665621681771,1
seg_002582,sample_00860,Puertas de Fuego - Guerra de Cerdos,FAKE,1,Rock,audioldm,test,original,0.9998836690360068,0.5685665621681771,1
seg_002583,sample_00861,Sonzis FM - Pipe Choir,FAKE,1,Rock,audioldm,test,original,0.9424878747937755,0.5685665621681771,1
seg_002584,sample_00861,Sonzis FM - Pipe Choir,FAKE,1,Rock,audioldm,test,original,0.9989161945613744,0.5685665621681771,1
seg_002585,sample_00861,Sonzis FM - Pipe Choir,FAKE,1,Rock,audioldm,test,original,0.9904510933447661,0.5685665621681771,1
seg_002589,sample_00863,5 (Lexington) - Isle of Pine,FAKE,1,Rock,audioldm,test,original,0.9982086021709619,0.5685665621681771,1
seg_002590,sample_00863,5 (Lexington) - Isle of Pine,FAKE,1,Rock,audioldm,test,original,0.9915741082531013,0.5685665621681771,1
seg_002591,sample_00863,5 (Lexington) - Isle of Pine,FAKE,1,Rock,audioldm,test,original,0.9998672590193495,0.5685665621681771,1
seg_002601,sample_00867,Moja Krypta - AmortE,FAKE,1,Rock,audioldm,test,original,0.9969422877379363,0.5685665621681771,1
seg_002602,sample_00867,Moja Krypta - AmortE,FAKE,1,Rock,audioldm,test,original,0.9554245613470015,0.5685665621681771,1
seg_002603,sample_00867,Moja Krypta - AmortE,FAKE,1,Rock,audioldm,test,original,0.9999975862035342,0.5685665621681771,1
seg_002619,sample_00873,Untitled - Fatal Injection,FAKE,1,Rock,audioldm,test,original,0.9994077747750726,0.5685665621681771,1
seg_002620,sample_00873,Untitled - Fatal Injection,FAKE,1,Rock,audioldm,test,original,0.9987461319925648,0.5685665621681771,1
seg_002621,sample_00873,Untitled - Fatal Injection,FAKE,1,Rock,audioldm,test,original,0.999259676355708,0.5685665621681771,1
seg_002700,sample_00900,Dance Harder - Three Chain Links,FAKE,1,Electronic,brev,test,original,0.9838258086848124,0.5685665621681771,1
seg_002701,sample_00900,Dance Harder - Three Chain Links,FAKE,1,Electronic,brev,test,original,0.9326245881506192,0.5685665621681771,1
seg_002702,sample_00900,Dance Harder - Three Chain Links,FAKE,1,Electronic,brev,test,original,0.9891556664202482,0.5685665621681771,1
seg_002703,sample_00901,Dance Harder - Three Chain Links,FAKE,1,Electronic,brev,test,original,0.9953714666414747,0.5685665621681771,1
seg_002704,sample_00901,Dance Harder - Three Chain Links,FAKE,1,Electronic,brev,test,original,0.42210120077081,0.5685665621681771,0
seg_002705,sample_00901,Dance Harder - Three Chain Links,FAKE,1,Electronic,brev,test,original,0.9989582094513599,0.5685665621681771,1
seg_002730,sample_00910,Fuckaboing - RoccoW,FAKE,1,Electronic,brev,test,original,0.905511264107084,0.5685665621681771,1
seg_002731,sample_00910,Fuckaboing - RoccoW,FAKE,1,Electronic,brev,test,original,0.5878995423974424,0.5685665621681771,1
seg_002732,sample_00910,Fuckaboing - RoccoW,FAKE,1,Electronic,brev,test,original,0.9802275659488191,0.5685665621681771,1
seg_002733,sample_00911,Fuckaboing - RoccoW,FAKE,1,Electronic,brev,test,original,0.942518370026414,0.5685665621681771,1
seg_002734,sample_00911,Fuckaboing - RoccoW,FAKE,1,Electronic,brev,test,original,0.8379477371226689,0.5685665621681771,1
seg_002735,sample_00911,Fuckaboing - RoccoW,FAKE,1,Electronic,brev,test,original,0.9505926776934274,0.5685665621681771,1
seg_002778,sample_00926,Night Owl - Broke For Free,FAKE,1,Electronic,brev,test,original,0.9907583525365931,0.5685665621681771,1
seg_002779,sample_00926,Night Owl - Broke For Free,FAKE,1,Electronic,brev,test,original,0.984540589939985,0.5685665621681771,1
seg_002780,sample_00926,Night Owl - Broke For Free,FAKE,1,Electronic,brev,test,original,0.9819503078233699,0.5685665621681771,1
seg_002781,sample_00927,Night Owl - Broke For Free,FAKE,1,Electronic,brev,test,original,0.9877811690131774,0.5685665621681771,1
seg_002782,sample_00927,Night Owl - Broke For Free,FAKE,1,Electronic,brev,test,original,0.9991269434679303,0.5685665621681771,1
seg_002783,sample_00927,Night Owl - Broke For Free,FAKE,1,Electronic,brev,test,original,0.987307813203264,0.5685665621681771,1
seg_002838,sample_00946,Pista Afuera - Epstein,FAKE,1,Electronic,brev,test,original,0.9975872329390437,0.5685665621681771,1
seg_002839,sample_00946,Pista Afuera - Epstein,FAKE,1,Electronic,brev,test,original,0.9976537233909727,0.5685665621681771,1
seg_002840,sample_00946,Pista Afuera - Epstein,FAKE,1,Electronic,brev,test,original,0.9998403890239553,0.5685665621681771,1
seg_002841,sample_00947,Pista Afuera - Epstein,FAKE,1,Electronic,brev,test,original,0.9996882482925131,0.5685665621681771,1
seg_002842,sample_00947,Pista Afuera - Epstein,FAKE,1,Electronic,brev,test,original,0.9987211511263323,0.5685665621681771,1
seg_002843,sample_00947,Pista Afuera - Epstein,FAKE,1,Electronic,brev,test,original,0.998265998688912,0.5685665621681771,1
seg_002850,sample_00950,Realize Me - Jim Rooster,FAKE,1,Electronic,brev,test,original,0.9513987842531265,0.5685665621681771,1
seg_002851,sample_00950,Realize Me - Jim Rooster,FAKE,1,Electronic,brev,test,original,0.9733450939063635,0.5685665621681771,1
seg_002852,sample_00950,Realize Me - Jim Rooster,FAKE,1,Electronic,brev,test,original,0.9986243863589002,0.5685665621681771,1
seg_002853,sample_00951,Realize Me - Jim Rooster,FAKE,1,Electronic,brev,test,original,0.9744768024327222,0.5685665621681771,1
seg_002854,sample_00951,Realize Me - Jim Rooster,FAKE,1,Electronic,brev,test,original,0.9941418395582382,0.5685665621681771,1
seg_002855,sample_00951,Realize Me - Jim Rooster,FAKE,1,Electronic,brev,test,original,0.9965429845410917,0.5685665621681771,1
seg_002856,sample_00952,Resistentialism - Nihilore,FAKE,1,Electronic,brev,test,original,0.9916540914794904,0.5685665621681771,1
seg_002857,sample_00952,Resistentialism - Nihilore,FAKE,1,Electronic,brev,test,original,0.9594768589354071,0.5685665621681771,1
seg_002858,sample_00952,Resistentialism - Nihilore,FAKE,1,Electronic,brev,test,original,0.9998396255081772,0.5685665621681771,1
seg_002859,sample_00953,Resistentialism - Nihilore,FAKE,1,Electronic,brev,test,original,0.9864447057176994,0.5685665621681771,1
seg_002860,sample_00953,Resistentialism - Nihilore,FAKE,1,Electronic,brev,test,original,0.9887334688790509,0.5685665621681771,1
seg_002861,sample_00953,Resistentialism - Nihilore,FAKE,1,Electronic,brev,test,original,0.9997033805742447,0.5685665621681771,1
seg_002922,sample_00974,Ugh! Humans Can Join - Mystery Mammal,FAKE,1,Electronic,brev,test,original,0.9963398742541855,0.5685665621681771,1
seg_002923,sample_00974,Ugh! Humans Can Join - Mystery Mammal,FAKE,1,Electronic,brev,test,original,0.8766307149212335,0.5685665621681771,1
seg_002924,sample_00974,Ugh! Humans Can Join - Mystery Mammal,FAKE,1,Electronic,brev,test,original,0.9962230458190318,0.5685665621681771,1
seg_002925,sample_00975,Ugh! Humans Can Join - Mystery Mammal,FAKE,1,Electronic,brev,test,original,0.9913104738619395,0.5685665621681771,1
seg_002926,sample_00975,Ugh! Humans Can Join - Mystery Mammal,FAKE,1,Electronic,brev,test,original,0.990173450204391,0.5685665621681771,1
seg_002927,sample_00975,Ugh! Humans Can Join - Mystery Mammal,FAKE,1,Electronic,brev,test,original,0.9990165309864456,0.5685665621681771,1
seg_002976,sample_00992,Different Day - First,FAKE,1,Pop,brev,test,original,0.9871223958902231,0.5685665621681771,1
seg_002977,sample_00992,Different Day - First,FAKE,1,Pop,brev,test,original,0.9661575162242295,0.5685665621681771,1
seg_002978,sample_00992,Different Day - First,FAKE,1,Pop,brev,test,original,0.976011847336103,0.5685665621681771,1
seg_002979,sample_00993,Different Day - First,FAKE,1,Pop,brev,test,original,0.9010757805139646,0.5685665621681771,1
seg_002980,sample_00993,Different Day - First,FAKE,1,Pop,brev,test,original,0.9754980111588121,0.5685665621681771,1
seg_002981,sample_00993,Different Day - First,FAKE,1,Pop,brev,test,original,0.9342819649333245,0.5685665621681771,1
seg_003006,sample_01002,"Hungry - Oh Yeah, the Future",FAKE,1,Pop,brev,test,original,0.5505557530549577,0.5685665621681771,0
seg_003007,sample_01002,"Hungry - Oh Yeah, the Future",FAKE,1,Pop,brev,test,original,0.40051528616163795,0.5685665621681771,0
seg_003008,sample_01002,"Hungry - Oh Yeah, the Future",FAKE,1,Pop,brev,test,original,0.9985423558408677,0.5685665621681771,1
seg_003009,sample_01003,"Hungry - Oh Yeah, the Future",FAKE,1,Pop,brev,test,original,0.9992568598290188,0.5685665621681771,1
seg_003010,sample_01003,"Hungry - Oh Yeah, the Future",FAKE,1,Pop,brev,test,original,0.8197159699804761,0.5685665621681771,1
seg_003011,sample_01003,"Hungry - Oh Yeah, the Future",FAKE,1,Pop,brev,test,original,0.9983211671416226,0.5685665621681771,1
seg_003072,sample_01024,Motocross Mania - Monroeville Music Center,FAKE,1,Pop,brev,test,original,0.9625239831908634,0.5685665621681771,1
seg_003073,sample_01024,Motocross Mania - Monroeville Music Center,FAKE,1,Pop,brev,test,original,0.9224093301245002,0.5685665621681771,1
seg_003074,sample_01024,Motocross Mania - Monroeville Music Center,FAKE,1,Pop,brev,test,original,0.9855763595871129,0.5685665621681771,1
seg_003075,sample_01025,Motocross Mania - Monroeville Music Center,FAKE,1,Pop,brev,test,original,0.5101038503535,0.5685665621681771,0
seg_003076,sample_01025,Motocross Mania - Monroeville Music Center,FAKE,1,Pop,brev,test,original,0.9823249215295706,0.5685665621681771,1
seg_003077,sample_01025,Motocross Mania - Monroeville Music Center,FAKE,1,Pop,brev,test,original,0.9912429577111788,0.5685665621681771,1
seg_003078,sample_01026,Music For an Underground Circu - Ergo Phizmiz,FAKE,1,Pop,brev,test,original,0.9650073126535524,0.5685665621681771,1
seg_003079,sample_01026,Music For an Underground Circu - Ergo Phizmiz,FAKE,1,Pop,brev,test,original,0.27119219805328604,0.5685665621681771,0
seg_003080,sample_01026,Music For an Underground Circu - Ergo Phizmiz,FAKE,1,Pop,brev,test,original,0.7753987699354951,0.5685665621681771,1
seg_003081,sample_01027,Music For an Underground Circu - Ergo Phizmiz,FAKE,1,Pop,brev,test,original,0.9684056881605104,0.5685665621681771,1
seg_003082,sample_01027,Music For an Underground Circu - Ergo Phizmiz,FAKE,1,Pop,brev,test,original,0.86530855368771,0.5685665621681771,1
seg_003083,sample_01027,Music For an Underground Circu - Ergo Phizmiz,FAKE,1,Pop,brev,test,original,0.9526281901198491,0.5685665621681771,1
seg_003138,sample_01046,She Works / Tepid Waters - Bird Names,FAKE,1,Pop,brev,test,original,0.9960339572080062,0.5685665621681771,1
seg_003139,sample_01046,She Works / Tepid Waters - Bird Names,FAKE,1,Pop,brev,test,original,0.9650168991239353,0.5685665621681771,1
seg_003140,sample_01046,She Works / Tepid Waters - Bird Names,FAKE,1,Pop,brev,test,original,0.9996694085942053,0.5685665621681771,1
seg_003141,sample_01047,She Works / Tepid Waters - Bird Names,FAKE,1,Pop,brev,test,original,0.909286565314664,0.5685665621681771,1
seg_003142,sample_01047,She Works / Tepid Waters - Bird Names,FAKE,1,Pop,brev,test,original,0.6475485814451117,0.5685665621681771,1
seg_003143,sample_01047,She Works / Tepid Waters - Bird Names,FAKE,1,Pop,brev,test,original,0.9977570215003652,0.5685665621681771,1
seg_003150,sample_01050,Something Dirty - Ergo Phizmiz,FAKE,1,Pop,brev,test,original,0.9132919149158101,0.5685665621681771,1
seg_003151,sample_01050,Something Dirty - Ergo Phizmiz,FAKE,1,Pop,brev,test,original,0.7384029877258582,0.5685665621681771,1
seg_003152,sample_01050,Something Dirty - Ergo Phizmiz,FAKE,1,Pop,brev,test,original,0.9788426856842914,0.5685665621681771,1
seg_003153,sample_01051,Something Dirty - Ergo Phizmiz,FAKE,1,Pop,brev,test,original,0.642807747198556,0.5685665621681771,1
seg_003154,sample_01051,Something Dirty - Ergo Phizmiz,FAKE,1,Pop,brev,test,original,0.9658533386883972,0.5685665621681771,1
seg_003155,sample_01051,Something Dirty - Ergo Phizmiz,FAKE,1,Pop,brev,test,original,0.991563406650113,0.5685665621681771,1
seg_003210,sample_01070,Troubles I've seen - Malaventura,FAKE,1,Pop,brev,test,original,0.8789788857464881,0.5685665621681771,1
seg_003211,sample_01070,Troubles I've seen - Malaventura,FAKE,1,Pop,brev,test,original,0.8664688639656425,0.5685665621681771,1
seg_003212,sample_01070,Troubles I've seen - Malaventura,FAKE,1,Pop,brev,test,original,0.9772108818283588,0.5685665621681771,1
seg_003213,sample_01071,Troubles I've seen - Malaventura,FAKE,1,Pop,brev,test,original,0.9109575091412342,0.5685665621681771,1
seg_003214,sample_01071,Troubles I've seen - Malaventura,FAKE,1,Pop,brev,test,original,0.9598249504269165,0.5685665621681771,1
seg_003215,sample_01071,Troubles I've seen - Malaventura,FAKE,1,Pop,brev,test,original,0.9989971951797322,0.5685665621681771,1
seg_003252,sample_01084,Attention - Pete Prodoehl,FAKE,1,Rock,brev,test,original,0.9953793098995097,0.5685665621681771,1
seg_003253,sample_01084,Attention - Pete Prodoehl,FAKE,1,Rock,brev,test,original,0.9859651526137345,0.5685665621681771,1
seg_003254,sample_01084,Attention - Pete Prodoehl,FAKE,1,Rock,brev,test,original,0.9998092877158288,0.5685665621681771,1
seg_003255,sample_01085,Attention - Pete Prodoehl,FAKE,1,Rock,brev,test,original,0.9948680517712594,0.5685665621681771,1
seg_003256,sample_01085,Attention - Pete Prodoehl,FAKE,1,Rock,brev,test,original,0.9795640587563001,0.5685665621681771,1
seg_003257,sample_01085,Attention - Pete Prodoehl,FAKE,1,Rock,brev,test,original,0.9981113601536313,0.5685665621681771,1
seg_003300,sample_01100,"Head of Ancante, Talking Tree - Ak'chamel, The Giver of Illness",FAKE,1,Rock,brev,test,original,0.9862836992855608,0.5685665621681771,1
seg_003301,sample_01100,"Head of Ancante, Talking Tree - Ak'chamel, The Giver of Illness",FAKE,1,Rock,brev,test,original,0.778227824466375,0.5685665621681771,1
seg_003302,sample_01100,"Head of Ancante, Talking Tree - Ak'chamel, The Giver of Illness",FAKE,1,Rock,brev,test,original,0.8308048393120964,0.5685665621681771,1
seg_003303,sample_01101,"Head of Ancante, Talking Tree - Ak'chamel, The Giver of Illness",FAKE,1,Rock,brev,test,original,0.9896364381271325,0.5685665621681771,1
seg_003304,sample_01101,"Head of Ancante, Talking Tree - Ak'chamel, The Giver of Illness",FAKE,1,Rock,brev,test,original,0.9447288455763196,0.5685665621681771,1
seg_003305,sample_01101,"Head of Ancante, Talking Tree - Ak'chamel, The Giver of Illness",FAKE,1,Rock,brev,test,original,0.9483005154819978,0.5685665621681771,1
seg_003324,sample_01108,I - Inflammator,FAKE,1,Rock,brev,test,original,0.9907089652386256,0.5685665621681771,1
seg_003325,sample_01108,I - Inflammator,FAKE,1,Rock,brev,test,original,0.9699030090150476,0.5685665621681771,1
seg_003326,sample_01108,I - Inflammator,FAKE,1,Rock,brev,test,original,0.9887999240695272,0.5685665621681771,1
seg_003327,sample_01109,I - Inflammator,FAKE,1,Rock,brev,test,original,0.6783119259922749,0.5685665621681771,1
seg_003328,sample_01109,I - Inflammator,FAKE,1,Rock,brev,test,original,0.6196175832278369,0.5685665621681771,1
seg_003329,sample_01109,I - Inflammator,FAKE,1,Rock,brev,test,original,0.9856735583711376,0.5685665621681771,1
seg_003342,sample_01114,LIQUID SKULLS - voyageurs,FAKE,1,Rock,brev,test,original,0.9817211359923724,0.5685665621681771,1
seg_003343,sample_01114,LIQUID SKULLS - voyageurs,FAKE,1,Rock,brev,test,original,0.900302460445211,0.5685665621681771,1
seg_003344,sample_01114,LIQUID SKULLS - voyageurs,FAKE,1,Rock,brev,test,original,0.9768592733236809,0.5685665621681771,1
seg_003345,sample_01115,LIQUID SKULLS - voyageurs,FAKE,1,Rock,brev,test,original,0.9915553292497453,0.5685665621681771,1
seg_003346,sample_01115,LIQUID SKULLS - voyageurs,FAKE,1,Rock,brev,test,original,0.8207753238174831,0.5685665621681771,1
seg_003347,sample_01115,LIQUID SKULLS - voyageurs,FAKE,1,Rock,brev,test,original,0.9940487710294514,0.5685665621681771,1
seg_003354,sample_01118,Love Dream - The Zombie Dandies,FAKE,1,Rock,brev,test,original,0.36126710766146364,0.5685665621681771,0
seg_003355,sample_01118,Love Dream - The Zombie Dandies,FAKE,1,Rock,brev,test,original,0.518591785962758,0.5685665621681771,0
seg_003356,sample_01118,Love Dream - The Zombie Dandies,FAKE,1,Rock,brev,test,original,0.976715102749108,0.5685665621681771,1
seg_003357,sample_01119,Love Dream - The Zombie Dandies,FAKE,1,Rock,brev,test,original,0.9339605606020144,0.5685665621681771,1
seg_003358,sample_01119,Love Dream - The Zombie Dandies,FAKE,1,Rock,brev,test,original,0.7173971568320499,0.5685665621681771,1
seg_003359,sample_01119,Love Dream - The Zombie Dandies,FAKE,1,Rock,brev,test,original,0.995796751737838,0.5685665621681771,1
seg_003432,sample_01144,Sfogare Il Dissenso - Deiezione HC,FAKE,1,Rock,brev,test,original,0.782347081462112,0.5685665621681771,1
seg_003433,sample_01144,Sfogare Il Dissenso - Deiezione HC,FAKE,1,Rock,brev,test,original,0.9745170328920366,0.5685665621681771,1
seg_003434,sample_01144,Sfogare Il Dissenso - Deiezione HC,FAKE,1,Rock,brev,test,original,0.9941626353688585,0.5685665621681771,1
seg_003435,sample_01145,Sfogare Il Dissenso - Deiezione HC,FAKE,1,Rock,brev,test,original,0.7673140400611022,0.5685665621681771,1
seg_003436,sample_01145,Sfogare Il Dissenso - Deiezione HC,FAKE,1,Rock,brev,test,original,0.8598387824415941,0.5685665621681771,1
seg_003437,sample_01145,Sfogare Il Dissenso - Deiezione HC,FAKE,1,Rock,brev,test,original,0.9907591411166787,0.5685665621681771,1
seg_003456,sample_01152,Stuttgart - Portrayal,FAKE,1,Rock,brev,test,original,0.9962915164397882,0.5685665621681771,1
seg_003457,sample_01152,Stuttgart - Portrayal,FAKE,1,Rock,brev,test,original,0.9370576760287195,0.5685665621681771,1
seg_003458,sample_01152,Stuttgart - Portrayal,FAKE,1,Rock,brev,test,original,0.9998133653129946,0.5685665621681771,1
seg_003459,sample_01153,Stuttgart - Portrayal,FAKE,1,Rock,brev,test,original,0.7181502794726132,0.5685665621681771,1
seg_003460,sample_01153,Stuttgart - Portrayal,FAKE,1,Rock,brev,test,original,0.5619693736393865,0.5685665621681771,0
seg_003461,sample_01153,Stuttgart - Portrayal,FAKE,1,Rock,brev,test,original,0.9931607370591253,0.5685665621681771,1
seg_003462,sample_01154,Terve Teille - Чокнутый Пропеллер,FAKE,1,Rock,brev,test,original,0.9013602159247004,0.5685665621681771,1
seg_003463,sample_01154,Terve Teille - Чокнутый Пропеллер,FAKE,1,Rock,brev,test,original,0.7529375847049433,0.5685665621681771,1
seg_003464,sample_01154,Terve Teille - Чокнутый Пропеллер,FAKE,1,Rock,brev,test,original,0.9970512154171516,0.5685665621681771,1
seg_003465,sample_01155,Terve Teille - Чокнутый Пропеллер,FAKE,1,Rock,brev,test,original,0.9577894322307403,0.5685665621681771,1
seg_003466,sample_01155,Terve Teille - Чокнутый Пропеллер,FAKE,1,Rock,brev,test,original,0.950534159744208,0.5685665621681771,1
seg_003467,sample_01155,Terve Teille - Чокнутый Пропеллер,FAKE,1,Rock,brev,test,original,0.9963827801525432,0.5685665621681771,1
seg_003504,sample_01168,Where Is Everything - The Moi Non Plus,FAKE,1,Rock,brev,test,original,0.9969741379286676,0.5685665621681771,1
seg_003505,sample_01168,Where Is Everything - The Moi Non Plus,FAKE,1,Rock,brev,test,original,0.870003697657269,0.5685665621681771,1
seg_003506,sample_01168,Where Is Everything - The Moi Non Plus,FAKE,1,Rock,brev,test,original,0.9963791104460484,0.5685665621681771,1
seg_003507,sample_01169,Where Is Everything - The Moi Non Plus,FAKE,1,Rock,brev,test,original,0.9860846621582394,0.5685665621681771,1
seg_003508,sample_01169,Where Is Everything - The Moi Non Plus,FAKE,1,Rock,brev,test,original,0.6196403636517575,0.5685665621681771,1
seg_003509,sample_01169,Where Is Everything - The Moi Non Plus,FAKE,1,Rock,brev,test,original,0.9687419027082929,0.5685665621681771,1
seg_003510,sample_01170,Who Loves You Dear - Mink Lungs,FAKE,1,Rock,brev,test,original,0.6232145441974304,0.5685665621681771,1
seg_003511,sample_01170,Who Loves You Dear - Mink Lungs,FAKE,1,Rock,brev,test,original,0.7353969118690898,0.5685665621681771,1
seg_003512,sample_01170,Who Loves You Dear - Mink Lungs,FAKE,1,Rock,brev,test,original,0.9828636897002171,0.5685665621681771,1
seg_003513,sample_01171,Who Loves You Dear - Mink Lungs,FAKE,1,Rock,brev,test,original,0.9049700337785171,0.5685665621681771,1
seg_003514,sample_01171,Who Loves You Dear - Mink Lungs,FAKE,1,Rock,brev,test,original,0.6305066189000176,0.5685665621681771,1
seg_003515,sample_01171,Who Loves You Dear - Mink Lungs,FAKE,1,Rock,brev,test,original,0.9998912453731083,0.5685665621681771,1
seg_003543,sample_01181,2Much (Andy Spinelli & Alex Sánchez House Edit) - Tentacles,FAKE,1,Electronic,diffrhythm,test,original,0.9957394699415005,0.5685665621681771,1
seg_003544,sample_01181,2Much (Andy Spinelli & Alex Sánchez House Edit) - Tentacles,FAKE,1,Electronic,diffrhythm,test,original,0.9898212326805067,0.5685665621681771,1
seg_003545,sample_01181,2Much (Andy Spinelli & Alex Sánchez House Edit) - Tentacles,FAKE,1,Electronic,diffrhythm,test,original,0.9774933909905692,0.5685665621681771,1
seg_003546,sample_01182,3 am West End - statusq,FAKE,1,Electronic,diffrhythm,test,original,0.9812242943345809,0.5685665621681771,1
seg_003547,sample_01182,3 am West End - statusq,FAKE,1,Electronic,diffrhythm,test,original,0.7145209240712359,0.5685665621681771,1
seg_003548,sample_01182,3 am West End - statusq,FAKE,1,Electronic,diffrhythm,test,original,0.9983252222367875,0.5685665621681771,1
seg_003582,sample_01194,Bizzy - The Tleilaxu Music Machine,FAKE,1,Electronic,diffrhythm,test,original,0.9992919807248603,0.5685665621681771,1
seg_003583,sample_01194,Bizzy - The Tleilaxu Music Machine,FAKE,1,Electronic,diffrhythm,test,original,0.918658495961525,0.5685665621681771,1
seg_003584,sample_01194,Bizzy - The Tleilaxu Music Machine,FAKE,1,Electronic,diffrhythm,test,original,0.9966257541961712,0.5685665621681771,1
seg_003600,sample_01200,Dance Harder - Three Chain Links,FAKE,1,Electronic,diffrhythm,test,original,0.9807869293628854,0.5685665621681771,1
seg_003601,sample_01200,Dance Harder - Three Chain Links,FAKE,1,Electronic,diffrhythm,test,original,0.9976734900803884,0.5685665621681771,1
seg_003602,sample_01200,Dance Harder - Three Chain Links,FAKE,1,Electronic,diffrhythm,test,original,0.9963496963295156,0.5685665621681771,1
seg_003627,sample_01209,End titles - Itsensäsyöjät,FAKE,1,Electronic,diffrhythm,test,original,0.9933890902870509,0.5685665621681771,1
seg_003628,sample_01209,End titles - Itsensäsyöjät,FAKE,1,Electronic,diffrhythm,test,original,0.988630722600516,0.5685665621681771,1
seg_003629,sample_01209,End titles - Itsensäsyöjät,FAKE,1,Electronic,diffrhythm,test,original,0.9967628237969508,0.5685665621681771,1
seg_003648,sample_01216,Fuckaboing - RoccoW,FAKE,1,Electronic,diffrhythm,test,original,0.9913584736983952,0.5685665621681771,1
seg_003649,sample_01216,Fuckaboing - RoccoW,FAKE,1,Electronic,diffrhythm,test,original,0.9054933895106937,0.5685665621681771,1
seg_003650,sample_01216,Fuckaboing - RoccoW,FAKE,1,Electronic,diffrhythm,test,original,0.9562850789746813,0.5685665621681771,1
seg_003690,sample_01230,Let's Start Out Slow - RoccoW,FAKE,1,Electronic,diffrhythm,test,original,0.9326914507590683,0.5685665621681771,1
seg_003691,sample_01230,Let's Start Out Slow - RoccoW,FAKE,1,Electronic,diffrhythm,test,original,0.9323884544313275,0.5685665621681771,1
seg_003692,sample_01230,Let's Start Out Slow - RoccoW,FAKE,1,Electronic,diffrhythm,test,original,0.998440043146573,0.5685665621681771,1
seg_003693,sample_01231,Let You're Body Move - D SMILEZ,FAKE,1,Electronic,diffrhythm,test,original,0.9658724835177442,0.5685665621681771,1
seg_003694,sample_01231,Let You're Body Move - D SMILEZ,FAKE,1,Electronic,diffrhythm,test,original,0.9963897577622661,0.5685665621681771,1
seg_003695,sample_01231,Let You're Body Move - D SMILEZ,FAKE,1,Electronic,diffrhythm,test,original,0.9969582571497584,0.5685665621681771,1
seg_003720,sample_01240,Night Owl - Broke For Free,FAKE,1,Electronic,diffrhythm,test,original,0.9985410773923444,0.5685665621681771,1
seg_003721,sample_01240,Night Owl - Broke For Free,FAKE,1,Electronic,diffrhythm,test,original,0.9813788678141138,0.5685665621681771,1
seg_003722,sample_01240,Night Owl - Broke For Free,FAKE,1,Electronic,diffrhythm,test,original,0.9973178822344906,0.5685665621681771,1
seg_003753,sample_01251,Pista Afuera - Epstein,FAKE,1,Electronic,diffrhythm,test,original,0.9894859715462301,0.5685665621681771,1
seg_003754,sample_01251,Pista Afuera - Epstein,FAKE,1,Electronic,diffrhythm,test,original,0.9840031290318673,0.5685665621681771,1
seg_003755,sample_01251,Pista Afuera - Epstein,FAKE,1,Electronic,diffrhythm,test,original,0.7710830066140928,0.5685665621681771,1
seg_003762,sample_01254,Realize Me - Jim Rooster,FAKE,1,Electronic,diffrhythm,test,original,0.9908048081329734,0.5685665621681771,1
seg_003763,sample_01254,Realize Me - Jim Rooster,FAKE,1,Electronic,diffrhythm,test,original,0.9685843243055352,0.5685665621681771,1
seg_003764,sample_01254,Realize Me - Jim Rooster,FAKE,1,Electronic,diffrhythm,test,original,0.9987319676061845,0.5685665621681771,1
seg_003765,sample_01255,Resistentialism - Nihilore,FAKE,1,Electronic,diffrhythm,test,original,0.9997678450918005,0.5685665621681771,1
seg_003766,sample_01255,Resistentialism - Nihilore,FAKE,1,Electronic,diffrhythm,test,original,0.9795428727984659,0.5685665621681771,1
seg_003767,sample_01255,Resistentialism - Nihilore,FAKE,1,Electronic,diffrhythm,test,original,0.9996461507656509,0.5685665621681771,1
seg_003786,sample_01262,Set Fire to Creation - Nihilore,FAKE,1,Electronic,diffrhythm,test,original,0.9936666942791604,0.5685665621681771,1
seg_003787,sample_01262,Set Fire to Creation - Nihilore,FAKE,1,Electronic,diffrhythm,test,original,0.9946757816276782,0.5685665621681771,1
seg_003788,sample_01262,Set Fire to Creation - Nihilore,FAKE,1,Electronic,diffrhythm,test,original,0.9973859019473087,0.5685665621681771,1
seg_003807,sample_01269,Support Me in This Moment That I'm About To Lose Heart - Nihilore,FAKE,1,Electronic,diffrhythm,test,original,0.9897707522059335,0.5685665621681771,1
seg_003808,sample_01269,Support Me in This Moment That I'm About To Lose Heart - Nihilore,FAKE,1,Electronic,diffrhythm,test,original,0.24045444847258834,0.5685665621681771,0
seg_003809,sample_01269,Support Me in This Moment That I'm About To Lose Heart - Nihilore,FAKE,1,Electronic,diffrhythm,test,original,0.9957925349335408,0.5685665621681771,1
seg_003819,sample_01273,The Adventures Of Roderick Random - Maps And Diagrams,FAKE,1,Electronic,diffrhythm,test,original,0.9988375063091461,0.5685665621681771,1
seg_003820,sample_01273,The Adventures Of Roderick Random - Maps And Diagrams,FAKE,1,Electronic,diffrhythm,test,original,0.8239981347274216,0.5685665621681771,1
seg_003821,sample_01273,The Adventures Of Roderick Random - Maps And Diagrams,FAKE,1,Electronic,diffrhythm,test,original,0.8524126441803165,0.5685665621681771,1
seg_003837,sample_01279,The Secret Garden - Barbarix,FAKE,1,Electronic,diffrhythm,test,original,0.9998878640768731,0.5685665621681771,1
seg_003838,sample_01279,The Secret Garden - Barbarix,FAKE,1,Electronic,diffrhythm,test,original,0.9919291031532675,0.5685665621681771,1
seg_003839,sample_01279,The Secret Garden - Barbarix,FAKE,1,Electronic,diffrhythm,test,original,0.9978836485337162,0.5685665621681771,1
seg_003858,sample_01286,Ugh! Humans Can Join - Mystery Mammal,FAKE,1,Electronic,diffrhythm,test,original,0.966777800739311,0.5685665621681771,1
seg_003859,sample_01286,Ugh! Humans Can Join - Mystery Mammal,FAKE,1,Electronic,diffrhythm,test,original,0.9932330601063389,0.5685665621681771,1
seg_003860,sample_01286,Ugh! Humans Can Join - Mystery Mammal,FAKE,1,Electronic,diffrhythm,test,original,0.9973815677892346,0.5685665621681771,1
seg_003882,sample_01294,Yurtology - Michett,FAKE,1,Electronic,diffrhythm,test,original,0.9998928599891119,0.5685665621681771,1
seg_003883,sample_01294,Yurtology - Michett,FAKE,1,Electronic,diffrhythm,test,original,0.932604683661194,0.5685665621681771,1
seg_003884,sample_01294,Yurtology - Michett,FAKE,1,Electronic,diffrhythm,test,original,0.993254174148493,0.5685665621681771,1
seg_003906,sample_01302,Different Day - First,FAKE,1,Pop,diffrhythm,test,original,0.9997581847676968,0.5685665621681771,1
seg_003907,sample_01302,Different Day - First,FAKE,1,Pop,diffrhythm,test,original,0.9858177674292901,0.5685665621681771,1
seg_003908,sample_01302,Different Day - First,FAKE,1,Pop,diffrhythm,test,original,0.9936809454274251,0.5685665621681771,1
seg_003909,sample_01303,El Burrito - Malaventura,FAKE,1,Pop,diffrhythm,test,original,0.9872003031994061,0.5685665621681771,1
seg_003910,sample_01303,El Burrito - Malaventura,FAKE,1,Pop,diffrhythm,test,original,0.9092568236471863,0.5685665621681771,1
seg_003911,sample_01303,El Burrito - Malaventura,FAKE,1,Pop,diffrhythm,test,original,0.9927375952354246,0.5685665621681771,1
seg_003924,sample_01308,"Hungry - Oh Yeah, the Future",FAKE,1,Pop,diffrhythm,test,original,0.9836545686875751,0.5685665621681771,1
seg_003925,sample_01308,"Hungry - Oh Yeah, the Future",FAKE,1,Pop,diffrhythm,test,original,0.9981138193861824,0.5685665621681771,1
seg_003926,sample_01308,"Hungry - Oh Yeah, the Future",FAKE,1,Pop,diffrhythm,test,original,0.9870673784887465,0.5685665621681771,1
seg_003966,sample_01322,Motocross Mania - Monroeville Music Center,FAKE,1,Pop,diffrhythm,test,original,0.9753794693793272,0.5685665621681771,1
seg_003967,sample_01322,Motocross Mania - Monroeville Music Center,FAKE,1,Pop,diffrhythm,test,original,0.9659723258639995,0.5685665621681771,1
seg_003968,sample_01322,Motocross Mania - Monroeville Music Center,FAKE,1,Pop,diffrhythm,test,original,0.9938848784689246,0.5685665621681771,1
seg_003969,sample_01323,Music For an Underground Circu - Ergo Phizmiz,FAKE,1,Pop,diffrhythm,test,original,0.9895953481801858,0.5685665621681771,1
seg_003970,sample_01323,Music For an Underground Circu - Ergo Phizmiz,FAKE,1,Pop,diffrhythm,test,original,0.9437079596342843,0.5685665621681771,1
seg_003971,sample_01323,Music For an Underground Circu - Ergo Phizmiz,FAKE,1,Pop,diffrhythm,test,original,0.9988017636172407,0.5685665621681771,1
seg_004011,sample_01337,Production - Bird Names,FAKE,1,Pop,diffrhythm,test,original,0.9941116799247746,0.5685665621681771,1
seg_004012,sample_01337,Production - Bird Names,FAKE,1,Pop,diffrhythm,test,original,0.8621484968418918,0.5685665621681771,1
seg_004013,sample_01337,Production - Bird Names,FAKE,1,Pop,diffrhythm,test,original,0.7086155978469404,0.5685665621681771,1
seg_004029,sample_01343,She Works / Tepid Waters - Bird Names,FAKE,1,Pop,diffrhythm,test,original,0.9985243114189702,0.5685665621681771,1
seg_004030,sample_01343,She Works / Tepid Waters - Bird Names,FAKE,1,Pop,diffrhythm,test,original,0.9844709224975787,0.5685665621681771,1
seg_004031,sample_01343,She Works / Tepid Waters - Bird Names,FAKE,1,Pop,diffrhythm,test,original,0.9933985480219344,0.5685665621681771,1
seg_004032,sample_01344,She Works / Tepid Waters - Bird Names,FAKE,1,Pop,diffrhythm,test,original,0.9854753063301567,0.5685665621681771,1
seg_004033,sample_01344,She Works / Tepid Waters - Bird Names,FAKE,1,Pop,diffrhythm,test,original,0.8598649478548328,0.5685665621681771,1
seg_004034,sample_01344,She Works / Tepid Waters - Bird Names,FAKE,1,Pop,diffrhythm,test,original,0.9969974931544384,0.5685665621681771,1
seg_004044,sample_01348,Something Dirty - Ergo Phizmiz,FAKE,1,Pop,diffrhythm,test,original,0.9300841081973744,0.5685665621681771,1
seg_004045,sample_01348,Something Dirty - Ergo Phizmiz,FAKE,1,Pop,diffrhythm,test,original,0.5571152251094549,0.5685665621681771,0
seg_004046,sample_01348,Something Dirty - Ergo Phizmiz,FAKE,1,Pop,diffrhythm,test,original,0.9919091385980751,0.5685665621681771,1
seg_004071,sample_01357,"The Pursuit of Unintentional Humor - Oh Yeah, the Future",FAKE,1,Pop,diffrhythm,test,original,0.9892790028471331,0.5685665621681771,1
seg_004072,sample_01357,"The Pursuit of Unintentional Humor - Oh Yeah, the Future",FAKE,1,Pop,diffrhythm,test,original,0.9982057988428795,0.5685665621681771,1
seg_004073,sample_01357,"The Pursuit of Unintentional Humor - Oh Yeah, the Future",FAKE,1,Pop,diffrhythm,test,original,0.999136317957096,0.5685665621681771,1
seg_004089,sample_01363,Troubles I've seen - Malaventura,FAKE,1,Pop,diffrhythm,test,original,0.9905908529466076,0.5685665621681771,1
seg_004090,sample_01363,Troubles I've seen - Malaventura,FAKE,1,Pop,diffrhythm,test,original,0.6892734761878698,0.5685665621681771,1
seg_004091,sample_01363,Troubles I've seen - Malaventura,FAKE,1,Pop,diffrhythm,test,original,0.9965842830486203,0.5685665621681771,1
seg_004092,sample_01364,Troubles I've seen - Malaventura,FAKE,1,Pop,diffrhythm,test,original,0.9742387257568056,0.5685665621681771,1
seg_004093,sample_01364,Troubles I've seen - Malaventura,FAKE,1,Pop,diffrhythm,test,original,0.9917618836719331,0.5685665621681771,1
seg_004094,sample_01364,Troubles I've seen - Malaventura,FAKE,1,Pop,diffrhythm,test,original,0.9949331782179467,0.5685665621681771,1
seg_004122,sample_01374,5 (Lexington) - Isle of Pine,FAKE,1,Rock,diffrhythm,test,original,0.9991438930985386,0.5685665621681771,1
seg_004123,sample_01374,5 (Lexington) - Isle of Pine,FAKE,1,Rock,diffrhythm,test,original,0.9851821064748479,0.5685665621681771,1
seg_004124,sample_01374,5 (Lexington) - Isle of Pine,FAKE,1,Rock,diffrhythm,test,original,0.9925800498131235,0.5685665621681771,1
seg_004131,sample_01377,Attention - Pete Prodoehl,FAKE,1,Rock,diffrhythm,test,original,0.9832348991765211,0.5685665621681771,1
seg_004132,sample_01377,Attention - Pete Prodoehl,FAKE,1,Rock,diffrhythm,test,original,0.9863748423612609,0.5685665621681771,1
seg_004133,sample_01377,Attention - Pete Prodoehl,FAKE,1,Rock,diffrhythm,test,original,0.998099187579255,0.5685665621681771,1
seg_004221,sample_01407,"Head of Ancante, Talking Tree - Ak'chamel, The Giver of Illness",FAKE,1,Rock,diffrhythm,test,original,0.8530354442265377,0.5685665621681771,1
seg_004222,sample_01407,"Head of Ancante, Talking Tree - Ak'chamel, The Giver of Illness",FAKE,1,Rock,diffrhythm,test,original,0.98573991382104,0.5685665621681771,1
seg_004223,sample_01407,"Head of Ancante, Talking Tree - Ak'chamel, The Giver of Illness",FAKE,1,Rock,diffrhythm,test,original,0.9894022828741907,0.5685665621681771,1
seg_004248,sample_01416,I - Inflammator,FAKE,1,Rock,diffrhythm,test,original,0.9967530807329398,0.5685665621681771,1
seg_004249,sample_01416,I - Inflammator,FAKE,1,Rock,diffrhythm,test,original,0.9966247752283305,0.5685665621681771,1
seg_004250,sample_01416,I - Inflammator,FAKE,1,Rock,diffrhythm,test,original,0.9999878143018683,0.5685665621681771,1
seg_004266,sample_01422,L'arbre - Salmo,FAKE,1,Rock,diffrhythm,test,original,0.9888451922518966,0.5685665621681771,1
seg_004267,sample_01422,L'arbre - Salmo,FAKE,1,Rock,diffrhythm,test,original,0.8776906751960619,0.5685665621681771,1
seg_004268,sample_01422,L'arbre - Salmo,FAKE,1,Rock,diffrhythm,test,original,0.999992091383301,0.5685665621681771,1
seg_004269,sample_01423,Leaving Here - Mod Fun,FAKE,1,Rock,diffrhythm,test,original,0.9984368392854341,0.5685665621681771,1
seg_004270,sample_01423,Leaving Here - Mod Fun,FAKE,1,Rock,diffrhythm,test,original,0.9888037978863061,0.5685665621681771,1
seg_004271,sample_01423,Leaving Here - Mod Fun,FAKE,1,Rock,diffrhythm,test,original,0.9872890253476179,0.5685665621681771,1
seg_004278,sample_01426,LIQUID SKULLS - voyageurs,FAKE,1,Rock,diffrhythm,test,original,0.9901572875234027,0.5685665621681771,1
seg_004279,sample_01426,LIQUID SKULLS - voyageurs,FAKE,1,Rock,diffrhythm,test,original,0.9853370413582878,0.5685665621681771,1
seg_004280,sample_01426,LIQUID SKULLS - voyageurs,FAKE,1,Rock,diffrhythm,test,original,0.9637514020671119,0.5685665621681771,1
seg_004284,sample_01428,Love Dream - The Zombie Dandies,FAKE,1,Rock,diffrhythm,test,original,0.8811767863233876,0.5685665621681771,1
seg_004285,sample_01428,Love Dream - The Zombie Dandies,FAKE,1,Rock,diffrhythm,test,original,0.6968996942985985,0.5685665621681771,1
seg_004286,sample_01428,Love Dream - The Zombie Dandies,FAKE,1,Rock,diffrhythm,test,original,0.9950288971350979,0.5685665621681771,1
seg_004296,sample_01432,Moja Krypta - AmortE,FAKE,1,Rock,diffrhythm,test,original,0.9960451417727895,0.5685665621681771,1
seg_004297,sample_01432,Moja Krypta - AmortE,FAKE,1,Rock,diffrhythm,test,original,0.9814353415259811,0.5685665621681771,1
seg_004298,sample_01432,Moja Krypta - AmortE,FAKE,1,Rock,diffrhythm,test,original,0.9934855974320385,0.5685665621681771,1
seg_004320,sample_01440,Puertas de Fuego - Guerra de Cerdos,FAKE,1,Rock,diffrhythm,test,original,0.9797400100876746,0.5685665621681771,1
seg_004321,sample_01440,Puertas de Fuego - Guerra de Cerdos,FAKE,1,Rock,diffrhythm,test,original,0.8447793387393479,0.5685665621681771,1
seg_004322,sample_01440,Puertas de Fuego - Guerra de Cerdos,FAKE,1,Rock,diffrhythm,test,original,0.9992695192769786,0.5685665621681771,1
seg_004347,sample_01449,Sfogare Il Dissenso - Deiezione HC,FAKE,1,Rock,diffrhythm,test,original,0.9481581742804726,0.5685665621681771,1
seg_004348,sample_01449,Sfogare Il Dissenso - Deiezione HC,FAKE,1,Rock,diffrhythm,test,original,0.9976853085465318,0.5685665621681771,1
seg_004349,sample_01449,Sfogare Il Dissenso - Deiezione HC,FAKE,1,Rock,diffrhythm,test,original,0.9946471231465366,0.5685665621681771,1
seg_004359,sample_01453,Sonzis FM - Pipe Choir,FAKE,1,Rock,diffrhythm,test,original,0.9808317729519569,0.5685665621681771,1
seg_004360,sample_01453,Sonzis FM - Pipe Choir,FAKE,1,Rock,diffrhythm,test,original,0.982234776457481,0.5685665621681771,1
seg_004361,sample_01453,Sonzis FM - Pipe Choir,FAKE,1,Rock,diffrhythm,test,original,0.999443696793866,0.5685665621681771,1
seg_004368,sample_01456,Stuttgart - Portrayal,FAKE,1,Rock,diffrhythm,test,original,0.9289258828907595,0.5685665621681771,1
seg_004369,sample_01456,Stuttgart - Portrayal,FAKE,1,Rock,diffrhythm,test,original,0.8989039906521028,0.5685665621681771,1
seg_004370,sample_01456,Stuttgart - Portrayal,FAKE,1,Rock,diffrhythm,test,original,0.9933015725255929,0.5685665621681771,1
seg_004374,sample_01458,Terve Teille - Чокнутый Пропеллер,FAKE,1,Rock,diffrhythm,test,original,0.8933561372646207,0.5685665621681771,1
seg_004375,sample_01458,Terve Teille - Чокнутый Пропеллер,FAKE,1,Rock,diffrhythm,test,original,0.9131795560255399,0.5685665621681771,1
seg_004376,sample_01458,Terve Teille - Чокнутый Пропеллер,FAKE,1,Rock,diffrhythm,test,original,0.9949566522281524,0.5685665621681771,1
seg_004395,sample_01465,Untitled - Fatal Injection,FAKE,1,Rock,diffrhythm,test,original,0.9993964129782363,0.5685665621681771,1
seg_004396,sample_01465,Untitled - Fatal Injection,FAKE,1,Rock,diffrhythm,test,original,0.9874416662915535,0.5685665621681771,1
seg_004397,sample_01465,Untitled - Fatal Injection,FAKE,1,Rock,diffrhythm,test,original,0.8851496908087174,0.5685665621681771,1
seg_004416,sample_01472,Where Is Everything - The Moi Non Plus,FAKE,1,Rock,diffrhythm,test,original,0.9019990501765937,0.5685665621681771,1
seg_004417,sample_01472,Where Is Everything - The Moi Non Plus,FAKE,1,Rock,diffrhythm,test,original,0.09523172603886981,0.5685665621681771,0
seg_004418,sample_01472,Where Is Everything - The Moi Non Plus,FAKE,1,Rock,diffrhythm,test,original,0.9941863798480074,0.5685665621681771,1
seg_004419,sample_01473,Who Loves You Dear - Mink Lungs,FAKE,1,Rock,diffrhythm,test,original,0.8503177682948242,0.5685665621681771,1
seg_004420,sample_01473,Who Loves You Dear - Mink Lungs,FAKE,1,Rock,diffrhythm,test,original,0.5069224033340761,0.5685665621681771,0
seg_004421,sample_01473,Who Loves You Dear - Mink Lungs,FAKE,1,Rock,diffrhythm,test,original,0.9957504430060033,0.5685665621681771,1
seg_004443,sample_01481,Night Owl - Broke For Free,FAKE,1,Electronic,mubert,test,original,0.9921937936371285,0.5685665621681771,1
seg_004444,sample_01481,Night Owl - Broke For Free,FAKE,1,Electronic,mubert,test,original,0.953545697023384,0.5685665621681771,1
seg_004445,sample_01481,Night Owl - Broke For Free,FAKE,1,Electronic,mubert,test,original,0.9577582238746959,0.5685665621681771,1
seg_004452,sample_01484,Fuckaboing - RoccoW,FAKE,1,Electronic,mubert,test,original,0.9134252454420385,0.5685665621681771,1
seg_004453,sample_01484,Fuckaboing - RoccoW,FAKE,1,Electronic,mubert,test,original,0.6927113948091951,0.5685665621681771,1
seg_004454,sample_01484,Fuckaboing - RoccoW,FAKE,1,Electronic,mubert,test,original,0.7879058476258757,0.5685665621681771,1
seg_004476,sample_01492,Resistentialism - Nihilore,FAKE,1,Electronic,mubert,test,original,0.9925646822130947,0.5685665621681771,1
seg_004477,sample_01492,Resistentialism - Nihilore,FAKE,1,Electronic,mubert,test,original,0.9793942415005533,0.5685665621681771,1
seg_004478,sample_01492,Resistentialism - Nihilore,FAKE,1,Electronic,mubert,test,original,0.973775624884613,0.5685665621681771,1
seg_004485,sample_01495,Dance Harder - Three Chain Links,FAKE,1,Electronic,mubert,test,original,0.9597914156274329,0.5685665621681771,1
seg_004486,sample_01495,Dance Harder - Three Chain Links,FAKE,1,Electronic,mubert,test,original,0.9430954031305794,0.5685665621681771,1
seg_004487,sample_01495,Dance Harder - Three Chain Links,FAKE,1,Electronic,mubert,test,original,0.9277370497533882,0.5685665621681771,1
seg_004497,sample_01499,Realize Me - Jim Rooster,FAKE,1,Electronic,mubert,test,original,0.1510872191925315,0.5685665621681771,0
seg_004498,sample_01499,Realize Me - Jim Rooster,FAKE,1,Electronic,mubert,test,original,0.2639737303642538,0.5685665621681771,0
seg_004499,sample_01499,Realize Me - Jim Rooster,FAKE,1,Electronic,mubert,test,original,0.809218749460233,0.5685665621681771,1
seg_004533,sample_01511,Pista Afuera - Epstein,FAKE,1,Electronic,mubert,test,original,0.8387247769244242,0.5685665621681771,1
seg_004534,sample_01511,Pista Afuera - Epstein,FAKE,1,Electronic,mubert,test,original,0.8820048100918655,0.5685665621681771,1
seg_004535,sample_01511,Pista Afuera - Epstein,FAKE,1,Electronic,mubert,test,original,0.9966661467079679,0.5685665621681771,1
seg_004548,sample_01516,Ugh! Humans Can Join - Mystery Mammal,FAKE,1,Electronic,mubert,test,original,0.21284302199774183,0.5685665621681771,0
seg_004549,sample_01516,Ugh! Humans Can Join - Mystery Mammal,FAKE,1,Electronic,mubert,test,original,0.31050376752673836,0.5685665621681771,0
seg_004550,sample_01516,Ugh! Humans Can Join - Mystery Mammal,FAKE,1,Electronic,mubert,test,original,0.998298416447918,0.5685665621681771,1
seg_004593,sample_01531,Troubles I've seen - Malaventura,FAKE,1,Pop,mubert,test,original,0.3093790870847556,0.5685665621681771,0
seg_004594,sample_01531,Troubles I've seen - Malaventura,FAKE,1,Pop,mubert,test,original,0.8473816024458068,0.5685665621681771,1
seg_004595,sample_01531,Troubles I've seen - Malaventura,FAKE,1,Pop,mubert,test,original,0.8751352027244671,0.5685665621681771,1
seg_004605,sample_01535,Motocross Mania - Monroeville Music Center,FAKE,1,Pop,mubert,test,original,0.5558978835275186,0.5685665621681771,0
seg_004606,sample_01535,Motocross Mania - Monroeville Music Center,FAKE,1,Pop,mubert,test,original,0.9266264890187513,0.5685665621681771,1
seg_004607,sample_01535,Motocross Mania - Monroeville Music Center,FAKE,1,Pop,mubert,test,original,0.9686943945598879,0.5685665621681771,1
seg_004617,sample_01539,Different Day - First,FAKE,1,Pop,mubert,test,original,0.8179963820913383,0.5685665621681771,1
seg_004618,sample_01539,Different Day - First,FAKE,1,Pop,mubert,test,original,0.9556617082264719,0.5685665621681771,1
seg_004619,sample_01539,Different Day - First,FAKE,1,Pop,mubert,test,original,0.8603888263396859,0.5685665621681771,1
seg_004638,sample_01546,"Hungry - Oh Yeah, the Future",FAKE,1,Pop,mubert,test,original,0.3806828905028832,0.5685665621681771,0
seg_004639,sample_01546,"Hungry - Oh Yeah, the Future",FAKE,1,Pop,mubert,test,original,0.31346417065578613,0.5685665621681771,0
seg_004640,sample_01546,"Hungry - Oh Yeah, the Future",FAKE,1,Pop,mubert,test,original,0.9339995173513356,0.5685665621681771,1
seg_004650,sample_01550,She Works / Tepid Waters - Bird Names,FAKE,1,Pop,mubert,test,original,0.2208757592299281,0.5685665621681771,0
seg_004651,sample_01550,She Works / Tepid Waters - Bird Names,FAKE,1,Pop,mubert,test,original,0.2755091040171945,0.5685665621681771,0
seg_004652,sample_01550,She Works / Tepid Waters - Bird Names,FAKE,1,Pop,mubert,test,original,0.34977073963329264,0.5685665621681771,0
seg_004659,sample_01553,Something Dirty - Ergo Phizmiz,FAKE,1,Pop,mubert,test,original,0.7882971603318777,0.5685665621681771,1
seg_004660,sample_01553,Something Dirty - Ergo Phizmiz,FAKE,1,Pop,mubert,test,original,0.6865313791541041,0.5685665621681771,1
seg_004661,sample_01553,Something Dirty - Ergo Phizmiz,FAKE,1,Pop,mubert,test,original,0.9336651278907142,0.5685665621681771,1
seg_004677,sample_01559,Music For an Underground Circu - Ergo Phizmiz,FAKE,1,Pop,mubert,test,original,0.8553688183262386,0.5685665621681771,1
seg_004678,sample_01559,Music For an Underground Circu - Ergo Phizmiz,FAKE,1,Pop,mubert,test,original,0.8231192121289463,0.5685665621681771,1
seg_004679,sample_01559,Music For an Underground Circu - Ergo Phizmiz,FAKE,1,Pop,mubert,test,original,0.9422221304156424,0.5685665621681771,1
seg_004743,sample_01581,Where Is Everything - The Moi Non Plus,FAKE,1,Rock,mubert,test,original,0.628307011360364,0.5685665621681771,1
seg_004744,sample_01581,Where Is Everything - The Moi Non Plus,FAKE,1,Rock,mubert,test,original,0.6002955622901537,0.5685665621681771,1
seg_004745,sample_01581,Where Is Everything - The Moi Non Plus,FAKE,1,Rock,mubert,test,original,0.8926555576184443,0.5685665621681771,1
seg_004758,sample_01586,Stuttgart - Portrayal,FAKE,1,Rock,mubert,test,original,0.9562043480693094,0.5685665621681771,1
seg_004759,sample_01586,Stuttgart - Portrayal,FAKE,1,Rock,mubert,test,original,0.14655694374480227,0.5685665621681771,0
seg_004760,sample_01586,Stuttgart - Portrayal,FAKE,1,Rock,mubert,test,original,0.9867901805608303,0.5685665621681771,1
seg_004761,sample_01587,I - Inflammator,FAKE,1,Rock,mubert,test,original,0.3306793236344661,0.5685665621681771,0
seg_004762,sample_01587,I - Inflammator,FAKE,1,Rock,mubert,test,original,0.30823441465532375,0.5685665621681771,0
seg_004763,sample_01587,I - Inflammator,FAKE,1,Rock,mubert,test,original,0.9198958430772104,0.5685665621681771,1
seg_004791,sample_01597,Sfogare Il Dissenso - Deiezione HC,FAKE,1,Rock,mubert,test,original,0.7396552344095813,0.5685665621681771,1
seg_004792,sample_01597,Sfogare Il Dissenso - Deiezione HC,FAKE,1,Rock,mubert,test,original,0.14243291409178518,0.5685665621681771,0
seg_004793,sample_01597,Sfogare Il Dissenso - Deiezione HC,FAKE,1,Rock,mubert,test,original,0.7458195444422455,0.5685665621681771,1
seg_004812,sample_01604,Who Loves You Dear - Mink Lungs,FAKE,1,Rock,mubert,test,original,0.31839552647496155,0.5685665621681771,0
seg_004813,sample_01604,Who Loves You Dear - Mink Lungs,FAKE,1,Rock,mubert,test,original,0.6988062135646042,0.5685665621681771,1
seg_004814,sample_01604,Who Loves You Dear - Mink Lungs,FAKE,1,Rock,mubert,test,original,0.18982253478433578,0.5685665621681771,0
seg_004827,sample_01609,Attention - Pete Prodoehl,FAKE,1,Rock,mubert,test,original,0.9223597980044664,0.5685665621681771,1
seg_004828,sample_01609,Attention - Pete Prodoehl,FAKE,1,Rock,mubert,test,original,0.8081610795189963,0.5685665621681771,1
seg_004829,sample_01609,Attention - Pete Prodoehl,FAKE,1,Rock,mubert,test,original,0.5841914911638841,0.5685665621681771,1
seg_004842,sample_01614,Love Dream - The Zombie Dandies,FAKE,1,Rock,mubert,test,original,0.9262672802682793,0.5685665621681771,1
seg_004843,sample_01614,Love Dream - The Zombie Dandies,FAKE,1,Rock,mubert,test,original,0.8687654780057416,0.5685665621681771,1
seg_004844,sample_01614,Love Dream - The Zombie Dandies,FAKE,1,Rock,mubert,test,original,0.8914643089893841,0.5685665621681771,1
seg_004869,sample_01623,"Head of Ancante, Talking Tree - Ak'chamel, The Giver of Illness",FAKE,1,Rock,mubert,test,original,0.9742254824273293,0.5685665621681771,1
seg_004870,sample_01623,"Head of Ancante, Talking Tree - Ak'chamel, The Giver of Illness",FAKE,1,Rock,mubert,test,original,0.6191686389432395,0.5685665621681771,1
seg_004871,sample_01623,"Head of Ancante, Talking Tree - Ak'chamel, The Giver of Illness",FAKE,1,Rock,mubert,test,original,0.9626135460488647,0.5685665621681771,1
seg_004875,sample_01625,Terve Teille - Чокнутый Пропеллер,FAKE,1,Rock,mubert,test,original,0.5005159568429659,0.5685665621681771,0
seg_004876,sample_01625,Terve Teille - Чокнутый Пропеллер,FAKE,1,Rock,mubert,test,original,0.3343247044480908,0.5685665621681771,0
seg_004877,sample_01625,Terve Teille - Чокнутый Пропеллер,FAKE,1,Rock,mubert,test,original,0.6815806901251673,0.5685665621681771,1
seg_004878,sample_01626,LIQUID SKULLS - voyageurs,FAKE,1,Rock,mubert,test,original,0.8884504939695574,0.5685665621681771,1
seg_004879,sample_01626,LIQUID SKULLS - voyageurs,FAKE,1,Rock,mubert,test,original,0.542435366221096,0.5685665621681771,0
seg_004880,sample_01626,LIQUID SKULLS - voyageurs,FAKE,1,Rock,mubert,test,original,0.986354825625971,0.5685665621681771,1
seg_004911,sample_01637,Dance Harder - Three Chain Links,FAKE,1,Electronic,producer,test,original,0.9996313755463448,0.5685665621681771,1
seg_004912,sample_01637,Dance Harder - Three Chain Links,FAKE,1,Electronic,producer,test,original,0.98425284180013,0.5685665621681771,1
seg_004913,sample_01637,Dance Harder - Three Chain Links,FAKE,1,Electronic,producer,test,original,0.9971439007932171,0.5685665621681771,1
seg_004929,sample_01643,Fuckaboing - RoccoW,FAKE,1,Electronic,producer,test,original,0.9724612450119156,0.5685665621681771,1
seg_004930,sample_01643,Fuckaboing - RoccoW,FAKE,1,Electronic,producer,test,original,0.9954484967963335,0.5685665621681771,1
seg_004931,sample_01643,Fuckaboing - RoccoW,FAKE,1,Electronic,producer,test,original,0.989666342989813,0.5685665621681771,1
seg_004953,sample_01651,Night Owl - Broke For Free,FAKE,1,Electronic,producer,test,original,0.9723386631663802,0.5685665621681771,1
seg_004954,sample_01651,Night Owl - Broke For Free,FAKE,1,Electronic,producer,test,original,0.9053376184054541,0.5685665621681771,1
seg_004955,sample_01651,Night Owl - Broke For Free,FAKE,1,Electronic,producer,test,original,0.9868596093896219,0.5685665621681771,1
seg_004983,sample_01661,Pista Afuera - Epstein,FAKE,1,Electronic,producer,test,original,0.9427986404925668,0.5685665621681771,1
seg_004984,sample_01661,Pista Afuera - Epstein,FAKE,1,Electronic,producer,test,original,0.9929004051029815,0.5685665621681771,1
seg_004985,sample_01661,Pista Afuera - Epstein,FAKE,1,Electronic,producer,test,original,0.991566019884958,0.5685665621681771,1
seg_004989,sample_01663,Realize Me - Jim Rooster,FAKE,1,Electronic,producer,test,original,0.9901102142549714,0.5685665621681771,1
seg_004990,sample_01663,Realize Me - Jim Rooster,FAKE,1,Electronic,producer,test,original,0.8477570383537022,0.5685665621681771,1
seg_004991,sample_01663,Realize Me - Jim Rooster,FAKE,1,Electronic,producer,test,original,0.6051080041942402,0.5685665621681771,1
seg_004992,sample_01664,Resistentialism - Nihilore,FAKE,1,Electronic,producer,test,original,0.9972578358781061,0.5685665621681771,1
seg_004993,sample_01664,Resistentialism - Nihilore,FAKE,1,Electronic,producer,test,original,0.055236690675790526,0.5685665621681771,0
seg_004994,sample_01664,Resistentialism - Nihilore,FAKE,1,Electronic,producer,test,original,0.6809461050742998,0.5685665621681771,1
seg_005025,sample_01675,Ugh! Humans Can Join - Mystery Mammal,FAKE,1,Electronic,producer,test,original,0.9467611605290784,0.5685665621681771,1
seg_005026,sample_01675,Ugh! Humans Can Join - Mystery Mammal,FAKE,1,Electronic,producer,test,original,0.9688681872930054,0.5685665621681771,1
seg_005027,sample_01675,Ugh! Humans Can Join - Mystery Mammal,FAKE,1,Electronic,producer,test,original,0.9926077760342266,0.5685665621681771,1
seg_005052,sample_01684,Different Day - First,FAKE,1,Pop,producer,test,original,0.9578457116167074,0.5685665621681771,1
seg_005053,sample_01684,Different Day - First,FAKE,1,Pop,producer,test,original,0.9895919477355101,0.5685665621681771,1
seg_005054,sample_01684,Different Day - First,FAKE,1,Pop,producer,test,original,0.8891857897890953,0.5685665621681771,1
seg_005067,sample_01689,"Hungry - Oh Yeah, the Future",FAKE,1,Pop,producer,test,original,0.9910850362313786,0.5685665621681771,1
seg_005068,sample_01689,"Hungry - Oh Yeah, the Future",FAKE,1,Pop,producer,test,original,0.9977905217100503,0.5685665621681771,1
seg_005069,sample_01689,"Hungry - Oh Yeah, the Future",FAKE,1,Pop,producer,test,original,0.999977741217145,0.5685665621681771,1
seg_005099,sample_01700,Motocross Mania - Monroeville Music Center,FAKE,1,Pop,producer,test,original,0.925456437683767,0.5685665621681771,1
seg_005100,sample_01700,Motocross Mania - Monroeville Music Center,FAKE,1,Pop,producer,test,original,0.9408593192699551,0.5685665621681771,1
seg_005101,sample_01700,Motocross Mania - Monroeville Music Center,FAKE,1,Pop,producer,test,original,0.9885314278317096,0.5685665621681771,1
seg_005102,sample_01701,Music For an Underground Circu - Ergo Phizmiz,FAKE,1,Pop,producer,test,original,0.9720357375482205,0.5685665621681771,1
seg_005103,sample_01701,Music For an Underground Circu - Ergo Phizmiz,FAKE,1,Pop,producer,test,original,0.7885394714100281,0.5685665621681771,1
seg_005104,sample_01701,Music For an Underground Circu - Ergo Phizmiz,FAKE,1,Pop,producer,test,original,0.990830360646405,0.5685665621681771,1
seg_005105,sample_01702,Music For an Underground Circu - Ergo Phizmiz,FAKE,1,Pop,producer,test,original,0.9987839306530448,0.5685665621681771,1
seg_005106,sample_01702,Music For an Underground Circu - Ergo Phizmiz,FAKE,1,Pop,producer,test,original,0.9952300445244001,0.5685665621681771,1
seg_005107,sample_01702,Music For an Underground Circu - Ergo Phizmiz,FAKE,1,Pop,producer,test,original,0.868548196623258,0.5685665621681771,1
seg_005135,sample_01712,She Works / Tepid Waters - Bird Names,FAKE,1,Pop,producer,test,original,0.981610776992939,0.5685665621681771,1
seg_005136,sample_01712,She Works / Tepid Waters - Bird Names,FAKE,1,Pop,producer,test,original,0.9759370881753585,0.5685665621681771,1
seg_005137,sample_01712,She Works / Tepid Waters - Bird Names,FAKE,1,Pop,producer,test,original,0.9780835149650273,0.5685665621681771,1
seg_005141,sample_01714,Something Dirty - Ergo Phizmiz,FAKE,1,Pop,producer,test,original,0.9976575620050214,0.5685665621681771,1
seg_005142,sample_01714,Something Dirty - Ergo Phizmiz,FAKE,1,Pop,producer,test,original,0.9882805098369924,0.5685665621681771,1
seg_005143,sample_01714,Something Dirty - Ergo Phizmiz,FAKE,1,Pop,producer,test,original,0.9884545800811435,0.5685665621681771,1
seg_005171,sample_01724,Troubles I've seen - Malaventura,FAKE,1,Pop,producer,test,original,0.9982587293807881,0.5685665621681771,1
seg_005172,sample_01724,Troubles I've seen - Malaventura,FAKE,1,Pop,producer,test,original,0.9684472570337069,0.5685665621681771,1
seg_005173,sample_01724,Troubles I've seen - Malaventura,FAKE,1,Pop,producer,test,original,0.9920601868709922,0.5685665621681771,1
seg_005191,sample_01731,Attention - Pete Prodoehl,FAKE,1,Rock,producer,test,original,0.9992178233910296,0.5685665621681771,1
seg_005192,sample_01731,Attention - Pete Prodoehl,FAKE,1,Rock,producer,test,original,0.959085654371055,0.5685665621681771,1
seg_005193,sample_01731,Attention - Pete Prodoehl,FAKE,1,Rock,producer,test,original,0.9478982336807573,0.5685665621681771,1
seg_005215,sample_01739,"Head of Ancante, Talking Tree - Ak'chamel, The Giver of Illness",FAKE,1,Rock,producer,test,original,0.9925894036689518,0.5685665621681771,1
seg_005216,sample_01739,"Head of Ancante, Talking Tree - Ak'chamel, The Giver of Illness",FAKE,1,Rock,producer,test,original,0.9999096478292748,0.5685665621681771,1
seg_005217,sample_01739,"Head of Ancante, Talking Tree - Ak'chamel, The Giver of Illness",FAKE,1,Rock,producer,test,original,0.9924271172652843,0.5685665621681771,1
seg_005227,sample_01743,I - Inflammator,FAKE,1,Rock,producer,test,original,0.9759019370878258,0.5685665621681771,1
seg_005228,sample_01743,I - Inflammator,FAKE,1,Rock,producer,test,original,0.9817889826303141,0.5685665621681771,1
seg_005229,sample_01743,I - Inflammator,FAKE,1,Rock,producer,test,original,0.9726950423799507,0.5685665621681771,1
seg_005236,sample_01746,LIQUID SKULLS - voyageurs,FAKE,1,Rock,producer,test,original,0.9970672591235934,0.5685665621681771,1
seg_005237,sample_01746,LIQUID SKULLS - voyageurs,FAKE,1,Rock,producer,test,original,0.7704490235289885,0.5685665621681771,1
seg_005238,sample_01746,LIQUID SKULLS - voyageurs,FAKE,1,Rock,producer,test,original,0.9938219988049692,0.5685665621681771,1
seg_005242,sample_01748,Love Dream - The Zombie Dandies,FAKE,1,Rock,producer,test,original,0.9587208155293288,0.5685665621681771,1
seg_005243,sample_01748,Love Dream - The Zombie Dandies,FAKE,1,Rock,producer,test,original,0.973519323186241,0.5685665621681771,1
seg_005244,sample_01748,Love Dream - The Zombie Dandies,FAKE,1,Rock,producer,test,original,0.999346053375671,0.5685665621681771,1
seg_005280,sample_01761,Sfogare Il Dissenso - Deiezione HC,FAKE,1,Rock,producer,test,original,0.9807925704658814,0.5685665621681771,1
seg_005281,sample_01761,Sfogare Il Dissenso - Deiezione HC,FAKE,1,Rock,producer,test,original,0.9627622427364567,0.5685665621681771,1
seg_005282,sample_01761,Sfogare Il Dissenso - Deiezione HC,FAKE,1,Rock,producer,test,original,0.981356049318925,0.5685665621681771,1
seg_005292,sample_01765,Stuttgart - Portrayal,FAKE,1,Rock,producer,test,original,0.8358406667882019,0.5685665621681771,1
seg_005293,sample_01765,Stuttgart - Portrayal,FAKE,1,Rock,producer,test,original,0.9071452154064531,0.5685665621681771,1
seg_005294,sample_01765,Stuttgart - Portrayal,FAKE,1,Rock,producer,test,original,0.9487734853391353,0.5685665621681771,1
seg_005295,sample_01766,Terve Teille - Чокнутый Пропеллер,FAKE,1,Rock,producer,test,original,0.9771588846727303,0.5685665621681771,1
seg_005296,sample_01766,Terve Teille - Чокнутый Пропеллер,FAKE,1,Rock,producer,test,original,0.9314900344557229,0.5685665621681771,1
seg_005297,sample_01766,Terve Teille - Чокнутый Пропеллер,FAKE,1,Rock,producer,test,original,0.9717203539134265,0.5685665621681771,1
seg_005316,sample_01773,Where Is Everything - The Moi Non Plus,FAKE,1,Rock,producer,test,original,0.878599092851447,0.5685665621681771,1
seg_005317,sample_01773,Where Is Everything - The Moi Non Plus,FAKE,1,Rock,producer,test,original,0.16081968416530398,0.5685665621681771,0
seg_005318,sample_01773,Where Is Everything - The Moi Non Plus,FAKE,1,Rock,producer,test,original,0.5773727542787325,0.5685665621681771,1
seg_005319,sample_01774,Who Loves You Dear - Mink Lungs,FAKE,1,Rock,producer,test,original,0.9627905460581033,0.5685665621681771,1
seg_005320,sample_01774,Who Loves You Dear - Mink Lungs,FAKE,1,Rock,producer,test,original,0.9707741534205204,0.5685665621681771,1
seg_005321,sample_01774,Who Loves You Dear - Mink Lungs,FAKE,1,Rock,producer,test,original,0.9952090202148483,0.5685665621681771,1
seg_005336,sample_01780,2Much (Andy Spinelli & Alex Sánchez House Edit) - Tentacles,FAKE,1,Electronic,songgen,test,original,0.9721277567896327,0.5685665621681771,1
seg_005337,sample_01780,2Much (Andy Spinelli & Alex Sánchez House Edit) - Tentacles,FAKE,1,Electronic,songgen,test,original,0.8554605877430821,0.5685665621681771,1
seg_005338,sample_01781,3 am West End - statusq,FAKE,1,Electronic,songgen,test,original,0.9902943597742936,0.5685665621681771,1
seg_005339,sample_01781,3 am West End - statusq,FAKE,1,Electronic,songgen,test,original,0.9365424579249709,0.5685665621681771,1
seg_005362,sample_01793,Bizzy - The Tleilaxu Music Machine,FAKE,1,Electronic,songgen,test,original,0.9462650691296073,0.5685665621681771,1
seg_005363,sample_01793,Bizzy - The Tleilaxu Music Machine,FAKE,1,Electronic,songgen,test,original,0.6913798956867337,0.5685665621681771,1
seg_005374,sample_01799,Dance Harder - Three Chain Links,FAKE,1,Electronic,songgen,test,original,0.9661323890043552,0.5685665621681771,1
seg_005375,sample_01799,Dance Harder - Three Chain Links,FAKE,1,Electronic,songgen,test,original,0.9520084234339953,0.5685665621681771,1
seg_005392,sample_01808,End titles - Itsensäsyöjät,FAKE,1,Electronic,songgen,test,original,0.9912773379104957,0.5685665621681771,1
seg_005393,sample_01808,End titles - Itsensäsyöjät,FAKE,1,Electronic,songgen,test,original,0.9759347972773508,0.5685665621681771,1
seg_005406,sample_01815,Fuckaboing - RoccoW,FAKE,1,Electronic,songgen,test,original,0.9786300018410459,0.5685665621681771,1
seg_005407,sample_01815,Fuckaboing - RoccoW,FAKE,1,Electronic,songgen,test,original,0.9732871255885158,0.5685665621681771,1
seg_005434,sample_01829,Let's Start Out Slow - RoccoW,FAKE,1,Electronic,songgen,test,original,0.9708508448598779,0.5685665621681771,1
seg_005435,sample_01829,Let's Start Out Slow - RoccoW,FAKE,1,Electronic,songgen,test,original,0.9743993152091386,0.5685665621681771,1
seg_005436,sample_01830,Let You're Body Move - D SMILEZ,FAKE,1,Electronic,songgen,test,original,0.9941268824271877,0.5685665621681771,1
seg_005437,sample_01830,Let You're Body Move - D SMILEZ,FAKE,1,Electronic,songgen,test,original,0.9997210997616851,0.5685665621681771,1
seg_005454,sample_01839,Night Owl - Broke For Free,FAKE,1,Electronic,songgen,test,original,0.9987736908123132,0.5685665621681771,1
seg_005455,sample_01839,Night Owl - Broke For Free,FAKE,1,Electronic,songgen,test,original,0.9938159100669892,0.5685665621681771,1
seg_005476,sample_01850,Pista Afuera - Epstein,FAKE,1,Electronic,songgen,test,original,0.9175018997689892,0.5685665621681771,1
seg_005477,sample_01850,Pista Afuera - Epstein,FAKE,1,Electronic,songgen,test,original,0.9512601749672224,0.5685665621681771,1
seg_005482,sample_01853,Realize Me - Jim Rooster,FAKE,1,Electronic,songgen,test,original,0.9965006297988633,0.5685665621681771,1
seg_005483,sample_01853,Realize Me - Jim Rooster,FAKE,1,Electronic,songgen,test,original,0.9999855800843007,0.5685665621681771,1
seg_005484,sample_01854,Resistentialism - Nihilore,FAKE,1,Electronic,songgen,test,original,0.9824358064165807,0.5685665621681771,1
seg_005485,sample_01854,Resistentialism - Nihilore,FAKE,1,Electronic,songgen,test,original,0.995472946062257,0.5685665621681771,1
seg_005497,sample_01861,Set Fire to Creation - Nihilore,FAKE,1,Electronic,songgen,test,original,0.9993166619063808,0.5685665621681771,1
seg_005498,sample_01861,Set Fire to Creation - Nihilore,FAKE,1,Electronic,songgen,test,original,0.9999579175337174,0.5685665621681771,1
seg_005511,sample_01868,Support Me in This Moment That I'm About To Lose Heart - Nihilore,FAKE,1,Electronic,songgen,test,original,0.9899648038638522,0.5685665621681771,1
seg_005512,sample_01868,Support Me in This Moment That I'm About To Lose Heart - Nihilore,FAKE,1,Electronic,songgen,test,original,0.9972673135887777,0.5685665621681771,1
seg_005519,sample_01872,The Adventures Of Roderick Random - Maps And Diagrams,FAKE,1,Electronic,songgen,test,original,0.8562360553302999,0.5685665621681771,1
seg_005520,sample_01872,The Adventures Of Roderick Random - Maps And Diagrams,FAKE,1,Electronic,songgen,test,original,0.9179705162306024,0.5685665621681771,1
seg_005531,sample_01878,The Secret Garden - Barbarix,FAKE,1,Electronic,songgen,test,original,0.8081260135878463,0.5685665621681771,1
seg_005532,sample_01878,The Secret Garden - Barbarix,FAKE,1,Electronic,songgen,test,original,0.9058167522512116,0.5685665621681771,1
seg_005545,sample_01885,Ugh! Humans Can Join - Mystery Mammal,FAKE,1,Electronic,songgen,test,original,0.9703007634650408,0.5685665621681771,1
seg_005546,sample_01885,Ugh! Humans Can Join - Mystery Mammal,FAKE,1,Electronic,songgen,test,original,0.9978696826192858,0.5685665621681771,1
seg_005561,sample_01893,Yurtology - Michett,FAKE,1,Electronic,songgen,test,original,0.8608007691125844,0.5685665621681771,1
seg_005562,sample_01893,Yurtology - Michett,FAKE,1,Electronic,songgen,test,original,0.9140701806271899,0.5685665621681771,1
seg_005579,sample_01902,Different Day - First,FAKE,1,Pop,songgen,test,original,0.9718825707761501,0.5685665621681771,1
seg_005580,sample_01902,Different Day - First,FAKE,1,Pop,songgen,test,original,0.9999617270893943,0.5685665621681771,1
seg_005581,sample_01903,El Burrito - Malaventura,FAKE,1,Pop,songgen,test,original,0.9789697624330183,0.5685665621681771,1
seg_005582,sample_01903,El Burrito - Malaventura,FAKE,1,Pop,songgen,test,original,0.6960536253137432,0.5685665621681771,1
seg_005591,sample_01908,"Hungry - Oh Yeah, the Future",FAKE,1,Pop,songgen,test,original,0.9932100548545854,0.5685665621681771,1
seg_005592,sample_01908,"Hungry - Oh Yeah, the Future",FAKE,1,Pop,songgen,test,original,0.9681667195475407,0.5685665621681771,1
seg_005617,sample_01921,Motocross Mania - Monroeville Music Center,FAKE,1,Pop,songgen,test,original,0.9892886485050701,0.5685665621681771,1
seg_005618,sample_01921,Motocross Mania - Monroeville Music Center,FAKE,1,Pop,songgen,test,original,0.9920204621335198,0.5685665621681771,1
seg_005619,sample_01922,Music For an Underground Circu - Ergo Phizmiz,FAKE,1,Pop,songgen,test,original,0.9711188628656244,0.5685665621681771,1
seg_005620,sample_01922,Music For an Underground Circu - Ergo Phizmiz,FAKE,1,Pop,songgen,test,original,0.9947359105105665,0.5685665621681771,1
seg_005641,sample_01933,Production - Bird Names,FAKE,1,Pop,songgen,test,original,0.9785297982954554,0.5685665621681771,1
seg_005642,sample_01933,Production - Bird Names,FAKE,1,Pop,songgen,test,original,0.9926821116006884,0.5685665621681771,1
seg_005651,sample_01938,She Works / Tepid Waters - Bird Names,FAKE,1,Pop,songgen,test,original,0.9963956935535174,0.5685665621681771,1
seg_005652,sample_01938,She Works / Tepid Waters - Bird Names,FAKE,1,Pop,songgen,test,original,0.9929249426248176,0.5685665621681771,1
seg_005659,sample_01942,Something Dirty - Ergo Phizmiz,FAKE,1,Pop,songgen,test,original,0.9965577092925824,0.5685665621681771,1
seg_005660,sample_01942,Something Dirty - Ergo Phizmiz,FAKE,1,Pop,songgen,test,original,0.9985790971266093,0.5685665621681771,1
seg_005675,sample_01950,"The Pursuit of Unintentional Humor - Oh Yeah, the Future",FAKE,1,Pop,songgen,test,original,0.9809376196676608,0.5685665621681771,1
seg_005676,sample_01950,"The Pursuit of Unintentional Humor - Oh Yeah, the Future",FAKE,1,Pop,songgen,test,original,0.9837539207971961,0.5685665621681771,1
seg_005687,sample_01956,Troubles I've seen - Malaventura,FAKE,1,Pop,songgen,test,original,0.9360057678689069,0.5685665621681771,1
seg_005688,sample_01956,Troubles I've seen - Malaventura,FAKE,1,Pop,songgen,test,original,0.9628673094593115,0.5685665621681771,1
seg_005707,sample_01966,5 (Lexington) - Isle of Pine,FAKE,1,Rock,songgen,test,original,0.9935691383048412,0.5685665621681771,1
seg_005708,sample_01966,5 (Lexington) - Isle of Pine,FAKE,1,Rock,songgen,test,original,0.9988984587245361,0.5685665621681771,1
seg_005713,sample_01969,Attention - Pete Prodoehl,FAKE,1,Rock,songgen,test,original,0.9789279894167384,0.5685665621681771,1
seg_005714,sample_01969,Attention - Pete Prodoehl,FAKE,1,Rock,songgen,test,original,0.9920383923624044,0.5685665621681771,1
seg_005772,sample_01999,"Head of Ancante, Talking Tree - Ak'chamel, The Giver of Illness",FAKE,1,Rock,songgen,test,original,0.9833987139839687,0.5685665621681771,1
seg_005773,sample_01999,"Head of Ancante, Talking Tree - Ak'chamel, The Giver of Illness",FAKE,1,Rock,songgen,test,original,0.9897315809813463,0.5685665621681771,1
seg_005790,sample_02008,I - Inflammator,FAKE,1,Rock,songgen,test,original,0.9971214586914922,0.5685665621681771,1
seg_005791,sample_02008,I - Inflammator,FAKE,1,Rock,songgen,test,original,0.9950047908422975,0.5685665621681771,1
seg_005802,sample_02014,L'arbre - Salmo,FAKE,1,Rock,songgen,test,original,0.8902351717809297,0.5685665621681771,1
seg_005803,sample_02014,L'arbre - Salmo,FAKE,1,Rock,songgen,test,original,0.9897267530151297,0.5685665621681771,1
seg_005804,sample_02015,Leaving Here - Mod Fun,FAKE,1,Rock,songgen,test,original,0.9973793997096752,0.5685665621681771,1
seg_005805,sample_02015,Leaving Here - Mod Fun,FAKE,1,Rock,songgen,test,original,0.9976620656195707,0.5685665621681771,1
seg_005810,sample_02018,LIQUID SKULLS - voyageurs,FAKE,1,Rock,songgen,test,original,0.9595348368983359,0.5685665621681771,1
seg_005811,sample_02018,LIQUID SKULLS - voyageurs,FAKE,1,Rock,songgen,test,original,0.9981275982774213,0.5685665621681771,1
seg_005814,sample_02020,Love Dream - The Zombie Dandies,FAKE,1,Rock,songgen,test,original,0.9992926380227541,0.5685665621681771,1
seg_005815,sample_02020,Love Dream - The Zombie Dandies,FAKE,1,Rock,songgen,test,original,0.999887272689125,0.5685665621681771,1
seg_005822,sample_02024,Moja Krypta - AmortE,FAKE,1,Rock,songgen,test,original,0.9790054283685242,0.5685665621681771,1
seg_005823,sample_02024,Moja Krypta - AmortE,FAKE,1,Rock,songgen,test,original,0.992321897481529,0.5685665621681771,1
seg_005838,sample_02032,Puertas de Fuego - Guerra de Cerdos,FAKE,1,Rock,songgen,test,original,0.9991167552291774,0.5685665621681771,1
seg_005839,sample_02032,Puertas de Fuego - Guerra de Cerdos,FAKE,1,Rock,songgen,test,original,0.9979633556771581,0.5685665621681771,1
seg_005856,sample_02041,Sfogare Il Dissenso - Deiezione HC,FAKE,1,Rock,songgen,test,original,0.9999836286238414,0.5685665621681771,1
seg_005857,sample_02041,Sfogare Il Dissenso - Deiezione HC,FAKE,1,Rock,songgen,test,original,0.9976357434074823,0.5685665621681771,1
seg_005864,sample_02045,Sonzis FM - Pipe Choir,FAKE,1,Rock,songgen,test,original,0.9909028546830143,0.5685665621681771,1
seg_005865,sample_02045,Sonzis FM - Pipe Choir,FAKE,1,Rock,songgen,test,original,0.9989732440625726,0.5685665621681771,1
seg_005870,sample_02048,Stuttgart - Portrayal,FAKE,1,Rock,songgen,test,original,0.9874119157852915,0.5685665621681771,1
seg_005871,sample_02048,Stuttgart - Portrayal,FAKE,1,Rock,songgen,test,original,0.9728735737969436,0.5685665621681771,1
seg_005874,sample_02050,Terve Teille - Чокнутый Пропеллер,FAKE,1,Rock,songgen,test,original,0.9980250929740623,0.5685665621681771,1
seg_005875,sample_02050,Terve Teille - Чокнутый Пропеллер,FAKE,1,Rock,songgen,test,original,0.9932147149684699,0.5685665621681771,1
seg_005888,sample_02057,Untitled - Fatal Injection,FAKE,1,Rock,songgen,test,original,0.9823245431471587,0.5685665621681771,1
seg_005889,sample_02057,Untitled - Fatal Injection,FAKE,1,Rock,songgen,test,original,0.986172685824945,0.5685665621681771,1
seg_005902,sample_02064,Where Is Everything - The Moi Non Plus,FAKE,1,Rock,songgen,test,original,0.9998365581385613,0.5685665621681771,1
seg_005903,sample_02064,Where Is Everything - The Moi Non Plus,FAKE,1,Rock,songgen,test,original,0.9999206297980413,0.5685665621681771,1
seg_005904,sample_02065,Who Loves You Dear - Mink Lungs,FAKE,1,Rock,songgen,test,original,0.9599555665531847,0.5685665621681771,1
seg_005905,sample_02065,Who Loves You Dear - Mink Lungs,FAKE,1,Rock,songgen,test,original,0.8963432381093224,0.5685665621681771,1
seg_005970,sample_02089,Dance Harder - Three Chain Links,FAKE,1,Electronic,suno,test,original,0.862659084011646,0.5685665621681771,1
seg_005971,sample_02089,Dance Harder - Three Chain Links,FAKE,1,Electronic,suno,test,original,0.4802032193422172,0.5685665621681771,0
seg_005972,sample_02089,Dance Harder - Three Chain Links,FAKE,1,Electronic,suno,test,original,0.9810968829538501,0.5685665621681771,1
seg_005973,sample_02090,Dance Harder - Three Chain Links,FAKE,1,Electronic,suno,test,original,0.8480741427545905,0.5685665621681771,1
seg_005974,sample_02090,Dance Harder - Three Chain Links,FAKE,1,Electronic,suno,test,original,0.9016320110396121,0.5685665621681771,1
seg_005975,sample_02090,Dance Harder - Three Chain Links,FAKE,1,Electronic,suno,test,original,0.984623215753155,0.5685665621681771,1
seg_006006,sample_02101,Fuckaboing - RoccoW,FAKE,1,Electronic,suno,test,original,0.09014621994791452,0.5685665621681771,0
seg_006007,sample_02101,Fuckaboing - RoccoW,FAKE,1,Electronic,suno,test,original,0.21623831437502256,0.5685665621681771,0
seg_006008,sample_02101,Fuckaboing - RoccoW,FAKE,1,Electronic,suno,test,original,0.4702415638362976,0.5685665621681771,0
seg_006009,sample_02102,Fuckaboing - RoccoW,FAKE,1,Electronic,suno,test,original,0.9673261880649644,0.5685665621681771,1
seg_006010,sample_02102,Fuckaboing - RoccoW,FAKE,1,Electronic,suno,test,original,0.9564814620018601,0.5685665621681771,1
seg_006011,sample_02102,Fuckaboing - RoccoW,FAKE,1,Electronic,suno,test,original,0.8619996044995902,0.5685665621681771,1
seg_006054,sample_02117,Night Owl - Broke For Free,FAKE,1,Electronic,suno,test,original,0.9607367421639675,0.5685665621681771,1
seg_006055,sample_02117,Night Owl - Broke For Free,FAKE,1,Electronic,suno,test,original,0.995112703153114,0.5685665621681771,1
seg_006056,sample_02117,Night Owl - Broke For Free,FAKE,1,Electronic,suno,test,original,0.9954845855293769,0.5685665621681771,1
seg_006057,sample_02118,Night Owl - Broke For Free,FAKE,1,Electronic,suno,test,original,0.99489096753413,0.5685665621681771,1
seg_006058,sample_02118,Night Owl - Broke For Free,FAKE,1,Electronic,suno,test,original,0.9984017165279713,0.5685665621681771,1
seg_006059,sample_02118,Night Owl - Broke For Free,FAKE,1,Electronic,suno,test,original,0.9906777329367832,0.5685665621681771,1
seg_006114,sample_02137,Pista Afuera - Epstein,FAKE,1,Electronic,suno,test,original,0.9977099038186912,0.5685665621681771,1
seg_006115,sample_02137,Pista Afuera - Epstein,FAKE,1,Electronic,suno,test,original,0.4872319480319178,0.5685665621681771,0
seg_006116,sample_02137,Pista Afuera - Epstein,FAKE,1,Electronic,suno,test,original,0.9975688661638022,0.5685665621681771,1
seg_006117,sample_02138,Pista Afuera - Epstein,FAKE,1,Electronic,suno,test,original,0.8673174888855106,0.5685665621681771,1
seg_006118,sample_02138,Pista Afuera - Epstein,FAKE,1,Electronic,suno,test,original,0.7343465409210406,0.5685665621681771,1
seg_006119,sample_02138,Pista Afuera - Epstein,FAKE,1,Electronic,suno,test,original,0.9852220607855288,0.5685665621681771,1
seg_006126,sample_02141,Realize Me - Jim Rooster,FAKE,1,Electronic,suno,test,original,0.9978097507736158,0.5685665621681771,1
seg_006127,sample_02141,Realize Me - Jim Rooster,FAKE,1,Electronic,suno,test,original,0.9910279089686037,0.5685665621681771,1
seg_006128,sample_02141,Realize Me - Jim Rooster,FAKE,1,Electronic,suno,test,original,0.9987642601035917,0.5685665621681771,1
seg_006129,sample_02142,Realize Me - Jim Rooster,FAKE,1,Electronic,suno,test,original,0.9324386234745509,0.5685665621681771,1
seg_006130,sample_02142,Realize Me - Jim Rooster,FAKE,1,Electronic,suno,test,original,0.9711440293204913,0.5685665621681771,1
seg_006131,sample_02142,Realize Me - Jim Rooster,FAKE,1,Electronic,suno,test,original,0.9990600369106996,0.5685665621681771,1
seg_006132,sample_02143,Resistentialism - Nihilore,FAKE,1,Electronic,suno,test,original,0.9199622730117998,0.5685665621681771,1
seg_006133,sample_02143,Resistentialism - Nihilore,FAKE,1,Electronic,suno,test,original,0.5310244926802432,0.5685665621681771,0
seg_006134,sample_02143,Resistentialism - Nihilore,FAKE,1,Electronic,suno,test,original,0.9917193227213842,0.5685665621681771,1
seg_006135,sample_02144,Resistentialism - Nihilore,FAKE,1,Electronic,suno,test,original,0.9987070282420003,0.5685665621681771,1
seg_006136,sample_02144,Resistentialism - Nihilore,FAKE,1,Electronic,suno,test,original,0.9367239897138756,0.5685665621681771,1
seg_006137,sample_02144,Resistentialism - Nihilore,FAKE,1,Electronic,suno,test,original,0.9835164668883775,0.5685665621681771,1
seg_006198,sample_02165,Ugh! Humans Can Join - Mystery Mammal,FAKE,1,Electronic,suno,test,original,0.4666304397036013,0.5685665621681771,0
seg_006199,sample_02165,Ugh! Humans Can Join - Mystery Mammal,FAKE,1,Electronic,suno,test,original,0.5113012444213672,0.5685665621681771,0
seg_006200,sample_02165,Ugh! Humans Can Join - Mystery Mammal,FAKE,1,Electronic,suno,test,original,0.977485165304825,0.5685665621681771,1
seg_006201,sample_02166,Ugh! Humans Can Join - Mystery Mammal,FAKE,1,Electronic,suno,test,original,0.5698283694512042,0.5685665621681771,1
seg_006202,sample_02166,Ugh! Humans Can Join - Mystery Mammal,FAKE,1,Electronic,suno,test,original,0.9942607537497505,0.5685665621681771,1
seg_006203,sample_02166,Ugh! Humans Can Join - Mystery Mammal,FAKE,1,Electronic,suno,test,original,0.9994231477698401,0.5685665621681771,1
seg_006252,sample_02183,Different Day - First,FAKE,1,Pop,suno,test,original,0.9954613381740095,0.5685665621681771,1
seg_006253,sample_02183,Different Day - First,FAKE,1,Pop,suno,test,original,0.9423936979663842,0.5685665621681771,1
seg_006254,sample_02183,Different Day - First,FAKE,1,Pop,suno,test,original,0.9994565512998684,0.5685665621681771,1
seg_006255,sample_02184,Different Day - First,FAKE,1,Pop,suno,test,original,0.9324475099827052,0.5685665621681771,1
seg_006256,sample_02184,Different Day - First,FAKE,1,Pop,suno,test,original,0.8539988921870577,0.5685665621681771,1
seg_006257,sample_02184,Different Day - First,FAKE,1,Pop,suno,test,original,0.9886672931106024,0.5685665621681771,1
seg_006282,sample_02193,"Hungry - Oh Yeah, the Future",FAKE,1,Pop,suno,test,original,0.9110472073855554,0.5685665621681771,1
seg_006283,sample_02193,"Hungry - Oh Yeah, the Future",FAKE,1,Pop,suno,test,original,0.8354716787130676,0.5685665621681771,1
seg_006284,sample_02193,"Hungry - Oh Yeah, the Future",FAKE,1,Pop,suno,test,original,0.9953046380542561,0.5685665621681771,1
seg_006285,sample_02194,"Hungry - Oh Yeah, the Future",FAKE,1,Pop,suno,test,original,0.9310266581914608,0.5685665621681771,1
seg_006286,sample_02194,"Hungry - Oh Yeah, the Future",FAKE,1,Pop,suno,test,original,0.8972367994434095,0.5685665621681771,1
seg_006287,sample_02194,"Hungry - Oh Yeah, the Future",FAKE,1,Pop,suno,test,original,0.9971122803293402,0.5685665621681771,1
seg_006348,sample_02215,Motocross Mania - Monroeville Music Center,FAKE,1,Pop,suno,test,original,0.9873786513150322,0.5685665621681771,1
seg_006349,sample_02215,Motocross Mania - Monroeville Music Center,FAKE,1,Pop,suno,test,original,0.9850955905688722,0.5685665621681771,1
seg_006350,sample_02215,Motocross Mania - Monroeville Music Center,FAKE,1,Pop,suno,test,original,0.9882983912208259,0.5685665621681771,1
seg_006351,sample_02216,Motocross Mania - Monroeville Music Center,FAKE,1,Pop,suno,test,original,0.9801241009326611,0.5685665621681771,1
seg_006352,sample_02216,Motocross Mania - Monroeville Music Center,FAKE,1,Pop,suno,test,original,0.9664356057124699,0.5685665621681771,1
seg_006353,sample_02216,Motocross Mania - Monroeville Music Center,FAKE,1,Pop,suno,test,original,0.9924949905491149,0.5685665621681771,1
seg_006354,sample_02217,Music For an Underground Circu - Ergo Phizmiz,FAKE,1,Pop,suno,test,original,0.9317354309681544,0.5685665621681771,1
seg_006355,sample_02217,Music For an Underground Circu - Ergo Phizmiz,FAKE,1,Pop,suno,test,original,0.663891231024887,0.5685665621681771,1
seg_006356,sample_02217,Music For an Underground Circu - Ergo Phizmiz,FAKE,1,Pop,suno,test,original,0.9891274872882057,0.5685665621681771,1
seg_006357,sample_02218,Music For an Underground Circu - Ergo Phizmiz,FAKE,1,Pop,suno,test,original,0.8941164524136813,0.5685665621681771,1
seg_006358,sample_02218,Music For an Underground Circu - Ergo Phizmiz,FAKE,1,Pop,suno,test,original,0.15777706317316975,0.5685665621681771,0
seg_006359,sample_02218,Music For an Underground Circu - Ergo Phizmiz,FAKE,1,Pop,suno,test,original,0.42537422193434316,0.5685665621681771,0
seg_006414,sample_02237,She Works / Tepid Waters - Bird Names,FAKE,1,Pop,suno,test,original,0.9790759508588277,0.5685665621681771,1
seg_006415,sample_02237,She Works / Tepid Waters - Bird Names,FAKE,1,Pop,suno,test,original,0.8685083514960338,0.5685665621681771,1
seg_006416,sample_02237,She Works / Tepid Waters - Bird Names,FAKE,1,Pop,suno,test,original,0.999262009423945,0.5685665621681771,1
seg_006417,sample_02238,She Works / Tepid Waters - Bird Names,FAKE,1,Pop,suno,test,original,0.9932001013430252,0.5685665621681771,1
seg_006418,sample_02238,She Works / Tepid Waters - Bird Names,FAKE,1,Pop,suno,test,original,0.9948633859401957,0.5685665621681771,1
seg_006419,sample_02238,She Works / Tepid Waters - Bird Names,FAKE,1,Pop,suno,test,original,0.9980662246160388,0.5685665621681771,1
seg_006426,sample_02241,Something Dirty - Ergo Phizmiz,FAKE,1,Pop,suno,test,original,0.7714905760880902,0.5685665621681771,1
seg_006427,sample_02241,Something Dirty - Ergo Phizmiz,FAKE,1,Pop,suno,test,original,0.8901129064681064,0.5685665621681771,1
seg_006428,sample_02241,Something Dirty - Ergo Phizmiz,FAKE,1,Pop,suno,test,original,0.7968093553013739,0.5685665621681771,1
seg_006429,sample_02242,Something Dirty - Ergo Phizmiz,FAKE,1,Pop,suno,test,original,0.7125073000457556,0.5685665621681771,1
seg_006430,sample_02242,Something Dirty - Ergo Phizmiz,FAKE,1,Pop,suno,test,original,0.8452047581203166,0.5685665621681771,1
seg_006431,sample_02242,Something Dirty - Ergo Phizmiz,FAKE,1,Pop,suno,test,original,0.9867404820454749,0.5685665621681771,1
seg_006486,sample_02261,Troubles I've seen - Malaventura,FAKE,1,Pop,suno,test,original,0.9573287054134143,0.5685665621681771,1
seg_006487,sample_02261,Troubles I've seen - Malaventura,FAKE,1,Pop,suno,test,original,0.9864462784069936,0.5685665621681771,1
seg_006488,sample_02261,Troubles I've seen - Malaventura,FAKE,1,Pop,suno,test,original,0.9204354929715238,0.5685665621681771,1
seg_006489,sample_02262,Troubles I've seen - Malaventura,FAKE,1,Pop,suno,test,original,0.8775287379324296,0.5685665621681771,1
seg_006490,sample_02262,Troubles I've seen - Malaventura,FAKE,1,Pop,suno,test,original,0.9930446294345119,0.5685665621681771,1
seg_006491,sample_02262,Troubles I've seen - Malaventura,FAKE,1,Pop,suno,test,original,0.9988070416192352,0.5685665621681771,1
seg_006528,sample_02275,Attention - Pete Prodoehl,FAKE,1,Rock,suno,test,original,0.8533570543571198,0.5685665621681771,1
seg_006529,sample_02275,Attention - Pete Prodoehl,FAKE,1,Rock,suno,test,original,0.9946523832918858,0.5685665621681771,1
seg_006530,sample_02275,Attention - Pete Prodoehl,FAKE,1,Rock,suno,test,original,0.998130529564223,0.5685665621681771,1
seg_006531,sample_02276,Attention - Pete Prodoehl,FAKE,1,Rock,suno,test,original,0.9963289548150553,0.5685665621681771,1
seg_006532,sample_02276,Attention - Pete Prodoehl,FAKE,1,Rock,suno,test,original,0.992846355327043,0.5685665621681771,1
seg_006533,sample_02276,Attention - Pete Prodoehl,FAKE,1,Rock,suno,test,original,0.9993872382279246,0.5685665621681771,1
seg_006576,sample_02291,"Head of Ancante, Talking Tree - Ak'chamel, The Giver of Illness",FAKE,1,Rock,suno,test,original,0.856074521247432,0.5685665621681771,1
seg_006577,sample_02291,"Head of Ancante, Talking Tree - Ak'chamel, The Giver of Illness",FAKE,1,Rock,suno,test,original,0.9053852782782951,0.5685665621681771,1
seg_006578,sample_02291,"Head of Ancante, Talking Tree - Ak'chamel, The Giver of Illness",FAKE,1,Rock,suno,test,original,0.9909025451916741,0.5685665621681771,1
seg_006579,sample_02292,"Head of Ancante, Talking Tree - Ak'chamel, The Giver of Illness",FAKE,1,Rock,suno,test,original,0.9992384595365146,0.5685665621681771,1
seg_006580,sample_02292,"Head of Ancante, Talking Tree - Ak'chamel, The Giver of Illness",FAKE,1,Rock,suno,test,original,0.9987741347360714,0.5685665621681771,1
seg_006581,sample_02292,"Head of Ancante, Talking Tree - Ak'chamel, The Giver of Illness",FAKE,1,Rock,suno,test,original,0.9957198667236451,0.5685665621681771,1
seg_006600,sample_02299,I - Inflammator,FAKE,1,Rock,suno,test,original,0.5940158632255207,0.5685665621681771,1
seg_006601,sample_02299,I - Inflammator,FAKE,1,Rock,suno,test,original,0.899937747226644,0.5685665621681771,1
seg_006602,sample_02299,I - Inflammator,FAKE,1,Rock,suno,test,original,0.7822609216464474,0.5685665621681771,1
seg_006603,sample_02300,I - Inflammator,FAKE,1,Rock,suno,test,original,0.5502727778890283,0.5685665621681771,0
seg_006604,sample_02300,I - Inflammator,FAKE,1,Rock,suno,test,original,0.8326274375846082,0.5685665621681771,1
seg_006605,sample_02300,I - Inflammator,FAKE,1,Rock,suno,test,original,0.9886617738571136,0.5685665621681771,1
seg_006618,sample_02305,LIQUID SKULLS - voyageurs,FAKE,1,Rock,suno,test,original,0.9727621537526729,0.5685665621681771,1
seg_006619,sample_02305,LIQUID SKULLS - voyageurs,FAKE,1,Rock,suno,test,original,0.8696472133886802,0.5685665621681771,1
seg_006620,sample_02305,LIQUID SKULLS - voyageurs,FAKE,1,Rock,suno,test,original,0.9678427521443431,0.5685665621681771,1
seg_006621,sample_02306,LIQUID SKULLS - voyageurs,FAKE,1,Rock,suno,test,original,0.9242288853838463,0.5685665621681771,1
seg_006622,sample_02306,LIQUID SKULLS - voyageurs,FAKE,1,Rock,suno,test,original,0.9911062052245145,0.5685665621681771,1
seg_006623,sample_02306,LIQUID SKULLS - voyageurs,FAKE,1,Rock,suno,test,original,0.8304517264014157,0.5685665621681771,1
seg_006630,sample_02309,Love Dream - The Zombie Dandies,FAKE,1,Rock,suno,test,original,0.9421519070707521,0.5685665621681771,1
seg_006631,sample_02309,Love Dream - The Zombie Dandies,FAKE,1,Rock,suno,test,original,0.47625383852852354,0.5685665621681771,0
seg_006632,sample_02309,Love Dream - The Zombie Dandies,FAKE,1,Rock,suno,test,original,0.9034472323939795,0.5685665621681771,1
seg_006633,sample_02310,Love Dream - The Zombie Dandies,FAKE,1,Rock,suno,test,original,0.9315268755806178,0.5685665621681771,1
seg_006634,sample_02310,Love Dream - The Zombie Dandies,FAKE,1,Rock,suno,test,original,0.8831665603952723,0.5685665621681771,1
seg_006635,sample_02310,Love Dream - The Zombie Dandies,FAKE,1,Rock,suno,test,original,0.8771185212447036,0.5685665621681771,1
seg_006708,sample_02335,Sfogare Il Dissenso - Deiezione HC,FAKE,1,Rock,suno,test,original,0.9361331761557,0.5685665621681771,1
seg_006709,sample_02335,Sfogare Il Dissenso - Deiezione HC,FAKE,1,Rock,suno,test,original,0.9050198428089756,0.5685665621681771,1
seg_006710,sample_02335,Sfogare Il Dissenso - Deiezione HC,FAKE,1,Rock,suno,test,original,0.8436772391091288,0.5685665621681771,1
seg_006711,sample_02336,Sfogare Il Dissenso - Deiezione HC,FAKE,1,Rock,suno,test,original,0.7249597094169302,0.5685665621681771,1
seg_006712,sample_02336,Sfogare Il Dissenso - Deiezione HC,FAKE,1,Rock,suno,test,original,0.6712340056633891,0.5685665621681771,1
seg_006713,sample_02336,Sfogare Il Dissenso - Deiezione HC,FAKE,1,Rock,suno,test,original,0.8366858162407419,0.5685665621681771,1
seg_006732,sample_02343,Stuttgart - Portrayal,FAKE,1,Rock,suno,test,original,0.7396152333395551,0.5685665621681771,1
seg_006733,sample_02343,Stuttgart - Portrayal,FAKE,1,Rock,suno,test,original,0.15004017265557792,0.5685665621681771,0
seg_006734,sample_02343,Stuttgart - Portrayal,FAKE,1,Rock,suno,test,original,0.9936576561392585,0.5685665621681771,1
seg_006735,sample_02344,Stuttgart - Portrayal,FAKE,1,Rock,suno,test,original,0.994003379794887,0.5685665621681771,1
seg_006736,sample_02344,Stuttgart - Portrayal,FAKE,1,Rock,suno,test,original,0.9335091457585837,0.5685665621681771,1
seg_006737,sample_02344,Stuttgart - Portrayal,FAKE,1,Rock,suno,test,original,0.9997944518936818,0.5685665621681771,1
seg_006738,sample_02345,Terve Teille - Чокнутый Пропеллер,FAKE,1,Rock,suno,test,original,0.8869075700080239,0.5685665621681771,1
seg_006739,sample_02345,Terve Teille - Чокнутый Пропеллер,FAKE,1,Rock,suno,test,original,0.7826483116392642,0.5685665621681771,1
seg_006740,sample_02345,Terve Teille - Чокнутый Пропеллер,FAKE,1,Rock,suno,test,original,0.9776449834677993,0.5685665621681771,1
seg_006741,sample_02346,Terve Teille - Чокнутый Пропеллер,FAKE,1,Rock,suno,test,original,0.8334950026188319,0.5685665621681771,1
seg_006742,sample_02346,Terve Teille - Чокнутый Пропеллер,FAKE,1,Rock,suno,test,original,0.9094534256153495,0.5685665621681771,1
seg_006743,sample_02346,Terve Teille - Чокнутый Пропеллер,FAKE,1,Rock,suno,test,original,0.7281542443419998,0.5685665621681771,1
seg_006780,sample_02359,Where Is Everything - The Moi Non Plus,FAKE,1,Rock,suno,test,original,0.693542022579203,0.5685665621681771,1
seg_006781,sample_02359,Where Is Everything - The Moi Non Plus,FAKE,1,Rock,suno,test,original,0.8426320240611309,0.5685665621681771,1
seg_006782,sample_02359,Where Is Everything - The Moi Non Plus,FAKE,1,Rock,suno,test,original,0.9258689078028172,0.5685665621681771,1
seg_006783,sample_02360,Where Is Everything - The Moi Non Plus,FAKE,1,Rock,suno,test,original,0.9544908484361447,0.5685665621681771,1
seg_006784,sample_02360,Where Is Everything - The Moi Non Plus,FAKE,1,Rock,suno,test,original,0.9784260191900576,0.5685665621681771,1
seg_006785,sample_02360,Where Is Everything - The Moi Non Plus,FAKE,1,Rock,suno,test,original,0.9980371565667562,0.5685665621681771,1
seg_006786,sample_02361,Who Loves You Dear - Mink Lungs,FAKE,1,Rock,suno,test,original,0.8059621314602412,0.5685665621681771,1
seg_006787,sample_02361,Who Loves You Dear - Mink Lungs,FAKE,1,Rock,suno,test,original,0.7710934106954097,0.5685665621681771,1
seg_006788,sample_02361,Who Loves You Dear - Mink Lungs,FAKE,1,Rock,suno,test,original,0.9470965606699021,0.5685665621681771,1
seg_006789,sample_02362,Who Loves You Dear - Mink Lungs,FAKE,1,Rock,suno,test,original,0.9075260841173145,0.5685665621681771,1
seg_006790,sample_02362,Who Loves You Dear - Mink Lungs,FAKE,1,Rock,suno,test,original,0.9845734862934913,0.5685665621681771,1
seg_006791,sample_02362,Who Loves You Dear - Mink Lungs,FAKE,1,Rock,suno,test,original,0.9005716828565172,0.5685665621681771,1
seg_006870,sample_02389,Dance Harder - Three Chain Links,FAKE,1,Electronic,udio,test,original,0.9698707566860741,0.5685665621681771,1
seg_006871,sample_02389,Dance Harder - Three Chain Links,FAKE,1,Electronic,udio,test,original,0.9788702406858023,0.5685665621681771,1
seg_006872,sample_02389,Dance Harder - Three Chain Links,FAKE,1,Electronic,udio,test,original,0.9999688798520392,0.5685665621681771,1
seg_006873,sample_02390,Dance Harder - Three Chain Links,FAKE,1,Electronic,udio,test,original,0.8468852412023801,0.5685665621681771,1
seg_006874,sample_02390,Dance Harder - Three Chain Links,FAKE,1,Electronic,udio,test,original,0.9267984127538013,0.5685665621681771,1
seg_006875,sample_02390,Dance Harder - Three Chain Links,FAKE,1,Electronic,udio,test,original,0.9991395326826179,0.5685665621681771,1
seg_006906,sample_02401,Fuckaboing - RoccoW,FAKE,1,Electronic,udio,test,original,0.9987568098003553,0.5685665621681771,1
seg_006907,sample_02401,Fuckaboing - RoccoW,FAKE,1,Electronic,udio,test,original,0.9987336106367565,0.5685665621681771,1
seg_006908,sample_02401,Fuckaboing - RoccoW,FAKE,1,Electronic,udio,test,original,0.9999310763338184,0.5685665621681771,1
seg_006909,sample_02402,Fuckaboing - RoccoW,FAKE,1,Electronic,udio,test,original,0.8000545151422491,0.5685665621681771,1
seg_006910,sample_02402,Fuckaboing - RoccoW,FAKE,1,Electronic,udio,test,original,0.6835081373682506,0.5685665621681771,1
seg_006911,sample_02402,Fuckaboing - RoccoW,FAKE,1,Electronic,udio,test,original,0.9822078358973664,0.5685665621681771,1
seg_006954,sample_02417,Night Owl - Broke For Free,FAKE,1,Electronic,udio,test,original,0.9857682847006484,0.5685665621681771,1
seg_006955,sample_02417,Night Owl - Broke For Free,FAKE,1,Electronic,udio,test,original,0.9426089453722951,0.5685665621681771,1
seg_006956,sample_02417,Night Owl - Broke For Free,FAKE,1,Electronic,udio,test,original,0.9951766118455703,0.5685665621681771,1
seg_006957,sample_02418,Night Owl - Broke For Free,FAKE,1,Electronic,udio,test,original,0.787194320046749,0.5685665621681771,1
seg_006958,sample_02418,Night Owl - Broke For Free,FAKE,1,Electronic,udio,test,original,0.9954592372254739,0.5685665621681771,1
seg_006959,sample_02418,Night Owl - Broke For Free,FAKE,1,Electronic,udio,test,original,0.9986173880026715,0.5685665621681771,1
seg_007014,sample_02437,Pista Afuera - Epstein,FAKE,1,Electronic,udio,test,original,0.9510852450386561,0.5685665621681771,1
seg_007015,sample_02437,Pista Afuera - Epstein,FAKE,1,Electronic,udio,test,original,0.433293437096787,0.5685665621681771,0
seg_007016,sample_02437,Pista Afuera - Epstein,FAKE,1,Electronic,udio,test,original,0.9654195966992709,0.5685665621681771,1
seg_007017,sample_02438,Pista Afuera - Epstein,FAKE,1,Electronic,udio,test,original,0.09685118954014368,0.5685665621681771,0
seg_007018,sample_02438,Pista Afuera - Epstein,FAKE,1,Electronic,udio,test,original,0.9644927597130702,0.5685665621681771,1
seg_007019,sample_02438,Pista Afuera - Epstein,FAKE,1,Electronic,udio,test,original,0.9988757078616115,0.5685665621681771,1
seg_007026,sample_02441,Realize Me - Jim Rooster,FAKE,1,Electronic,udio,test,original,0.14166133727841168,0.5685665621681771,0
seg_007027,sample_02441,Realize Me - Jim Rooster,FAKE,1,Electronic,udio,test,original,0.8504051637123549,0.5685665621681771,1
seg_007028,sample_02441,Realize Me - Jim Rooster,FAKE,1,Electronic,udio,test,original,0.9906490580376637,0.5685665621681771,1
seg_007029,sample_02442,Realize Me - Jim Rooster,FAKE,1,Electronic,udio,test,original,0.9196346075720796,0.5685665621681771,1
seg_007030,sample_02442,Realize Me - Jim Rooster,FAKE,1,Electronic,udio,test,original,0.01334512277182535,0.5685665621681771,0
seg_007031,sample_02442,Realize Me - Jim Rooster,FAKE,1,Electronic,udio,test,original,0.9978974515681879,0.5685665621681771,1
seg_007032,sample_02443,Resistentialism - Nihilore,FAKE,1,Electronic,udio,test,original,0.999914885090581,0.5685665621681771,1
seg_007033,sample_02443,Resistentialism - Nihilore,FAKE,1,Electronic,udio,test,original,0.9903006098393304,0.5685665621681771,1
seg_007034,sample_02443,Resistentialism - Nihilore,FAKE,1,Electronic,udio,test,original,0.987934641730886,0.5685665621681771,1
seg_007035,sample_02444,Resistentialism - Nihilore,FAKE,1,Electronic,udio,test,original,0.4198738029875293,0.5685665621681771,0
seg_007036,sample_02444,Resistentialism - Nihilore,FAKE,1,Electronic,udio,test,original,0.7596905668907521,0.5685665621681771,1
seg_007037,sample_02444,Resistentialism - Nihilore,FAKE,1,Electronic,udio,test,original,0.9999314944868598,0.5685665621681771,1
seg_007098,sample_02465,Ugh! Humans Can Join - Mystery Mammal,FAKE,1,Electronic,udio,test,original,0.9816837603792697,0.5685665621681771,1
seg_007099,sample_02465,Ugh! Humans Can Join - Mystery Mammal,FAKE,1,Electronic,udio,test,original,0.9563804743836044,0.5685665621681771,1
seg_007100,sample_02465,Ugh! Humans Can Join - Mystery Mammal,FAKE,1,Electronic,udio,test,original,0.9804494001080541,0.5685665621681771,1
seg_007101,sample_02466,Ugh! Humans Can Join - Mystery Mammal,FAKE,1,Electronic,udio,test,original,0.6312389755101993,0.5685665621681771,1
seg_007102,sample_02466,Ugh! Humans Can Join - Mystery Mammal,FAKE,1,Electronic,udio,test,original,0.8465688298357961,0.5685665621681771,1
seg_007103,sample_02466,Ugh! Humans Can Join - Mystery Mammal,FAKE,1,Electronic,udio,test,original,0.9626422408612755,0.5685665621681771,1
seg_007152,sample_02483,Different Day - First,FAKE,1,Pop,udio,test,original,0.8473896481279638,0.5685665621681771,1
seg_007153,sample_02483,Different Day - First,FAKE,1,Pop,udio,test,original,0.8733603903781018,0.5685665621681771,1
seg_007154,sample_02483,Different Day - First,FAKE,1,Pop,udio,test,original,0.8749916422584338,0.5685665621681771,1
seg_007155,sample_02484,Different Day - First,FAKE,1,Pop,udio,test,original,0.987469881724898,0.5685665621681771,1
seg_007156,sample_02484,Different Day - First,FAKE,1,Pop,udio,test,original,0.8435967718807218,0.5685665621681771,1
seg_007157,sample_02484,Different Day - First,FAKE,1,Pop,udio,test,original,0.9895007731056905,0.5685665621681771,1
seg_007182,sample_02493,"Hungry - Oh Yeah, the Future",FAKE,1,Pop,udio,test,original,0.9370858200264188,0.5685665621681771,1
seg_007183,sample_02493,"Hungry - Oh Yeah, the Future",FAKE,1,Pop,udio,test,original,0.11069015920804791,0.5685665621681771,0
seg_007184,sample_02493,"Hungry - Oh Yeah, the Future",FAKE,1,Pop,udio,test,original,0.9980380042216137,0.5685665621681771,1
seg_007185,sample_02494,"Hungry - Oh Yeah, the Future",FAKE,1,Pop,udio,test,original,0.14003356934016375,0.5685665621681771,0
seg_007186,sample_02494,"Hungry - Oh Yeah, the Future",FAKE,1,Pop,udio,test,original,0.18388131855263162,0.5685665621681771,0
seg_007187,sample_02494,"Hungry - Oh Yeah, the Future",FAKE,1,Pop,udio,test,original,0.32422363872468135,0.5685665621681771,0
seg_007248,sample_02515,Motocross Mania - Monroeville Music Center,FAKE,1,Pop,udio,test,original,0.8965425718599016,0.5685665621681771,1
seg_007249,sample_02515,Motocross Mania - Monroeville Music Center,FAKE,1,Pop,udio,test,original,0.992033063261894,0.5685665621681771,1
seg_007250,sample_02515,Motocross Mania - Monroeville Music Center,FAKE,1,Pop,udio,test,original,0.9911618059887207,0.5685665621681771,1
seg_007251,sample_02516,Motocross Mania - Monroeville Music Center,FAKE,1,Pop,udio,test,original,0.9974640435382872,0.5685665621681771,1
seg_007252,sample_02516,Motocross Mania - Monroeville Music Center,FAKE,1,Pop,udio,test,original,0.9564612731018493,0.5685665621681771,1
seg_007253,sample_02516,Motocross Mania - Monroeville Music Center,FAKE,1,Pop,udio,test,original,0.9380673013197841,0.5685665621681771,1
seg_007254,sample_02517,Music For an Underground Circu - Ergo Phizmiz,FAKE,1,Pop,udio,test,original,0.9849161493295515,0.5685665621681771,1
seg_007255,sample_02517,Music For an Underground Circu - Ergo Phizmiz,FAKE,1,Pop,udio,test,original,0.6198592904007172,0.5685665621681771,1
seg_007256,sample_02517,Music For an Underground Circu - Ergo Phizmiz,FAKE,1,Pop,udio,test,original,0.9331019802171302,0.5685665621681771,1
seg_007257,sample_02518,Music For an Underground Circu - Ergo Phizmiz,FAKE,1,Pop,udio,test,original,0.9849161493295515,0.5685665621681771,1
seg_007258,sample_02518,Music For an Underground Circu - Ergo Phizmiz,FAKE,1,Pop,udio,test,original,0.6198592904007172,0.5685665621681771,1
seg_007259,sample_02518,Music For an Underground Circu - Ergo Phizmiz,FAKE,1,Pop,udio,test,original,0.997063396406014,0.5685665621681771,1
seg_007314,sample_02537,She Works / Tepid Waters - Bird Names,FAKE,1,Pop,udio,test,original,0.8107420786258921,0.5685665621681771,1
seg_007315,sample_02537,She Works / Tepid Waters - Bird Names,FAKE,1,Pop,udio,test,original,0.5419659914360173,0.5685665621681771,0
seg_007316,sample_02537,She Works / Tepid Waters - Bird Names,FAKE,1,Pop,udio,test,original,0.9159672877439914,0.5685665621681771,1
seg_007317,sample_02538,She Works / Tepid Waters - Bird Names,FAKE,1,Pop,udio,test,original,0.06509485465280951,0.5685665621681771,0
seg_007318,sample_02538,She Works / Tepid Waters - Bird Names,FAKE,1,Pop,udio,test,original,0.33618332419337743,0.5685665621681771,0
seg_007319,sample_02538,She Works / Tepid Waters - Bird Names,FAKE,1,Pop,udio,test,original,0.5707631136999627,0.5685665621681771,1
seg_007326,sample_02541,Something Dirty - Ergo Phizmiz,FAKE,1,Pop,udio,test,original,0.7927747322224843,0.5685665621681771,1
seg_007327,sample_02541,Something Dirty - Ergo Phizmiz,FAKE,1,Pop,udio,test,original,0.6704153260889152,0.5685665621681771,1
seg_007328,sample_02541,Something Dirty - Ergo Phizmiz,FAKE,1,Pop,udio,test,original,0.845951917897813,0.5685665621681771,1
seg_007329,sample_02542,Something Dirty - Ergo Phizmiz,FAKE,1,Pop,udio,test,original,0.7927747322224843,0.5685665621681771,1
seg_007330,sample_02542,Something Dirty - Ergo Phizmiz,FAKE,1,Pop,udio,test,original,0.6704153260889152,0.5685665621681771,1
seg_007331,sample_02542,Something Dirty - Ergo Phizmiz,FAKE,1,Pop,udio,test,original,0.9970466299342988,0.5685665621681771,1
seg_007386,sample_02561,Troubles I've seen - Malaventura,FAKE,1,Pop,udio,test,original,0.9996753636934613,0.5685665621681771,1
seg_007387,sample_02561,Troubles I've seen - Malaventura,FAKE,1,Pop,udio,test,original,0.9998914350418918,0.5685665621681771,1
seg_007388,sample_02561,Troubles I've seen - Malaventura,FAKE,1,Pop,udio,test,original,0.9900274348346683,0.5685665621681771,1
seg_007389,sample_02562,Troubles I've seen - Malaventura,FAKE,1,Pop,udio,test,original,0.8922150963971934,0.5685665621681771,1
seg_007390,sample_02562,Troubles I've seen - Malaventura,FAKE,1,Pop,udio,test,original,0.7741822902095908,0.5685665621681771,1
seg_007391,sample_02562,Troubles I've seen - Malaventura,FAKE,1,Pop,udio,test,original,0.8263681887880618,0.5685665621681771,1
seg_007428,sample_02575,Attention - Pete Prodoehl,FAKE,1,Rock,udio,test,original,0.9269405826096668,0.5685665621681771,1
seg_007429,sample_02575,Attention - Pete Prodoehl,FAKE,1,Rock,udio,test,original,0.999270176268322,0.5685665621681771,1
seg_007430,sample_02575,Attention - Pete Prodoehl,FAKE,1,Rock,udio,test,original,0.9999694483258541,0.5685665621681771,1
seg_007431,sample_02576,Attention - Pete Prodoehl,FAKE,1,Rock,udio,test,original,0.6448232734107708,0.5685665621681771,1
seg_007432,sample_02576,Attention - Pete Prodoehl,FAKE,1,Rock,udio,test,original,0.5843475996501842,0.5685665621681771,1
seg_007433,sample_02576,Attention - Pete Prodoehl,FAKE,1,Rock,udio,test,original,0.7423972127789883,0.5685665621681771,1
seg_007476,sample_02591,"Head of Ancante, Talking Tree - Ak'chamel, The Giver of Illness",FAKE,1,Rock,udio,test,original,0.9415195737521108,0.5685665621681771,1
seg_007477,sample_02591,"Head of Ancante, Talking Tree - Ak'chamel, The Giver of Illness",FAKE,1,Rock,udio,test,original,0.9992085784480922,0.5685665621681771,1
seg_007478,sample_02591,"Head of Ancante, Talking Tree - Ak'chamel, The Giver of Illness",FAKE,1,Rock,udio,test,original,0.7811749758292325,0.5685665621681771,1
seg_007479,sample_02592,"Head of Ancante, Talking Tree - Ak'chamel, The Giver of Illness",FAKE,1,Rock,udio,test,original,0.8619010166529938,0.5685665621681771,1
seg_007480,sample_02592,"Head of Ancante, Talking Tree - Ak'chamel, The Giver of Illness",FAKE,1,Rock,udio,test,original,0.6549409870732862,0.5685665621681771,1
seg_007481,sample_02592,"Head of Ancante, Talking Tree - Ak'chamel, The Giver of Illness",FAKE,1,Rock,udio,test,original,0.8095808539440262,0.5685665621681771,1
seg_007500,sample_02599,I - Inflammator,FAKE,1,Rock,udio,test,original,0.9225851834264003,0.5685665621681771,1
seg_007501,sample_02599,I - Inflammator,FAKE,1,Rock,udio,test,original,0.7182002903056253,0.5685665621681771,1
seg_007502,sample_02599,I - Inflammator,FAKE,1,Rock,udio,test,original,0.9871898274306885,0.5685665621681771,1
seg_007503,sample_02600,I - Inflammator,FAKE,1,Rock,udio,test,original,0.9979395971217527,0.5685665621681771,1
seg_007504,sample_02600,I - Inflammator,FAKE,1,Rock,udio,test,original,0.9809309395481368,0.5685665621681771,1
seg_007505,sample_02600,I - Inflammator,FAKE,1,Rock,udio,test,original,0.9946392914328871,0.5685665621681771,1
seg_007518,sample_02605,LIQUID SKULLS - voyageurs,FAKE,1,Rock,udio,test,original,0.8226610480256016,0.5685665621681771,1
seg_007519,sample_02605,LIQUID SKULLS - voyageurs,FAKE,1,Rock,udio,test,original,0.814787953701169,0.5685665621681771,1
seg_007520,sample_02605,LIQUID SKULLS - voyageurs,FAKE,1,Rock,udio,test,original,0.9982068569551755,0.5685665621681771,1
seg_007521,sample_02606,LIQUID SKULLS - voyageurs,FAKE,1,Rock,udio,test,original,0.9785935181433956,0.5685665621681771,1
seg_007522,sample_02606,LIQUID SKULLS - voyageurs,FAKE,1,Rock,udio,test,original,0.9335223469940668,0.5685665621681771,1
seg_007523,sample_02606,LIQUID SKULLS - voyageurs,FAKE,1,Rock,udio,test,original,0.6520531124374543,0.5685665621681771,1
seg_007530,sample_02609,Love Dream - The Zombie Dandies,FAKE,1,Rock,udio,test,original,0.5287639639104684,0.5685665621681771,0
seg_007531,sample_02609,Love Dream - The Zombie Dandies,FAKE,1,Rock,udio,test,original,0.9976666406190801,0.5685665621681771,1
seg_007532,sample_02609,Love Dream - The Zombie Dandies,FAKE,1,Rock,udio,test,original,0.9797491744873854,0.5685665621681771,1
seg_007533,sample_02610,Love Dream - The Zombie Dandies,FAKE,1,Rock,udio,test,original,0.941626163301024,0.5685665621681771,1
seg_007534,sample_02610,Love Dream - The Zombie Dandies,FAKE,1,Rock,udio,test,original,0.6873936846294189,0.5685665621681771,1
seg_007535,sample_02610,Love Dream - The Zombie Dandies,FAKE,1,Rock,udio,test,original,0.9634567038236539,0.5685665621681771,1
seg_007608,sample_02635,Sfogare Il Dissenso - Deiezione HC,FAKE,1,Rock,udio,test,original,0.8417728276890831,0.5685665621681771,1
seg_007609,sample_02635,Sfogare Il Dissenso - Deiezione HC,FAKE,1,Rock,udio,test,original,0.7280865032218442,0.5685665621681771,1
seg_007610,sample_02635,Sfogare Il Dissenso - Deiezione HC,FAKE,1,Rock,udio,test,original,0.9697756461575977,0.5685665621681771,1
seg_007611,sample_02636,Sfogare Il Dissenso - Deiezione HC,FAKE,1,Rock,udio,test,original,0.9824151290100213,0.5685665621681771,1
seg_007612,sample_02636,Sfogare Il Dissenso - Deiezione HC,FAKE,1,Rock,udio,test,original,0.9987687889536259,0.5685665621681771,1
seg_007613,sample_02636,Sfogare Il Dissenso - Deiezione HC,FAKE,1,Rock,udio,test,original,0.9963009602333777,0.5685665621681771,1
seg_007632,sample_02643,Stuttgart - Portrayal,FAKE,1,Rock,udio,test,original,0.605580539844889,0.5685665621681771,1
seg_007633,sample_02643,Stuttgart - Portrayal,FAKE,1,Rock,udio,test,original,0.4703306693634982,0.5685665621681771,0
seg_007634,sample_02643,Stuttgart - Portrayal,FAKE,1,Rock,udio,test,original,0.9859071461964677,0.5685665621681771,1
seg_007635,sample_02644,Stuttgart - Portrayal,FAKE,1,Rock,udio,test,original,0.975886513418425,0.5685665621681771,1
seg_007636,sample_02644,Stuttgart - Portrayal,FAKE,1,Rock,udio,test,original,0.9508575405519666,0.5685665621681771,1
seg_007637,sample_02644,Stuttgart - Portrayal,FAKE,1,Rock,udio,test,original,0.9963190190964226,0.5685665621681771,1
seg_007638,sample_02645,Terve Teille - Чокнутый Пропеллер,FAKE,1,Rock,udio,test,original,0.5624960184240028,0.5685665621681771,0
seg_007639,sample_02645,Terve Teille - Чокнутый Пропеллер,FAKE,1,Rock,udio,test,original,0.6807396389515029,0.5685665621681771,1
seg_007640,sample_02645,Terve Teille - Чокнутый Пропеллер,FAKE,1,Rock,udio,test,original,0.5472097498713288,0.5685665621681771,0
seg_007641,sample_02646,Terve Teille - Чокнутый Пропеллер,FAKE,1,Rock,udio,test,original,0.9850163572413762,0.5685665621681771,1
seg_007642,sample_02646,Terve Teille - Чокнутый Пропеллер,FAKE,1,Rock,udio,test,original,0.9856177548024463,0.5685665621681771,1
seg_007643,sample_02646,Terve Teille - Чокнутый Пропеллер,FAKE,1,Rock,udio,test,original,0.7860357135661975,0.5685665621681771,1
seg_007680,sample_02659,Where Is Everything - The Moi Non Plus,FAKE,1,Rock,udio,test,original,0.9369403101026634,0.5685665621681771,1
seg_007681,sample_02659,Where Is Everything - The Moi Non Plus,FAKE,1,Rock,udio,test,original,0.7562202401129922,0.5685665621681771,1
seg_007682,sample_02659,Where Is Everything - The Moi Non Plus,FAKE,1,Rock,udio,test,original,0.9525075849014317,0.5685665621681771,1
seg_007683,sample_02660,Where Is Everything - The Moi Non Plus,FAKE,1,Rock,udio,test,original,0.9881435676496829,0.5685665621681771,1
seg_007684,sample_02660,Where Is Everything - The Moi Non Plus,FAKE,1,Rock,udio,test,original,0.999507589588935,0.5685665621681771,1
seg_007685,sample_02660,Where Is Everything - The Moi Non Plus,FAKE,1,Rock,udio,test,original,0.9969838636208441,0.5685665621681771,1
seg_007686,sample_02661,Who Loves You Dear - Mink Lungs,FAKE,1,Rock,udio,test,original,0.8288872454670508,0.5685665621681771,1
seg_007687,sample_02661,Who Loves You Dear - Mink Lungs,FAKE,1,Rock,udio,test,original,0.42906590406999484,0.5685665621681771,0
seg_007688,sample_02661,Who Loves You Dear - Mink Lungs,FAKE,1,Rock,udio,test,original,0.4331839147092337,0.5685665621681771,0
seg_007689,sample_02662,Who Loves You Dear - Mink Lungs,FAKE,1,Rock,udio,test,original,0.7749783666274416,0.5685665621681771,1
seg_007690,sample_02662,Who Loves You Dear - Mink Lungs,FAKE,1,Rock,udio,test,original,0.162626750868573,0.5685665621681771,0
seg_007691,sample_02662,Who Loves You Dear - Mink Lungs,FAKE,1,Rock,udio,test,original,0.5390375850664179,0.5685665621681771,0
seg_007740,sample_02679,Dance Harder - Three Chain Links,FAKE,1,Electronic,stableaudio,test,original,0.9911016147205992,0.5685665621681771,1
seg_007741,sample_02679,Dance Harder - Three Chain Links,FAKE,1,Electronic,stableaudio,test,original,0.9155127395933104,0.5685665621681771,1
seg_007742,sample_02679,Dance Harder - Three Chain Links,FAKE,1,Electronic,stableaudio,test,original,0.9996112050621435,0.5685665621681771,1
seg_007752,sample_02683,Fuckaboing - RoccoW,FAKE,1,Electronic,stableaudio,test,original,0.9145615051627968,0.5685665621681771,1
seg_007753,sample_02683,Fuckaboing - RoccoW,FAKE,1,Electronic,stableaudio,test,original,0.8147760406583955,0.5685665621681771,1
seg_007754,sample_02683,Fuckaboing - RoccoW,FAKE,1,Electronic,stableaudio,test,original,0.9993050780573636,0.5685665621681771,1
seg_007776,sample_02691,Night Owl - Broke For Free,FAKE,1,Electronic,stableaudio,test,original,0.8253343571404542,0.5685665621681771,1
seg_007777,sample_02691,Night Owl - Broke For Free,FAKE,1,Electronic,stableaudio,test,original,0.9894283379099563,0.5685665621681771,1
seg_007778,sample_02691,Night Owl - Broke For Free,FAKE,1,Electronic,stableaudio,test,original,0.9942976192580743,0.5685665621681771,1
seg_007803,sample_02700,Pista Afuera - Epstein,FAKE,1,Electronic,stableaudio,test,original,0.17792375515255748,0.5685665621681771,0
seg_007804,sample_02700,Pista Afuera - Epstein,FAKE,1,Electronic,stableaudio,test,original,0.9544219177022355,0.5685665621681771,1
seg_007805,sample_02700,Pista Afuera - Epstein,FAKE,1,Electronic,stableaudio,test,original,0.9770047715324486,0.5685665621681771,1
seg_007809,sample_02702,Realize Me - Jim Rooster,FAKE,1,Electronic,stableaudio,test,original,0.9654764519730742,0.5685665621681771,1
seg_007810,sample_02702,Realize Me - Jim Rooster,FAKE,1,Electronic,stableaudio,test,original,0.842037298920438,0.5685665621681771,1
seg_007811,sample_02702,Realize Me - Jim Rooster,FAKE,1,Electronic,stableaudio,test,original,0.9990961617018316,0.5685665621681771,1
seg_007812,sample_02703,Resistentialism - Nihilore,FAKE,1,Electronic,stableaudio,test,original,0.8259330382268929,0.5685665621681771,1
seg_007813,sample_02703,Resistentialism - Nihilore,FAKE,1,Electronic,stableaudio,test,original,0.7534173277887938,0.5685665621681771,1
seg_007814,sample_02703,Resistentialism - Nihilore,FAKE,1,Electronic,stableaudio,test,original,0.9998784063874314,0.5685665621681771,1
seg_007845,sample_02714,Ugh! Humans Can Join - Mystery Mammal,FAKE,1,Electronic,stableaudio,test,original,0.9827677951947743,0.5685665621681771,1
seg_007846,sample_02714,Ugh! Humans Can Join - Mystery Mammal,FAKE,1,Electronic,stableaudio,test,original,0.40304035508928265,0.5685665621681771,0
seg_007847,sample_02714,Ugh! Humans Can Join - Mystery Mammal,FAKE,1,Electronic,stableaudio,test,original,0.9995796557428335,0.5685665621681771,1
seg_007875,sample_02724,El Burrito - Malaventura,FAKE,1,Pop,stableaudio,test,original,0.4022506164854552,0.5685665621681771,0
seg_007876,sample_02724,El Burrito - Malaventura,FAKE,1,Pop,stableaudio,test,original,0.3571483216619031,0.5685665621681771,0
seg_007877,sample_02724,El Burrito - Malaventura,FAKE,1,Pop,stableaudio,test,original,0.997435324516929,0.5685665621681771,1
seg_007926,sample_02741,Motocross Mania - Monroeville Music Center,FAKE,1,Pop,stableaudio,test,original,0.9447649423165793,0.5685665621681771,1
seg_007927,sample_02741,Motocross Mania - Monroeville Music Center,FAKE,1,Pop,stableaudio,test,original,0.711013791919512,0.5685665621681771,1
seg_007928,sample_02741,Motocross Mania - Monroeville Music Center,FAKE,1,Pop,stableaudio,test,original,0.9965853399418382,0.5685665621681771,1
seg_007929,sample_02742,Music For an Underground Circu - Ergo Phizmiz,FAKE,1,Pop,stableaudio,test,original,0.46582414786821313,0.5685665621681771,0
seg_007930,sample_02742,Music For an Underground Circu - Ergo Phizmiz,FAKE,1,Pop,stableaudio,test,original,0.5089080417800297,0.5685665621681771,0
seg_007931,sample_02742,Music For an Underground Circu - Ergo Phizmiz,FAKE,1,Pop,stableaudio,test,original,0.999664779519163,0.5685665621681771,1
seg_007959,sample_02752,Production - Bird Names,FAKE,1,Pop,stableaudio,test,original,0.59460428364917,0.5685665621681771,1
seg_007960,sample_02752,Production - Bird Names,FAKE,1,Pop,stableaudio,test,original,0.5852141405354976,0.5685665621681771,1
seg_007961,sample_02752,Production - Bird Names,FAKE,1,Pop,stableaudio,test,original,0.9983430605308342,0.5685665621681771,1
seg_007971,sample_02756,She Works / Tepid Waters - Bird Names,FAKE,1,Pop,stableaudio,test,original,0.9999821461609961,0.5685665621681771,1
seg_007972,sample_02756,She Works / Tepid Waters - Bird Names,FAKE,1,Pop,stableaudio,test,original,0.7375303973512827,0.5685665621681771,1
seg_007973,sample_02756,She Works / Tepid Waters - Bird Names,FAKE,1,Pop,stableaudio,test,original,0.999983080035466,0.5685665621681771,1
seg_007980,sample_02759,Something Dirty - Ergo Phizmiz,FAKE,1,Pop,stableaudio,test,original,0.9920372382751071,0.5685665621681771,1
seg_007981,sample_02759,Something Dirty - Ergo Phizmiz,FAKE,1,Pop,stableaudio,test,original,0.22390136802475102,0.5685665621681771,0
seg_007982,sample_02759,Something Dirty - Ergo Phizmiz,FAKE,1,Pop,stableaudio,test,original,0.9999569224770373,0.5685665621681771,1
seg_008004,sample_02767,"The Pursuit of Unintentional Humor - Oh Yeah, the Future",FAKE,1,Pop,stableaudio,test,original,0.8685258075058578,0.5685665621681771,1
seg_008005,sample_02767,"The Pursuit of Unintentional Humor - Oh Yeah, the Future",FAKE,1,Pop,stableaudio,test,original,0.6144728592369889,0.5685665621681771,1
seg_008006,sample_02767,"The Pursuit of Unintentional Humor - Oh Yeah, the Future",FAKE,1,Pop,stableaudio,test,original,0.9999500334640445,0.5685665621681771,1
seg_008022,sample_02773,Troubles I've seen - Malaventura,FAKE,1,Pop,stableaudio,test,original,0.6474368494725087,0.5685665621681771,1
seg_008023,sample_02773,Troubles I've seen - Malaventura,FAKE,1,Pop,stableaudio,test,original,0.6442414687920852,0.5685665621681771,1
seg_008024,sample_02773,Troubles I've seen - Malaventura,FAKE,1,Pop,stableaudio,test,original,0.9900142663454589,0.5685665621681771,1
seg_008049,sample_02782,5 (Lexington) - Isle of Pine,FAKE,1,Rock,stableaudio,test,original,0.9996185082360125,0.5685665621681771,1
seg_008050,sample_02782,5 (Lexington) - Isle of Pine,FAKE,1,Rock,stableaudio,test,original,0.5592709903296013,0.5685665621681771,0
seg_008051,sample_02782,5 (Lexington) - Isle of Pine,FAKE,1,Rock,stableaudio,test,original,0.9999049550535843,0.5685665621681771,1
seg_008058,sample_02785,Attention - Pete Prodoehl,FAKE,1,Rock,stableaudio,test,original,0.9963835942269728,0.5685665621681771,1
seg_008059,sample_02785,Attention - Pete Prodoehl,FAKE,1,Rock,stableaudio,test,original,0.816333645890795,0.5685665621681771,1
seg_008060,sample_02785,Attention - Pete Prodoehl,FAKE,1,Rock,stableaudio,test,original,0.999903108245457,0.5685665621681771,1
seg_008127,sample_02808,"Head of Ancante, Talking Tree - Ak'chamel, The Giver of Illness",FAKE,1,Rock,stableaudio,test,original,0.9542771526982038,0.5685665621681771,1
seg_008128,sample_02808,"Head of Ancante, Talking Tree - Ak'chamel, The Giver of Illness",FAKE,1,Rock,stableaudio,test,original,0.8129435168644545,0.5685665621681771,1
seg_008129,sample_02808,"Head of Ancante, Talking Tree - Ak'chamel, The Giver of Illness",FAKE,1,Rock,stableaudio,test,original,0.9991936116736627,0.5685665621681771,1
seg_008169,sample_02822,LIQUID SKULLS - voyageurs,FAKE,1,Rock,stableaudio,test,original,0.875007097666303,0.5685665621681771,1
seg_008170,sample_02822,LIQUID SKULLS - voyageurs,FAKE,1,Rock,stableaudio,test,original,0.9523389834354858,0.5685665621681771,1
seg_008171,sample_02822,LIQUID SKULLS - voyageurs,FAKE,1,Rock,stableaudio,test,original,0.998113038707701,0.5685665621681771,1
seg_008175,sample_02824,Love Dream - The Zombie Dandies,FAKE,1,Rock,stableaudio,test,original,0.9004137526065252,0.5685665621681771,1
seg_008176,sample_02824,Love Dream - The Zombie Dandies,FAKE,1,Rock,stableaudio,test,original,0.5647043049182582,0.5685665621681771,0
seg_008177,sample_02824,Love Dream - The Zombie Dandies,FAKE,1,Rock,stableaudio,test,original,0.9999644315587354,0.5685665621681771,1
seg_008199,sample_02832,Puertas de Fuego - Guerra de Cerdos,FAKE,1,Rock,stableaudio,test,original,0.693534934672187,0.5685665621681771,1
seg_008200,sample_02832,Puertas de Fuego - Guerra de Cerdos,FAKE,1,Rock,stableaudio,test,original,0.9473422330339742,0.5685665621681771,1
seg_008201,sample_02832,Puertas de Fuego - Guerra de Cerdos,FAKE,1,Rock,stableaudio,test,original,0.9998615372447722,0.5685665621681771,1
seg_008220,sample_02839,Sfogare Il Dissenso - Deiezione HC,FAKE,1,Rock,stableaudio,test,original,0.8698806220742332,0.5685665621681771,1
seg_008221,sample_02839,Sfogare Il Dissenso - Deiezione HC,FAKE,1,Rock,stableaudio,test,original,0.9967734515236276,0.5685665621681771,1
seg_008222,sample_02839,Sfogare Il Dissenso - Deiezione HC,FAKE,1,Rock,stableaudio,test,original,0.9987548431607408,0.5685665621681771,1
seg_008232,sample_02843,Sonzis FM - Pipe Choir,FAKE,1,Rock,stableaudio,test,original,0.9096604678847617,0.5685665621681771,1
seg_008233,sample_02843,Sonzis FM - Pipe Choir,FAKE,1,Rock,stableaudio,test,original,0.9218704807610745,0.5685665621681771,1
seg_008234,sample_02843,Sonzis FM - Pipe Choir,FAKE,1,Rock,stableaudio,test,original,0.9969252261964869,0.5685665621681771,1
seg_008241,sample_02846,Stuttgart - Portrayal,FAKE,1,Rock,stableaudio,test,original,0.9985040038793731,0.5685665621681771,1
seg_008242,sample_02846,Stuttgart - Portrayal,FAKE,1,Rock,stableaudio,test,original,0.7128849157576623,0.5685665621681771,1
seg_008243,sample_02846,Stuttgart - Portrayal,FAKE,1,Rock,stableaudio,test,original,0.9998447386874677,0.5685665621681771,1
seg_008259,sample_02852,Untitled - Fatal Injection,FAKE,1,Rock,stableaudio,test,original,0.8681318885086899,0.5685665621681771,1
seg_008260,sample_02852,Untitled - Fatal Injection,FAKE,1,Rock,stableaudio,test,original,0.38636722526119605,0.5685665621681771,0
seg_008261,sample_02852,Untitled - Fatal Injection,FAKE,1,Rock,stableaudio,test,original,0.9895970679661271,0.5685665621681771,1
seg_008274,sample_02857,Who Loves You Dear - Mink Lungs,FAKE,1,Rock,stableaudio,test,original,0.9785301112316951,0.5685665621681771,1
seg_008275,sample_02857,Who Loves You Dear - Mink Lungs,FAKE,1,Rock,stableaudio,test,original,0.8218823641728301,0.5685665621681771,1
seg_008276,sample_02857,Who Loves You Dear - Mink Lungs,FAKE,1,Rock,stableaudio,test,original,0.9999669127001682,0.5685665621681771,1
seg_008334,sample_02877,Attention - Pete Prodoehl,FAKE,1,Rock,elevenlabs,test,original,0.9849425753010884,0.5685665621681771,1
seg_008335,sample_02877,Attention - Pete Prodoehl,FAKE,1,Rock,elevenlabs,test,original,0.9394621544999038,0.5685665621681771,1
seg_008336,sample_02877,Attention - Pete Prodoehl,FAKE,1,Rock,elevenlabs,test,original,0.9937344046398499,0.5685665621681771,1
seg_008337,sample_02878,Attention - Pete Prodoehl,FAKE,1,Rock,elevenlabs,test,original,0.9734260168197121,0.5685665621681771,1
seg_008338,sample_02878,Attention - Pete Prodoehl,FAKE,1,Rock,elevenlabs,test,original,0.8927938657436864,0.5685665621681771,1
seg_008339,sample_02878,Attention - Pete Prodoehl,FAKE,1,Rock,elevenlabs,test,original,0.9977461933139081,0.5685665621681771,1
seg_008412,sample_02903,Dance Harder - Three Chain Links,FAKE,1,Electronic,elevenlabs,test,original,0.7751795526566512,0.5685665621681771,1
seg_008413,sample_02903,Dance Harder - Three Chain Links,FAKE,1,Electronic,elevenlabs,test,original,0.9829101071324048,0.5685665621681771,1
seg_008414,sample_02903,Dance Harder - Three Chain Links,FAKE,1,Electronic,elevenlabs,test,original,0.9994283958713652,0.5685665621681771,1
seg_008415,sample_02904,Dance Harder - Three Chain Links,FAKE,1,Electronic,elevenlabs,test,original,0.7702618547361506,0.5685665621681771,1
seg_008416,sample_02904,Dance Harder - Three Chain Links,FAKE,1,Electronic,elevenlabs,test,original,0.9527365897787655,0.5685665621681771,1
seg_008417,sample_02904,Dance Harder - Three Chain Links,FAKE,1,Electronic,elevenlabs,test,original,0.996198851077386,0.5685665621681771,1
seg_008424,sample_02907,Different Day - First,FAKE,1,Pop,elevenlabs,test,original,0.980796745247387,0.5685665621681771,1
seg_008425,sample_02907,Different Day - First,FAKE,1,Pop,elevenlabs,test,original,0.9117387033008925,0.5685665621681771,1
seg_008426,sample_02907,Different Day - First,FAKE,1,Pop,elevenlabs,test,original,0.9698101196165747,0.5685665621681771,1
seg_008427,sample_02908,Different Day - First,FAKE,1,Pop,elevenlabs,test,original,0.8955183560019908,0.5685665621681771,1
seg_008428,sample_02908,Different Day - First,FAKE,1,Pop,elevenlabs,test,original,0.9387010530679436,0.5685665621681771,1
seg_008429,sample_02908,Different Day - First,FAKE,1,Pop,elevenlabs,test,original,0.8609797167945076,0.5685665621681771,1
seg_008496,sample_02931,Fuckaboing - RoccoW,FAKE,1,Electronic,elevenlabs,test,original,0.976783402251742,0.5685665621681771,1
seg_008497,sample_02931,Fuckaboing - RoccoW,FAKE,1,Electronic,elevenlabs,test,original,0.9843313557457047,0.5685665621681771,1
seg_008498,sample_02931,Fuckaboing - RoccoW,FAKE,1,Electronic,elevenlabs,test,original,0.9896136907538878,0.5685665621681771,1
seg_008499,sample_02932,Fuckaboing - RoccoW,FAKE,1,Electronic,elevenlabs,test,original,0.8132650195288311,0.5685665621681771,1
seg_008500,sample_02932,Fuckaboing - RoccoW,FAKE,1,Electronic,elevenlabs,test,original,0.874115630445589,0.5685665621681771,1
seg_008501,sample_02932,Fuckaboing - RoccoW,FAKE,1,Electronic,elevenlabs,test,original,0.26905280098087675,0.5685665621681771,0
seg_008520,sample_02939,"Head of Ancante, Talking Tree - Ak'chamel, The Giver of Illness",FAKE,1,Rock,elevenlabs,test,original,0.871252141381309,0.5685665621681771,1
seg_008521,sample_02939,"Head of Ancante, Talking Tree - Ak'chamel, The Giver of Illness",FAKE,1,Rock,elevenlabs,test,original,0.4008443924033309,0.5685665621681771,0
seg_008522,sample_02939,"Head of Ancante, Talking Tree - Ak'chamel, The Giver of Illness",FAKE,1,Rock,elevenlabs,test,original,0.6950144509360444,0.5685665621681771,1
seg_008523,sample_02940,"Head of Ancante, Talking Tree - Ak'chamel, The Giver of Illness",FAKE,1,Rock,elevenlabs,test,original,0.9789668132646246,0.5685665621681771,1
seg_008524,sample_02940,"Head of Ancante, Talking Tree - Ak'chamel, The Giver of Illness",FAKE,1,Rock,elevenlabs,test,original,0.2872959079099416,0.5685665621681771,0
seg_008525,sample_02940,"Head of Ancante, Talking Tree - Ak'chamel, The Giver of Illness",FAKE,1,Rock,elevenlabs,test,original,0.6858588317109556,0.5685665621681771,1
seg_008526,sample_02941,"Hungry - Oh Yeah, the Future",FAKE,1,Pop,elevenlabs,test,original,0.9970902350432139,0.5685665621681771,1
seg_008527,sample_02941,"Hungry - Oh Yeah, the Future",FAKE,1,Pop,elevenlabs,test,original,0.9148768937288893,0.5685665621681771,1
seg_008528,sample_02941,"Hungry - Oh Yeah, the Future",FAKE,1,Pop,elevenlabs,test,original,0.9947784505493196,0.5685665621681771,1
seg_008529,sample_02942,"Hungry - Oh Yeah, the Future",FAKE,1,Pop,elevenlabs,test,original,0.9671578802890054,0.5685665621681771,1
seg_008530,sample_02942,"Hungry - Oh Yeah, the Future",FAKE,1,Pop,elevenlabs,test,original,0.9103930518078743,0.5685665621681771,1
seg_008531,sample_02942,"Hungry - Oh Yeah, the Future",FAKE,1,Pop,elevenlabs,test,original,0.9987857208409259,0.5685665621681771,1
seg_008544,sample_02947,I - Inflammator,FAKE,1,Rock,elevenlabs,test,original,0.5098164548363213,0.5685665621681771,0
seg_008545,sample_02947,I - Inflammator,FAKE,1,Rock,elevenlabs,test,original,0.8144118473225375,0.5685665621681771,1
seg_008546,sample_02947,I - Inflammator,FAKE,1,Rock,elevenlabs,test,original,0.995502028264789,0.5685665621681771,1
seg_008547,sample_02948,I - Inflammator,FAKE,1,Rock,elevenlabs,test,original,0.18671870893001175,0.5685665621681771,0
seg_008548,sample_02948,I - Inflammator,FAKE,1,Rock,elevenlabs,test,original,0.6803651465721795,0.5685665621681771,1
seg_008549,sample_02948,I - Inflammator,FAKE,1,Rock,elevenlabs,test,original,0.9988903965959182,0.5685665621681771,1
seg_008616,sample_02971,LIQUID SKULLS - voyageurs,FAKE,1,Rock,elevenlabs,test,original,0.9992057984465791,0.5685665621681771,1
seg_008617,sample_02971,LIQUID SKULLS - voyageurs,FAKE,1,Rock,elevenlabs,test,original,0.9820543553419796,0.5685665621681771,1
seg_008618,sample_02971,LIQUID SKULLS - voyageurs,FAKE,1,Rock,elevenlabs,test,original,0.9793638831631007,0.5685665621681771,1
seg_008619,sample_02972,LIQUID SKULLS - voyageurs,FAKE,1,Rock,elevenlabs,test,original,0.9873203930333911,0.5685665621681771,1
seg_008620,sample_02972,LIQUID SKULLS - voyageurs,FAKE,1,Rock,elevenlabs,test,original,0.9864000902798181,0.5685665621681771,1
seg_008621,sample_02972,LIQUID SKULLS - voyageurs,FAKE,1,Rock,elevenlabs,test,original,0.9933756970578607,0.5685665621681771,1
seg_008634,sample_02977,Love Dream - The Zombie Dandies,FAKE,1,Rock,elevenlabs,test,original,0.8766943631534254,0.5685665621681771,1
seg_008635,sample_02977,Love Dream - The Zombie Dandies,FAKE,1,Rock,elevenlabs,test,original,0.7508420542015637,0.5685665621681771,1
seg_008636,sample_02977,Love Dream - The Zombie Dandies,FAKE,1,Rock,elevenlabs,test,original,0.8882776627160311,0.5685665621681771,1
seg_008637,sample_02978,Love Dream - The Zombie Dandies,FAKE,1,Rock,elevenlabs,test,original,0.6850729319924538,0.5685665621681771,1
seg_008638,sample_02978,Love Dream - The Zombie Dandies,FAKE,1,Rock,elevenlabs,test,original,0.936947162754325,0.5685665621681771,1
seg_008639,sample_02978,Love Dream - The Zombie Dandies,FAKE,1,Rock,elevenlabs,test,original,0.9944824236577083,0.5685665621681771,1
seg_008676,sample_02991,Motocross Mania - Monroeville Music Center,FAKE,1,Pop,elevenlabs,test,original,0.9848305821158382,0.5685665621681771,1
seg_008677,sample_02991,Motocross Mania - Monroeville Music Center,FAKE,1,Pop,elevenlabs,test,original,0.9687413014073347,0.5685665621681771,1
seg_008678,sample_02991,Motocross Mania - Monroeville Music Center,FAKE,1,Pop,elevenlabs,test,original,0.9919685482326929,0.5685665621681771,1
seg_008679,sample_02992,Motocross Mania - Monroeville Music Center,FAKE,1,Pop,elevenlabs,test,original,0.9998206782209048,0.5685665621681771,1
seg_008680,sample_02992,Motocross Mania - Monroeville Music Center,FAKE,1,Pop,elevenlabs,test,original,0.9923906788519901,0.5685665621681771,1
seg_008681,sample_02992,Motocross Mania - Monroeville Music Center,FAKE,1,Pop,elevenlabs,test,original,0.9975105885768254,0.5685665621681771,1
seg_008688,sample_02995,Music For an Underground Circu - Ergo Phizmiz,FAKE,1,Pop,elevenlabs,test,original,0.9153716925668944,0.5685665621681771,1
seg_008689,sample_02995,Music For an Underground Circu - Ergo Phizmiz,FAKE,1,Pop,elevenlabs,test,original,0.23590091401630314,0.5685665621681771,0
seg_008690,sample_02995,Music For an Underground Circu - Ergo Phizmiz,FAKE,1,Pop,elevenlabs,test,original,0.9964109137085521,0.5685665621681771,1
seg_008691,sample_02996,Music For an Underground Circu - Ergo Phizmiz,FAKE,1,Pop,elevenlabs,test,original,0.9873821521775938,0.5685665621681771,1
seg_008692,sample_02996,Music For an Underground Circu - Ergo Phizmiz,FAKE,1,Pop,elevenlabs,test,original,0.9770739837291156,0.5685665621681771,1
seg_008693,sample_02996,Music For an Underground Circu - Ergo Phizmiz,FAKE,1,Pop,elevenlabs,test,original,0.9999501443531225,0.5685665621681771,1
seg_008712,sample_03003,Night Owl - Broke For Free,FAKE,1,Electronic,elevenlabs,test,original,0.9911679107334391,0.5685665621681771,1
seg_008713,sample_03003,Night Owl - Broke For Free,FAKE,1,Electronic,elevenlabs,test,original,0.9732894540491492,0.5685665621681771,1
seg_008714,sample_03003,Night Owl - Broke For Free,FAKE,1,Electronic,elevenlabs,test,original,0.9999434985053841,0.5685665621681771,1
seg_008715,sample_03004,Night Owl - Broke For Free,FAKE,1,Electronic,elevenlabs,test,original,0.9972181088887774,0.5685665621681771,1
seg_008716,sample_03004,Night Owl - Broke For Free,FAKE,1,Electronic,elevenlabs,test,original,0.9711021610931572,0.5685665621681771,1
seg_008717,sample_03004,Night Owl - Broke For Free,FAKE,1,Electronic,elevenlabs,test,original,0.8956939946939784,0.5685665621681771,1
seg_008796,sample_03031,Pista Afuera - Epstein,FAKE,1,Electronic,elevenlabs,test,original,0.9969915988845267,0.5685665621681771,1
seg_008797,sample_03031,Pista Afuera - Epstein,FAKE,1,Electronic,elevenlabs,test,original,0.7608281236374393,0.5685665621681771,1
seg_008798,sample_03031,Pista Afuera - Epstein,FAKE,1,Electronic,elevenlabs,test,original,0.897198770486044,0.5685665621681771,1
seg_008799,sample_03032,Pista Afuera - Epstein,FAKE,1,Electronic,elevenlabs,test,original,0.9724761300138302,0.5685665621681771,1
seg_008800,sample_03032,Pista Afuera - Epstein,FAKE,1,Electronic,elevenlabs,test,original,0.7319017657671766,0.5685665621681771,1
seg_008801,sample_03032,Pista Afuera - Epstein,FAKE,1,Electronic,elevenlabs,test,original,0.9400616536883006,0.5685665621681771,1
seg_008808,sample_03035,Realize Me - Jim Rooster,FAKE,1,Electronic,elevenlabs,test,original,0.994969665128056,0.5685665621681771,1
seg_008809,sample_03035,Realize Me - Jim Rooster,FAKE,1,Electronic,elevenlabs,test,original,0.9782868472897219,0.5685665621681771,1
seg_008810,sample_03035,Realize Me - Jim Rooster,FAKE,1,Electronic,elevenlabs,test,original,0.9866841770830682,0.5685665621681771,1
seg_008811,sample_03036,Realize Me - Jim Rooster,FAKE,1,Electronic,elevenlabs,test,original,0.8130933372362291,0.5685665621681771,1
seg_008812,sample_03036,Realize Me - Jim Rooster,FAKE,1,Electronic,elevenlabs,test,original,0.9057369559600379,0.5685665621681771,1
seg_008813,sample_03036,Realize Me - Jim Rooster,FAKE,1,Electronic,elevenlabs,test,original,0.9956377710152232,0.5685665621681771,1
seg_008814,sample_03037,Resistentialism - Nihilore,FAKE,1,Electronic,elevenlabs,test,original,0.9918858193876154,0.5685665621681771,1
seg_008815,sample_03037,Resistentialism - Nihilore,FAKE,1,Electronic,elevenlabs,test,original,0.9007064838154117,0.5685665621681771,1
seg_008816,sample_03037,Resistentialism - Nihilore,FAKE,1,Electronic,elevenlabs,test,original,0.9994203435433882,0.5685665621681771,1
seg_008817,sample_03038,Resistentialism - Nihilore,FAKE,1,Electronic,elevenlabs,test,original,0.9281890372794823,0.5685665621681771,1
seg_008818,sample_03038,Resistentialism - Nihilore,FAKE,1,Electronic,elevenlabs,test,original,0.9675028973268494,0.5685665621681771,1
seg_008819,sample_03038,Resistentialism - Nihilore,FAKE,1,Electronic,elevenlabs,test,original,0.9832030092264618,0.5685665621681771,1
seg_008886,sample_03061,Sfogare Il Dissenso - Deiezione HC,FAKE,1,Rock,elevenlabs,test,original,0.9811687193168677,0.5685665621681771,1
seg_008887,sample_03061,Sfogare Il Dissenso - Deiezione HC,FAKE,1,Rock,elevenlabs,test,original,0.779802747751851,0.5685665621681771,1
seg_008888,sample_03061,Sfogare Il Dissenso - Deiezione HC,FAKE,1,Rock,elevenlabs,test,original,0.9687751472064987,0.5685665621681771,1
seg_008889,sample_03062,Sfogare Il Dissenso - Deiezione HC,FAKE,1,Rock,elevenlabs,test,original,0.9129623678355816,0.5685665621681771,1
seg_008890,sample_03062,Sfogare Il Dissenso - Deiezione HC,FAKE,1,Rock,elevenlabs,test,original,0.8970768088677773,0.5685665621681771,1
seg_008891,sample_03062,Sfogare Il Dissenso - Deiezione HC,FAKE,1,Rock,elevenlabs,test,original,0.523799030468199,0.5685665621681771,0
seg_008898,sample_03065,She Works / Tepid Waters - Bird Names,FAKE,1,Pop,elevenlabs,test,original,0.9991477520594503,0.5685665621681771,1
seg_008899,sample_03065,She Works / Tepid Waters - Bird Names,FAKE,1,Pop,elevenlabs,test,original,0.33066365641836604,0.5685665621681771,0
seg_008900,sample_03065,She Works / Tepid Waters - Bird Names,FAKE,1,Pop,elevenlabs,test,original,0.9945133901810688,0.5685665621681771,1
seg_008901,sample_03066,She Works / Tepid Waters - Bird Names,FAKE,1,Pop,elevenlabs,test,original,0.9526455386851845,0.5685665621681771,1
seg_008902,sample_03066,She Works / Tepid Waters - Bird Names,FAKE,1,Pop,elevenlabs,test,original,0.7098964150921709,0.5685665621681771,1
seg_008903,sample_03066,She Works / Tepid Waters - Bird Names,FAKE,1,Pop,elevenlabs,test,original,0.9996371518080168,0.5685665621681771,1
seg_008916,sample_03071,Something Dirty - Ergo Phizmiz,FAKE,1,Pop,elevenlabs,test,original,0.8677579719763187,0.5685665621681771,1
seg_008917,sample_03071,Something Dirty - Ergo Phizmiz,FAKE,1,Pop,elevenlabs,test,original,0.7701140625509275,0.5685665621681771,1
seg_008918,sample_03071,Something Dirty - Ergo Phizmiz,FAKE,1,Pop,elevenlabs,test,original,0.9962608780756628,0.5685665621681771,1
seg_008919,sample_03072,Something Dirty - Ergo Phizmiz,FAKE,1,Pop,elevenlabs,test,original,0.5599970710948766,0.5685665621681771,0
seg_008920,sample_03072,Something Dirty - Ergo Phizmiz,FAKE,1,Pop,elevenlabs,test,original,0.9367248750801374,0.5685665621681771,1
seg_008921,sample_03072,Something Dirty - Ergo Phizmiz,FAKE,1,Pop,elevenlabs,test,original,0.8889694405618986,0.5685665621681771,1
seg_008952,sample_03083,Stuttgart - Portrayal,FAKE,1,Rock,elevenlabs,test,original,0.23702262949162603,0.5685665621681771,0
seg_008953,sample_03083,Stuttgart - Portrayal,FAKE,1,Rock,elevenlabs,test,original,0.7830756490491668,0.5685665621681771,1
seg_008954,sample_03083,Stuttgart - Portrayal,FAKE,1,Rock,elevenlabs,test,original,0.9988092195012384,0.5685665621681771,1
seg_008955,sample_03084,Stuttgart - Portrayal,FAKE,1,Rock,elevenlabs,test,original,0.952863223877642,0.5685665621681771,1
seg_008956,sample_03084,Stuttgart - Portrayal,FAKE,1,Rock,elevenlabs,test,original,0.9772608856559366,0.5685665621681771,1
seg_008957,sample_03084,Stuttgart - Portrayal,FAKE,1,Rock,elevenlabs,test,original,0.8418983773200712,0.5685665621681771,1
seg_008970,sample_03089,Terve Teille - Чокнутый Пропеллер,FAKE,1,Rock,elevenlabs,test,original,0.25068054224545183,0.5685665621681771,0
seg_008971,sample_03089,Terve Teille - Чокнутый Пропеллер,FAKE,1,Rock,elevenlabs,test,original,0.8021812094057543,0.5685665621681771,1
seg_008972,sample_03089,Terve Teille - Чокнутый Пропеллер,FAKE,1,Rock,elevenlabs,test,original,0.9989249102195968,0.5685665621681771,1
seg_008973,sample_03090,Terve Teille - Чокнутый Пропеллер,FAKE,1,Rock,elevenlabs,test,original,0.539776315372453,0.5685665621681771,0
seg_008974,sample_03090,Terve Teille - Чокнутый Пропеллер,FAKE,1,Rock,elevenlabs,test,original,0.14632726508529242,0.5685665621681771,0
seg_008975,sample_03090,Terve Teille - Чокнутый Пропеллер,FAKE,1,Rock,elevenlabs,test,original,0.4885717805434144,0.5685665621681771,0
seg_009060,sample_03119,Troubles I've seen - Malaventura,FAKE,1,Pop,elevenlabs,test,original,0.9600128634313896,0.5685665621681771,1
seg_009061,sample_03119,Troubles I've seen - Malaventura,FAKE,1,Pop,elevenlabs,test,original,0.8411624324108327,0.5685665621681771,1
seg_009062,sample_03119,Troubles I've seen - Malaventura,FAKE,1,Pop,elevenlabs,test,original,0.9566862430247417,0.5685665621681771,1
seg_009063,sample_03120,Troubles I've seen - Malaventura,FAKE,1,Pop,elevenlabs,test,original,0.9192232591086389,0.5685665621681771,1
seg_009064,sample_03120,Troubles I've seen - Malaventura,FAKE,1,Pop,elevenlabs,test,original,0.7361438742447058,0.5685665621681771,1
seg_009065,sample_03120,Troubles I've seen - Malaventura,FAKE,1,Pop,elevenlabs,test,original,0.7655159371184725,0.5685665621681771,1
seg_009066,sample_03121,Ugh! Humans Can Join - Mystery Mammal,FAKE,1,Electronic,elevenlabs,test,original,0.5450458727021423,0.5685665621681771,0
seg_009067,sample_03121,Ugh! Humans Can Join - Mystery Mammal,FAKE,1,Electronic,elevenlabs,test,original,0.6838553582266086,0.5685665621681771,1
seg_009068,sample_03121,Ugh! Humans Can Join - Mystery Mammal,FAKE,1,Electronic,elevenlabs,test,original,0.9999942832587928,0.5685665621681771,1
seg_009069,sample_03122,Ugh! Humans Can Join - Mystery Mammal,FAKE,1,Electronic,elevenlabs,test,original,0.8905071207838144,0.5685665621681771,1
seg_009070,sample_03122,Ugh! Humans Can Join - Mystery Mammal,FAKE,1,Electronic,elevenlabs,test,original,0.903551034415427,0.5685665621681771,1
seg_009071,sample_03122,Ugh! Humans Can Join - Mystery Mammal,FAKE,1,Electronic,elevenlabs,test,original,0.8513056250575639,0.5685665621681771,1
seg_009102,sample_03133,Where Is Everything - The Moi Non Plus,FAKE,1,Rock,elevenlabs,test,original,0.7405132966429455,0.5685665621681771,1
seg_009103,sample_03133,Where Is Everything - The Moi Non Plus,FAKE,1,Rock,elevenlabs,test,original,0.39017610708854905,0.5685665621681771,0
seg_009104,sample_03133,Where Is Everything - The Moi Non Plus,FAKE,1,Rock,elevenlabs,test,original,0.8224936040896823,0.5685665621681771,1
seg_009105,sample_03134,Where Is Everything - The Moi Non Plus,FAKE,1,Rock,elevenlabs,test,original,0.9673822520006921,0.5685665621681771,1
seg_009106,sample_03134,Where Is Everything - The Moi Non Plus,FAKE,1,Rock,elevenlabs,test,original,0.42772002943033277,0.5685665621681771,0
seg_009107,sample_03134,Where Is Everything - The Moi Non Plus,FAKE,1,Rock,elevenlabs,test,original,0.9915737076837707,0.5685665621681771,1
seg_009108,sample_03135,Who Loves You Dear - Mink Lungs,FAKE,1,Rock,elevenlabs,test,original,0.07054418715109592,0.5685665621681771,0
seg_009109,sample_03135,Who Loves You Dear - Mink Lungs,FAKE,1,Rock,elevenlabs,test,original,0.7762961024994145,0.5685665621681771,1
seg_009110,sample_03135,Who Loves You Dear - Mink Lungs,FAKE,1,Rock,elevenlabs,test,original,0.9882778417042853,0.5685665621681771,1
seg_009111,sample_03136,Who Loves You Dear - Mink Lungs,FAKE,1,Rock,elevenlabs,test,original,0.4638602232547973,0.5685665621681771,0
seg_009112,sample_03136,Who Loves You Dear - Mink Lungs,FAKE,1,Rock,elevenlabs,test,original,0.10540923886054336,0.5685665621681771,0
seg_009113,sample_03136,Who Loves You Dear - Mink Lungs,FAKE,1,Rock,elevenlabs,test,original,0.8973173402956085,0.5685665621681771,1
seg_009204,sample_03167,2Much (Andy Spinelli & Alex Sánchez House Edit) - Tentacles,FAKE,1,Electronic,musicgen,test,original,0.996539695032999,0.5685665621681771,1
seg_009205,sample_03167,2Much (Andy Spinelli & Alex Sánchez House Edit) - Tentacles,FAKE,1,Electronic,musicgen,test,original,0.9793610571602185,0.5685665621681771,1
seg_009206,sample_03167,2Much (Andy Spinelli & Alex Sánchez House Edit) - Tentacles,FAKE,1,Electronic,musicgen,test,original,0.9726516103719789,0.5685665621681771,1
seg_009210,sample_03169,3 am West End - statusq,FAKE,1,Electronic,musicgen,test,original,0.9278581707109452,0.5685665621681771,1
seg_009211,sample_03169,3 am West End - statusq,FAKE,1,Electronic,musicgen,test,original,0.9964068475854885,0.5685665621681771,1
seg_009212,sample_03169,3 am West End - statusq,FAKE,1,Electronic,musicgen,test,original,0.9997812841969973,0.5685665621681771,1
seg_009216,sample_03171,5 (Lexington) - Isle of Pine,FAKE,1,Rock,musicgen,test,original,0.9884548645480578,0.5685665621681771,1
seg_009217,sample_03171,5 (Lexington) - Isle of Pine,FAKE,1,Rock,musicgen,test,original,0.9028043616410015,0.5685665621681771,1
seg_009218,sample_03171,5 (Lexington) - Isle of Pine,FAKE,1,Rock,musicgen,test,original,0.9829130041603051,0.5685665621681771,1
seg_009252,sample_03183,Attention - Pete Prodoehl,FAKE,1,Rock,musicgen,test,original,0.9393117262484655,0.5685665621681771,1
seg_009253,sample_03183,Attention - Pete Prodoehl,FAKE,1,Rock,musicgen,test,original,0.9799674417082198,0.5685665621681771,1
seg_009254,sample_03183,Attention - Pete Prodoehl,FAKE,1,Rock,musicgen,test,original,0.47234169585385044,0.5685665621681771,0
seg_009282,sample_03193,Bizzy - The Tleilaxu Music Machine,FAKE,1,Electronic,musicgen,test,original,0.9725419023857212,0.5685665621681771,1
seg_009283,sample_03193,Bizzy - The Tleilaxu Music Machine,FAKE,1,Electronic,musicgen,test,original,0.9787163965667607,0.5685665621681771,1
seg_009284,sample_03193,Bizzy - The Tleilaxu Music Machine,FAKE,1,Electronic,musicgen,test,original,0.992500580362178,0.5685665621681771,1
seg_009330,sample_03209,Dance Harder - Three Chain Links,FAKE,1,Electronic,musicgen,test,original,0.9999769394293969,0.5685665621681771,1
seg_009331,sample_03209,Dance Harder - Three Chain Links,FAKE,1,Electronic,musicgen,test,original,0.9992465324817371,0.5685665621681771,1
seg_009332,sample_03209,Dance Harder - Three Chain Links,FAKE,1,Electronic,musicgen,test,original,0.9825674754644659,0.5685665621681771,1
seg_009345,sample_03214,Different Day - First,FAKE,1,Pop,musicgen,test,original,0.8681471000610221,0.5685665621681771,1
seg_009346,sample_03214,Different Day - First,FAKE,1,Pop,musicgen,test,original,0.9829129554984799,0.5685665621681771,1
seg_009347,sample_03214,Different Day - First,FAKE,1,Pop,musicgen,test,original,0.9976846438991587,0.5685665621681771,1
seg_009369,sample_03222,El Burrito - Malaventura,FAKE,1,Pop,musicgen,test,original,0.999940318447546,0.5685665621681771,1
seg_009370,sample_03222,El Burrito - Malaventura,FAKE,1,Pop,musicgen,test,original,0.9964582111794851,0.5685665621681771,1
seg_009371,sample_03222,El Burrito - Malaventura,FAKE,1,Pop,musicgen,test,original,0.9992773260463145,0.5685665621681771,1
seg_009384,sample_03227,End titles - Itsensäsyöjät,FAKE,1,Electronic,musicgen,test,original,0.9950717230594404,0.5685665621681771,1
seg_009385,sample_03227,End titles - Itsensäsyöjät,FAKE,1,Electronic,musicgen,test,original,0.9987052749280774,0.5685665621681771,1
seg_009386,sample_03227,End titles - Itsensäsyöjät,FAKE,1,Electronic,musicgen,test,original,0.9987488386247436,0.5685665621681771,1
seg_009435,sample_03244,Fuckaboing - RoccoW,FAKE,1,Electronic,musicgen,test,original,0.9670831971043405,0.5685665621681771,1
seg_009436,sample_03244,Fuckaboing - RoccoW,FAKE,1,Electronic,musicgen,test,original,0.6348515510296537,0.5685665621681771,1
seg_009437,sample_03244,Fuckaboing - RoccoW,FAKE,1,Electronic,musicgen,test,original,0.849390118033964,0.5685665621681771,1
seg_009462,sample_03253,"Head of Ancante, Talking Tree - Ak'chamel, The Giver of Illness",FAKE,1,Rock,musicgen,test,original,0.9859158396948707,0.5685665621681771,1
seg_009463,sample_03253,"Head of Ancante, Talking Tree - Ak'chamel, The Giver of Illness",FAKE,1,Rock,musicgen,test,original,0.7696393277154666,0.5685665621681771,1
seg_009464,sample_03253,"Head of Ancante, Talking Tree - Ak'chamel, The Giver of Illness",FAKE,1,Rock,musicgen,test,original,0.99891359058841,0.5685665621681771,1
seg_009468,sample_03255,"Hungry - Oh Yeah, the Future",FAKE,1,Pop,musicgen,test,original,0.9981831117670691,0.5685665621681771,1
seg_009469,sample_03255,"Hungry - Oh Yeah, the Future",FAKE,1,Pop,musicgen,test,original,0.9972445492805231,0.5685665621681771,1
seg_009470,sample_03255,"Hungry - Oh Yeah, the Future",FAKE,1,Pop,musicgen,test,original,0.9944924685241275,0.5685665621681771,1
seg_009504,sample_03267,I - Inflammator,FAKE,1,Rock,musicgen,test,original,0.9999859587839242,0.5685665621681771,1
seg_009505,sample_03267,I - Inflammator,FAKE,1,Rock,musicgen,test,original,0.9994851061882046,0.5685665621681771,1
seg_009506,sample_03267,I - Inflammator,FAKE,1,Rock,musicgen,test,original,0.9993400426500252,0.5685665621681771,1
seg_009564,sample_03287,Leaving Here - Mod Fun,FAKE,1,Rock,musicgen,test,original,0.8782910772892105,0.5685665621681771,1
seg_009565,sample_03287,Leaving Here - Mod Fun,FAKE,1,Rock,musicgen,test,original,0.9961673559427663,0.5685665621681771,1
seg_009566,sample_03287,Leaving Here - Mod Fun,FAKE,1,Rock,musicgen,test,original,0.9729316003994314,0.5685665621681771,1
seg_009567,sample_03288,Let's Start Out Slow - RoccoW,FAKE,1,Electronic,musicgen,test,original,0.9778319434193038,0.5685665621681771,1
seg_009568,sample_03288,Let's Start Out Slow - RoccoW,FAKE,1,Electronic,musicgen,test,original,0.9574391756717905,0.5685665621681771,1
seg_009569,sample_03288,Let's Start Out Slow - RoccoW,FAKE,1,Electronic,musicgen,test,original,0.9852236683775629,0.5685665621681771,1
seg_009573,sample_03290,Let You're Body Move - D SMILEZ,FAKE,1,Electronic,musicgen,test,original,0.9981341839943988,0.5685665621681771,1
seg_009574,sample_03290,Let You're Body Move - D SMILEZ,FAKE,1,Electronic,musicgen,test,original,0.9959670282401971,0.5685665621681771,1
seg_009575,sample_03290,Let You're Body Move - D SMILEZ,FAKE,1,Electronic,musicgen,test,original,0.9995815736613193,0.5685665621681771,1
seg_009588,sample_03295,LIQUID SKULLS - voyageurs,FAKE,1,Rock,musicgen,test,original,0.9957988962979979,0.5685665621681771,1
seg_009589,sample_03295,LIQUID SKULLS - voyageurs,FAKE,1,Rock,musicgen,test,original,0.9957774418602374,0.5685665621681771,1
seg_009590,sample_03295,LIQUID SKULLS - voyageurs,FAKE,1,Rock,musicgen,test,original,0.9896835268749332,0.5685665621681771,1
seg_009606,sample_03301,Love Dream - The Zombie Dandies,FAKE,1,Rock,musicgen,test,original,0.7007830556926409,0.5685665621681771,1
seg_009607,sample_03301,Love Dream - The Zombie Dandies,FAKE,1,Rock,musicgen,test,original,0.44838062690758357,0.5685665621681771,0
seg_009608,sample_03301,Love Dream - The Zombie Dandies,FAKE,1,Rock,musicgen,test,original,0.8991741067573916,0.5685665621681771,1
seg_009609,sample_03302,L'arbre - Salmo,FAKE,1,Rock,musicgen,test,original,0.9676371263676815,0.5685665621681771,1
seg_009610,sample_03302,L'arbre - Salmo,FAKE,1,Rock,musicgen,test,original,0.9329228060501771,0.5685665621681771,1
seg_009611,sample_03302,L'arbre - Salmo,FAKE,1,Rock,musicgen,test,original,0.9550952815454383,0.5685665621681771,1
seg_009627,sample_03308,Moja Krypta - AmortE,FAKE,1,Rock,musicgen,test,original,0.3678266509648344,0.5685665621681771,0
seg_009628,sample_03308,Moja Krypta - AmortE,FAKE,1,Rock,musicgen,test,original,0.9976024193112478,0.5685665621681771,1
seg_009629,sample_03308,Moja Krypta - AmortE,FAKE,1,Rock,musicgen,test,original,0.8390335842392164,0.5685665621681771,1
seg_009642,sample_03313,Motocross Mania - Monroeville Music Center,FAKE,1,Pop,musicgen,test,original,0.9998286596395826,0.5685665621681771,1
seg_009643,sample_03313,Motocross Mania - Monroeville Music Center,FAKE,1,Pop,musicgen,test,original,0.9979623213037849,0.5685665621681771,1
seg_009644,sample_03313,Motocross Mania - Monroeville Music Center,FAKE,1,Pop,musicgen,test,original,0.9594393890650501,0.5685665621681771,1
seg_009648,sample_03315,Music For an Underground Circu - Ergo Phizmiz,FAKE,1,Pop,musicgen,test,original,0.9999551968622122,0.5685665621681771,1
seg_009649,sample_03315,Music For an Underground Circu - Ergo Phizmiz,FAKE,1,Pop,musicgen,test,original,0.6536596631902664,0.5685665621681771,1
seg_009650,sample_03315,Music For an Underground Circu - Ergo Phizmiz,FAKE,1,Pop,musicgen,test,original,0.9982320628167282,0.5685665621681771,1
seg_009675,sample_03324,Night Owl - Broke For Free,FAKE,1,Electronic,musicgen,test,original,0.9817506732466714,0.5685665621681771,1
seg_009676,sample_03324,Night Owl - Broke For Free,FAKE,1,Electronic,musicgen,test,original,0.9846254063812497,0.5685665621681771,1
seg_009677,sample_03324,Night Owl - Broke For Free,FAKE,1,Electronic,musicgen,test,original,0.9864033802379261,0.5685665621681771,1
seg_009729,sample_03342,Pista Afuera - Epstein,FAKE,1,Electronic,musicgen,test,original,0.9999248227204064,0.5685665621681771,1
seg_009730,sample_03342,Pista Afuera - Epstein,FAKE,1,Electronic,musicgen,test,original,0.9859777371003192,0.5685665621681771,1
seg_009731,sample_03342,Pista Afuera - Epstein,FAKE,1,Electronic,musicgen,test,original,0.9245902493537442,0.5685665621681771,1
seg_009738,sample_03345,Production - Bird Names,FAKE,1,Pop,musicgen,test,original,0.992544320241028,0.5685665621681771,1
seg_009739,sample_03345,Production - Bird Names,FAKE,1,Pop,musicgen,test,original,0.9991918443198397,0.5685665621681771,1
seg_009740,sample_03345,Production - Bird Names,FAKE,1,Pop,musicgen,test,original,0.9814734409756353,0.5685665621681771,1
seg_009744,sample_03347,Puertas de Fuego - Guerra de Cerdos,FAKE,1,Rock,musicgen,test,original,0.9998753434509853,0.5685665621681771,1
seg_009745,sample_03347,Puertas de Fuego - Guerra de Cerdos,FAKE,1,Rock,musicgen,test,original,0.9943781468605735,0.5685665621681771,1
seg_009746,sample_03347,Puertas de Fuego - Guerra de Cerdos,FAKE,1,Rock,musicgen,test,original,0.9906536443951481,0.5685665621681771,1
seg_009753,sample_03350,Realize Me - Jim Rooster,FAKE,1,Electronic,musicgen,test,original,0.9964138150108539,0.5685665621681771,1
seg_009754,sample_03350,Realize Me - Jim Rooster,FAKE,1,Electronic,musicgen,test,original,0.9897169965497074,0.5685665621681771,1
seg_009755,sample_03350,Realize Me - Jim Rooster,FAKE,1,Electronic,musicgen,test,original,0.9941128924413838,0.5685665621681771,1
seg_009759,sample_03352,Resistentialism - Nihilore,FAKE,1,Electronic,musicgen,test,original,0.9999151394918896,0.5685665621681771,1
seg_009760,sample_03352,Resistentialism - Nihilore,FAKE,1,Electronic,musicgen,test,original,0.8350328872835231,0.5685665621681771,1
seg_009761,sample_03352,Resistentialism - Nihilore,FAKE,1,Electronic,musicgen,test,original,0.9948793194510299,0.5685665621681771,1
seg_009804,sample_03367,Set Fire to Creation - Nihilore,FAKE,1,Electronic,musicgen,test,original,0.9820230029985233,0.5685665621681771,1
seg_009805,sample_03367,Set Fire to Creation - Nihilore,FAKE,1,Electronic,musicgen,test,original,0.9682718574076732,0.5685665621681771,1
seg_009806,sample_03367,Set Fire to Creation - Nihilore,FAKE,1,Electronic,musicgen,test,original,0.9963515395516073,0.5685665621681771,1
seg_009807,sample_03368,Sfogare Il Dissenso - Deiezione HC,FAKE,1,Rock,musicgen,test,original,0.9998246247768807,0.5685665621681771,1
seg_009808,sample_03368,Sfogare Il Dissenso - Deiezione HC,FAKE,1,Rock,musicgen,test,original,0.9995826184527843,0.5685665621681771,1
seg_009809,sample_03368,Sfogare Il Dissenso - Deiezione HC,FAKE,1,Rock,musicgen,test,original,0.9994618425813757,0.5685665621681771,1
seg_009816,sample_03371,She Works / Tepid Waters - Bird Names,FAKE,1,Pop,musicgen,test,original,0.9874423217034883,0.5685665621681771,1
seg_009817,sample_03371,She Works / Tepid Waters - Bird Names,FAKE,1,Pop,musicgen,test,original,0.8972475417821606,0.5685665621681771,1
seg_009818,sample_03371,She Works / Tepid Waters - Bird Names,FAKE,1,Pop,musicgen,test,original,0.9220221987144404,0.5685665621681771,1
seg_009840,sample_03379,Something Dirty - Ergo Phizmiz,FAKE,1,Pop,musicgen,test,original,0.9676360598104544,0.5685665621681771,1
seg_009841,sample_03379,Something Dirty - Ergo Phizmiz,FAKE,1,Pop,musicgen,test,original,0.9988039782517559,0.5685665621681771,1
seg_009842,sample_03379,Something Dirty - Ergo Phizmiz,FAKE,1,Pop,musicgen,test,original,0.9974581859979929,0.5685665621681771,1
seg_009846,sample_03381,Sonzis FM - Pipe Choir,FAKE,1,Rock,musicgen,test,original,0.9239456730412245,0.5685665621681771,1
seg_009847,sample_03381,Sonzis FM - Pipe Choir,FAKE,1,Rock,musicgen,test,original,0.858839832798025,0.5685665621681771,1
seg_009848,sample_03381,Sonzis FM - Pipe Choir,FAKE,1,Rock,musicgen,test,original,0.9998785637886654,0.5685665621681771,1
seg_009873,sample_03390,Stuttgart - Portrayal,FAKE,1,Rock,musicgen,test,original,0.9854034716274112,0.5685665621681771,1
seg_009874,sample_03390,Stuttgart - Portrayal,FAKE,1,Rock,musicgen,test,original,0.9485006403586822,0.5685665621681771,1
seg_009875,sample_03390,Stuttgart - Portrayal,FAKE,1,Rock,musicgen,test,original,0.9928168775278103,0.5685665621681771,1
seg_009876,sample_03391,Support Me in This Moment That I'm About To Lose Heart - Nihilore,FAKE,1,Electronic,musicgen,test,original,0.9998874868688321,0.5685665621681771,1
seg_009877,sample_03391,Support Me in This Moment That I'm About To Lose Heart - Nihilore,FAKE,1,Electronic,musicgen,test,original,0.9781013443603142,0.5685665621681771,1
seg_009878,sample_03391,Support Me in This Moment That I'm About To Lose Heart - Nihilore,FAKE,1,Electronic,musicgen,test,original,0.995286571499519,0.5685665621681771,1
seg_009891,sample_03396,Terve Teille - Чокнутый Пропеллер,FAKE,1,Rock,musicgen,test,original,0.9803022951130849,0.5685665621681771,1
seg_009892,sample_03396,Terve Teille - Чокнутый Пропеллер,FAKE,1,Rock,musicgen,test,original,0.995288086293129,0.5685665621681771,1
seg_009893,sample_03396,Terve Teille - Чокнутый Пропеллер,FAKE,1,Rock,musicgen,test,original,0.9835149543477224,0.5685665621681771,1
seg_009894,sample_03397,The Adventures Of Roderick Random - Maps And Diagrams,FAKE,1,Electronic,musicgen,test,original,0.9841286286056763,0.5685665621681771,1
seg_009895,sample_03397,The Adventures Of Roderick Random - Maps And Diagrams,FAKE,1,Electronic,musicgen,test,original,0.9986211978789951,0.5685665621681771,1
seg_009896,sample_03397,The Adventures Of Roderick Random - Maps And Diagrams,FAKE,1,Electronic,musicgen,test,original,0.9973121885114669,0.5685665621681771,1
seg_009936,sample_03411,"The Pursuit of Unintentional Humor - Oh Yeah, the Future",FAKE,1,Pop,musicgen,test,original,0.48756918947728833,0.5685665621681771,0
seg_009937,sample_03411,"The Pursuit of Unintentional Humor - Oh Yeah, the Future",FAKE,1,Pop,musicgen,test,original,0.9997562865745299,0.5685665621681771,1
seg_009938,sample_03411,"The Pursuit of Unintentional Humor - Oh Yeah, the Future",FAKE,1,Pop,musicgen,test,original,0.9855532329381403,0.5685665621681771,1
seg_009951,sample_03416,The Secret Garden - Barbarix,FAKE,1,Electronic,musicgen,test,original,0.9992191658421765,0.5685665621681771,1
seg_009952,sample_03416,The Secret Garden - Barbarix,FAKE,1,Electronic,musicgen,test,original,0.8965879566920871,0.5685665621681771,1
seg_009953,sample_03416,The Secret Garden - Barbarix,FAKE,1,Electronic,musicgen,test,original,0.9732719344950498,0.5685665621681771,1
seg_009978,sample_03425,Troubles I've seen - Malaventura,FAKE,1,Pop,musicgen,test,original,0.9993099531971671,0.5685665621681771,1
seg_009979,sample_03425,Troubles I've seen - Malaventura,FAKE,1,Pop,musicgen,test,original,0.9959747163871111,0.5685665621681771,1
seg_009980,sample_03425,Troubles I've seen - Malaventura,FAKE,1,Pop,musicgen,test,original,0.9665885410083287,0.5685665621681771,1
seg_009984,sample_03427,Ugh! Humans Can Join - Mystery Mammal,FAKE,1,Electronic,musicgen,test,original,0.9990069814280044,0.5685665621681771,1
seg_009985,sample_03427,Ugh! Humans Can Join - Mystery Mammal,FAKE,1,Electronic,musicgen,test,original,0.960008914391963,0.5685665621681771,1
seg_009986,sample_03427,Ugh! Humans Can Join - Mystery Mammal,FAKE,1,Electronic,musicgen,test,original,0.928293578193013,0.5685665621681771,1
seg_009996,sample_03431,Untitled - Fatal Injection,FAKE,1,Rock,musicgen,test,original,0.9870268424176215,0.5685665621681771,1
seg_009997,sample_03431,Untitled - Fatal Injection,FAKE,1,Rock,musicgen,test,original,0.9868380975034974,0.5685665621681771,1
seg_009998,sample_03431,Untitled - Fatal Injection,FAKE,1,Rock,musicgen,test,original,0.998140398308102,0.5685665621681771,1
seg_010032,sample_03443,Where Is Everything - The Moi Non Plus,FAKE,1,Rock,musicgen,test,original,0.9885549065447673,0.5685665621681771,1
seg_010033,sample_03443,Where Is Everything - The Moi Non Plus,FAKE,1,Rock,musicgen,test,original,0.9584648946848832,0.5685665621681771,1
seg_010034,sample_03443,Where Is Everything - The Moi Non Plus,FAKE,1,Rock,musicgen,test,original,0.9776325439232009,0.5685665621681771,1
seg_010035,sample_03444,Who Loves You Dear - Mink Lungs,FAKE,1,Rock,musicgen,test,original,0.9999931771389546,0.5685665621681771,1
seg_010036,sample_03444,Who Loves You Dear - Mink Lungs,FAKE,1,Rock,musicgen,test,original,0.8567177592278721,0.5685665621681771,1
seg_010037,sample_03444,Who Loves You Dear - Mink Lungs,FAKE,1,Rock,musicgen,test,original,0.9843071248243129,0.5685665621681771,1
seg_010056,sample_03451,Yurtology - Michett,FAKE,1,Electronic,musicgen,test,original,0.9997962012904053,0.5685665621681771,1
seg_010057,sample_03451,Yurtology - Michett,FAKE,1,Electronic,musicgen,test,original,0.8450327806995012,0.5685665621681771,1
seg_010058,sample_03451,Yurtology - Michett,FAKE,1,Electronic,musicgen,test,original,0.9994878770688826,0.5685665621681771,1
seg_000009,sample_00003,2Much (Andy Spinelli & Alex Sánchez House Edit) - Tentacles,REAL,0,Electronic,,test,mp3_128,0.44191491696384977,0.5685665621681771,0
seg_000010,sample_00003,2Much (Andy Spinelli & Alex Sánchez House Edit) - Tentacles,REAL,0,Electronic,,test,mp3_128,0.779696756468563,0.5685665621681771,1
seg_000011,sample_00003,2Much (Andy Spinelli & Alex Sánchez House Edit) - Tentacles,REAL,0,Electronic,,test,mp3_128,0.8952073031322924,0.5685665621681771,1
seg_000012,sample_00004,3 am West End - statusq,REAL,0,Electronic,,test,mp3_128,0.2868007077796958,0.5685665621681771,0
seg_000013,sample_00004,3 am West End - statusq,REAL,0,Electronic,,test,mp3_128,0.4246714553087771,0.5685665621681771,0
seg_000014,sample_00004,3 am West End - statusq,REAL,0,Electronic,,test,mp3_128,0.6107732390875827,0.5685665621681771,1
seg_000015,sample_00005,5 (Lexington) - Isle of Pine,REAL,0,Rock,,test,mp3_128,0.41518007021248293,0.5685665621681771,0
seg_000016,sample_00005,5 (Lexington) - Isle of Pine,REAL,0,Rock,,test,mp3_128,0.38295383114057163,0.5685665621681771,0
seg_000017,sample_00005,5 (Lexington) - Isle of Pine,REAL,0,Rock,,test,mp3_128,0.5247725352024661,0.5685665621681771,0
seg_000063,sample_00021,Attention - Pete Prodoehl,REAL,0,Rock,,test,mp3_128,0.11701746314411494,0.5685665621681771,0
seg_000064,sample_00021,Attention - Pete Prodoehl,REAL,0,Rock,,test,mp3_128,0.12472134880844661,0.5685665621681771,0
seg_000065,sample_00021,Attention - Pete Prodoehl,REAL,0,Rock,,test,mp3_128,0.5075693049626558,0.5685665621681771,0
seg_000084,sample_00028,Bizzy - The Tleilaxu Music Machine,REAL,0,Electronic,,test,mp3_128,0.09932155477698659,0.5685665621681771,0
seg_000085,sample_00028,Bizzy - The Tleilaxu Music Machine,REAL,0,Electronic,,test,mp3_128,0.16083012769832128,0.5685665621681771,0
seg_000086,sample_00028,Bizzy - The Tleilaxu Music Machine,REAL,0,Electronic,,test,mp3_128,0.04719837806726534,0.5685665621681771,0
seg_000135,sample_00045,Dance Harder - Three Chain Links,REAL,0,Electronic,,test,mp3_128,0.09726431004122836,0.5685665621681771,0
seg_000136,sample_00045,Dance Harder - Three Chain Links,REAL,0,Electronic,,test,mp3_128,0.5890996203302893,0.5685665621681771,1
seg_000137,sample_00045,Dance Harder - Three Chain Links,REAL,0,Electronic,,test,mp3_128,0.6478319600763764,0.5685665621681771,1
seg_000147,sample_00049,Different Day - First,REAL,0,Pop,,test,mp3_128,0.9622624181491543,0.5685665621681771,1
seg_000148,sample_00049,Different Day - First,REAL,0,Pop,,test,mp3_128,0.928849929897804,0.5685665621681771,1
seg_000149,sample_00049,Different Day - First,REAL,0,Pop,,test,mp3_128,0.912201457151761,0.5685665621681771,1
seg_000168,sample_00056,El Burrito - Malaventura,REAL,0,Pop,,test,mp3_128,0.10737488485268266,0.5685665621681771,0
seg_000169,sample_00056,El Burrito - Malaventura,REAL,0,Pop,,test,mp3_128,0.10504254357698439,0.5685665621681771,0
seg_000170,sample_00056,El Burrito - Malaventura,REAL,0,Pop,,test,mp3_128,0.08917755156510977,0.5685665621681771,0
seg_000183,sample_00061,End titles - Itsensäsyöjät,REAL,0,Electronic,,test,mp3_128,0.016854030806526487,0.5685665621681771,0
seg_000184,sample_00061,End titles - Itsensäsyöjät,REAL,0,Electronic,,test,mp3_128,0.034937283850904825,0.5685665621681771,0
seg_000185,sample_00061,End titles - Itsensäsyöjät,REAL,0,Electronic,,test,mp3_128,0.023786517847720755,0.5685665621681771,0
seg_000237,sample_00079,Fuckaboing - RoccoW,REAL,0,Electronic,,test,mp3_128,0.10402579174360319,0.5685665621681771,0
seg_000238,sample_00079,Fuckaboing - RoccoW,REAL,0,Electronic,,test,mp3_128,0.006358529164041699,0.5685665621681771,0
seg_000239,sample_00079,Fuckaboing - RoccoW,REAL,0,Electronic,,test,mp3_128,0.017202007270975646,0.5685665621681771,0
seg_000261,sample_00087,"Head of Ancante, Talking Tree - Ak'chamel, The Giver of Illness",REAL,0,Rock,,test,mp3_128,0.006830849210299277,0.5685665621681771,0
seg_000262,sample_00087,"Head of Ancante, Talking Tree - Ak'chamel, The Giver of Illness",REAL,0,Rock,,test,mp3_128,0.008968897452331504,0.5685665621681771,0
seg_000263,sample_00087,"Head of Ancante, Talking Tree - Ak'chamel, The Giver of Illness",REAL,0,Rock,,test,mp3_128,0.016508175353263765,0.5685665621681771,0
seg_000267,sample_00089,"Hungry - Oh Yeah, the Future",REAL,0,Pop,,test,mp3_128,0.061525456650886594,0.5685665621681771,0
seg_000268,sample_00089,"Hungry - Oh Yeah, the Future",REAL,0,Pop,,test,mp3_128,0.260809303005579,0.5685665621681771,0
seg_000269,sample_00089,"Hungry - Oh Yeah, the Future",REAL,0,Pop,,test,mp3_128,0.010551351213635197,0.5685665621681771,0
seg_000270,sample_00090,I - Inflammator,REAL,0,Rock,,test,mp3_128,0.050343939392733635,0.5685665621681771,0
seg_000271,sample_00090,I - Inflammator,REAL,0,Rock,,test,mp3_128,0.0930569660315268,0.5685665621681771,0
seg_000272,sample_00090,I - Inflammator,REAL,0,Rock,,test,mp3_128,0.20221538150291052,0.5685665621681771,0
seg_000345,sample_00115,L'arbre - Salmo,REAL,0,Rock,,test,mp3_128,0.3854726138540872,0.5685665621681771,0
seg_000346,sample_00115,L'arbre - Salmo,REAL,0,Rock,,test,mp3_128,0.033105824392164904,0.5685665621681771,0
seg_000347,sample_00115,L'arbre - Salmo,REAL,0,Rock,,test,mp3_128,0.016706719581834242,0.5685665621681771,0
seg_000348,sample_00116,LIQUID SKULLS - voyageurs,REAL,0,Rock,,test,mp3_128,0.017798792539635726,0.5685665621681771,0
seg_000349,sample_00116,LIQUID SKULLS - voyageurs,REAL,0,Rock,,test,mp3_128,0.03439486085841332,0.5685665621681771,0
seg_000350,sample_00116,LIQUID SKULLS - voyageurs,REAL,0,Rock,,test,mp3_128,0.020741457054178583,0.5685665621681771,0
seg_000363,sample_00121,Leaving Here - Mod Fun,REAL,0,Rock,,test,mp3_128,0.013677691042738228,0.5685665621681771,0
seg_000364,sample_00121,Leaving Here - Mod Fun,REAL,0,Rock,,test,mp3_128,0.007469733043413933,0.5685665621681771,0
seg_000365,sample_00121,Leaving Here - Mod Fun,REAL,0,Rock,,test,mp3_128,0.09365160175836972,0.5685665621681771,0
seg_000366,sample_00122,Let You're Body Move - D SMILEZ,REAL,0,Electronic,,test,mp3_128,0.17701800780350613,0.5685665621681771,0
seg_000367,sample_00122,Let You're Body Move - D SMILEZ,REAL,0,Electronic,,test,mp3_128,0.0406630210938356,0.5685665621681771,0
seg_000368,sample_00122,Let You're Body Move - D SMILEZ,REAL,0,Electronic,,test,mp3_128,0.06733401962242148,0.5685665621681771,0
seg_000369,sample_00123,Let's Start Out Slow - RoccoW,REAL,0,Electronic,,test,mp3_128,0.5076215226182574,0.5685665621681771,0
seg_000370,sample_00123,Let's Start Out Slow - RoccoW,REAL,0,Electronic,,test,mp3_128,0.37637981769815776,0.5685665621681771,0
seg_000371,sample_00123,Let's Start Out Slow - RoccoW,REAL,0,Electronic,,test,mp3_128,0.5701849007958687,0.5685665621681771,1
seg_000396,sample_00132,Love Dream - The Zombie Dandies,REAL,0,Rock,,test,mp3_128,0.009816261705874433,0.5685665621681771,0
seg_000397,sample_00132,Love Dream - The Zombie Dandies,REAL,0,Rock,,test,mp3_128,0.005871578092273715,0.5685665621681771,0
seg_000398,sample_00132,Love Dream - The Zombie Dandies,REAL,0,Rock,,test,mp3_128,0.0025824787189405217,0.5685665621681771,0
seg_000417,sample_00139,Moja Krypta - AmortE,REAL,0,Rock,,test,mp3_128,0.7248781876536607,0.5685665621681771,1
seg_000418,sample_00139,Moja Krypta - AmortE,REAL,0,Rock,,test,mp3_128,0.5552895347387957,0.5685665621681771,0
seg_000419,sample_00139,Moja Krypta - AmortE,REAL,0,Rock,,test,mp3_128,0.9142855618933735,0.5685665621681771,1
seg_000432,sample_00144,Motocross Mania - Monroeville Music Center,REAL,0,Pop,,test,mp3_128,0.427989790089925,0.5685665621681771,0
seg_000433,sample_00144,Motocross Mania - Monroeville Music Center,REAL,0,Pop,,test,mp3_128,0.02549468251050822,0.5685665621681771,0
seg_000434,sample_00144,Motocross Mania - Monroeville Music Center,REAL,0,Pop,,test,mp3_128,0.02851788013768613,0.5685665621681771,0
seg_000438,sample_00146,Music For an Underground Circu - Ergo Phizmiz,REAL,0,Pop,,test,mp3_128,0.21578366946627434,0.5685665621681771,0
seg_000439,sample_00146,Music For an Underground Circu - Ergo Phizmiz,REAL,0,Pop,,test,mp3_128,0.01654168450381315,0.5685665621681771,0
seg_000440,sample_00146,Music For an Underground Circu - Ergo Phizmiz,REAL,0,Pop,,test,mp3_128,0.013493746423796459,0.5685665621681771,0
seg_000462,sample_00154,Night Owl - Broke For Free,REAL,0,Electronic,,test,mp3_128,0.13634750903312745,0.5685665621681771,0
seg_000463,sample_00154,Night Owl - Broke For Free,REAL,0,Electronic,,test,mp3_128,0.17602178016511155,0.5685665621681771,0
seg_000464,sample_00154,Night Owl - Broke For Free,REAL,0,Electronic,,test,mp3_128,0.1513117469971635,0.5685665621681771,0
seg_000513,sample_00171,Pista Afuera - Epstein,REAL,0,Electronic,,test,mp3_128,0.014450294928687261,0.5685665621681771,0
seg_000514,sample_00171,Pista Afuera - Epstein,REAL,0,Electronic,,test,mp3_128,0.008113556658389401,0.5685665621681771,0
seg_000515,sample_00171,Pista Afuera - Epstein,REAL,0,Electronic,,test,mp3_128,0.005551138778533051,0.5685665621681771,0
seg_000522,sample_00174,Production - Bird Names,REAL,0,Pop,,test,mp3_128,0.049805666380122376,0.5685665621681771,0
seg_000523,sample_00174,Production - Bird Names,REAL,0,Pop,,test,mp3_128,0.06482027023470154,0.5685665621681771,0
seg_000524,sample_00174,Production - Bird Names,REAL,0,Pop,,test,mp3_128,0.025418695035199612,0.5685665621681771,0
seg_000528,sample_00176,Puertas de Fuego - Guerra de Cerdos,REAL,0,Rock,,test,mp3_128,0.009531742127638325,0.5685665621681771,0
seg_000529,sample_00176,Puertas de Fuego - Guerra de Cerdos,REAL,0,Rock,,test,mp3_128,0.14124559315954685,0.5685665621681771,0
seg_000530,sample_00176,Puertas de Fuego - Guerra de Cerdos,REAL,0,Rock,,test,mp3_128,0.1692886286808392,0.5685665621681771,0
seg_000534,sample_00178,Realize Me - Jim Rooster,REAL,0,Electronic,,test,mp3_128,0.03323329879375787,0.5685665621681771,0
seg_000535,sample_00178,Realize Me - Jim Rooster,REAL,0,Electronic,,test,mp3_128,0.9019933095067233,0.5685665621681771,1
seg_000536,sample_00178,Realize Me - Jim Rooster,REAL,0,Electronic,,test,mp3_128,0.9240442832644951,0.5685665621681771,1
seg_000540,sample_00180,Resistentialism - Nihilore,REAL,0,Electronic,,test,mp3_128,0.09315436012730535,0.5685665621681771,0
seg_000541,sample_00180,Resistentialism - Nihilore,REAL,0,Electronic,,test,mp3_128,0.1737586533133323,0.5685665621681771,0
seg_000542,sample_00180,Resistentialism - Nihilore,REAL,0,Electronic,,test,mp3_128,0.17252676122460373,0.5685665621681771,0
seg_000585,sample_00195,Set Fire to Creation - Nihilore,REAL,0,Electronic,,test,mp3_128,0.06322795817307399,0.5685665621681771,0
seg_000586,sample_00195,Set Fire to Creation - Nihilore,REAL,0,Electronic,,test,mp3_128,0.03349423006620449,0.5685665621681771,0
seg_000587,sample_00195,Set Fire to Creation - Nihilore,REAL,0,Electronic,,test,mp3_128,0.0469396354328033,0.5685665621681771,0
seg_000588,sample_00196,Sfogare Il Dissenso - Deiezione HC,REAL,0,Rock,,test,mp3_128,0.008283409811629155,0.5685665621681771,0
seg_000589,sample_00196,Sfogare Il Dissenso - Deiezione HC,REAL,0,Rock,,test,mp3_128,0.04085337604300964,0.5685665621681771,0
seg_000590,sample_00196,Sfogare Il Dissenso - Deiezione HC,REAL,0,Rock,,test,mp3_128,0.047942533151366575,0.5685665621681771,0
seg_000594,sample_00198,She Works / Tepid Waters - Bird Names,REAL,0,Pop,,test,mp3_128,0.19928080136447973,0.5685665621681771,0
seg_000595,sample_00198,She Works / Tepid Waters - Bird Names,REAL,0,Pop,,test,mp3_128,0.1525506792314094,0.5685665621681771,0
seg_000596,sample_00198,She Works / Tepid Waters - Bird Names,REAL,0,Pop,,test,mp3_128,0.13502032190577143,0.5685665621681771,0
seg_000618,sample_00206,Something Dirty - Ergo Phizmiz,REAL,0,Pop,,test,mp3_128,0.033918300703786194,0.5685665621681771,0
seg_000619,sample_00206,Something Dirty - Ergo Phizmiz,REAL,0,Pop,,test,mp3_128,0.0390414298535328,0.5685665621681771,0
seg_000620,sample_00206,Something Dirty - Ergo Phizmiz,REAL,0,Pop,,test,mp3_128,0.013260975353809937,0.5685665621681771,0
seg_000621,sample_00207,Sonzis FM - Pipe Choir,REAL,0,Rock,,test,mp3_128,0.08237832765739686,0.5685665621681771,0
seg_000622,sample_00207,Sonzis FM - Pipe Choir,REAL,0,Rock,,test,mp3_128,0.06837432274423283,0.5685665621681771,0
seg_000623,sample_00207,Sonzis FM - Pipe Choir,REAL,0,Rock,,test,mp3_128,0.05107702947003812,0.5685665621681771,0
seg_000648,sample_00216,Stuttgart - Portrayal,REAL,0,Rock,,test,mp3_128,0.6795392633280561,0.5685665621681771,1
seg_000649,sample_00216,Stuttgart - Portrayal,REAL,0,Rock,,test,mp3_128,0.5541002190309074,0.5685665621681771,0
seg_000650,sample_00216,Stuttgart - Portrayal,REAL,0,Rock,,test,mp3_128,0.45873204367618503,0.5685665621681771,0
seg_000651,sample_00217,Support Me in This Moment That I'm About To Lose Heart - Nihilore,REAL,0,Electronic,,test,mp3_128,0.32192482077265205,0.5685665621681771,0
seg_000652,sample_00217,Support Me in This Moment That I'm About To Lose Heart - Nihilore,REAL,0,Electronic,,test,mp3_128,0.30028385968019283,0.5685665621681771,0
seg_000653,sample_00217,Support Me in This Moment That I'm About To Lose Heart - Nihilore,REAL,0,Electronic,,test,mp3_128,0.06901534102964568,0.5685665621681771,0
seg_000669,sample_00223,Terve Teille - Чокнутый Пропеллер,REAL,0,Rock,,test,mp3_128,0.11438215487724976,0.5685665621681771,0
seg_000670,sample_00223,Terve Teille - Чокнутый Пропеллер,REAL,0,Rock,,test,mp3_128,0.025106694407691296,0.5685665621681771,0
seg_000671,sample_00223,Terve Teille - Чокнутый Пропеллер,REAL,0,Rock,,test,mp3_128,0.09933443992560495,0.5685665621681771,0
seg_000672,sample_00224,The Adventures Of Roderick Random - Maps And Diagrams,REAL,0,Electronic,,test,mp3_128,0.0592109732653997,0.5685665621681771,0
seg_000673,sample_00224,The Adventures Of Roderick Random - Maps And Diagrams,REAL,0,Electronic,,test,mp3_128,0.08569817994797799,0.5685665621681771,0
seg_000674,sample_00224,The Adventures Of Roderick Random - Maps And Diagrams,REAL,0,Electronic,,test,mp3_128,0.04200603514236961,0.5685665621681771,0
seg_000708,sample_00236,"The Pursuit of Unintentional Humor - Oh Yeah, the Future",REAL,0,Pop,,test,mp3_128,0.004916022618380243,0.5685665621681771,0
seg_000709,sample_00236,"The Pursuit of Unintentional Humor - Oh Yeah, the Future",REAL,0,Pop,,test,mp3_128,0.007530920813704575,0.5685665621681771,0
seg_000710,sample_00236,"The Pursuit of Unintentional Humor - Oh Yeah, the Future",REAL,0,Pop,,test,mp3_128,0.012760989452340488,0.5685665621681771,0
seg_000723,sample_00241,The Secret Garden - Barbarix,REAL,0,Electronic,,test,mp3_128,0.03043256879419269,0.5685665621681771,0
seg_000724,sample_00241,The Secret Garden - Barbarix,REAL,0,Electronic,,test,mp3_128,0.030700401683665866,0.5685665621681771,0
seg_000725,sample_00241,The Secret Garden - Barbarix,REAL,0,Electronic,,test,mp3_128,0.014313629666347022,0.5685665621681771,0
seg_000756,sample_00252,Troubles I've seen - Malaventura,REAL,0,Pop,,test,mp3_128,0.15800934684622667,0.5685665621681771,0
seg_000757,sample_00252,Troubles I've seen - Malaventura,REAL,0,Pop,,test,mp3_128,0.25520714164274394,0.5685665621681771,0
seg_000758,sample_00252,Troubles I've seen - Malaventura,REAL,0,Pop,,test,mp3_128,0.5133992504568847,0.5685665621681771,0
seg_000759,sample_00253,Ugh! Humans Can Join - Mystery Mammal,REAL,0,Electronic,,test,mp3_128,0.6971964406411649,0.5685665621681771,1
seg_000760,sample_00253,Ugh! Humans Can Join - Mystery Mammal,REAL,0,Electronic,,test,mp3_128,0.04057074269366774,0.5685665621681771,0
seg_000761,sample_00253,Ugh! Humans Can Join - Mystery Mammal,REAL,0,Electronic,,test,mp3_128,0.04181476471777033,0.5685665621681771,0
seg_000771,sample_00257,Untitled - Fatal Injection,REAL,0,Rock,,test,mp3_128,0.018499720090334328,0.5685665621681771,0
seg_000772,sample_00257,Untitled - Fatal Injection,REAL,0,Rock,,test,mp3_128,0.07487162256333713,0.5685665621681771,0
seg_000773,sample_00257,Untitled - Fatal Injection,REAL,0,Rock,,test,mp3_128,0.09536521974670287,0.5685665621681771,0
seg_000810,sample_00270,Where Is Everything - The Moi Non Plus,REAL,0,Rock,,test,mp3_128,0.018495435390815215,0.5685665621681771,0
seg_000811,sample_00270,Where Is Everything - The Moi Non Plus,REAL,0,Rock,,test,mp3_128,0.017559315584777486,0.5685665621681771,0
seg_000812,sample_00270,Where Is Everything - The Moi Non Plus,REAL,0,Rock,,test,mp3_128,0.007485540096711515,0.5685665621681771,0
seg_000813,sample_00271,Who Loves You Dear - Mink Lungs,REAL,0,Rock,,test,mp3_128,0.01342468023104314,0.5685665621681771,0
seg_000814,sample_00271,Who Loves You Dear - Mink Lungs,REAL,0,Rock,,test,mp3_128,0.04114755403886534,0.5685665621681771,0
seg_000815,sample_00271,Who Loves You Dear - Mink Lungs,REAL,0,Rock,,test,mp3_128,0.002494858004352873,0.5685665621681771,0
seg_000837,sample_00279,Yurtology - Michett,REAL,0,Electronic,,test,mp3_128,0.4183345072270265,0.5685665621681771,0
seg_000838,sample_00279,Yurtology - Michett,REAL,0,Electronic,,test,mp3_128,0.48577867394363905,0.5685665621681771,0
seg_000839,sample_00279,Yurtology - Michett,REAL,0,Electronic,,test,mp3_128,0.44201638354322403,0.5685665621681771,0
seg_000894,sample_00298,2Much (Andy Spinelli & Alex Sánchez House Edit) - Tentacles,FAKE,1,Electronic,acestep,test,mp3_128,0.996711232978791,0.5685665621681771,1
seg_000895,sample_00298,2Much (Andy Spinelli & Alex Sánchez House Edit) - Tentacles,FAKE,1,Electronic,acestep,test,mp3_128,0.8405518347943843,0.5685665621681771,1
seg_000896,sample_00298,2Much (Andy Spinelli & Alex Sánchez House Edit) - Tentacles,FAKE,1,Electronic,acestep,test,mp3_128,0.9841112518917563,0.5685665621681771,1
seg_000900,sample_00300,3 am West End - statusq,FAKE,1,Electronic,acestep,test,mp3_128,0.9977820845637404,0.5685665621681771,1
seg_000901,sample_00300,3 am West End - statusq,FAKE,1,Electronic,acestep,test,mp3_128,0.9427601351621789,0.5685665621681771,1
seg_000902,sample_00300,3 am West End - statusq,FAKE,1,Electronic,acestep,test,mp3_128,0.9996618064126493,0.5685665621681771,1
seg_000906,sample_00302,5 (Lexington) - Isle of Pine,FAKE,1,Rock,acestep,test,mp3_128,0.9684139916892357,0.5685665621681771,1
seg_000907,sample_00302,5 (Lexington) - Isle of Pine,FAKE,1,Rock,acestep,test,mp3_128,0.8527981302062642,0.5685665621681771,1
seg_000908,sample_00302,5 (Lexington) - Isle of Pine,FAKE,1,Rock,acestep,test,mp3_128,0.9943863050826319,0.5685665621681771,1
seg_000942,sample_00314,Attention - Pete Prodoehl,FAKE,1,Rock,acestep,test,mp3_128,0.8623655806157264,0.5685665621681771,1
seg_000943,sample_00314,Attention - Pete Prodoehl,FAKE,1,Rock,acestep,test,mp3_128,0.7730502600848479,0.5685665621681771,1
seg_000944,sample_00314,Attention - Pete Prodoehl,FAKE,1,Rock,acestep,test,mp3_128,0.9972217989672466,0.5685665621681771,1
seg_000972,sample_00324,Bizzy - The Tleilaxu Music Machine,FAKE,1,Electronic,acestep,test,mp3_128,0.714399998095603,0.5685665621681771,1
seg_000973,sample_00324,Bizzy - The Tleilaxu Music Machine,FAKE,1,Electronic,acestep,test,mp3_128,0.8429553549412271,0.5685665621681771,1
seg_000974,sample_00324,Bizzy - The Tleilaxu Music Machine,FAKE,1,Electronic,acestep,test,mp3_128,0.9993313264141047,0.5685665621681771,1
seg_001020,sample_00340,Dance Harder - Three Chain Links,FAKE,1,Electronic,acestep,test,mp3_128,0.9991577273541756,0.5685665621681771,1
seg_001021,sample_00340,Dance Harder - Three Chain Links,FAKE,1,Electronic,acestep,test,mp3_128,0.8586730650521197,0.5685665621681771,1
seg_001022,sample_00340,Dance Harder - Three Chain Links,FAKE,1,Electronic,acestep,test,mp3_128,0.9685749552265811,0.5685665621681771,1
seg_001035,sample_00345,Different Day - First,FAKE,1,Pop,acestep,test,mp3_128,0.9204008345714262,0.5685665621681771,1
seg_001036,sample_00345,Different Day - First,FAKE,1,Pop,acestep,test,mp3_128,0.9481458388504609,0.5685665621681771,1
seg_001037,sample_00345,Different Day - First,FAKE,1,Pop,acestep,test,mp3_128,0.9978857651495282,0.5685665621681771,1
seg_001059,sample_00353,El Burrito - Malaventura,FAKE,1,Pop,acestep,test,mp3_128,0.9808435013396121,0.5685665621681771,1
seg_001060,sample_00353,El Burrito - Malaventura,FAKE,1,Pop,acestep,test,mp3_128,0.9667687029520607,0.5685665621681771,1
seg_001061,sample_00353,El Burrito - Malaventura,FAKE,1,Pop,acestep,test,mp3_128,0.9886100117288857,0.5685665621681771,1
seg_001074,sample_00358,End titles - Itsensäsyöjät,FAKE,1,Electronic,acestep,test,mp3_128,0.8885393315326013,0.5685665621681771,1
seg_001075,sample_00358,End titles - Itsensäsyöjät,FAKE,1,Electronic,acestep,test,mp3_128,0.9115949646570843,0.5685665621681771,1
seg_001076,sample_00358,End titles - Itsensäsyöjät,FAKE,1,Electronic,acestep,test,mp3_128,0.9950815750323295,0.5685665621681771,1
seg_001125,sample_00375,Fuckaboing - RoccoW,FAKE,1,Electronic,acestep,test,mp3_128,0.999429262355874,0.5685665621681771,1
seg_001126,sample_00375,Fuckaboing - RoccoW,FAKE,1,Electronic,acestep,test,mp3_128,0.9855088387963882,0.5685665621681771,1
seg_001127,sample_00375,Fuckaboing - RoccoW,FAKE,1,Electronic,acestep,test,mp3_128,0.9969550301935003,0.5685665621681771,1
seg_001152,sample_00384,"Head of Ancante, Talking Tree - Ak'chamel, The Giver of Illness",FAKE,1,Rock,acestep,test,mp3_128,0.7290529507393486,0.5685665621681771,1
seg_001153,sample_00384,"Head of Ancante, Talking Tree - Ak'chamel, The Giver of Illness",FAKE,1,Rock,acestep,test,mp3_128,0.6574058349821239,0.5685665621681771,1
seg_001154,sample_00384,"Head of Ancante, Talking Tree - Ak'chamel, The Giver of Illness",FAKE,1,Rock,acestep,test,mp3_128,0.9459715768232574,0.5685665621681771,1
seg_001158,sample_00386,"Hungry - Oh Yeah, the Future",FAKE,1,Pop,acestep,test,mp3_128,0.9840183118563858,0.5685665621681771,1
seg_001159,sample_00386,"Hungry - Oh Yeah, the Future",FAKE,1,Pop,acestep,test,mp3_128,0.9939581506220012,0.5685665621681771,1
seg_001160,sample_00386,"Hungry - Oh Yeah, the Future",FAKE,1,Pop,acestep,test,mp3_128,0.9134744092598894,0.5685665621681771,1
seg_001194,sample_00398,I - Inflammator,FAKE,1,Rock,acestep,test,mp3_128,0.9804793448109694,0.5685665621681771,1
seg_001195,sample_00398,I - Inflammator,FAKE,1,Rock,acestep,test,mp3_128,0.9586323954458494,0.5685665621681771,1
seg_001196,sample_00398,I - Inflammator,FAKE,1,Rock,acestep,test,mp3_128,0.9994332501204019,0.5685665621681771,1
seg_001254,sample_00418,Leaving Here - Mod Fun,FAKE,1,Rock,acestep,test,mp3_128,0.9784976673919302,0.5685665621681771,1
seg_001255,sample_00418,Leaving Here - Mod Fun,FAKE,1,Rock,acestep,test,mp3_128,0.8978774965791156,0.5685665621681771,1
seg_001256,sample_00418,Leaving Here - Mod Fun,FAKE,1,Rock,acestep,test,mp3_128,0.9990406065846696,0.5685665621681771,1
seg_001257,sample_00419,Let's Start Out Slow - RoccoW,FAKE,1,Electronic,acestep,test,mp3_128,0.9944972641209329,0.5685665621681771,1
seg_001258,sample_00419,Let's Start Out Slow - RoccoW,FAKE,1,Electronic,acestep,test,mp3_128,0.9712537444835446,0.5685665621681771,1
seg_001259,sample_00419,Let's Start Out Slow - RoccoW,FAKE,1,Electronic,acestep,test,mp3_128,0.9940806054033844,0.5685665621681771,1
seg_001263,sample_00421,Let You're Body Move - D SMILEZ,FAKE,1,Electronic,acestep,test,mp3_128,0.8249167834028822,0.5685665621681771,1
seg_001264,sample_00421,Let You're Body Move - D SMILEZ,FAKE,1,Electronic,acestep,test,mp3_128,0.6944744597396314,0.5685665621681771,1
seg_001265,sample_00421,Let You're Body Move - D SMILEZ,FAKE,1,Electronic,acestep,test,mp3_128,0.9996121565069411,0.5685665621681771,1
seg_001278,sample_00426,LIQUID SKULLS - voyageurs,FAKE,1,Rock,acestep,test,mp3_128,0.9373152679150027,0.5685665621681771,1
seg_001279,sample_00426,LIQUID SKULLS - voyageurs,FAKE,1,Rock,acestep,test,mp3_128,0.968294256449916,0.5685665621681771,1
seg_001280,sample_00426,LIQUID SKULLS - voyageurs,FAKE,1,Rock,acestep,test,mp3_128,0.9986653401259589,0.5685665621681771,1
seg_001296,sample_00432,Love Dream - The Zombie Dandies,FAKE,1,Rock,acestep,test,mp3_128,0.9181233270090744,0.5685665621681771,1
seg_001297,sample_00432,Love Dream - The Zombie Dandies,FAKE,1,Rock,acestep,test,mp3_128,0.7284231934696359,0.5685665621681771,1
seg_001298,sample_00432,Love Dream - The Zombie Dandies,FAKE,1,Rock,acestep,test,mp3_128,0.9022523983349419,0.5685665621681771,1
seg_001299,sample_00433,L'arbre - Salmo,FAKE,1,Rock,acestep,test,mp3_128,0.654476368095973,0.5685665621681771,1
seg_001300,sample_00433,L'arbre - Salmo,FAKE,1,Rock,acestep,test,mp3_128,0.5480739722214693,0.5685665621681771,0
seg_001301,sample_00433,L'arbre - Salmo,FAKE,1,Rock,acestep,test,mp3_128,0.8333768756985461,0.5685665621681771,1
seg_001317,sample_00439,Moja Krypta - AmortE,FAKE,1,Rock,acestep,test,mp3_128,0.9800851028735696,0.5685665621681771,1
seg_001318,sample_00439,Moja Krypta - AmortE,FAKE,1,Rock,acestep,test,mp3_128,0.9962247887501993,0.5685665621681771,1
seg_001319,sample_00439,Moja Krypta - AmortE,FAKE,1,Rock,acestep,test,mp3_128,0.9976525933765911,0.5685665621681771,1
seg_001332,sample_00444,Motocross Mania - Monroeville Music Center,FAKE,1,Pop,acestep,test,mp3_128,0.9860080207394228,0.5685665621681771,1
seg_001333,sample_00444,Motocross Mania - Monroeville Music Center,FAKE,1,Pop,acestep,test,mp3_128,0.9675346101790566,0.5685665621681771,1
seg_001334,sample_00444,Motocross Mania - Monroeville Music Center,FAKE,1,Pop,acestep,test,mp3_128,0.9995609526403648,0.5685665621681771,1
seg_001338,sample_00446,Music For an Underground Circu - Ergo Phizmiz,FAKE,1,Pop,acestep,test,mp3_128,0.9861106388894767,0.5685665621681771,1
seg_001339,sample_00446,Music For an Underground Circu - Ergo Phizmiz,FAKE,1,Pop,acestep,test,mp3_128,0.9897163499096692,0.5685665621681771,1
seg_001340,sample_00446,Music For an Underground Circu - Ergo Phizmiz,FAKE,1,Pop,acestep,test,mp3_128,0.9933673897312463,0.5685665621681771,1
seg_001365,sample_00455,Night Owl - Broke For Free,FAKE,1,Electronic,acestep,test,mp3_128,0.9999597777355302,0.5685665621681771,1
seg_001366,sample_00455,Night Owl - Broke For Free,FAKE,1,Electronic,acestep,test,mp3_128,0.9999158544414677,0.5685665621681771,1
seg_001367,sample_00455,Night Owl - Broke For Free,FAKE,1,Electronic,acestep,test,mp3_128,0.9999661712547331,0.5685665621681771,1
seg_001419,sample_00473,Pista Afuera - Epstein,FAKE,1,Electronic,acestep,test,mp3_128,0.9846184784007436,0.5685665621681771,1
seg_001420,sample_00473,Pista Afuera - Epstein,FAKE,1,Electronic,acestep,test,mp3_128,0.9857836396846005,0.5685665621681771,1
seg_001421,sample_00473,Pista Afuera - Epstein,FAKE,1,Electronic,acestep,test,mp3_128,0.9989139712788795,0.5685665621681771,1
seg_001428,sample_00476,Production - Bird Names,FAKE,1,Pop,acestep,test,mp3_128,0.9941367346704288,0.5685665621681771,1
seg_001429,sample_00476,Production - Bird Names,FAKE,1,Pop,acestep,test,mp3_128,0.9906898474455025,0.5685665621681771,1
seg_001430,sample_00476,Production - Bird Names,FAKE,1,Pop,acestep,test,mp3_128,0.9950750407214217,0.5685665621681771,1
seg_001434,sample_00478,Puertas de Fuego - Guerra de Cerdos,FAKE,1,Rock,acestep,test,mp3_128,0.9996861668067946,0.5685665621681771,1
seg_001435,sample_00478,Puertas de Fuego - Guerra de Cerdos,FAKE,1,Rock,acestep,test,mp3_128,0.743207646503972,0.5685665621681771,1
seg_001436,sample_00478,Puertas de Fuego - Guerra de Cerdos,FAKE,1,Rock,acestep,test,mp3_128,0.47176312116028085,0.5685665621681771,0
seg_001443,sample_00481,Realize Me - Jim Rooster,FAKE,1,Electronic,acestep,test,mp3_128,0.997414696779155,0.5685665621681771,1
seg_001444,sample_00481,Realize Me - Jim Rooster,FAKE,1,Electronic,acestep,test,mp3_128,0.9718043289135315,0.5685665621681771,1
seg_001445,sample_00481,Realize Me - Jim Rooster,FAKE,1,Electronic,acestep,test,mp3_128,0.9810255257205708,0.5685665621681771,1
seg_001449,sample_00483,Resistentialism - Nihilore,FAKE,1,Electronic,acestep,test,mp3_128,0.9995908291864393,0.5685665621681771,1
seg_001450,sample_00483,Resistentialism - Nihilore,FAKE,1,Electronic,acestep,test,mp3_128,0.9994912102419266,0.5685665621681771,1
seg_001451,sample_00483,Resistentialism - Nihilore,FAKE,1,Electronic,acestep,test,mp3_128,0.9996248382709808,0.5685665621681771,1
seg_001494,sample_00498,Set Fire to Creation - Nihilore,FAKE,1,Electronic,acestep,test,mp3_128,0.9927116574878947,0.5685665621681771,1
seg_001495,sample_00498,Set Fire to Creation - Nihilore,FAKE,1,Electronic,acestep,test,mp3_128,0.9793541201898024,0.5685665621681771,1
seg_001496,sample_00498,Set Fire to Creation - Nihilore,FAKE,1,Electronic,acestep,test,mp3_128,0.9775776604065817,0.5685665621681771,1
seg_001497,sample_00499,Sfogare Il Dissenso - Deiezione HC,FAKE,1,Rock,acestep,test,mp3_128,0.9878561626510042,0.5685665621681771,1
seg_001498,sample_00499,Sfogare Il Dissenso - Deiezione HC,FAKE,1,Rock,acestep,test,mp3_128,0.5508723326051057,0.5685665621681771,0
seg_001499,sample_00499,Sfogare Il Dissenso - Deiezione HC,FAKE,1,Rock,acestep,test,mp3_128,0.5008658688360248,0.5685665621681771,0
seg_001506,sample_00502,She Works / Tepid Waters - Bird Names,FAKE,1,Pop,acestep,test,mp3_128,0.9562862653915315,0.5685665621681771,1
seg_001507,sample_00502,She Works / Tepid Waters - Bird Names,FAKE,1,Pop,acestep,test,mp3_128,0.9613901147543175,0.5685665621681771,1
seg_001508,sample_00502,She Works / Tepid Waters - Bird Names,FAKE,1,Pop,acestep,test,mp3_128,0.9966642687543444,0.5685665621681771,1
seg_001530,sample_00510,Something Dirty - Ergo Phizmiz,FAKE,1,Pop,acestep,test,mp3_128,0.9804349791283438,0.5685665621681771,1
seg_001531,sample_00510,Something Dirty - Ergo Phizmiz,FAKE,1,Pop,acestep,test,mp3_128,0.9927052463617101,0.5685665621681771,1
seg_001532,sample_00510,Something Dirty - Ergo Phizmiz,FAKE,1,Pop,acestep,test,mp3_128,0.9895702419919203,0.5685665621681771,1
seg_001536,sample_00512,Sonzis FM - Pipe Choir,FAKE,1,Rock,acestep,test,mp3_128,0.9304661409232542,0.5685665621681771,1
seg_001537,sample_00512,Sonzis FM - Pipe Choir,FAKE,1,Rock,acestep,test,mp3_128,0.9262965430971045,0.5685665621681771,1
seg_001538,sample_00512,Sonzis FM - Pipe Choir,FAKE,1,Rock,acestep,test,mp3_128,0.9993051171781232,0.5685665621681771,1
seg_001563,sample_00521,Stuttgart - Portrayal,FAKE,1,Rock,acestep,test,mp3_128,0.9999760554002599,0.5685665621681771,1
seg_001564,sample_00521,Stuttgart - Portrayal,FAKE,1,Rock,acestep,test,mp3_128,0.9998520819597224,0.5685665621681771,1
seg_001565,sample_00521,Stuttgart - Portrayal,FAKE,1,Rock,acestep,test,mp3_128,0.9992954954332541,0.5685665621681771,1
seg_001566,sample_00522,Support Me in This Moment That I'm About To Lose Heart - Nihilore,FAKE,1,Electronic,acestep,test,mp3_128,0.9946198022101503,0.5685665621681771,1
seg_001567,sample_00522,Support Me in This Moment That I'm About To Lose Heart - Nihilore,FAKE,1,Electronic,acestep,test,mp3_128,0.9983757322227801,0.5685665621681771,1
seg_001568,sample_00522,Support Me in This Moment That I'm About To Lose Heart - Nihilore,FAKE,1,Electronic,acestep,test,mp3_128,0.9661799116555855,0.5685665621681771,1
seg_001581,sample_00527,Terve Teille - Чокнутый Пропеллер,FAKE,1,Rock,acestep,test,mp3_128,0.8794818809243712,0.5685665621681771,1
seg_001582,sample_00527,Terve Teille - Чокнутый Пропеллер,FAKE,1,Rock,acestep,test,mp3_128,0.9828678291877031,0.5685665621681771,1
seg_001583,sample_00527,Terve Teille - Чокнутый Пропеллер,FAKE,1,Rock,acestep,test,mp3_128,0.9892956933756725,0.5685665621681771,1
seg_001584,sample_00528,The Adventures Of Roderick Random - Maps And Diagrams,FAKE,1,Electronic,acestep,test,mp3_128,0.9376197701482789,0.5685665621681771,1
seg_001585,sample_00528,The Adventures Of Roderick Random - Maps And Diagrams,FAKE,1,Electronic,acestep,test,mp3_128,0.9566510510773514,0.5685665621681771,1
seg_001586,sample_00528,The Adventures Of Roderick Random - Maps And Diagrams,FAKE,1,Electronic,acestep,test,mp3_128,0.9886213554825142,0.5685665621681771,1
seg_001626,sample_00542,"The Pursuit of Unintentional Humor - Oh Yeah, the Future",FAKE,1,Pop,acestep,test,mp3_128,0.9277635974320201,0.5685665621681771,1
seg_001627,sample_00542,"The Pursuit of Unintentional Humor - Oh Yeah, the Future",FAKE,1,Pop,acestep,test,mp3_128,0.8634489689744697,0.5685665621681771,1
seg_001628,sample_00542,"The Pursuit of Unintentional Humor - Oh Yeah, the Future",FAKE,1,Pop,acestep,test,mp3_128,0.9520690038281386,0.5685665621681771,1
seg_001641,sample_00547,The Secret Garden - Barbarix,FAKE,1,Electronic,acestep,test,mp3_128,0.9295778409631248,0.5685665621681771,1
seg_001642,sample_00547,The Secret Garden - Barbarix,FAKE,1,Electronic,acestep,test,mp3_128,0.87681084419616,0.5685665621681771,1
seg_001643,sample_00547,The Secret Garden - Barbarix,FAKE,1,Electronic,acestep,test,mp3_128,0.9858114804772945,0.5685665621681771,1
seg_001668,sample_00556,Troubles I've seen - Malaventura,FAKE,1,Pop,acestep,test,mp3_128,0.937364988071567,0.5685665621681771,1
seg_001669,sample_00556,Troubles I've seen - Malaventura,FAKE,1,Pop,acestep,test,mp3_128,0.961598830413274,0.5685665621681771,1
seg_001670,sample_00556,Troubles I've seen - Malaventura,FAKE,1,Pop,acestep,test,mp3_128,0.9982079024875318,0.5685665621681771,1
seg_001674,sample_00558,Ugh! Humans Can Join - Mystery Mammal,FAKE,1,Electronic,acestep,test,mp3_128,0.9952614437902667,0.5685665621681771,1
seg_001675,sample_00558,Ugh! Humans Can Join - Mystery Mammal,FAKE,1,Electronic,acestep,test,mp3_128,0.9172559805056998,0.5685665621681771,1
seg_001676,sample_00558,Ugh! Humans Can Join - Mystery Mammal,FAKE,1,Electronic,acestep,test,mp3_128,0.895171112087733,0.5685665621681771,1
seg_001686,sample_00562,Untitled - Fatal Injection,FAKE,1,Rock,acestep,test,mp3_128,0.9949512892148115,0.5685665621681771,1
seg_001687,sample_00562,Untitled - Fatal Injection,FAKE,1,Rock,acestep,test,mp3_128,0.9938219419254225,0.5685665621681771,1
seg_001688,sample_00562,Untitled - Fatal Injection,FAKE,1,Rock,acestep,test,mp3_128,0.9939227434667852,0.5685665621681771,1
seg_001722,sample_00574,Where Is Everything - The Moi Non Plus,FAKE,1,Rock,acestep,test,mp3_128,0.9946413727823276,0.5685665621681771,1
seg_001723,sample_00574,Where Is Everything - The Moi Non Plus,FAKE,1,Rock,acestep,test,mp3_128,0.9653911753930883,0.5685665621681771,1
seg_001724,sample_00574,Where Is Everything - The Moi Non Plus,FAKE,1,Rock,acestep,test,mp3_128,0.9949026782576951,0.5685665621681771,1
seg_001725,sample_00575,Who Loves You Dear - Mink Lungs,FAKE,1,Rock,acestep,test,mp3_128,0.9022685494718297,0.5685665621681771,1
seg_001726,sample_00575,Who Loves You Dear - Mink Lungs,FAKE,1,Rock,acestep,test,mp3_128,0.8446264487013001,0.5685665621681771,1
seg_001727,sample_00575,Who Loves You Dear - Mink Lungs,FAKE,1,Rock,acestep,test,mp3_128,0.9985529618194685,0.5685665621681771,1
seg_001749,sample_00583,Yurtology - Michett,FAKE,1,Electronic,acestep,test,mp3_128,0.9797288825390541,0.5685665621681771,1
seg_001750,sample_00583,Yurtology - Michett,FAKE,1,Electronic,acestep,test,mp3_128,0.9952932805042195,0.5685665621681771,1
seg_001751,sample_00583,Yurtology - Michett,FAKE,1,Electronic,acestep,test,mp3_128,0.9929271216661596,0.5685665621681771,1
seg_001800,sample_00600,Pista Afuera - Epstein,FAKE,1,Electronic,audioldm,test,mp3_128,0.9986388381953079,0.5685665621681771,1
seg_001801,sample_00600,Pista Afuera - Epstein,FAKE,1,Electronic,audioldm,test,mp3_128,0.9784216792615419,0.5685665621681771,1
seg_001802,sample_00600,Pista Afuera - Epstein,FAKE,1,Electronic,audioldm,test,mp3_128,0.9997065237445314,0.5685665621681771,1
seg_001803,sample_00601,Let You're Body Move - D SMILEZ,FAKE,1,Electronic,audioldm,test,mp3_128,0.8894159490488078,0.5685665621681771,1
seg_001804,sample_00601,Let You're Body Move - D SMILEZ,FAKE,1,Electronic,audioldm,test,mp3_128,0.9295271960724079,0.5685665621681771,1
seg_001805,sample_00601,Let You're Body Move - D SMILEZ,FAKE,1,Electronic,audioldm,test,mp3_128,0.8880113400161738,0.5685665621681771,1
seg_001818,sample_00606,The Secret Garden - Barbarix,FAKE,1,Electronic,audioldm,test,mp3_128,0.9738241513706443,0.5685665621681771,1
seg_001819,sample_00606,The Secret Garden - Barbarix,FAKE,1,Electronic,audioldm,test,mp3_128,0.5419695830847124,0.5685665621681771,0
seg_001820,sample_00606,The Secret Garden - Barbarix,FAKE,1,Electronic,audioldm,test,mp3_128,0.9341161545460718,0.5685665621681771,1
seg_001824,sample_00608,Resistentialism - Nihilore,FAKE,1,Electronic,audioldm,test,mp3_128,0.9857339517153478,0.5685665621681771,1
seg_001825,sample_00608,Resistentialism - Nihilore,FAKE,1,Electronic,audioldm,test,mp3_128,0.9936472102578696,0.5685665621681771,1
seg_001826,sample_00608,Resistentialism - Nihilore,FAKE,1,Electronic,audioldm,test,mp3_128,0.9983872854076213,0.5685665621681771,1
seg_001833,sample_00611,Fuckaboing - RoccoW,FAKE,1,Electronic,audioldm,test,mp3_128,0.9977248886690305,0.5685665621681771,1
seg_001834,sample_00611,Fuckaboing - RoccoW,FAKE,1,Electronic,audioldm,test,mp3_128,0.9965599673754482,0.5685665621681771,1
seg_001835,sample_00611,Fuckaboing - RoccoW,FAKE,1,Electronic,audioldm,test,mp3_128,0.997278025964801,0.5685665621681771,1
seg_001836,sample_00612,Ugh! Humans Can Join - Mystery Mammal,FAKE,1,Electronic,audioldm,test,mp3_128,0.9975756948799557,0.5685665621681771,1
seg_001837,sample_00612,Ugh! Humans Can Join - Mystery Mammal,FAKE,1,Electronic,audioldm,test,mp3_128,0.999293237892839,0.5685665621681771,1
seg_001838,sample_00612,Ugh! Humans Can Join - Mystery Mammal,FAKE,1,Electronic,audioldm,test,mp3_128,0.9999827387997281,0.5685665621681771,1
seg_001860,sample_00620,Realize Me - Jim Rooster,FAKE,1,Electronic,audioldm,test,mp3_128,0.9695374063651949,0.5685665621681771,1
seg_001861,sample_00620,Realize Me - Jim Rooster,FAKE,1,Electronic,audioldm,test,mp3_128,0.939489410958331,0.5685665621681771,1
seg_001862,sample_00620,Realize Me - Jim Rooster,FAKE,1,Electronic,audioldm,test,mp3_128,0.9828038209735169,0.5685665621681771,1
seg_001881,sample_00627,Support Me in This Moment That I'm About To Lose Heart - Nihilore,FAKE,1,Electronic,audioldm,test,mp3_128,0.9935545315644116,0.5685665621681771,1
seg_001882,sample_00627,Support Me in This Moment That I'm About To Lose Heart - Nihilore,FAKE,1,Electronic,audioldm,test,mp3_128,0.9869748016902702,0.5685665621681771,1
seg_001883,sample_00627,Support Me in This Moment That I'm About To Lose Heart - Nihilore,FAKE,1,Electronic,audioldm,test,mp3_128,0.9998850912828074,0.5685665621681771,1
seg_001911,sample_00637,Dance Harder - Three Chain Links,FAKE,1,Electronic,audioldm,test,mp3_128,0.9915886721882037,0.5685665621681771,1
seg_001912,sample_00637,Dance Harder - Three Chain Links,FAKE,1,Electronic,audioldm,test,mp3_128,0.9959527678806923,0.5685665621681771,1
seg_001913,sample_00637,Dance Harder - Three Chain Links,FAKE,1,Electronic,audioldm,test,mp3_128,0.9926235969428576,0.5685665621681771,1
seg_001914,sample_00638,Yurtology - Michett,FAKE,1,Electronic,audioldm,test,mp3_128,0.9704245644051928,0.5685665621681771,1
seg_001915,sample_00638,Yurtology - Michett,FAKE,1,Electronic,audioldm,test,mp3_128,0.9457011241406057,0.5685665621681771,1
seg_001916,sample_00638,Yurtology - Michett,FAKE,1,Electronic,audioldm,test,mp3_128,0.9873947996254208,0.5685665621681771,1
seg_001932,sample_00644,The Adventures Of Roderick Random - Maps And Diagrams,FAKE,1,Electronic,audioldm,test,mp3_128,0.9989765258309983,0.5685665621681771,1
seg_001933,sample_00644,The Adventures Of Roderick Random - Maps And Diagrams,FAKE,1,Electronic,audioldm,test,mp3_128,0.9859183779067549,0.5685665621681771,1
seg_001934,sample_00644,The Adventures Of Roderick Random - Maps And Diagrams,FAKE,1,Electronic,audioldm,test,mp3_128,0.9996441036763105,0.5685665621681771,1
seg_001962,sample_00654,Night Owl - Broke For Free,FAKE,1,Electronic,audioldm,test,mp3_128,0.9935037026477372,0.5685665621681771,1
seg_001963,sample_00654,Night Owl - Broke For Free,FAKE,1,Electronic,audioldm,test,mp3_128,0.993719190635494,0.5685665621681771,1
seg_001964,sample_00654,Night Owl - Broke For Free,FAKE,1,Electronic,audioldm,test,mp3_128,0.9934218259807391,0.5685665621681771,1
seg_002016,sample_00672,2Much (Andy Spinelli & Alex Sánchez House Edit) - Tentacles,FAKE,1,Electronic,audioldm,test,mp3_128,0.9921687047679124,0.5685665621681771,1
seg_002017,sample_00672,2Much (Andy Spinelli & Alex Sánchez House Edit) - Tentacles,FAKE,1,Electronic,audioldm,test,mp3_128,0.9844585267804978,0.5685665621681771,1
seg_002018,sample_00672,2Much (Andy Spinelli & Alex Sánchez House Edit) - Tentacles,FAKE,1,Electronic,audioldm,test,mp3_128,0.9895648053432259,0.5685665621681771,1
seg_002025,sample_00675,Let's Start Out Slow - RoccoW,FAKE,1,Electronic,audioldm,test,mp3_128,0.9946940069822885,0.5685665621681771,1
seg_002026,sample_00675,Let's Start Out Slow - RoccoW,FAKE,1,Electronic,audioldm,test,mp3_128,0.9934492283134257,0.5685665621681771,1
seg_002027,sample_00675,Let's Start Out Slow - RoccoW,FAKE,1,Electronic,audioldm,test,mp3_128,0.9980808579660967,0.5685665621681771,1
seg_002058,sample_00686,Bizzy - The Tleilaxu Music Machine,FAKE,1,Electronic,audioldm,test,mp3_128,0.9995553971096985,0.5685665621681771,1
seg_002059,sample_00686,Bizzy - The Tleilaxu Music Machine,FAKE,1,Electronic,audioldm,test,mp3_128,0.9989088092177082,0.5685665621681771,1
seg_002060,sample_00686,Bizzy - The Tleilaxu Music Machine,FAKE,1,Electronic,audioldm,test,mp3_128,0.9990612025741044,0.5685665621681771,1
seg_002061,sample_00687,3 am West End - statusq,FAKE,1,Electronic,audioldm,test,mp3_128,0.9989580257376032,0.5685665621681771,1
seg_002062,sample_00687,3 am West End - statusq,FAKE,1,Electronic,audioldm,test,mp3_128,0.9986177654955933,0.5685665621681771,1
seg_002063,sample_00687,3 am West End - statusq,FAKE,1,Electronic,audioldm,test,mp3_128,0.999532492928805,0.5685665621681771,1
seg_002070,sample_00690,Set Fire to Creation - Nihilore,FAKE,1,Electronic,audioldm,test,mp3_128,0.9955481585190915,0.5685665621681771,1
seg_002071,sample_00690,Set Fire to Creation - Nihilore,FAKE,1,Electronic,audioldm,test,mp3_128,0.9977443535232663,0.5685665621681771,1
seg_002072,sample_00690,Set Fire to Creation - Nihilore,FAKE,1,Electronic,audioldm,test,mp3_128,0.9990185974214281,0.5685665621681771,1
seg_002091,sample_00697,End titles - Itsensäsyöjät,FAKE,1,Electronic,audioldm,test,mp3_128,0.9977816544603053,0.5685665621681771,1
seg_002092,sample_00697,End titles - Itsensäsyöjät,FAKE,1,Electronic,audioldm,test,mp3_128,0.983835639391644,0.5685665621681771,1
seg_002093,sample_00697,End titles - Itsensäsyöjät,FAKE,1,Electronic,audioldm,test,mp3_128,0.9891797021081994,0.5685665621681771,1
seg_002115,sample_00705,Something Dirty - Ergo Phizmiz,FAKE,1,Pop,audioldm,test,mp3_128,0.8824922174933785,0.5685665621681771,1
seg_002116,sample_00705,Something Dirty - Ergo Phizmiz,FAKE,1,Pop,audioldm,test,mp3_128,0.9662625542066398,0.5685665621681771,1
seg_002117,sample_00705,Something Dirty - Ergo Phizmiz,FAKE,1,Pop,audioldm,test,mp3_128,0.8969865077947904,0.5685665621681771,1
seg_002127,sample_00709,"Hungry - Oh Yeah, the Future",FAKE,1,Pop,audioldm,test,mp3_128,0.9097813454066764,0.5685665621681771,1
seg_002128,sample_00709,"Hungry - Oh Yeah, the Future",FAKE,1,Pop,audioldm,test,mp3_128,0.931976154744102,0.5685665621681771,1
seg_002129,sample_00709,"Hungry - Oh Yeah, the Future",FAKE,1,Pop,audioldm,test,mp3_128,0.9985766577798884,0.5685665621681771,1
seg_002136,sample_00712,Music For an Underground Circu - Ergo Phizmiz,FAKE,1,Pop,audioldm,test,mp3_128,0.9987512664674888,0.5685665621681771,1
seg_002137,sample_00712,Music For an Underground Circu - Ergo Phizmiz,FAKE,1,Pop,audioldm,test,mp3_128,0.6449188867084812,0.5685665621681771,1
seg_002138,sample_00712,Music For an Underground Circu - Ergo Phizmiz,FAKE,1,Pop,audioldm,test,mp3_128,0.9994930132893908,0.5685665621681771,1
seg_002145,sample_00715,Motocross Mania - Monroeville Music Center,FAKE,1,Pop,audioldm,test,mp3_128,0.955827689116611,0.5685665621681771,1
seg_002146,sample_00715,Motocross Mania - Monroeville Music Center,FAKE,1,Pop,audioldm,test,mp3_128,0.9498271781751969,0.5685665621681771,1
seg_002147,sample_00715,Motocross Mania - Monroeville Music Center,FAKE,1,Pop,audioldm,test,mp3_128,0.9943295596955009,0.5685665621681771,1
seg_002169,sample_00723,Troubles I've seen - Malaventura,FAKE,1,Pop,audioldm,test,mp3_128,0.9977698271626196,0.5685665621681771,1
seg_002170,sample_00723,Troubles I've seen - Malaventura,FAKE,1,Pop,audioldm,test,mp3_128,0.9274890565549144,0.5685665621681771,1
seg_002171,sample_00723,Troubles I've seen - Malaventura,FAKE,1,Pop,audioldm,test,mp3_128,0.9972538492352926,0.5685665621681771,1
seg_002190,sample_00730,Different Day - First,FAKE,1,Pop,audioldm,test,mp3_128,0.9999158483616142,0.5685665621681771,1
seg_002191,sample_00730,Different Day - First,FAKE,1,Pop,audioldm,test,mp3_128,0.9980556332132164,0.5685665621681771,1
seg_002192,sample_00730,Different Day - First,FAKE,1,Pop,audioldm,test,mp3_128,0.9995077817724767,0.5685665621681771,1
seg_002238,sample_00746,She Works / Tepid Waters - Bird Names,FAKE,1,Pop,audioldm,test,mp3_128,0.9813715048022716,0.5685665621681771,1
seg_002239,sample_00746,She Works / Tepid Waters - Bird Names,FAKE,1,Pop,audioldm,test,mp3_128,0.9935899916850028,0.5685665621681771,1
seg_002240,sample_00746,She Works / Tepid Waters - Bird Names,FAKE,1,Pop,audioldm,test,mp3_128,0.9998720100971382,0.5685665621681771,1
seg_002256,sample_00752,Production - Bird Names,FAKE,1,Pop,audioldm,test,mp3_128,0.9934660886182383,0.5685665621681771,1
seg_002257,sample_00752,Production - Bird Names,FAKE,1,Pop,audioldm,test,mp3_128,0.9966302827727258,0.5685665621681771,1
seg_002258,sample_00752,Production - Bird Names,FAKE,1,Pop,audioldm,test,mp3_128,0.9955756612075443,0.5685665621681771,1
seg_002274,sample_00758,"The Pursuit of Unintentional Humor - Oh Yeah, the Future",FAKE,1,Pop,audioldm,test,mp3_128,0.9930739736888617,0.5685665621681771,1
seg_002275,sample_00758,"The Pursuit of Unintentional Humor - Oh Yeah, the Future",FAKE,1,Pop,audioldm,test,mp3_128,0.9749903587271935,0.5685665621681771,1
seg_002276,sample_00758,"The Pursuit of Unintentional Humor - Oh Yeah, the Future",FAKE,1,Pop,audioldm,test,mp3_128,0.9996176661647277,0.5685665621681771,1
seg_002289,sample_00763,El Burrito - Malaventura,FAKE,1,Pop,audioldm,test,mp3_128,0.9964630667848928,0.5685665621681771,1
seg_002290,sample_00763,El Burrito - Malaventura,FAKE,1,Pop,audioldm,test,mp3_128,0.9966889992308207,0.5685665621681771,1
seg_002291,sample_00763,El Burrito - Malaventura,FAKE,1,Pop,audioldm,test,mp3_128,0.9978393822888934,0.5685665621681771,1
seg_002298,sample_00766,Where Is Everything - The Moi Non Plus,FAKE,1,Rock,audioldm,test,mp3_128,0.9698536095423574,0.5685665621681771,1
seg_002299,sample_00766,Where Is Everything - The Moi Non Plus,FAKE,1,Rock,audioldm,test,mp3_128,0.9952600711889821,0.5685665621681771,1
seg_002300,sample_00766,Where Is Everything - The Moi Non Plus,FAKE,1,Rock,audioldm,test,mp3_128,0.9752920101388349,0.5685665621681771,1
seg_002301,sample_00767,Terve Teille - Чокнутый Пропеллер,FAKE,1,Rock,audioldm,test,mp3_128,0.8927755589974536,0.5685665621681771,1
seg_002302,sample_00767,Terve Teille - Чокнутый Пропеллер,FAKE,1,Rock,audioldm,test,mp3_128,0.7749205282730585,0.5685665621681771,1
seg_002303,sample_00767,Terve Teille - Чокнутый Пропеллер,FAKE,1,Rock,audioldm,test,mp3_128,0.9721568170179078,0.5685665621681771,1
seg_002340,sample_00780,Stuttgart - Portrayal,FAKE,1,Rock,audioldm,test,mp3_128,0.9928334452145738,0.5685665621681771,1
seg_002341,sample_00780,Stuttgart - Portrayal,FAKE,1,Rock,audioldm,test,mp3_128,0.9587667696825951,0.5685665621681771,1
seg_002342,sample_00780,Stuttgart - Portrayal,FAKE,1,Rock,audioldm,test,mp3_128,0.980003297237293,0.5685665621681771,1
seg_002361,sample_00787,Love Dream - The Zombie Dandies,FAKE,1,Rock,audioldm,test,mp3_128,0.9982212011673697,0.5685665621681771,1
seg_002362,sample_00787,Love Dream - The Zombie Dandies,FAKE,1,Rock,audioldm,test,mp3_128,0.9992691040240115,0.5685665621681771,1
seg_002363,sample_00787,Love Dream - The Zombie Dandies,FAKE,1,Rock,audioldm,test,mp3_128,0.9999944928698621,0.5685665621681771,1
seg_002382,sample_00794,"Head of Ancante, Talking Tree - Ak'chamel, The Giver of Illness",FAKE,1,Rock,audioldm,test,mp3_128,0.9922422325406314,0.5685665621681771,1
seg_002383,sample_00794,"Head of Ancante, Talking Tree - Ak'chamel, The Giver of Illness",FAKE,1,Rock,audioldm,test,mp3_128,0.9907502016192913,0.5685665621681771,1
seg_002384,sample_00794,"Head of Ancante, Talking Tree - Ak'chamel, The Giver of Illness",FAKE,1,Rock,audioldm,test,mp3_128,0.9896883472622492,0.5685665621681771,1
seg_002391,sample_00797,Who Loves You Dear - Mink Lungs,FAKE,1,Rock,audioldm,test,mp3_128,0.9990873970949379,0.5685665621681771,1
seg_002392,sample_00797,Who Loves You Dear - Mink Lungs,FAKE,1,Rock,audioldm,test,mp3_128,0.9862292390354634,0.5685665621681771,1
seg_002393,sample_00797,Who Loves You Dear - Mink Lungs,FAKE,1,Rock,audioldm,test,mp3_128,0.999425127888601,0.5685665621681771,1
seg_002394,sample_00798,LIQUID SKULLS - voyageurs,FAKE,1,Rock,audioldm,test,mp3_128,0.9988352115426304,0.5685665621681771,1
seg_002395,sample_00798,LIQUID SKULLS - voyageurs,FAKE,1,Rock,audioldm,test,mp3_128,0.9956852836444506,0.5685665621681771,1
seg_002396,sample_00798,LIQUID SKULLS - voyageurs,FAKE,1,Rock,audioldm,test,mp3_128,0.9991456664555668,0.5685665621681771,1
seg_002412,sample_00804,I - Inflammator,FAKE,1,Rock,audioldm,test,mp3_128,0.9999823342633617,0.5685665621681771,1
seg_002413,sample_00804,I - Inflammator,FAKE,1,Rock,audioldm,test,mp3_128,0.9988792739710063,0.5685665621681771,1
seg_002414,sample_00804,I - Inflammator,FAKE,1,Rock,audioldm,test,mp3_128,0.9994456084836255,0.5685665621681771,1
seg_002415,sample_00805,Sfogare Il Dissenso - Deiezione HC,FAKE,1,Rock,audioldm,test,mp3_128,0.944446751750016,0.5685665621681771,1
seg_002416,sample_00805,Sfogare Il Dissenso - Deiezione HC,FAKE,1,Rock,audioldm,test,mp3_128,0.9580985580292881,0.5685665621681771,1
seg_002417,sample_00805,Sfogare Il Dissenso - Deiezione HC,FAKE,1,Rock,audioldm,test,mp3_128,0.9987023141669951,0.5685665621681771,1
seg_002427,sample_00809,Attention - Pete Prodoehl,FAKE,1,Rock,audioldm,test,mp3_128,0.9991548651510651,0.5685665621681771,1
seg_002428,sample_00809,Attention - Pete Prodoehl,FAKE,1,Rock,audioldm,test,mp3_128,0.9991675825389218,0.5685665621681771,1
seg_002429,sample_00809,Attention - Pete Prodoehl,FAKE,1,Rock,audioldm,test,mp3_128,0.9996800854308556,0.5685665621681771,1
seg_002469,sample_00823,L'arbre - Salmo,FAKE,1,Rock,audioldm,test,mp3_128,0.993823978881172,0.5685665621681771,1
seg_002470,sample_00823,L'arbre - Salmo,FAKE,1,Rock,audioldm,test,mp3_128,0.9956119472924321,0.5685665621681771,1
seg_002471,sample_00823,L'arbre - Salmo,FAKE,1,Rock,audioldm,test,mp3_128,0.9986084767390373,0.5685665621681771,1
seg_002562,sample_00854,Leaving Here - Mod Fun,FAKE,1,Rock,audioldm,test,mp3_128,0.9960006103703225,0.5685665621681771,1
seg_002563,sample_00854,Leaving Here - Mod Fun,FAKE,1,Rock,audioldm,test,mp3_128,0.9899902963767555,0.5685665621681771,1
seg_002564,sample_00854,Leaving Here - Mod Fun,FAKE,1,Rock,audioldm,test,mp3_128,0.9949093232740109,0.5685665621681771,1
seg_002580,sample_00860,Puertas de Fuego - Guerra de Cerdos,FAKE,1,Rock,audioldm,test,mp3_128,0.9999184396108024,0.5685665621681771,1
seg_002581,sample_00860,Puertas de Fuego - Guerra de Cerdos,FAKE,1,Rock,audioldm,test,mp3_128,0.9998438630703202,0.5685665621681771,1
seg_002582,sample_00860,Puertas de Fuego - Guerra de Cerdos,FAKE,1,Rock,audioldm,test,mp3_128,0.9998862487885912,0.5685665621681771,1
seg_002583,sample_00861,Sonzis FM - Pipe Choir,FAKE,1,Rock,audioldm,test,mp3_128,0.9453230833315617,0.5685665621681771,1
seg_002584,sample_00861,Sonzis FM - Pipe Choir,FAKE,1,Rock,audioldm,test,mp3_128,0.9989381999794326,0.5685665621681771,1
seg_002585,sample_00861,Sonzis FM - Pipe Choir,FAKE,1,Rock,audioldm,test,mp3_128,0.9900696651679755,0.5685665621681771,1
seg_002589,sample_00863,5 (Lexington) - Isle of Pine,FAKE,1,Rock,audioldm,test,mp3_128,0.9982374258112641,0.5685665621681771,1
seg_002590,sample_00863,5 (Lexington) - Isle of Pine,FAKE,1,Rock,audioldm,test,mp3_128,0.991556175130504,0.5685665621681771,1
seg_002591,sample_00863,5 (Lexington) - Isle of Pine,FAKE,1,Rock,audioldm,test,mp3_128,0.9998678444212009,0.5685665621681771,1
seg_002601,sample_00867,Moja Krypta - AmortE,FAKE,1,Rock,audioldm,test,mp3_128,0.9968849180325582,0.5685665621681771,1
seg_002602,sample_00867,Moja Krypta - AmortE,FAKE,1,Rock,audioldm,test,mp3_128,0.9540185660147119,0.5685665621681771,1
seg_002603,sample_00867,Moja Krypta - AmortE,FAKE,1,Rock,audioldm,test,mp3_128,0.9999975868953568,0.5685665621681771,1
seg_002619,sample_00873,Untitled - Fatal Injection,FAKE,1,Rock,audioldm,test,mp3_128,0.999420022927594,0.5685665621681771,1
seg_002620,sample_00873,Untitled - Fatal Injection,FAKE,1,Rock,audioldm,test,mp3_128,0.9987433467088661,0.5685665621681771,1
seg_002621,sample_00873,Untitled - Fatal Injection,FAKE,1,Rock,audioldm,test,mp3_128,0.9992721927106814,0.5685665621681771,1
seg_002700,sample_00900,Dance Harder - Three Chain Links,FAKE,1,Electronic,brev,test,mp3_128,0.9874087470649935,0.5685665621681771,1
seg_002701,sample_00900,Dance Harder - Three Chain Links,FAKE,1,Electronic,brev,test,mp3_128,0.957672638281325,0.5685665621681771,1
seg_002702,sample_00900,Dance Harder - Three Chain Links,FAKE,1,Electronic,brev,test,mp3_128,0.990885479588884,0.5685665621681771,1
seg_002703,sample_00901,Dance Harder - Three Chain Links,FAKE,1,Electronic,brev,test,mp3_128,0.9954253190530897,0.5685665621681771,1
seg_002704,sample_00901,Dance Harder - Three Chain Links,FAKE,1,Electronic,brev,test,mp3_128,0.5005291402926555,0.5685665621681771,0
seg_002705,sample_00901,Dance Harder - Three Chain Links,FAKE,1,Electronic,brev,test,mp3_128,0.9988479840810536,0.5685665621681771,1
seg_002730,sample_00910,Fuckaboing - RoccoW,FAKE,1,Electronic,brev,test,mp3_128,0.9288705406108965,0.5685665621681771,1
seg_002731,sample_00910,Fuckaboing - RoccoW,FAKE,1,Electronic,brev,test,mp3_128,0.6604566131225779,0.5685665621681771,1
seg_002732,sample_00910,Fuckaboing - RoccoW,FAKE,1,Electronic,brev,test,mp3_128,0.9849449992546124,0.5685665621681771,1
seg_002733,sample_00911,Fuckaboing - RoccoW,FAKE,1,Electronic,brev,test,mp3_128,0.9559326802392015,0.5685665621681771,1
seg_002734,sample_00911,Fuckaboing - RoccoW,FAKE,1,Electronic,brev,test,mp3_128,0.8618337005355492,0.5685665621681771,1
seg_002735,sample_00911,Fuckaboing - RoccoW,FAKE,1,Electronic,brev,test,mp3_128,0.9584869471610669,0.5685665621681771,1
seg_002778,sample_00926,Night Owl - Broke For Free,FAKE,1,Electronic,brev,test,mp3_128,0.9931901132117222,0.5685665621681771,1
seg_002779,sample_00926,Night Owl - Broke For Free,FAKE,1,Electronic,brev,test,mp3_128,0.9850499703272533,0.5685665621681771,1
seg_002780,sample_00926,Night Owl - Broke For Free,FAKE,1,Electronic,brev,test,mp3_128,0.9854775396573556,0.5685665621681771,1
seg_002781,sample_00927,Night Owl - Broke For Free,FAKE,1,Electronic,brev,test,mp3_128,0.9882855534010382,0.5685665621681771,1
seg_002782,sample_00927,Night Owl - Broke For Free,FAKE,1,Electronic,brev,test,mp3_128,0.9991536473523391,0.5685665621681771,1
seg_002783,sample_00927,Night Owl - Broke For Free,FAKE,1,Electronic,brev,test,mp3_128,0.9884511528599792,0.5685665621681771,1
seg_002838,sample_00946,Pista Afuera - Epstein,FAKE,1,Electronic,brev,test,mp3_128,0.9981091406226138,0.5685665621681771,1
seg_002839,sample_00946,Pista Afuera - Epstein,FAKE,1,Electronic,brev,test,mp3_128,0.9981471700839067,0.5685665621681771,1
seg_002840,sample_00946,Pista Afuera - Epstein,FAKE,1,Electronic,brev,test,mp3_128,0.9998536862068418,0.5685665621681771,1
seg_002841,sample_00947,Pista Afuera - Epstein,FAKE,1,Electronic,brev,test,mp3_128,0.9995464868088701,0.5685665621681771,1
seg_002842,sample_00947,Pista Afuera - Epstein,FAKE,1,Electronic,brev,test,mp3_128,0.9986200727143152,0.5685665621681771,1
seg_002843,sample_00947,Pista Afuera - Epstein,FAKE,1,Electronic,brev,test,mp3_128,0.9981196505821988,0.5685665621681771,1
seg_002850,sample_00950,Realize Me - Jim Rooster,FAKE,1,Electronic,brev,test,mp3_128,0.9610839814412139,0.5685665621681771,1
seg_002851,sample_00950,Realize Me - Jim Rooster,FAKE,1,Electronic,brev,test,mp3_128,0.9756639955655578,0.5685665621681771,1
seg_002852,sample_00950,Realize Me - Jim Rooster,FAKE,1,Electronic,brev,test,mp3_128,0.9988180591683004,0.5685665621681771,1
seg_002853,sample_00951,Realize Me - Jim Rooster,FAKE,1,Electronic,brev,test,mp3_128,0.9809306785193047,0.5685665621681771,1
seg_002854,sample_00951,Realize Me - Jim Rooster,FAKE,1,Electronic,brev,test,mp3_128,0.9946600593885515,0.5685665621681771,1
seg_002855,sample_00951,Realize Me - Jim Rooster,FAKE,1,Electronic,brev,test,mp3_128,0.9967689456630183,0.5685665621681771,1
seg_002856,sample_00952,Resistentialism - Nihilore,FAKE,1,Electronic,brev,test,mp3_128,0.9923350748457521,0.5685665621681771,1
seg_002857,sample_00952,Resistentialism - Nihilore,FAKE,1,Electronic,brev,test,mp3_128,0.9718437103019978,0.5685665621681771,1
seg_002858,sample_00952,Resistentialism - Nihilore,FAKE,1,Electronic,brev,test,mp3_128,0.9998781032890272,0.5685665621681771,1
seg_002859,sample_00953,Resistentialism - Nihilore,FAKE,1,Electronic,brev,test,mp3_128,0.9896602692754879,0.5685665621681771,1
seg_002860,sample_00953,Resistentialism - Nihilore,FAKE,1,Electronic,brev,test,mp3_128,0.9894141432993036,0.5685665621681771,1
seg_002861,sample_00953,Resistentialism - Nihilore,FAKE,1,Electronic,brev,test,mp3_128,0.9997486364561647,0.5685665621681771,1
seg_002922,sample_00974,Ugh! Humans Can Join - Mystery Mammal,FAKE,1,Electronic,brev,test,mp3_128,0.9961829203605902,0.5685665621681771,1
seg_002923,sample_00974,Ugh! Humans Can Join - Mystery Mammal,FAKE,1,Electronic,brev,test,mp3_128,0.8869978965568559,0.5685665621681771,1
seg_002924,sample_00974,Ugh! Humans Can Join - Mystery Mammal,FAKE,1,Electronic,brev,test,mp3_128,0.9950162748474217,0.5685665621681771,1
seg_002925,sample_00975,Ugh! Humans Can Join - Mystery Mammal,FAKE,1,Electronic,brev,test,mp3_128,0.9915364594519809,0.5685665621681771,1
seg_002926,sample_00975,Ugh! Humans Can Join - Mystery Mammal,FAKE,1,Electronic,brev,test,mp3_128,0.9887721651845213,0.5685665621681771,1
seg_002927,sample_00975,Ugh! Humans Can Join - Mystery Mammal,FAKE,1,Electronic,brev,test,mp3_128,0.999134034924367,0.5685665621681771,1
seg_002976,sample_00992,Different Day - First,FAKE,1,Pop,brev,test,mp3_128,0.9928219753078963,0.5685665621681771,1
seg_002977,sample_00992,Different Day - First,FAKE,1,Pop,brev,test,mp3_128,0.9699500343982952,0.5685665621681771,1
seg_002978,sample_00992,Different Day - First,FAKE,1,Pop,brev,test,mp3_128,0.9904674667342185,0.5685665621681771,1
seg_002979,sample_00993,Different Day - First,FAKE,1,Pop,brev,test,mp3_128,0.9235722061083206,0.5685665621681771,1
seg_002980,sample_00993,Different Day - First,FAKE,1,Pop,brev,test,mp3_128,0.9792734882741442,0.5685665621681771,1
seg_002981,sample_00993,Different Day - First,FAKE,1,Pop,brev,test,mp3_128,0.949584623509842,0.5685665621681771,1
seg_003006,sample_01002,"Hungry - Oh Yeah, the Future",FAKE,1,Pop,brev,test,mp3_128,0.6420268788853936,0.5685665621681771,1
seg_003007,sample_01002,"Hungry - Oh Yeah, the Future",FAKE,1,Pop,brev,test,mp3_128,0.5175492878124532,0.5685665621681771,0
seg_003008,sample_01002,"Hungry - Oh Yeah, the Future",FAKE,1,Pop,brev,test,mp3_128,0.9991840522202614,0.5685665621681771,1
seg_003009,sample_01003,"Hungry - Oh Yeah, the Future",FAKE,1,Pop,brev,test,mp3_128,0.9994639226727072,0.5685665621681771,1
seg_003010,sample_01003,"Hungry - Oh Yeah, the Future",FAKE,1,Pop,brev,test,mp3_128,0.8374176518313254,0.5685665621681771,1
seg_003011,sample_01003,"Hungry - Oh Yeah, the Future",FAKE,1,Pop,brev,test,mp3_128,0.9987214536523631,0.5685665621681771,1
seg_003072,sample_01024,Motocross Mania - Monroeville Music Center,FAKE,1,Pop,brev,test,mp3_128,0.9676791983518142,0.5685665621681771,1
seg_003073,sample_01024,Motocross Mania - Monroeville Music Center,FAKE,1,Pop,brev,test,mp3_128,0.9352424146220374,0.5685665621681771,1
seg_003074,sample_01024,Motocross Mania - Monroeville Music Center,FAKE,1,Pop,brev,test,mp3_128,0.9904803732741826,0.5685665621681771,1
seg_003075,sample_01025,Motocross Mania - Monroeville Music Center,FAKE,1,Pop,brev,test,mp3_128,0.5742545746205994,0.5685665621681771,1
seg_003076,sample_01025,Motocross Mania - Monroeville Music Center,FAKE,1,Pop,brev,test,mp3_128,0.9826710265775024,0.5685665621681771,1
seg_003077,sample_01025,Motocross Mania - Monroeville Music Center,FAKE,1,Pop,brev,test,mp3_128,0.9934256009570998,0.5685665621681771,1
seg_003078,sample_01026,Music For an Underground Circu - Ergo Phizmiz,FAKE,1,Pop,brev,test,mp3_128,0.9732871740148678,0.5685665621681771,1
seg_003079,sample_01026,Music For an Underground Circu - Ergo Phizmiz,FAKE,1,Pop,brev,test,mp3_128,0.3869401755882684,0.5685665621681771,0
seg_003080,sample_01026,Music For an Underground Circu - Ergo Phizmiz,FAKE,1,Pop,brev,test,mp3_128,0.826977969619367,0.5685665621681771,1
seg_003081,sample_01027,Music For an Underground Circu - Ergo Phizmiz,FAKE,1,Pop,brev,test,mp3_128,0.9743319126731274,0.5685665621681771,1
seg_003082,sample_01027,Music For an Underground Circu - Ergo Phizmiz,FAKE,1,Pop,brev,test,mp3_128,0.8752811490796384,0.5685665621681771,1
seg_003083,sample_01027,Music For an Underground Circu - Ergo Phizmiz,FAKE,1,Pop,brev,test,mp3_128,0.9729503120706151,0.5685665621681771,1
seg_003138,sample_01046,She Works / Tepid Waters - Bird Names,FAKE,1,Pop,brev,test,mp3_128,0.9969001385652951,0.5685665621681771,1
seg_003139,sample_01046,She Works / Tepid Waters - Bird Names,FAKE,1,Pop,brev,test,mp3_128,0.9746051014928593,0.5685665621681771,1
seg_003140,sample_01046,She Works / Tepid Waters - Bird Names,FAKE,1,Pop,brev,test,mp3_128,0.9995601749157765,0.5685665621681771,1
seg_003141,sample_01047,She Works / Tepid Waters - Bird Names,FAKE,1,Pop,brev,test,mp3_128,0.9299505907618856,0.5685665621681771,1
seg_003142,sample_01047,She Works / Tepid Waters - Bird Names,FAKE,1,Pop,brev,test,mp3_128,0.7895249007178683,0.5685665621681771,1
seg_003143,sample_01047,She Works / Tepid Waters - Bird Names,FAKE,1,Pop,brev,test,mp3_128,0.9993415557431222,0.5685665621681771,1
seg_003150,sample_01050,Something Dirty - Ergo Phizmiz,FAKE,1,Pop,brev,test,mp3_128,0.9620510181513942,0.5685665621681771,1
seg_003151,sample_01050,Something Dirty - Ergo Phizmiz,FAKE,1,Pop,brev,test,mp3_128,0.7634359140763127,0.5685665621681771,1
seg_003152,sample_01050,Something Dirty - Ergo Phizmiz,FAKE,1,Pop,brev,test,mp3_128,0.9646466927610691,0.5685665621681771,1
seg_003153,sample_01051,Something Dirty - Ergo Phizmiz,FAKE,1,Pop,brev,test,mp3_128,0.7251061262085242,0.5685665621681771,1
seg_003154,sample_01051,Something Dirty - Ergo Phizmiz,FAKE,1,Pop,brev,test,mp3_128,0.9753373450735988,0.5685665621681771,1
seg_003155,sample_01051,Something Dirty - Ergo Phizmiz,FAKE,1,Pop,brev,test,mp3_128,0.9932527511663043,0.5685665621681771,1
seg_003210,sample_01070,Troubles I've seen - Malaventura,FAKE,1,Pop,brev,test,mp3_128,0.9089872501487241,0.5685665621681771,1
seg_003211,sample_01070,Troubles I've seen - Malaventura,FAKE,1,Pop,brev,test,mp3_128,0.8898838460302405,0.5685665621681771,1
seg_003212,sample_01070,Troubles I've seen - Malaventura,FAKE,1,Pop,brev,test,mp3_128,0.9796783315358198,0.5685665621681771,1
seg_003213,sample_01071,Troubles I've seen - Malaventura,FAKE,1,Pop,brev,test,mp3_128,0.9576199401702905,0.5685665621681771,1
seg_003214,sample_01071,Troubles I've seen - Malaventura,FAKE,1,Pop,brev,test,mp3_128,0.9608890708303884,0.5685665621681771,1
seg_003215,sample_01071,Troubles I've seen - Malaventura,FAKE,1,Pop,brev,test,mp3_128,0.9989944651034505,0.5685665621681771,1
seg_003252,sample_01084,Attention - Pete Prodoehl,FAKE,1,Rock,brev,test,mp3_128,0.9968245322718844,0.5685665621681771,1
seg_003253,sample_01084,Attention - Pete Prodoehl,FAKE,1,Rock,brev,test,mp3_128,0.9897304572434145,0.5685665621681771,1
seg_003254,sample_01084,Attention - Pete Prodoehl,FAKE,1,Rock,brev,test,mp3_128,0.999911109245467,0.5685665621681771,1
seg_003255,sample_01085,Attention - Pete Prodoehl,FAKE,1,Rock,brev,test,mp3_128,0.9962157639651973,0.5685665621681771,1
seg_003256,sample_01085,Attention - Pete Prodoehl,FAKE,1,Rock,brev,test,mp3_128,0.9832843988715078,0.5685665621681771,1
seg_003257,sample_01085,Attention - Pete Prodoehl,FAKE,1,Rock,brev,test,mp3_128,0.9987815673490805,0.5685665621681771,1
seg_003300,sample_01100,"Head of Ancante, Talking Tree - Ak'chamel, The Giver of Illness",FAKE,1,Rock,brev,test,mp3_128,0.9926324714545829,0.5685665621681771,1
seg_003301,sample_01100,"Head of Ancante, Talking Tree - Ak'chamel, The Giver of Illness",FAKE,1,Rock,brev,test,mp3_128,0.7597818608383556,0.5685665621681771,1
seg_003302,sample_01100,"Head of Ancante, Talking Tree - Ak'chamel, The Giver of Illness",FAKE,1,Rock,brev,test,mp3_128,0.8591135351622146,0.5685665621681771,1
seg_003303,sample_01101,"Head of Ancante, Talking Tree - Ak'chamel, The Giver of Illness",FAKE,1,Rock,brev,test,mp3_128,0.9916284268696159,0.5685665621681771,1
seg_003304,sample_01101,"Head of Ancante, Talking Tree - Ak'chamel, The Giver of Illness",FAKE,1,Rock,brev,test,mp3_128,0.9555633658099056,0.5685665621681771,1
seg_003305,sample_01101,"Head of Ancante, Talking Tree - Ak'chamel, The Giver of Illness",FAKE,1,Rock,brev,test,mp3_128,0.9597139482598863,0.5685665621681771,1
seg_003324,sample_01108,I - Inflammator,FAKE,1,Rock,brev,test,mp3_128,0.9877553621947799,0.5685665621681771,1
seg_003325,sample_01108,I - Inflammator,FAKE,1,Rock,brev,test,mp3_128,0.9564457858586511,0.5685665621681771,1
seg_003326,sample_01108,I - Inflammator,FAKE,1,Rock,brev,test,mp3_128,0.9943436234214154,0.5685665621681771,1
seg_003327,sample_01109,I - Inflammator,FAKE,1,Rock,brev,test,mp3_128,0.7220258315737228,0.5685665621681771,1
seg_003328,sample_01109,I - Inflammator,FAKE,1,Rock,brev,test,mp3_128,0.6481712772322855,0.5685665621681771,1
seg_003329,sample_01109,I - Inflammator,FAKE,1,Rock,brev,test,mp3_128,0.9906310152725466,0.5685665621681771,1
seg_003342,sample_01114,LIQUID SKULLS - voyageurs,FAKE,1,Rock,brev,test,mp3_128,0.9834897694523672,0.5685665621681771,1
seg_003343,sample_01114,LIQUID SKULLS - voyageurs,FAKE,1,Rock,brev,test,mp3_128,0.9075211547009833,0.5685665621681771,1
seg_003344,sample_01114,LIQUID SKULLS - voyageurs,FAKE,1,Rock,brev,test,mp3_128,0.9761205702889221,0.5685665621681771,1
seg_003345,sample_01115,LIQUID SKULLS - voyageurs,FAKE,1,Rock,brev,test,mp3_128,0.9904666677725608,0.5685665621681771,1
seg_003346,sample_01115,LIQUID SKULLS - voyageurs,FAKE,1,Rock,brev,test,mp3_128,0.8049428186410773,0.5685665621681771,1
seg_003347,sample_01115,LIQUID SKULLS - voyageurs,FAKE,1,Rock,brev,test,mp3_128,0.9915460066282297,0.5685665621681771,1
seg_003354,sample_01118,Love Dream - The Zombie Dandies,FAKE,1,Rock,brev,test,mp3_128,0.43292731457112005,0.5685665621681771,0
seg_003355,sample_01118,Love Dream - The Zombie Dandies,FAKE,1,Rock,brev,test,mp3_128,0.5624474174267012,0.5685665621681771,0
seg_003356,sample_01118,Love Dream - The Zombie Dandies,FAKE,1,Rock,brev,test,mp3_128,0.9850026596133826,0.5685665621681771,1
seg_003357,sample_01119,Love Dream - The Zombie Dandies,FAKE,1,Rock,brev,test,mp3_128,0.9655371236008883,0.5685665621681771,1
seg_003358,sample_01119,Love Dream - The Zombie Dandies,FAKE,1,Rock,brev,test,mp3_128,0.7900673558007263,0.5685665621681771,1
seg_003359,sample_01119,Love Dream - The Zombie Dandies,FAKE,1,Rock,brev,test,mp3_128,0.9966191096518875,0.5685665621681771,1
seg_003432,sample_01144,Sfogare Il Dissenso - Deiezione HC,FAKE,1,Rock,brev,test,mp3_128,0.8259343075743537,0.5685665621681771,1
seg_003433,sample_01144,Sfogare Il Dissenso - Deiezione HC,FAKE,1,Rock,brev,test,mp3_128,0.9856289751347557,0.5685665621681771,1
seg_003434,sample_01144,Sfogare Il Dissenso - Deiezione HC,FAKE,1,Rock,brev,test,mp3_128,0.9961325043107786,0.5685665621681771,1
seg_003435,sample_01145,Sfogare Il Dissenso - Deiezione HC,FAKE,1,Rock,brev,test,mp3_128,0.8606382401035869,0.5685665621681771,1
seg_003436,sample_01145,Sfogare Il Dissenso - Deiezione HC,FAKE,1,Rock,brev,test,mp3_128,0.9375968446389122,0.5685665621681771,1
seg_003437,sample_01145,Sfogare Il Dissenso - Deiezione HC,FAKE,1,Rock,brev,test,mp3_128,0.9947412098148442,0.5685665621681771,1
seg_003456,sample_01152,Stuttgart - Portrayal,FAKE,1,Rock,brev,test,mp3_128,0.996910583200771,0.5685665621681771,1
seg_003457,sample_01152,Stuttgart - Portrayal,FAKE,1,Rock,brev,test,mp3_128,0.9517675342115245,0.5685665621681771,1
seg_003458,sample_01152,Stuttgart - Portrayal,FAKE,1,Rock,brev,test,mp3_128,0.9998421958058902,0.5685665621681771,1
seg_003459,sample_01153,Stuttgart - Portrayal,FAKE,1,Rock,brev,test,mp3_128,0.7415673138034247,0.5685665621681771,1
seg_003460,sample_01153,Stuttgart - Portrayal,FAKE,1,Rock,brev,test,mp3_128,0.6933290110125814,0.5685665621681771,1
seg_003461,sample_01153,Stuttgart - Portrayal,FAKE,1,Rock,brev,test,mp3_128,0.9956186842697481,0.5685665621681771,1
seg_003462,sample_01154,Terve Teille - Чокнутый Пропеллер,FAKE,1,Rock,brev,test,mp3_128,0.9507013660893495,0.5685665621681771,1
seg_003463,sample_01154,Terve Teille - Чокнутый Пропеллер,FAKE,1,Rock,brev,test,mp3_128,0.8487305700237575,0.5685665621681771,1
seg_003464,sample_01154,Terve Teille - Чокнутый Пропеллер,FAKE,1,Rock,brev,test,mp3_128,0.9987246133507492,0.5685665621681771,1
seg_003465,sample_01155,Terve Teille - Чокнутый Пропеллер,FAKE,1,Rock,brev,test,mp3_128,0.9667841223962862,0.5685665621681771,1
seg_003466,sample_01155,Terve Teille - Чокнутый Пропеллер,FAKE,1,Rock,brev,test,mp3_128,0.9612909671536629,0.5685665621681771,1
seg_003467,sample_01155,Terve Teille - Чокнутый Пропеллер,FAKE,1,Rock,brev,test,mp3_128,0.9973891705911959,0.5685665621681771,1
seg_003504,sample_01168,Where Is Everything - The Moi Non Plus,FAKE,1,Rock,brev,test,mp3_128,0.9962747293616375,0.5685665621681771,1
seg_003505,sample_01168,Where Is Everything - The Moi Non Plus,FAKE,1,Rock,brev,test,mp3_128,0.907196361113123,0.5685665621681771,1
seg_003506,sample_01168,Where Is Everything - The Moi Non Plus,FAKE,1,Rock,brev,test,mp3_128,0.9968293272314745,0.5685665621681771,1
seg_003507,sample_01169,Where Is Everything - The Moi Non Plus,FAKE,1,Rock,brev,test,mp3_128,0.988435810436202,0.5685665621681771,1
seg_003508,sample_01169,Where Is Everything - The Moi Non Plus,FAKE,1,Rock,brev,test,mp3_128,0.6584061193653291,0.5685665621681771,1
seg_003509,sample_01169,Where Is Everything - The Moi Non Plus,FAKE,1,Rock,brev,test,mp3_128,0.959233160717035,0.5685665621681771,1
seg_003510,sample_01170,Who Loves You Dear - Mink Lungs,FAKE,1,Rock,brev,test,mp3_128,0.7066732231969706,0.5685665621681771,1
seg_003511,sample_01170,Who Loves You Dear - Mink Lungs,FAKE,1,Rock,brev,test,mp3_128,0.760645906645178,0.5685665621681771,1
seg_003512,sample_01170,Who Loves You Dear - Mink Lungs,FAKE,1,Rock,brev,test,mp3_128,0.9887378058797838,0.5685665621681771,1
seg_003513,sample_01171,Who Loves You Dear - Mink Lungs,FAKE,1,Rock,brev,test,mp3_128,0.9408727912355281,0.5685665621681771,1
seg_003514,sample_01171,Who Loves You Dear - Mink Lungs,FAKE,1,Rock,brev,test,mp3_128,0.7187156467658209,0.5685665621681771,1
seg_003515,sample_01171,Who Loves You Dear - Mink Lungs,FAKE,1,Rock,brev,test,mp3_128,0.9999463373809181,0.5685665621681771,1
seg_003543,sample_01181,2Much (Andy Spinelli & Alex Sánchez House Edit) - Tentacles,FAKE,1,Electronic,diffrhythm,test,mp3_128,0.997049654478112,0.5685665621681771,1
seg_003544,sample_01181,2Much (Andy Spinelli & Alex Sánchez House Edit) - Tentacles,FAKE,1,Electronic,diffrhythm,test,mp3_128,0.9927126300619167,0.5685665621681771,1
seg_003545,sample_01181,2Much (Andy Spinelli & Alex Sánchez House Edit) - Tentacles,FAKE,1,Electronic,diffrhythm,test,mp3_128,0.9863435102559098,0.5685665621681771,1
seg_003546,sample_01182,3 am West End - statusq,FAKE,1,Electronic,diffrhythm,test,mp3_128,0.9819820162848706,0.5685665621681771,1
seg_003547,sample_01182,3 am West End - statusq,FAKE,1,Electronic,diffrhythm,test,mp3_128,0.7114346319752454,0.5685665621681771,1
seg_003548,sample_01182,3 am West End - statusq,FAKE,1,Electronic,diffrhythm,test,mp3_128,0.9976915572913456,0.5685665621681771,1
seg_003582,sample_01194,Bizzy - The Tleilaxu Music Machine,FAKE,1,Electronic,diffrhythm,test,mp3_128,0.99941769816545,0.5685665621681771,1
seg_003583,sample_01194,Bizzy - The Tleilaxu Music Machine,FAKE,1,Electronic,diffrhythm,test,mp3_128,0.9172789122723184,0.5685665621681771,1
seg_003584,sample_01194,Bizzy - The Tleilaxu Music Machine,FAKE,1,Electronic,diffrhythm,test,mp3_128,0.9990317159936876,0.5685665621681771,1
seg_003600,sample_01200,Dance Harder - Three Chain Links,FAKE,1,Electronic,diffrhythm,test,mp3_128,0.9853177334322601,0.5685665621681771,1
seg_003601,sample_01200,Dance Harder - Three Chain Links,FAKE,1,Electronic,diffrhythm,test,mp3_128,0.9958285067684504,0.5685665621681771,1
seg_003602,sample_01200,Dance Harder - Three Chain Links,FAKE,1,Electronic,diffrhythm,test,mp3_128,0.9983857267382978,0.5685665621681771,1
seg_003627,sample_01209,End titles - Itsensäsyöjät,FAKE,1,Electronic,diffrhythm,test,mp3_128,0.9950678371555098,0.5685665621681771,1
seg_003628,sample_01209,End titles - Itsensäsyöjät,FAKE,1,Electronic,diffrhythm,test,mp3_128,0.984202010809168,0.5685665621681771,1
seg_003629,sample_01209,End titles - Itsensäsyöjät,FAKE,1,Electronic,diffrhythm,test,mp3_128,0.9991661364748464,0.5685665621681771,1
seg_003648,sample_01216,Fuckaboing - RoccoW,FAKE,1,Electronic,diffrhythm,test,mp3_128,0.9894241138756442,0.5685665621681771,1
seg_003649,sample_01216,Fuckaboing - RoccoW,FAKE,1,Electronic,diffrhythm,test,mp3_128,0.9136728481505406,0.5685665621681771,1
seg_003650,sample_01216,Fuckaboing - RoccoW,FAKE,1,Electronic,diffrhythm,test,mp3_128,0.9568775212425602,0.5685665621681771,1
seg_003690,sample_01230,Let's Start Out Slow - RoccoW,FAKE,1,Electronic,diffrhythm,test,mp3_128,0.9462705040958493,0.5685665621681771,1
seg_003691,sample_01230,Let's Start Out Slow - RoccoW,FAKE,1,Electronic,diffrhythm,test,mp3_128,0.9602385785962382,0.5685665621681771,1
seg_003692,sample_01230,Let's Start Out Slow - RoccoW,FAKE,1,Electronic,diffrhythm,test,mp3_128,0.998620189874055,0.5685665621681771,1
seg_003693,sample_01231,Let You're Body Move - D SMILEZ,FAKE,1,Electronic,diffrhythm,test,mp3_128,0.9635732145257083,0.5685665621681771,1
seg_003694,sample_01231,Let You're Body Move - D SMILEZ,FAKE,1,Electronic,diffrhythm,test,mp3_128,0.9957753099618845,0.5685665621681771,1
seg_003695,sample_01231,Let You're Body Move - D SMILEZ,FAKE,1,Electronic,diffrhythm,test,mp3_128,0.9952101735364658,0.5685665621681771,1
seg_003720,sample_01240,Night Owl - Broke For Free,FAKE,1,Electronic,diffrhythm,test,mp3_128,0.9988599105566814,0.5685665621681771,1
seg_003721,sample_01240,Night Owl - Broke For Free,FAKE,1,Electronic,diffrhythm,test,mp3_128,0.9981769281344172,0.5685665621681771,1
seg_003722,sample_01240,Night Owl - Broke For Free,FAKE,1,Electronic,diffrhythm,test,mp3_128,0.999514578904205,0.5685665621681771,1
seg_003753,sample_01251,Pista Afuera - Epstein,FAKE,1,Electronic,diffrhythm,test,mp3_128,0.9899539253192778,0.5685665621681771,1
seg_003754,sample_01251,Pista Afuera - Epstein,FAKE,1,Electronic,diffrhythm,test,mp3_128,0.986635783380695,0.5685665621681771,1
seg_003755,sample_01251,Pista Afuera - Epstein,FAKE,1,Electronic,diffrhythm,test,mp3_128,0.8182024464706916,0.5685665621681771,1
seg_003762,sample_01254,Realize Me - Jim Rooster,FAKE,1,Electronic,diffrhythm,test,mp3_128,0.9912083767508761,0.5685665621681771,1
seg_003763,sample_01254,Realize Me - Jim Rooster,FAKE,1,Electronic,diffrhythm,test,mp3_128,0.9623477027244793,0.5685665621681771,1
seg_003764,sample_01254,Realize Me - Jim Rooster,FAKE,1,Electronic,diffrhythm,test,mp3_128,0.9997345742974935,0.5685665621681771,1
seg_003765,sample_01255,Resistentialism - Nihilore,FAKE,1,Electronic,diffrhythm,test,mp3_128,0.9997545063150058,0.5685665621681771,1
seg_003766,sample_01255,Resistentialism - Nihilore,FAKE,1,Electronic,diffrhythm,test,mp3_128,0.9770872925012158,0.5685665621681771,1
seg_003767,sample_01255,Resistentialism - Nihilore,FAKE,1,Electronic,diffrhythm,test,mp3_128,0.9996807500104946,0.5685665621681771,1
seg_003786,sample_01262,Set Fire to Creation - Nihilore,FAKE,1,Electronic,diffrhythm,test,mp3_128,0.9932989691074525,0.5685665621681771,1
seg_003787,sample_01262,Set Fire to Creation - Nihilore,FAKE,1,Electronic,diffrhythm,test,mp3_128,0.9965887694174623,0.5685665621681771,1
seg_003788,sample_01262,Set Fire to Creation - Nihilore,FAKE,1,Electronic,diffrhythm,test,mp3_128,0.9996234137742921,0.5685665621681771,1
seg_003807,sample_01269,Support Me in This Moment That I'm About To Lose Heart - Nihilore,FAKE,1,Electronic,diffrhythm,test,mp3_128,0.9911317253296372,0.5685665621681771,1
seg_003808,sample_01269,Support Me in This Moment That I'm About To Lose Heart - Nihilore,FAKE,1,Electronic,diffrhythm,test,mp3_128,0.5418977604628606,0.5685665621681771,0
seg_003809,sample_01269,Support Me in This Moment That I'm About To Lose Heart - Nihilore,FAKE,1,Electronic,diffrhythm,test,mp3_128,0.9968000073215868,0.5685665621681771,1
seg_003819,sample_01273,The Adventures Of Roderick Random - Maps And Diagrams,FAKE,1,Electronic,diffrhythm,test,mp3_128,0.9989820327026337,0.5685665621681771,1
seg_003820,sample_01273,The Adventures Of Roderick Random - Maps And Diagrams,FAKE,1,Electronic,diffrhythm,test,mp3_128,0.8335096596706707,0.5685665621681771,1
seg_003821,sample_01273,The Adventures Of Roderick Random - Maps And Diagrams,FAKE,1,Electronic,diffrhythm,test,mp3_128,0.8798615119245223,0.5685665621681771,1
seg_003837,sample_01279,The Secret Garden - Barbarix,FAKE,1,Electronic,diffrhythm,test,mp3_128,0.999885019024164,0.5685665621681771,1
seg_003838,sample_01279,The Secret Garden - Barbarix,FAKE,1,Electronic,diffrhythm,test,mp3_128,0.9910432471752478,0.5685665621681771,1
seg_003839,sample_01279,The Secret Garden - Barbarix,FAKE,1,Electronic,diffrhythm,test,mp3_128,0.9981079497552738,0.5685665621681771,1
seg_003858,sample_01286,Ugh! Humans Can Join - Mystery Mammal,FAKE,1,Electronic,diffrhythm,test,mp3_128,0.9696523654818326,0.5685665621681771,1
seg_003859,sample_01286,Ugh! Humans Can Join - Mystery Mammal,FAKE,1,Electronic,diffrhythm,test,mp3_128,0.9845378784481403,0.5685665621681771,1
seg_003860,sample_01286,Ugh! Humans Can Join - Mystery Mammal,FAKE,1,Electronic,diffrhythm,test,mp3_128,0.9995400695113781,0.5685665621681771,1
seg_003882,sample_01294,Yurtology - Michett,FAKE,1,Electronic,diffrhythm,test,mp3_128,0.9998902553138925,0.5685665621681771,1
seg_003883,sample_01294,Yurtology - Michett,FAKE,1,Electronic,diffrhythm,test,mp3_128,0.9414482094368183,0.5685665621681771,1
seg_003884,sample_01294,Yurtology - Michett,FAKE,1,Electronic,diffrhythm,test,mp3_128,0.9946009057195608,0.5685665621681771,1
seg_003906,sample_01302,Different Day - First,FAKE,1,Pop,diffrhythm,test,mp3_128,0.9998050151571978,0.5685665621681771,1
seg_003907,sample_01302,Different Day - First,FAKE,1,Pop,diffrhythm,test,mp3_128,0.9900285094140493,0.5685665621681771,1
seg_003908,sample_01302,Different Day - First,FAKE,1,Pop,diffrhythm,test,mp3_128,0.9975922517031993,0.5685665621681771,1
seg_003909,sample_01303,El Burrito - Malaventura,FAKE,1,Pop,diffrhythm,test,mp3_128,0.9880199928101668,0.5685665621681771,1
seg_003910,sample_01303,El Burrito - Malaventura,FAKE,1,Pop,diffrhythm,test,mp3_128,0.9038090520781721,0.5685665621681771,1
seg_003911,sample_01303,El Burrito - Malaventura,FAKE,1,Pop,diffrhythm,test,mp3_128,0.9983416150096254,0.5685665621681771,1
seg_003924,sample_01308,"Hungry - Oh Yeah, the Future",FAKE,1,Pop,diffrhythm,test,mp3_128,0.9886921146624044,0.5685665621681771,1
seg_003925,sample_01308,"Hungry - Oh Yeah, the Future",FAKE,1,Pop,diffrhythm,test,mp3_128,0.9988334829985298,0.5685665621681771,1
seg_003926,sample_01308,"Hungry - Oh Yeah, the Future",FAKE,1,Pop,diffrhythm,test,mp3_128,0.9987628234879707,0.5685665621681771,1
seg_003966,sample_01322,Motocross Mania - Monroeville Music Center,FAKE,1,Pop,diffrhythm,test,mp3_128,0.9834547652509552,0.5685665621681771,1
seg_003967,sample_01322,Motocross Mania - Monroeville Music Center,FAKE,1,Pop,diffrhythm,test,mp3_128,0.9634696792315529,0.5685665621681771,1
seg_003968,sample_01322,Motocross Mania - Monroeville Music Center,FAKE,1,Pop,diffrhythm,test,mp3_128,0.9995468701813559,0.5685665621681771,1
seg_003969,sample_01323,Music For an Underground Circu - Ergo Phizmiz,FAKE,1,Pop,diffrhythm,test,mp3_128,0.9922217142815835,0.5685665621681771,1
seg_003970,sample_01323,Music For an Underground Circu - Ergo Phizmiz,FAKE,1,Pop,diffrhythm,test,mp3_128,0.9458411031778725,0.5685665621681771,1
seg_003971,sample_01323,Music For an Underground Circu - Ergo Phizmiz,FAKE,1,Pop,diffrhythm,test,mp3_128,0.9990102787197785,0.5685665621681771,1
seg_004011,sample_01337,Production - Bird Names,FAKE,1,Pop,diffrhythm,test,mp3_128,0.9974898633413809,0.5685665621681771,1
seg_004012,sample_01337,Production - Bird Names,FAKE,1,Pop,diffrhythm,test,mp3_128,0.9226930204950341,0.5685665621681771,1
seg_004013,sample_01337,Production - Bird Names,FAKE,1,Pop,diffrhythm,test,mp3_128,0.7207235541201741,0.5685665621681771,1
seg_004029,sample_01343,She Works / Tepid Waters - Bird Names,FAKE,1,Pop,diffrhythm,test,mp3_128,0.9988536434939975,0.5685665621681771,1
seg_004030,sample_01343,She Works / Tepid Waters - Bird Names,FAKE,1,Pop,diffrhythm,test,mp3_128,0.9859696240493199,0.5685665621681771,1
seg_004031,sample_01343,She Works / Tepid Waters - Bird Names,FAKE,1,Pop,diffrhythm,test,mp3_128,0.9981301004929931,0.5685665621681771,1
seg_004032,sample_01344,She Works / Tepid Waters - Bird Names,FAKE,1,Pop,diffrhythm,test,mp3_128,0.9912399292121505,0.5685665621681771,1
seg_004033,sample_01344,She Works / Tepid Waters - Bird Names,FAKE,1,Pop,diffrhythm,test,mp3_128,0.912370214059677,0.5685665621681771,1
seg_004034,sample_01344,She Works / Tepid Waters - Bird Names,FAKE,1,Pop,diffrhythm,test,mp3_128,0.9996889730864601,0.5685665621681771,1
seg_004044,sample_01348,Something Dirty - Ergo Phizmiz,FAKE,1,Pop,diffrhythm,test,mp3_128,0.9323086392538275,0.5685665621681771,1
seg_004045,sample_01348,Something Dirty - Ergo Phizmiz,FAKE,1,Pop,diffrhythm,test,mp3_128,0.6092455201613675,0.5685665621681771,1
seg_004046,sample_01348,Something Dirty - Ergo Phizmiz,FAKE,1,Pop,diffrhythm,test,mp3_128,0.9982091958477055,0.5685665621681771,1
seg_004071,sample_01357,"The Pursuit of Unintentional Humor - Oh Yeah, the Future",FAKE,1,Pop,diffrhythm,test,mp3_128,0.9901628407072997,0.5685665621681771,1
seg_004072,sample_01357,"The Pursuit of Unintentional Humor - Oh Yeah, the Future",FAKE,1,Pop,diffrhythm,test,mp3_128,0.9971183347883431,0.5685665621681771,1
seg_004073,sample_01357,"The Pursuit of Unintentional Humor - Oh Yeah, the Future",FAKE,1,Pop,diffrhythm,test,mp3_128,0.9994955606660967,0.5685665621681771,1
seg_004089,sample_01363,Troubles I've seen - Malaventura,FAKE,1,Pop,diffrhythm,test,mp3_128,0.9920519534283754,0.5685665621681771,1
seg_004090,sample_01363,Troubles I've seen - Malaventura,FAKE,1,Pop,diffrhythm,test,mp3_128,0.7202666587773114,0.5685665621681771,1
seg_004091,sample_01363,Troubles I've seen - Malaventura,FAKE,1,Pop,diffrhythm,test,mp3_128,0.9977144031231858,0.5685665621681771,1
seg_004092,sample_01364,Troubles I've seen - Malaventura,FAKE,1,Pop,diffrhythm,test,mp3_128,0.9761414200151021,0.5685665621681771,1
seg_004093,sample_01364,Troubles I've seen - Malaventura,FAKE,1,Pop,diffrhythm,test,mp3_128,0.9926557612383383,0.5685665621681771,1
seg_004094,sample_01364,Troubles I've seen - Malaventura,FAKE,1,Pop,diffrhythm,test,mp3_128,0.9993703826777389,0.5685665621681771,1
seg_004122,sample_01374,5 (Lexington) - Isle of Pine,FAKE,1,Rock,diffrhythm,test,mp3_128,0.9993375764494783,0.5685665621681771,1
seg_004123,sample_01374,5 (Lexington) - Isle of Pine,FAKE,1,Rock,diffrhythm,test,mp3_128,0.985572403784721,0.5685665621681771,1
seg_004124,sample_01374,5 (Lexington) - Isle of Pine,FAKE,1,Rock,diffrhythm,test,mp3_128,0.9977212611035973,0.5685665621681771,1
seg_004131,sample_01377,Attention - Pete Prodoehl,FAKE,1,Rock,diffrhythm,test,mp3_128,0.9865671564995331,0.5685665621681771,1
seg_004132,sample_01377,Attention - Pete Prodoehl,FAKE,1,Rock,diffrhythm,test,mp3_128,0.9900056996607114,0.5685665621681771,1
seg_004133,sample_01377,Attention - Pete Prodoehl,FAKE,1,Rock,diffrhythm,test,mp3_128,0.9992680777641028,0.5685665621681771,1
seg_004221,sample_01407,"Head of Ancante, Talking Tree - Ak'chamel, The Giver of Illness",FAKE,1,Rock,diffrhythm,test,mp3_128,0.8617563046086,0.5685665621681771,1
seg_004222,sample_01407,"Head of Ancante, Talking Tree - Ak'chamel, The Giver of Illness",FAKE,1,Rock,diffrhythm,test,mp3_128,0.9927395014540644,0.5685665621681771,1
seg_004223,sample_01407,"Head of Ancante, Talking Tree - Ak'chamel, The Giver of Illness",FAKE,1,Rock,diffrhythm,test,mp3_128,0.9987404239081517,0.5685665621681771,1
seg_004248,sample_01416,I - Inflammator,FAKE,1,Rock,diffrhythm,test,mp3_128,0.9985564947747313,0.5685665621681771,1
seg_004249,sample_01416,I - Inflammator,FAKE,1,Rock,diffrhythm,test,mp3_128,0.9975544273382395,0.5685665621681771,1
seg_004250,sample_01416,I - Inflammator,FAKE,1,Rock,diffrhythm,test,mp3_128,0.9999880876163988,0.5685665621681771,1
seg_004266,sample_01422,L'arbre - Salmo,FAKE,1,Rock,diffrhythm,test,mp3_128,0.9937065524667734,0.5685665621681771,1
seg_004267,sample_01422,L'arbre - Salmo,FAKE,1,Rock,diffrhythm,test,mp3_128,0.9012467326325756,0.5685665621681771,1
seg_004268,sample_01422,L'arbre - Salmo,FAKE,1,Rock,diffrhythm,test,mp3_128,0.9999922413638925,0.5685665621681771,1
seg_004269,sample_01423,Leaving Here - Mod Fun,FAKE,1,Rock,diffrhythm,test,mp3_128,0.9978037790623928,0.5685665621681771,1
seg_004270,sample_01423,Leaving Here - Mod Fun,FAKE,1,Rock,diffrhythm,test,mp3_128,0.9848534853113794,0.5685665621681771,1
seg_004271,sample_01423,Leaving Here - Mod Fun,FAKE,1,Rock,diffrhythm,test,mp3_128,0.9977690552471451,0.5685665621681771,1
seg_004278,sample_01426,LIQUID SKULLS - voyageurs,FAKE,1,Rock,diffrhythm,test,mp3_128,0.9917407319566268,0.5685665621681771,1
seg_004279,sample_01426,LIQUID SKULLS - voyageurs,FAKE,1,Rock,diffrhythm,test,mp3_128,0.9897618628579232,0.5685665621681771,1
seg_004280,sample_01426,LIQUID SKULLS - voyageurs,FAKE,1,Rock,diffrhythm,test,mp3_128,0.9661578807309541,0.5685665621681771,1
seg_004284,sample_01428,Love Dream - The Zombie Dandies,FAKE,1,Rock,diffrhythm,test,mp3_128,0.9228018772104194,0.5685665621681771,1
seg_004285,sample_01428,Love Dream - The Zombie Dandies,FAKE,1,Rock,diffrhythm,test,mp3_128,0.7630025417530747,0.5685665621681771,1
seg_004286,sample_01428,Love Dream - The Zombie Dandies,FAKE,1,Rock,diffrhythm,test,mp3_128,0.9987046053224667,0.5685665621681771,1
seg_004296,sample_01432,Moja Krypta - AmortE,FAKE,1,Rock,diffrhythm,test,mp3_128,0.9968031012347238,0.5685665621681771,1
seg_004297,sample_01432,Moja Krypta - AmortE,FAKE,1,Rock,diffrhythm,test,mp3_128,0.9754469110401379,0.5685665621681771,1
seg_004298,sample_01432,Moja Krypta - AmortE,FAKE,1,Rock,diffrhythm,test,mp3_128,0.9904330594768989,0.5685665621681771,1
seg_004320,sample_01440,Puertas de Fuego - Guerra de Cerdos,FAKE,1,Rock,diffrhythm,test,mp3_128,0.987141541493289,0.5685665621681771,1
seg_004321,sample_01440,Puertas de Fuego - Guerra de Cerdos,FAKE,1,Rock,diffrhythm,test,mp3_128,0.9317353398031851,0.5685665621681771,1
seg_004322,sample_01440,Puertas de Fuego - Guerra de Cerdos,FAKE,1,Rock,diffrhythm,test,mp3_128,0.9997236816754309,0.5685665621681771,1
seg_004347,sample_01449,Sfogare Il Dissenso - Deiezione HC,FAKE,1,Rock,diffrhythm,test,mp3_128,0.9662092713480633,0.5685665621681771,1
seg_004348,sample_01449,Sfogare Il Dissenso - Deiezione HC,FAKE,1,Rock,diffrhythm,test,mp3_128,0.9980249933054517,0.5685665621681771,1
seg_004349,sample_01449,Sfogare Il Dissenso - Deiezione HC,FAKE,1,Rock,diffrhythm,test,mp3_128,0.9980776886166597,0.5685665621681771,1
seg_004359,sample_01453,Sonzis FM - Pipe Choir,FAKE,1,Rock,diffrhythm,test,mp3_128,0.9844652762441628,0.5685665621681771,1
seg_004360,sample_01453,Sonzis FM - Pipe Choir,FAKE,1,Rock,diffrhythm,test,mp3_128,0.9946578522522216,0.5685665621681771,1
seg_004361,sample_01453,Sonzis FM - Pipe Choir,FAKE,1,Rock,diffrhythm,test,mp3_128,0.9994087949752632,0.5685665621681771,1
seg_004368,sample_01456,Stuttgart - Portrayal,FAKE,1,Rock,diffrhythm,test,mp3_128,0.9420472001012321,0.5685665621681771,1
seg_004369,sample_01456,Stuttgart - Portrayal,FAKE,1,Rock,diffrhythm,test,mp3_128,0.8722761750159662,0.5685665621681771,1
seg_004370,sample_01456,Stuttgart - Portrayal,FAKE,1,Rock,diffrhythm,test,mp3_128,0.9922340719114625,0.5685665621681771,1
seg_004374,sample_01458,Terve Teille - Чокнутый Пропеллер,FAKE,1,Rock,diffrhythm,test,mp3_128,0.9164742402463967,0.5685665621681771,1
seg_004375,sample_01458,Terve Teille - Чокнутый Пропеллер,FAKE,1,Rock,diffrhythm,test,mp3_128,0.9310360874140309,0.5685665621681771,1
seg_004376,sample_01458,Terve Teille - Чокнутый Пропеллер,FAKE,1,Rock,diffrhythm,test,mp3_128,0.998711087476003,0.5685665621681771,1
seg_004395,sample_01465,Untitled - Fatal Injection,FAKE,1,Rock,diffrhythm,test,mp3_128,0.9995474775529032,0.5685665621681771,1
seg_004396,sample_01465,Untitled - Fatal Injection,FAKE,1,Rock,diffrhythm,test,mp3_128,0.982821834289619,0.5685665621681771,1
seg_004397,sample_01465,Untitled - Fatal Injection,FAKE,1,Rock,diffrhythm,test,mp3_128,0.9010532055769103,0.5685665621681771,1
seg_004416,sample_01472,Where Is Everything - The Moi Non Plus,FAKE,1,Rock,diffrhythm,test,mp3_128,0.9340874009580327,0.5685665621681771,1
seg_004417,sample_01472,Where Is Everything - The Moi Non Plus,FAKE,1,Rock,diffrhythm,test,mp3_128,0.13318803067849352,0.5685665621681771,0
seg_004418,sample_01472,Where Is Everything - The Moi Non Plus,FAKE,1,Rock,diffrhythm,test,mp3_128,0.9991885041752324,0.5685665621681771,1
seg_004419,sample_01473,Who Loves You Dear - Mink Lungs,FAKE,1,Rock,diffrhythm,test,mp3_128,0.8806294750372139,0.5685665621681771,1
seg_004420,sample_01473,Who Loves You Dear - Mink Lungs,FAKE,1,Rock,diffrhythm,test,mp3_128,0.5266810710893295,0.5685665621681771,0
seg_004421,sample_01473,Who Loves You Dear - Mink Lungs,FAKE,1,Rock,diffrhythm,test,mp3_128,0.9988112290203878,0.5685665621681771,1
seg_004443,sample_01481,Night Owl - Broke For Free,FAKE,1,Electronic,mubert,test,mp3_128,0.996105532763878,0.5685665621681771,1
seg_004444,sample_01481,Night Owl - Broke For Free,FAKE,1,Electronic,mubert,test,mp3_128,0.9661639298501813,0.5685665621681771,1
seg_004445,sample_01481,Night Owl - Broke For Free,FAKE,1,Electronic,mubert,test,mp3_128,0.967927548509057,0.5685665621681771,1
seg_004452,sample_01484,Fuckaboing - RoccoW,FAKE,1,Electronic,mubert,test,mp3_128,0.9131293458586016,0.5685665621681771,1
seg_004453,sample_01484,Fuckaboing - RoccoW,FAKE,1,Electronic,mubert,test,mp3_128,0.7607962445258607,0.5685665621681771,1
seg_004454,sample_01484,Fuckaboing - RoccoW,FAKE,1,Electronic,mubert,test,mp3_128,0.8034792176674482,0.5685665621681771,1
seg_004476,sample_01492,Resistentialism - Nihilore,FAKE,1,Electronic,mubert,test,mp3_128,0.9944547713752482,0.5685665621681771,1
seg_004477,sample_01492,Resistentialism - Nihilore,FAKE,1,Electronic,mubert,test,mp3_128,0.9852524139988221,0.5685665621681771,1
seg_004478,sample_01492,Resistentialism - Nihilore,FAKE,1,Electronic,mubert,test,mp3_128,0.9705450498647068,0.5685665621681771,1
seg_004485,sample_01495,Dance Harder - Three Chain Links,FAKE,1,Electronic,mubert,test,mp3_128,0.9615696052337486,0.5685665621681771,1
seg_004486,sample_01495,Dance Harder - Three Chain Links,FAKE,1,Electronic,mubert,test,mp3_128,0.9543711807224146,0.5685665621681771,1
seg_004487,sample_01495,Dance Harder - Three Chain Links,FAKE,1,Electronic,mubert,test,mp3_128,0.9463606175959695,0.5685665621681771,1
seg_004497,sample_01499,Realize Me - Jim Rooster,FAKE,1,Electronic,mubert,test,mp3_128,0.29140615491904237,0.5685665621681771,0
seg_004498,sample_01499,Realize Me - Jim Rooster,FAKE,1,Electronic,mubert,test,mp3_128,0.4908772339599943,0.5685665621681771,0
seg_004499,sample_01499,Realize Me - Jim Rooster,FAKE,1,Electronic,mubert,test,mp3_128,0.8710208037069451,0.5685665621681771,1
seg_004533,sample_01511,Pista Afuera - Epstein,FAKE,1,Electronic,mubert,test,mp3_128,0.9071428306258598,0.5685665621681771,1
seg_004534,sample_01511,Pista Afuera - Epstein,FAKE,1,Electronic,mubert,test,mp3_128,0.880497674458134,0.5685665621681771,1
seg_004535,sample_01511,Pista Afuera - Epstein,FAKE,1,Electronic,mubert,test,mp3_128,0.9981725056575461,0.5685665621681771,1
seg_004548,sample_01516,Ugh! Humans Can Join - Mystery Mammal,FAKE,1,Electronic,mubert,test,mp3_128,0.1712198080387889,0.5685665621681771,0
seg_004549,sample_01516,Ugh! Humans Can Join - Mystery Mammal,FAKE,1,Electronic,mubert,test,mp3_128,0.7870165089582476,0.5685665621681771,1
seg_004550,sample_01516,Ugh! Humans Can Join - Mystery Mammal,FAKE,1,Electronic,mubert,test,mp3_128,0.998833973094562,0.5685665621681771,1
seg_004593,sample_01531,Troubles I've seen - Malaventura,FAKE,1,Pop,mubert,test,mp3_128,0.3677926431031822,0.5685665621681771,0
seg_004594,sample_01531,Troubles I've seen - Malaventura,FAKE,1,Pop,mubert,test,mp3_128,0.8697006391038875,0.5685665621681771,1
seg_004595,sample_01531,Troubles I've seen - Malaventura,FAKE,1,Pop,mubert,test,mp3_128,0.8960969327208569,0.5685665621681771,1
seg_004605,sample_01535,Motocross Mania - Monroeville Music Center,FAKE,1,Pop,mubert,test,mp3_128,0.6157219825520749,0.5685665621681771,1
seg_004606,sample_01535,Motocross Mania - Monroeville Music Center,FAKE,1,Pop,mubert,test,mp3_128,0.944123865087588,0.5685665621681771,1
seg_004607,sample_01535,Motocross Mania - Monroeville Music Center,FAKE,1,Pop,mubert,test,mp3_128,0.9734618506014436,0.5685665621681771,1
seg_004617,sample_01539,Different Day - First,FAKE,1,Pop,mubert,test,mp3_128,0.8617961671588691,0.5685665621681771,1
seg_004618,sample_01539,Different Day - First,FAKE,1,Pop,mubert,test,mp3_128,0.9594055468670903,0.5685665621681771,1
seg_004619,sample_01539,Different Day - First,FAKE,1,Pop,mubert,test,mp3_128,0.9196248539840242,0.5685665621681771,1
seg_004638,sample_01546,"Hungry - Oh Yeah, the Future",FAKE,1,Pop,mubert,test,mp3_128,0.48390048131257174,0.5685665621681771,0
seg_004639,sample_01546,"Hungry - Oh Yeah, the Future",FAKE,1,Pop,mubert,test,mp3_128,0.3593366885150751,0.5685665621681771,0
seg_004640,sample_01546,"Hungry - Oh Yeah, the Future",FAKE,1,Pop,mubert,test,mp3_128,0.9507939438247103,0.5685665621681771,1
seg_004650,sample_01550,She Works / Tepid Waters - Bird Names,FAKE,1,Pop,mubert,test,mp3_128,0.2528529216754672,0.5685665621681771,0
seg_004651,sample_01550,She Works / Tepid Waters - Bird Names,FAKE,1,Pop,mubert,test,mp3_128,0.30532365023722746,0.5685665621681771,0
seg_004652,sample_01550,She Works / Tepid Waters - Bird Names,FAKE,1,Pop,mubert,test,mp3_128,0.3582740669577744,0.5685665621681771,0
seg_004659,sample_01553,Something Dirty - Ergo Phizmiz,FAKE,1,Pop,mubert,test,mp3_128,0.8697770435855002,0.5685665621681771,1
seg_004660,sample_01553,Something Dirty - Ergo Phizmiz,FAKE,1,Pop,mubert,test,mp3_128,0.7834219600479634,0.5685665621681771,1
seg_004661,sample_01553,Something Dirty - Ergo Phizmiz,FAKE,1,Pop,mubert,test,mp3_128,0.9606225376375862,0.5685665621681771,1
seg_004677,sample_01559,Music For an Underground Circu - Ergo Phizmiz,FAKE,1,Pop,mubert,test,mp3_128,0.9043904591218259,0.5685665621681771,1
seg_004678,sample_01559,Music For an Underground Circu - Ergo Phizmiz,FAKE,1,Pop,mubert,test,mp3_128,0.8650490976231716,0.5685665621681771,1
seg_004679,sample_01559,Music For an Underground Circu - Ergo Phizmiz,FAKE,1,Pop,mubert,test,mp3_128,0.9621774036518063,0.5685665621681771,1
seg_004743,sample_01581,Where Is Everything - The Moi Non Plus,FAKE,1,Rock,mubert,test,mp3_128,0.6813287413719533,0.5685665621681771,1
seg_004744,sample_01581,Where Is Everything - The Moi Non Plus,FAKE,1,Rock,mubert,test,mp3_128,0.7386629120020661,0.5685665621681771,1
seg_004745,sample_01581,Where Is Everything - The Moi Non Plus,FAKE,1,Rock,mubert,test,mp3_128,0.9131541667521416,0.5685665621681771,1
seg_004758,sample_01586,Stuttgart - Portrayal,FAKE,1,Rock,mubert,test,mp3_128,0.9441097108002937,0.5685665621681771,1
seg_004759,sample_01586,Stuttgart - Portrayal,FAKE,1,Rock,mubert,test,mp3_128,0.1687837729210295,0.5685665621681771,0
seg_004760,sample_01586,Stuttgart - Portrayal,FAKE,1,Rock,mubert,test,mp3_128,0.9831906106453546,0.5685665621681771,1
seg_004761,sample_01587,I - Inflammator,FAKE,1,Rock,mubert,test,mp3_128,0.4037648118087331,0.5685665621681771,0
seg_004762,sample_01587,I - Inflammator,FAKE,1,Rock,mubert,test,mp3_128,0.34942968855898626,0.5685665621681771,0
seg_004763,sample_01587,I - Inflammator,FAKE,1,Rock,mubert,test,mp3_128,0.9371145267108941,0.5685665621681771,1
seg_004791,sample_01597,Sfogare Il Dissenso - Deiezione HC,FAKE,1,Rock,mubert,test,mp3_128,0.7829581338491117,0.5685665621681771,1
seg_004792,sample_01597,Sfogare Il Dissenso - Deiezione HC,FAKE,1,Rock,mubert,test,mp3_128,0.2559267122575283,0.5685665621681771,0
seg_004793,sample_01597,Sfogare Il Dissenso - Deiezione HC,FAKE,1,Rock,mubert,test,mp3_128,0.7771879222059177,0.5685665621681771,1
seg_004812,sample_01604,Who Loves You Dear - Mink Lungs,FAKE,1,Rock,mubert,test,mp3_128,0.42393381047862866,0.5685665621681771,0
seg_004813,sample_01604,Who Loves You Dear - Mink Lungs,FAKE,1,Rock,mubert,test,mp3_128,0.7513364577351339,0.5685665621681771,1
seg_004814,sample_01604,Who Loves You Dear - Mink Lungs,FAKE,1,Rock,mubert,test,mp3_128,0.30452855539378904,0.5685665621681771,0
seg_004827,sample_01609,Attention - Pete Prodoehl,FAKE,1,Rock,mubert,test,mp3_128,0.9274108250900069,0.5685665621681771,1
seg_004828,sample_01609,Attention - Pete Prodoehl,FAKE,1,Rock,mubert,test,mp3_128,0.8526620260584193,0.5685665621681771,1
seg_004829,sample_01609,Attention - Pete Prodoehl,FAKE,1,Rock,mubert,test,mp3_128,0.6121443396176596,0.5685665621681771,1
seg_004842,sample_01614,Love Dream - The Zombie Dandies,FAKE,1,Rock,mubert,test,mp3_128,0.9432779222011917,0.5685665621681771,1
seg_004843,sample_01614,Love Dream - The Zombie Dandies,FAKE,1,Rock,mubert,test,mp3_128,0.9186886768042645,0.5685665621681771,1
seg_004844,sample_01614,Love Dream - The Zombie Dandies,FAKE,1,Rock,mubert,test,mp3_128,0.8970236194717573,0.5685665621681771,1
seg_004869,sample_01623,"Head of Ancante, Talking Tree - Ak'chamel, The Giver of Illness",FAKE,1,Rock,mubert,test,mp3_128,0.9759152647905671,0.5685665621681771,1
seg_004870,sample_01623,"Head of Ancante, Talking Tree - Ak'chamel, The Giver of Illness",FAKE,1,Rock,mubert,test,mp3_128,0.7138156368398176,0.5685665621681771,1
seg_004871,sample_01623,"Head of Ancante, Talking Tree - Ak'chamel, The Giver of Illness",FAKE,1,Rock,mubert,test,mp3_128,0.9709018065400666,0.5685665621681771,1
seg_004875,sample_01625,Terve Teille - Чокнутый Пропеллер,FAKE,1,Rock,mubert,test,mp3_128,0.5838679372181849,0.5685665621681771,1
seg_004876,sample_01625,Terve Teille - Чокнутый Пропеллер,FAKE,1,Rock,mubert,test,mp3_128,0.4450981146153559,0.5685665621681771,0
seg_004877,sample_01625,Terve Teille - Чокнутый Пропеллер,FAKE,1,Rock,mubert,test,mp3_128,0.7998180461669689,0.5685665621681771,1
seg_004878,sample_01626,LIQUID SKULLS - voyageurs,FAKE,1,Rock,mubert,test,mp3_128,0.9101350839345304,0.5685665621681771,1
seg_004879,sample_01626,LIQUID SKULLS - voyageurs,FAKE,1,Rock,mubert,test,mp3_128,0.5732005819543067,0.5685665621681771,1
seg_004880,sample_01626,LIQUID SKULLS - voyageurs,FAKE,1,Rock,mubert,test,mp3_128,0.9879581348163716,0.5685665621681771,1
seg_004911,sample_01637,Dance Harder - Three Chain Links,FAKE,1,Electronic,producer,test,mp3_128,0.9996234956856905,0.5685665621681771,1
seg_004912,sample_01637,Dance Harder - Three Chain Links,FAKE,1,Electronic,producer,test,mp3_128,0.9906624575743274,0.5685665621681771,1
seg_004913,sample_01637,Dance Harder - Three Chain Links,FAKE,1,Electronic,producer,test,mp3_128,0.9981140571972518,0.5685665621681771,1
seg_004929,sample_01643,Fuckaboing - RoccoW,FAKE,1,Electronic,producer,test,mp3_128,0.9801672972654828,0.5685665621681771,1
seg_004930,sample_01643,Fuckaboing - RoccoW,FAKE,1,Electronic,producer,test,mp3_128,0.9963358410883181,0.5685665621681771,1
seg_004931,sample_01643,Fuckaboing - RoccoW,FAKE,1,Electronic,producer,test,mp3_128,0.9940279054194676,0.5685665621681771,1
seg_004953,sample_01651,Night Owl - Broke For Free,FAKE,1,Electronic,producer,test,mp3_128,0.9689604645053519,0.5685665621681771,1
seg_004954,sample_01651,Night Owl - Broke For Free,FAKE,1,Electronic,producer,test,mp3_128,0.9320148347743414,0.5685665621681771,1
seg_004955,sample_01651,Night Owl - Broke For Free,FAKE,1,Electronic,producer,test,mp3_128,0.9887840914464361,0.5685665621681771,1
seg_004983,sample_01661,Pista Afuera - Epstein,FAKE,1,Electronic,producer,test,mp3_128,0.9456022471090548,0.5685665621681771,1
seg_004984,sample_01661,Pista Afuera - Epstein,FAKE,1,Electronic,producer,test,mp3_128,0.9956604867273275,0.5685665621681771,1
seg_004985,sample_01661,Pista Afuera - Epstein,FAKE,1,Electronic,producer,test,mp3_128,0.9949239627671799,0.5685665621681771,1
seg_004989,sample_01663,Realize Me - Jim Rooster,FAKE,1,Electronic,producer,test,mp3_128,0.9929103283990537,0.5685665621681771,1
seg_004990,sample_01663,Realize Me - Jim Rooster,FAKE,1,Electronic,producer,test,mp3_128,0.8617771164171201,0.5685665621681771,1
seg_004991,sample_01663,Realize Me - Jim Rooster,FAKE,1,Electronic,producer,test,mp3_128,0.7096454424148606,0.5685665621681771,1
seg_004992,sample_01664,Resistentialism - Nihilore,FAKE,1,Electronic,producer,test,mp3_128,0.9975228268912417,0.5685665621681771,1
seg_004993,sample_01664,Resistentialism - Nihilore,FAKE,1,Electronic,producer,test,mp3_128,0.06977819847739913,0.5685665621681771,0
seg_004994,sample_01664,Resistentialism - Nihilore,FAKE,1,Electronic,producer,test,mp3_128,0.7789560938371101,0.5685665621681771,1
seg_005025,sample_01675,Ugh! Humans Can Join - Mystery Mammal,FAKE,1,Electronic,producer,test,mp3_128,0.9589798692873002,0.5685665621681771,1
seg_005026,sample_01675,Ugh! Humans Can Join - Mystery Mammal,FAKE,1,Electronic,producer,test,mp3_128,0.9790621073955811,0.5685665621681771,1
seg_005027,sample_01675,Ugh! Humans Can Join - Mystery Mammal,FAKE,1,Electronic,producer,test,mp3_128,0.9930052132325775,0.5685665621681771,1
seg_005052,sample_01684,Different Day - First,FAKE,1,Pop,producer,test,mp3_128,0.9667428001319535,0.5685665621681771,1
seg_005053,sample_01684,Different Day - First,FAKE,1,Pop,producer,test,mp3_128,0.9902773415794014,0.5685665621681771,1
seg_005054,sample_01684,Different Day - First,FAKE,1,Pop,producer,test,mp3_128,0.9409193979787907,0.5685665621681771,1
seg_005067,sample_01689,"Hungry - Oh Yeah, the Future",FAKE,1,Pop,producer,test,mp3_128,0.9928947063916367,0.5685665621681771,1
seg_005068,sample_01689,"Hungry - Oh Yeah, the Future",FAKE,1,Pop,producer,test,mp3_128,0.9984703633416802,0.5685665621681771,1
seg_005069,sample_01689,"Hungry - Oh Yeah, the Future",FAKE,1,Pop,producer,test,mp3_128,0.9999724999405485,0.5685665621681771,1
seg_005099,sample_01700,Motocross Mania - Monroeville Music Center,FAKE,1,Pop,producer,test,mp3_128,0.9546689270109491,0.5685665621681771,1
seg_005100,sample_01700,Motocross Mania - Monroeville Music Center,FAKE,1,Pop,producer,test,mp3_128,0.95974475172208,0.5685665621681771,1
seg_005101,sample_01700,Motocross Mania - Monroeville Music Center,FAKE,1,Pop,producer,test,mp3_128,0.9934482404947153,0.5685665621681771,1
seg_005102,sample_01701,Music For an Underground Circu - Ergo Phizmiz,FAKE,1,Pop,producer,test,mp3_128,0.9816953298180653,0.5685665621681771,1
seg_005103,sample_01701,Music For an Underground Circu - Ergo Phizmiz,FAKE,1,Pop,producer,test,mp3_128,0.8312344894995767,0.5685665621681771,1
seg_005104,sample_01701,Music For an Underground Circu - Ergo Phizmiz,FAKE,1,Pop,producer,test,mp3_128,0.9936521520769811,0.5685665621681771,1
seg_005105,sample_01702,Music For an Underground Circu - Ergo Phizmiz,FAKE,1,Pop,producer,test,mp3_128,0.9991039723150034,0.5685665621681771,1
seg_005106,sample_01702,Music For an Underground Circu - Ergo Phizmiz,FAKE,1,Pop,producer,test,mp3_128,0.996509171329654,0.5685665621681771,1
seg_005107,sample_01702,Music For an Underground Circu - Ergo Phizmiz,FAKE,1,Pop,producer,test,mp3_128,0.8948862253717267,0.5685665621681771,1
seg_005135,sample_01712,She Works / Tepid Waters - Bird Names,FAKE,1,Pop,producer,test,mp3_128,0.9875758439815994,0.5685665621681771,1
seg_005136,sample_01712,She Works / Tepid Waters - Bird Names,FAKE,1,Pop,producer,test,mp3_128,0.98295355326919,0.5685665621681771,1
seg_005137,sample_01712,She Works / Tepid Waters - Bird Names,FAKE,1,Pop,producer,test,mp3_128,0.9885853846376084,0.5685665621681771,1
seg_005141,sample_01714,Something Dirty - Ergo Phizmiz,FAKE,1,Pop,producer,test,mp3_128,0.9979922437990528,0.5685665621681771,1
seg_005142,sample_01714,Something Dirty - Ergo Phizmiz,FAKE,1,Pop,producer,test,mp3_128,0.988854986395495,0.5685665621681771,1
seg_005143,sample_01714,Something Dirty - Ergo Phizmiz,FAKE,1,Pop,producer,test,mp3_128,0.9906561309160827,0.5685665621681771,1
seg_005171,sample_01724,Troubles I've seen - Malaventura,FAKE,1,Pop,producer,test,mp3_128,0.9991400593786892,0.5685665621681771,1
seg_005172,sample_01724,Troubles I've seen - Malaventura,FAKE,1,Pop,producer,test,mp3_128,0.9753504734606965,0.5685665621681771,1
seg_005173,sample_01724,Troubles I've seen - Malaventura,FAKE,1,Pop,producer,test,mp3_128,0.9912329478861936,0.5685665621681771,1
seg_005191,sample_01731,Attention - Pete Prodoehl,FAKE,1,Rock,producer,test,mp3_128,0.9993089819349551,0.5685665621681771,1
seg_005192,sample_01731,Attention - Pete Prodoehl,FAKE,1,Rock,producer,test,mp3_128,0.9599492657521034,0.5685665621681771,1
seg_005193,sample_01731,Attention - Pete Prodoehl,FAKE,1,Rock,producer,test,mp3_128,0.9646304847704789,0.5685665621681771,1
seg_005215,sample_01739,"Head of Ancante, Talking Tree - Ak'chamel, The Giver of Illness",FAKE,1,Rock,producer,test,mp3_128,0.9932767465887917,0.5685665621681771,1
seg_005216,sample_01739,"Head of Ancante, Talking Tree - Ak'chamel, The Giver of Illness",FAKE,1,Rock,producer,test,mp3_128,0.9999126461919225,0.5685665621681771,1
seg_005217,sample_01739,"Head of Ancante, Talking Tree - Ak'chamel, The Giver of Illness",FAKE,1,Rock,producer,test,mp3_128,0.9890136585887056,0.5685665621681771,1
seg_005227,sample_01743,I - Inflammator,FAKE,1,Rock,producer,test,mp3_128,0.9702355126834397,0.5685665621681771,1
seg_005228,sample_01743,I - Inflammator,FAKE,1,Rock,producer,test,mp3_128,0.9856540536551183,0.5685665621681771,1
seg_005229,sample_01743,I - Inflammator,FAKE,1,Rock,producer,test,mp3_128,0.9765952995264842,0.5685665621681771,1
seg_005236,sample_01746,LIQUID SKULLS - voyageurs,FAKE,1,Rock,producer,test,mp3_128,0.9972698631895779,0.5685665621681771,1
seg_005237,sample_01746,LIQUID SKULLS - voyageurs,FAKE,1,Rock,producer,test,mp3_128,0.8397376239856199,0.5685665621681771,1
seg_005238,sample_01746,LIQUID SKULLS - voyageurs,FAKE,1,Rock,producer,test,mp3_128,0.9945802593029266,0.5685665621681771,1
seg_005242,sample_01748,Love Dream - The Zombie Dandies,FAKE,1,Rock,producer,test,mp3_128,0.973965108066038,0.5685665621681771,1
seg_005243,sample_01748,Love Dream - The Zombie Dandies,FAKE,1,Rock,producer,test,mp3_128,0.9807408328962596,0.5685665621681771,1
seg_005244,sample_01748,Love Dream - The Zombie Dandies,FAKE,1,Rock,producer,test,mp3_128,0.9996341684446073,0.5685665621681771,1
seg_005280,sample_01761,Sfogare Il Dissenso - Deiezione HC,FAKE,1,Rock,producer,test,mp3_128,0.9830627196552586,0.5685665621681771,1
seg_005281,sample_01761,Sfogare Il Dissenso - Deiezione HC,FAKE,1,Rock,producer,test,mp3_128,0.9651712779879268,0.5685665621681771,1
seg_005282,sample_01761,Sfogare Il Dissenso - Deiezione HC,FAKE,1,Rock,producer,test,mp3_128,0.9811034770127541,0.5685665621681771,1
seg_005292,sample_01765,Stuttgart - Portrayal,FAKE,1,Rock,producer,test,mp3_128,0.8623907982797298,0.5685665621681771,1
seg_005293,sample_01765,Stuttgart - Portrayal,FAKE,1,Rock,producer,test,mp3_128,0.9491832088163683,0.5685665621681771,1
seg_005294,sample_01765,Stuttgart - Portrayal,FAKE,1,Rock,producer,test,mp3_128,0.9542318835877598,0.5685665621681771,1
seg_005295,sample_01766,Terve Teille - Чокнутый Пропеллер,FAKE,1,Rock,producer,test,mp3_128,0.9834673836546743,0.5685665621681771,1
seg_005296,sample_01766,Terve Teille - Чокнутый Пропеллер,FAKE,1,Rock,producer,test,mp3_128,0.9424949125655261,0.5685665621681771,1
seg_005297,sample_01766,Terve Teille - Чокнутый Пропеллер,FAKE,1,Rock,producer,test,mp3_128,0.9717715011766567,0.5685665621681771,1
seg_005316,sample_01773,Where Is Everything - The Moi Non Plus,FAKE,1,Rock,producer,test,mp3_128,0.952450904824257,0.5685665621681771,1
seg_005317,sample_01773,Where Is Everything - The Moi Non Plus,FAKE,1,Rock,producer,test,mp3_128,0.26551260513017744,0.5685665621681771,0
seg_005318,sample_01773,Where Is Everything - The Moi Non Plus,FAKE,1,Rock,producer,test,mp3_128,0.8311146923732836,0.5685665621681771,1
seg_005319,sample_01774,Who Loves You Dear - Mink Lungs,FAKE,1,Rock,producer,test,mp3_128,0.9716990451086328,0.5685665621681771,1
seg_005320,sample_01774,Who Loves You Dear - Mink Lungs,FAKE,1,Rock,producer,test,mp3_128,0.9824412299187024,0.5685665621681771,1
seg_005321,sample_01774,Who Loves You Dear - Mink Lungs,FAKE,1,Rock,producer,test,mp3_128,0.9964435143177668,0.5685665621681771,1
seg_005336,sample_01780,2Much (Andy Spinelli & Alex Sánchez House Edit) - Tentacles,FAKE,1,Electronic,songgen,test,mp3_128,0.9726294076186215,0.5685665621681771,1
seg_005337,sample_01780,2Much (Andy Spinelli & Alex Sánchez House Edit) - Tentacles,FAKE,1,Electronic,songgen,test,mp3_128,0.854562072498391,0.5685665621681771,1
seg_005338,sample_01781,3 am West End - statusq,FAKE,1,Electronic,songgen,test,mp3_128,0.9903043114408286,0.5685665621681771,1
seg_005339,sample_01781,3 am West End - statusq,FAKE,1,Electronic,songgen,test,mp3_128,0.9393376411625345,0.5685665621681771,1
seg_005362,sample_01793,Bizzy - The Tleilaxu Music Machine,FAKE,1,Electronic,songgen,test,mp3_128,0.947653853359612,0.5685665621681771,1
seg_005363,sample_01793,Bizzy - The Tleilaxu Music Machine,FAKE,1,Electronic,songgen,test,mp3_128,0.6957439573915758,0.5685665621681771,1
seg_005374,sample_01799,Dance Harder - Three Chain Links,FAKE,1,Electronic,songgen,test,mp3_128,0.967216799627133,0.5685665621681771,1
seg_005375,sample_01799,Dance Harder - Three Chain Links,FAKE,1,Electronic,songgen,test,mp3_128,0.9536662242314864,0.5685665621681771,1
seg_005392,sample_01808,End titles - Itsensäsyöjät,FAKE,1,Electronic,songgen,test,mp3_128,0.991364387061349,0.5685665621681771,1
seg_005393,sample_01808,End titles - Itsensäsyöjät,FAKE,1,Electronic,songgen,test,mp3_128,0.9764655035361911,0.5685665621681771,1
seg_005406,sample_01815,Fuckaboing - RoccoW,FAKE,1,Electronic,songgen,test,mp3_128,0.9782317933919369,0.5685665621681771,1
seg_005407,sample_01815,Fuckaboing - RoccoW,FAKE,1,Electronic,songgen,test,mp3_128,0.973722412239353,0.5685665621681771,1
seg_005434,sample_01829,Let's Start Out Slow - RoccoW,FAKE,1,Electronic,songgen,test,mp3_128,0.9710477175268025,0.5685665621681771,1
seg_005435,sample_01829,Let's Start Out Slow - RoccoW,FAKE,1,Electronic,songgen,test,mp3_128,0.9743572839096042,0.5685665621681771,1
seg_005436,sample_01830,Let You're Body Move - D SMILEZ,FAKE,1,Electronic,songgen,test,mp3_128,0.9940543078475733,0.5685665621681771,1
seg_005437,sample_01830,Let You're Body Move - D SMILEZ,FAKE,1,Electronic,songgen,test,mp3_128,0.999718010035548,0.5685665621681771,1
seg_005454,sample_01839,Night Owl - Broke For Free,FAKE,1,Electronic,songgen,test,mp3_128,0.9987580631197109,0.5685665621681771,1
seg_005455,sample_01839,Night Owl - Broke For Free,FAKE,1,Electronic,songgen,test,mp3_128,0.9938386838182227,0.5685665621681771,1
seg_005476,sample_01850,Pista Afuera - Epstein,FAKE,1,Electronic,songgen,test,mp3_128,0.9166989171548835,0.5685665621681771,1
seg_005477,sample_01850,Pista Afuera - Epstein,FAKE,1,Electronic,songgen,test,mp3_128,0.9500253536179275,0.5685665621681771,1
seg_005482,sample_01853,Realize Me - Jim Rooster,FAKE,1,Electronic,songgen,test,mp3_128,0.9965578065568569,0.5685665621681771,1
seg_005483,sample_01853,Realize Me - Jim Rooster,FAKE,1,Electronic,songgen,test,mp3_128,0.9999857917190054,0.5685665621681771,1
seg_005484,sample_01854,Resistentialism - Nihilore,FAKE,1,Electronic,songgen,test,mp3_128,0.9826898580243083,0.5685665621681771,1
seg_005485,sample_01854,Resistentialism - Nihilore,FAKE,1,Electronic,songgen,test,mp3_128,0.995518619606554,0.5685665621681771,1
seg_005497,sample_01861,Set Fire to Creation - Nihilore,FAKE,1,Electronic,songgen,test,mp3_128,0.9993270658027655,0.5685665621681771,1
seg_005498,sample_01861,Set Fire to Creation - Nihilore,FAKE,1,Electronic,songgen,test,mp3_128,0.9999572153873857,0.5685665621681771,1
seg_005511,sample_01868,Support Me in This Moment That I'm About To Lose Heart - Nihilore,FAKE,1,Electronic,songgen,test,mp3_128,0.9902152519346652,0.5685665621681771,1
seg_005512,sample_01868,Support Me in This Moment That I'm About To Lose Heart - Nihilore,FAKE,1,Electronic,songgen,test,mp3_128,0.9973059463924823,0.5685665621681771,1
seg_005519,sample_01872,The Adventures Of Roderick Random - Maps And Diagrams,FAKE,1,Electronic,songgen,test,mp3_128,0.8616639893441813,0.5685665621681771,1
seg_005520,sample_01872,The Adventures Of Roderick Random - Maps And Diagrams,FAKE,1,Electronic,songgen,test,mp3_128,0.9174884630620325,0.5685665621681771,1
seg_005531,sample_01878,The Secret Garden - Barbarix,FAKE,1,Electronic,songgen,test,mp3_128,0.8141455711614903,0.5685665621681771,1
seg_005532,sample_01878,The Secret Garden - Barbarix,FAKE,1,Electronic,songgen,test,mp3_128,0.9096288888125835,0.5685665621681771,1
seg_005545,sample_01885,Ugh! Humans Can Join - Mystery Mammal,FAKE,1,Electronic,songgen,test,mp3_128,0.9707934295176375,0.5685665621681771,1
seg_005546,sample_01885,Ugh! Humans Can Join - Mystery Mammal,FAKE,1,Electronic,songgen,test,mp3_128,0.9978721178490378,0.5685665621681771,1
seg_005561,sample_01893,Yurtology - Michett,FAKE,1,Electronic,songgen,test,mp3_128,0.863133349275479,0.5685665621681771,1
seg_005562,sample_01893,Yurtology - Michett,FAKE,1,Electronic,songgen,test,mp3_128,0.9139162841096649,0.5685665621681771,1
seg_005579,sample_01902,Different Day - First,FAKE,1,Pop,songgen,test,mp3_128,0.9723919016125369,0.5685665621681771,1
seg_005580,sample_01902,Different Day - First,FAKE,1,Pop,songgen,test,mp3_128,0.9999624569198491,0.5685665621681771,1
seg_005581,sample_01903,El Burrito - Malaventura,FAKE,1,Pop,songgen,test,mp3_128,0.9794263682784841,0.5685665621681771,1
seg_005582,sample_01903,El Burrito - Malaventura,FAKE,1,Pop,songgen,test,mp3_128,0.7038037429954979,0.5685665621681771,1
seg_005591,sample_01908,"Hungry - Oh Yeah, the Future",FAKE,1,Pop,songgen,test,mp3_128,0.9933205909034718,0.5685665621681771,1
seg_005592,sample_01908,"Hungry - Oh Yeah, the Future",FAKE,1,Pop,songgen,test,mp3_128,0.968405548807407,0.5685665621681771,1
seg_005617,sample_01921,Motocross Mania - Monroeville Music Center,FAKE,1,Pop,songgen,test,mp3_128,0.9892994320936197,0.5685665621681771,1
seg_005618,sample_01921,Motocross Mania - Monroeville Music Center,FAKE,1,Pop,songgen,test,mp3_128,0.9920614283694712,0.5685665621681771,1
seg_005619,sample_01922,Music For an Underground Circu - Ergo Phizmiz,FAKE,1,Pop,songgen,test,mp3_128,0.9714866026904218,0.5685665621681771,1
seg_005620,sample_01922,Music For an Underground Circu - Ergo Phizmiz,FAKE,1,Pop,songgen,test,mp3_128,0.9946917321067024,0.5685665621681771,1
seg_005641,sample_01933,Production - Bird Names,FAKE,1,Pop,songgen,test,mp3_128,0.9786021654402368,0.5685665621681771,1
seg_005642,sample_01933,Production - Bird Names,FAKE,1,Pop,songgen,test,mp3_128,0.9926960884183582,0.5685665621681771,1
seg_005651,sample_01938,She Works / Tepid Waters - Bird Names,FAKE,1,Pop,songgen,test,mp3_128,0.9964601178557215,0.5685665621681771,1
seg_005652,sample_01938,She Works / Tepid Waters - Bird Names,FAKE,1,Pop,songgen,test,mp3_128,0.9929869200717373,0.5685665621681771,1
seg_005659,sample_01942,Something Dirty - Ergo Phizmiz,FAKE,1,Pop,songgen,test,mp3_128,0.9965830505090622,0.5685665621681771,1
seg_005660,sample_01942,Something Dirty - Ergo Phizmiz,FAKE,1,Pop,songgen,test,mp3_128,0.9986157088410376,0.5685665621681771,1
seg_005675,sample_01950,"The Pursuit of Unintentional Humor - Oh Yeah, the Future",FAKE,1,Pop,songgen,test,mp3_128,0.9810012140626639,0.5685665621681771,1
seg_005676,sample_01950,"The Pursuit of Unintentional Humor - Oh Yeah, the Future",FAKE,1,Pop,songgen,test,mp3_128,0.9842980370621139,0.5685665621681771,1
seg_005687,sample_01956,Troubles I've seen - Malaventura,FAKE,1,Pop,songgen,test,mp3_128,0.9369748103311678,0.5685665621681771,1
seg_005688,sample_01956,Troubles I've seen - Malaventura,FAKE,1,Pop,songgen,test,mp3_128,0.9627046715224504,0.5685665621681771,1
seg_005707,sample_01966,5 (Lexington) - Isle of Pine,FAKE,1,Rock,songgen,test,mp3_128,0.9936528399511422,0.5685665621681771,1
seg_005708,sample_01966,5 (Lexington) - Isle of Pine,FAKE,1,Rock,songgen,test,mp3_128,0.9988612299774368,0.5685665621681771,1
seg_005713,sample_01969,Attention - Pete Prodoehl,FAKE,1,Rock,songgen,test,mp3_128,0.979269011650002,0.5685665621681771,1
seg_005714,sample_01969,Attention - Pete Prodoehl,FAKE,1,Rock,songgen,test,mp3_128,0.9921228497348884,0.5685665621681771,1
seg_005772,sample_01999,"Head of Ancante, Talking Tree - Ak'chamel, The Giver of Illness",FAKE,1,Rock,songgen,test,mp3_128,0.9836189256667408,0.5685665621681771,1
seg_005773,sample_01999,"Head of Ancante, Talking Tree - Ak'chamel, The Giver of Illness",FAKE,1,Rock,songgen,test,mp3_128,0.9898594549239134,0.5685665621681771,1
seg_005790,sample_02008,I - Inflammator,FAKE,1,Rock,songgen,test,mp3_128,0.9971332425448376,0.5685665621681771,1
seg_005791,sample_02008,I - Inflammator,FAKE,1,Rock,songgen,test,mp3_128,0.9949935378469253,0.5685665621681771,1
seg_005802,sample_02014,L'arbre - Salmo,FAKE,1,Rock,songgen,test,mp3_128,0.8914291222130474,0.5685665621681771,1
seg_005803,sample_02014,L'arbre - Salmo,FAKE,1,Rock,songgen,test,mp3_128,0.9896654019051092,0.5685665621681771,1
seg_005804,sample_02015,Leaving Here - Mod Fun,FAKE,1,Rock,songgen,test,mp3_128,0.9973973739915413,0.5685665621681771,1
seg_005805,sample_02015,Leaving Here - Mod Fun,FAKE,1,Rock,songgen,test,mp3_128,0.9976551252811157,0.5685665621681771,1
seg_005810,sample_02018,LIQUID SKULLS - voyageurs,FAKE,1,Rock,songgen,test,mp3_128,0.9597211660110995,0.5685665621681771,1
seg_005811,sample_02018,LIQUID SKULLS - voyageurs,FAKE,1,Rock,songgen,test,mp3_128,0.9982182708478016,0.5685665621681771,1
seg_005814,sample_02020,Love Dream - The Zombie Dandies,FAKE,1,Rock,songgen,test,mp3_128,0.9993078147627815,0.5685665621681771,1
seg_005815,sample_02020,Love Dream - The Zombie Dandies,FAKE,1,Rock,songgen,test,mp3_128,0.9998878677742473,0.5685665621681771,1
seg_005822,sample_02024,Moja Krypta - AmortE,FAKE,1,Rock,songgen,test,mp3_128,0.9798757956272163,0.5685665621681771,1
seg_005823,sample_02024,Moja Krypta - AmortE,FAKE,1,Rock,songgen,test,mp3_128,0.992358112566469,0.5685665621681771,1
seg_005838,sample_02032,Puertas de Fuego - Guerra de Cerdos,FAKE,1,Rock,songgen,test,mp3_128,0.9991289590228583,0.5685665621681771,1
seg_005839,sample_02032,Puertas de Fuego - Guerra de Cerdos,FAKE,1,Rock,songgen,test,mp3_128,0.9979995220947505,0.5685665621681771,1
seg_005856,sample_02041,Sfogare Il Dissenso - Deiezione HC,FAKE,1,Rock,songgen,test,mp3_128,0.9999840049930667,0.5685665621681771,1
seg_005857,sample_02041,Sfogare Il Dissenso - Deiezione HC,FAKE,1,Rock,songgen,test,mp3_128,0.9976863851415374,0.5685665621681771,1
seg_005864,sample_02045,Sonzis FM - Pipe Choir,FAKE,1,Rock,songgen,test,mp3_128,0.991172005498315,0.5685665621681771,1
seg_005865,sample_02045,Sonzis FM - Pipe Choir,FAKE,1,Rock,songgen,test,mp3_128,0.9989855051714772,0.5685665621681771,1
seg_005870,sample_02048,Stuttgart - Portrayal,FAKE,1,Rock,songgen,test,mp3_128,0.9876082400516251,0.5685665621681771,1
seg_005871,sample_02048,Stuttgart - Portrayal,FAKE,1,Rock,songgen,test,mp3_128,0.9733370363339912,0.5685665621681771,1
seg_005874,sample_02050,Terve Teille - Чокнутый Пропеллер,FAKE,1,Rock,songgen,test,mp3_128,0.9980207886343565,0.5685665621681771,1
seg_005875,sample_02050,Terve Teille - Чокнутый Пропеллер,FAKE,1,Rock,songgen,test,mp3_128,0.9933691330316536,0.5685665621681771,1
seg_005888,sample_02057,Untitled - Fatal Injection,FAKE,1,Rock,songgen,test,mp3_128,0.9827812203772875,0.5685665621681771,1
seg_005889,sample_02057,Untitled - Fatal Injection,FAKE,1,Rock,songgen,test,mp3_128,0.986481526282694,0.5685665621681771,1
seg_005902,sample_02064,Where Is Everything - The Moi Non Plus,FAKE,1,Rock,songgen,test,mp3_128,0.9998399831550379,0.5685665621681771,1
seg_005903,sample_02064,Where Is Everything - The Moi Non Plus,FAKE,1,Rock,songgen,test,mp3_128,0.999922472651127,0.5685665621681771,1
seg_005904,sample_02065,Who Loves You Dear - Mink Lungs,FAKE,1,Rock,songgen,test,mp3_128,0.960641640667819,0.5685665621681771,1
seg_005905,sample_02065,Who Loves You Dear - Mink Lungs,FAKE,1,Rock,songgen,test,mp3_128,0.898028323175193,0.5685665621681771,1
seg_005970,sample_02089,Dance Harder - Three Chain Links,FAKE,1,Electronic,suno,test,mp3_128,0.8943619397524498,0.5685665621681771,1
seg_005971,sample_02089,Dance Harder - Three Chain Links,FAKE,1,Electronic,suno,test,mp3_128,0.6012361311614185,0.5685665621681771,1
seg_005972,sample_02089,Dance Harder - Three Chain Links,FAKE,1,Electronic,suno,test,mp3_128,0.9847207692487143,0.5685665621681771,1
seg_005973,sample_02090,Dance Harder - Three Chain Links,FAKE,1,Electronic,suno,test,mp3_128,0.8704344406719458,0.5685665621681771,1
seg_005974,sample_02090,Dance Harder - Three Chain Links,FAKE,1,Electronic,suno,test,mp3_128,0.9455935040653263,0.5685665621681771,1
seg_005975,sample_02090,Dance Harder - Three Chain Links,FAKE,1,Electronic,suno,test,mp3_128,0.9843583984811414,0.5685665621681771,1
seg_006006,sample_02101,Fuckaboing - RoccoW,FAKE,1,Electronic,suno,test,mp3_128,0.1101852875038441,0.5685665621681771,0
seg_006007,sample_02101,Fuckaboing - RoccoW,FAKE,1,Electronic,suno,test,mp3_128,0.23758271644173487,0.5685665621681771,0
seg_006008,sample_02101,Fuckaboing - RoccoW,FAKE,1,Electronic,suno,test,mp3_128,0.5003262508468376,0.5685665621681771,0
seg_006009,sample_02102,Fuckaboing - RoccoW,FAKE,1,Electronic,suno,test,mp3_128,0.9743891821668573,0.5685665621681771,1
seg_006010,sample_02102,Fuckaboing - RoccoW,FAKE,1,Electronic,suno,test,mp3_128,0.9652490536055762,0.5685665621681771,1
seg_006011,sample_02102,Fuckaboing - RoccoW,FAKE,1,Electronic,suno,test,mp3_128,0.9016714337370094,0.5685665621681771,1
seg_006054,sample_02117,Night Owl - Broke For Free,FAKE,1,Electronic,suno,test,mp3_128,0.9814502349151728,0.5685665621681771,1
seg_006055,sample_02117,Night Owl - Broke For Free,FAKE,1,Electronic,suno,test,mp3_128,0.9964111901296047,0.5685665621681771,1
seg_006056,sample_02117,Night Owl - Broke For Free,FAKE,1,Electronic,suno,test,mp3_128,0.9951150250053116,0.5685665621681771,1
seg_006057,sample_02118,Night Owl - Broke For Free,FAKE,1,Electronic,suno,test,mp3_128,0.9970005310571378,0.5685665621681771,1
seg_006058,sample_02118,Night Owl - Broke For Free,FAKE,1,Electronic,suno,test,mp3_128,0.9987964294728437,0.5685665621681771,1
seg_006059,sample_02118,Night Owl - Broke For Free,FAKE,1,Electronic,suno,test,mp3_128,0.9924197705040538,0.5685665621681771,1
seg_006114,sample_02137,Pista Afuera - Epstein,FAKE,1,Electronic,suno,test,mp3_128,0.9985601964585694,0.5685665621681771,1
seg_006115,sample_02137,Pista Afuera - Epstein,FAKE,1,Electronic,suno,test,mp3_128,0.5485956007366998,0.5685665621681771,0
seg_006116,sample_02137,Pista Afuera - Epstein,FAKE,1,Electronic,suno,test,mp3_128,0.9985440593656846,0.5685665621681771,1
seg_006117,sample_02138,Pista Afuera - Epstein,FAKE,1,Electronic,suno,test,mp3_128,0.8838458766834872,0.5685665621681771,1
seg_006118,sample_02138,Pista Afuera - Epstein,FAKE,1,Electronic,suno,test,mp3_128,0.7786722359237288,0.5685665621681771,1
seg_006119,sample_02138,Pista Afuera - Epstein,FAKE,1,Electronic,suno,test,mp3_128,0.988266723183912,0.5685665621681771,1
seg_006126,sample_02141,Realize Me - Jim Rooster,FAKE,1,Electronic,suno,test,mp3_128,0.9985304007600977,0.5685665621681771,1
seg_006127,sample_02141,Realize Me - Jim Rooster,FAKE,1,Electronic,suno,test,mp3_128,0.9931751279210944,0.5685665621681771,1
seg_006128,sample_02141,Realize Me - Jim Rooster,FAKE,1,Electronic,suno,test,mp3_128,0.9994213516034967,0.5685665621681771,1
seg_006129,sample_02142,Realize Me - Jim Rooster,FAKE,1,Electronic,suno,test,mp3_128,0.9454895578516818,0.5685665621681771,1
seg_006130,sample_02142,Realize Me - Jim Rooster,FAKE,1,Electronic,suno,test,mp3_128,0.9772584629751054,0.5685665621681771,1
seg_006131,sample_02142,Realize Me - Jim Rooster,FAKE,1,Electronic,suno,test,mp3_128,0.9997112459306216,0.5685665621681771,1
seg_006132,sample_02143,Resistentialism - Nihilore,FAKE,1,Electronic,suno,test,mp3_128,0.9462362358325953,0.5685665621681771,1
seg_006133,sample_02143,Resistentialism - Nihilore,FAKE,1,Electronic,suno,test,mp3_128,0.7159186084133168,0.5685665621681771,1
seg_006134,sample_02143,Resistentialism - Nihilore,FAKE,1,Electronic,suno,test,mp3_128,0.994843323291977,0.5685665621681771,1
seg_006135,sample_02144,Resistentialism - Nihilore,FAKE,1,Electronic,suno,test,mp3_128,0.9989689469774597,0.5685665621681771,1
seg_006136,sample_02144,Resistentialism - Nihilore,FAKE,1,Electronic,suno,test,mp3_128,0.9660710637730233,0.5685665621681771,1
seg_006137,sample_02144,Resistentialism - Nihilore,FAKE,1,Electronic,suno,test,mp3_128,0.990951280357658,0.5685665621681771,1
seg_006198,sample_02165,Ugh! Humans Can Join - Mystery Mammal,FAKE,1,Electronic,suno,test,mp3_128,0.6225595796062603,0.5685665621681771,1
seg_006199,sample_02165,Ugh! Humans Can Join - Mystery Mammal,FAKE,1,Electronic,suno,test,mp3_128,0.6283687470620942,0.5685665621681771,1
seg_006200,sample_02165,Ugh! Humans Can Join - Mystery Mammal,FAKE,1,Electronic,suno,test,mp3_128,0.9823706306048331,0.5685665621681771,1
seg_006201,sample_02166,Ugh! Humans Can Join - Mystery Mammal,FAKE,1,Electronic,suno,test,mp3_128,0.6514935295562436,0.5685665621681771,1
seg_006202,sample_02166,Ugh! Humans Can Join - Mystery Mammal,FAKE,1,Electronic,suno,test,mp3_128,0.9940457824490858,0.5685665621681771,1
seg_006203,sample_02166,Ugh! Humans Can Join - Mystery Mammal,FAKE,1,Electronic,suno,test,mp3_128,0.9994520858163883,0.5685665621681771,1
seg_006252,sample_02183,Different Day - First,FAKE,1,Pop,suno,test,mp3_128,0.997213592811403,0.5685665621681771,1
seg_006253,sample_02183,Different Day - First,FAKE,1,Pop,suno,test,mp3_128,0.9704264583380734,0.5685665621681771,1
seg_006254,sample_02183,Different Day - First,FAKE,1,Pop,suno,test,mp3_128,0.9995298358666767,0.5685665621681771,1
seg_006255,sample_02184,Different Day - First,FAKE,1,Pop,suno,test,mp3_128,0.9499755287304192,0.5685665621681771,1
seg_006256,sample_02184,Different Day - First,FAKE,1,Pop,suno,test,mp3_128,0.8666870315097441,0.5685665621681771,1
seg_006257,sample_02184,Different Day - First,FAKE,1,Pop,suno,test,mp3_128,0.9929346897642964,0.5685665621681771,1
seg_006282,sample_02193,"Hungry - Oh Yeah, the Future",FAKE,1,Pop,suno,test,mp3_128,0.9191767559480554,0.5685665621681771,1
seg_006283,sample_02193,"Hungry - Oh Yeah, the Future",FAKE,1,Pop,suno,test,mp3_128,0.8763393445552919,0.5685665621681771,1
seg_006284,sample_02193,"Hungry - Oh Yeah, the Future",FAKE,1,Pop,suno,test,mp3_128,0.9973711432030872,0.5685665621681771,1
seg_006285,sample_02194,"Hungry - Oh Yeah, the Future",FAKE,1,Pop,suno,test,mp3_128,0.9443717852758005,0.5685665621681771,1
seg_006286,sample_02194,"Hungry - Oh Yeah, the Future",FAKE,1,Pop,suno,test,mp3_128,0.9143218959678904,0.5685665621681771,1
seg_006287,sample_02194,"Hungry - Oh Yeah, the Future",FAKE,1,Pop,suno,test,mp3_128,0.9965507190587376,0.5685665621681771,1
seg_006348,sample_02215,Motocross Mania - Monroeville Music Center,FAKE,1,Pop,suno,test,mp3_128,0.9883858552296965,0.5685665621681771,1
seg_006349,sample_02215,Motocross Mania - Monroeville Music Center,FAKE,1,Pop,suno,test,mp3_128,0.9851851636896961,0.5685665621681771,1
seg_006350,sample_02215,Motocross Mania - Monroeville Music Center,FAKE,1,Pop,suno,test,mp3_128,0.9916988182426233,0.5685665621681771,1
seg_006351,sample_02216,Motocross Mania - Monroeville Music Center,FAKE,1,Pop,suno,test,mp3_128,0.9811483269224621,0.5685665621681771,1
seg_006352,sample_02216,Motocross Mania - Monroeville Music Center,FAKE,1,Pop,suno,test,mp3_128,0.9772055259686737,0.5685665621681771,1
seg_006353,sample_02216,Motocross Mania - Monroeville Music Center,FAKE,1,Pop,suno,test,mp3_128,0.9934157343044593,0.5685665621681771,1
seg_006354,sample_02217,Music For an Underground Circu - Ergo Phizmiz,FAKE,1,Pop,suno,test,mp3_128,0.9540952015708913,0.5685665621681771,1
seg_006355,sample_02217,Music For an Underground Circu - Ergo Phizmiz,FAKE,1,Pop,suno,test,mp3_128,0.7219979412718995,0.5685665621681771,1
seg_006356,sample_02217,Music For an Underground Circu - Ergo Phizmiz,FAKE,1,Pop,suno,test,mp3_128,0.991357045254029,0.5685665621681771,1
seg_006357,sample_02218,Music For an Underground Circu - Ergo Phizmiz,FAKE,1,Pop,suno,test,mp3_128,0.9249323251519347,0.5685665621681771,1
seg_006358,sample_02218,Music For an Underground Circu - Ergo Phizmiz,FAKE,1,Pop,suno,test,mp3_128,0.20305483680907985,0.5685665621681771,0
seg_006359,sample_02218,Music For an Underground Circu - Ergo Phizmiz,FAKE,1,Pop,suno,test,mp3_128,0.6054947125658007,0.5685665621681771,1
seg_006414,sample_02237,She Works / Tepid Waters - Bird Names,FAKE,1,Pop,suno,test,mp3_128,0.9868012755620453,0.5685665621681771,1
seg_006415,sample_02237,She Works / Tepid Waters - Bird Names,FAKE,1,Pop,suno,test,mp3_128,0.8952106540498073,0.5685665621681771,1
seg_006416,sample_02237,She Works / Tepid Waters - Bird Names,FAKE,1,Pop,suno,test,mp3_128,0.9992263353083076,0.5685665621681771,1
seg_006417,sample_02238,She Works / Tepid Waters - Bird Names,FAKE,1,Pop,suno,test,mp3_128,0.9959934147051811,0.5685665621681771,1
seg_006418,sample_02238,She Works / Tepid Waters - Bird Names,FAKE,1,Pop,suno,test,mp3_128,0.9963426337717864,0.5685665621681771,1
seg_006419,sample_02238,She Works / Tepid Waters - Bird Names,FAKE,1,Pop,suno,test,mp3_128,0.9987073186782922,0.5685665621681771,1
seg_006426,sample_02241,Something Dirty - Ergo Phizmiz,FAKE,1,Pop,suno,test,mp3_128,0.850736467732508,0.5685665621681771,1
seg_006427,sample_02241,Something Dirty - Ergo Phizmiz,FAKE,1,Pop,suno,test,mp3_128,0.9107421871968666,0.5685665621681771,1
seg_006428,sample_02241,Something Dirty - Ergo Phizmiz,FAKE,1,Pop,suno,test,mp3_128,0.8303885788035604,0.5685665621681771,1
seg_006429,sample_02242,Something Dirty - Ergo Phizmiz,FAKE,1,Pop,suno,test,mp3_128,0.7984553531784186,0.5685665621681771,1
seg_006430,sample_02242,Something Dirty - Ergo Phizmiz,FAKE,1,Pop,suno,test,mp3_128,0.8745713106020023,0.5685665621681771,1
seg_006431,sample_02242,Something Dirty - Ergo Phizmiz,FAKE,1,Pop,suno,test,mp3_128,0.9919102105995479,0.5685665621681771,1
seg_006486,sample_02261,Troubles I've seen - Malaventura,FAKE,1,Pop,suno,test,mp3_128,0.9747351889377844,0.5685665621681771,1
seg_006487,sample_02261,Troubles I've seen - Malaventura,FAKE,1,Pop,suno,test,mp3_128,0.9884357700523614,0.5685665621681771,1
seg_006488,sample_02261,Troubles I've seen - Malaventura,FAKE,1,Pop,suno,test,mp3_128,0.9351376961258078,0.5685665621681771,1
seg_006489,sample_02262,Troubles I've seen - Malaventura,FAKE,1,Pop,suno,test,mp3_128,0.95026592535672,0.5685665621681771,1
seg_006490,sample_02262,Troubles I've seen - Malaventura,FAKE,1,Pop,suno,test,mp3_128,0.9934231051987298,0.5685665621681771,1
seg_006491,sample_02262,Troubles I've seen - Malaventura,FAKE,1,Pop,suno,test,mp3_128,0.9986878519112162,0.5685665621681771,1
seg_006528,sample_02275,Attention - Pete Prodoehl,FAKE,1,Rock,suno,test,mp3_128,0.8661722228989929,0.5685665621681771,1
seg_006529,sample_02275,Attention - Pete Prodoehl,FAKE,1,Rock,suno,test,mp3_128,0.995661467817244,0.5685665621681771,1
seg_006530,sample_02275,Attention - Pete Prodoehl,FAKE,1,Rock,suno,test,mp3_128,0.9987505813965976,0.5685665621681771,1
seg_006531,sample_02276,Attention - Pete Prodoehl,FAKE,1,Rock,suno,test,mp3_128,0.9973857696358169,0.5685665621681771,1
seg_006532,sample_02276,Attention - Pete Prodoehl,FAKE,1,Rock,suno,test,mp3_128,0.9948282640839752,0.5685665621681771,1
seg_006533,sample_02276,Attention - Pete Prodoehl,FAKE,1,Rock,suno,test,mp3_128,0.999689730118276,0.5685665621681771,1
seg_006576,sample_02291,"Head of Ancante, Talking Tree - Ak'chamel, The Giver of Illness",FAKE,1,Rock,suno,test,mp3_128,0.8276549281435742,0.5685665621681771,1
seg_006577,sample_02291,"Head of Ancante, Talking Tree - Ak'chamel, The Giver of Illness",FAKE,1,Rock,suno,test,mp3_128,0.9253685270309536,0.5685665621681771,1
seg_006578,sample_02291,"Head of Ancante, Talking Tree - Ak'chamel, The Giver of Illness",FAKE,1,Rock,suno,test,mp3_128,0.9908788729248228,0.5685665621681771,1
seg_006579,sample_02292,"Head of Ancante, Talking Tree - Ak'chamel, The Giver of Illness",FAKE,1,Rock,suno,test,mp3_128,0.9993232058249465,0.5685665621681771,1
seg_006580,sample_02292,"Head of Ancante, Talking Tree - Ak'chamel, The Giver of Illness",FAKE,1,Rock,suno,test,mp3_128,0.9987812863550839,0.5685665621681771,1
seg_006581,sample_02292,"Head of Ancante, Talking Tree - Ak'chamel, The Giver of Illness",FAKE,1,Rock,suno,test,mp3_128,0.995672874089253,0.5685665621681771,1
seg_006600,sample_02299,I - Inflammator,FAKE,1,Rock,suno,test,mp3_128,0.6240652366932152,0.5685665621681771,1
seg_006601,sample_02299,I - Inflammator,FAKE,1,Rock,suno,test,mp3_128,0.8989166262486529,0.5685665621681771,1
seg_006602,sample_02299,I - Inflammator,FAKE,1,Rock,suno,test,mp3_128,0.8386797814713042,0.5685665621681771,1
seg_006603,sample_02300,I - Inflammator,FAKE,1,Rock,suno,test,mp3_128,0.6387833331842028,0.5685665621681771,1
seg_006604,sample_02300,I - Inflammator,FAKE,1,Rock,suno,test,mp3_128,0.9201776448671997,0.5685665621681771,1
seg_006605,sample_02300,I - Inflammator,FAKE,1,Rock,suno,test,mp3_128,0.9920433304362994,0.5685665621681771,1
seg_006618,sample_02305,LIQUID SKULLS - voyageurs,FAKE,1,Rock,suno,test,mp3_128,0.976087521616268,0.5685665621681771,1
seg_006619,sample_02305,LIQUID SKULLS - voyageurs,FAKE,1,Rock,suno,test,mp3_128,0.9229718642769887,0.5685665621681771,1
seg_006620,sample_02305,LIQUID SKULLS - voyageurs,FAKE,1,Rock,suno,test,mp3_128,0.9751938686637742,0.5685665621681771,1
seg_006621,sample_02306,LIQUID SKULLS - voyageurs,FAKE,1,Rock,suno,test,mp3_128,0.9266316790187613,0.5685665621681771,1
seg_006622,sample_02306,LIQUID SKULLS - voyageurs,FAKE,1,Rock,suno,test,mp3_128,0.9929393620960275,0.5685665621681771,1
seg_006623,sample_02306,LIQUID SKULLS - voyageurs,FAKE,1,Rock,suno,test,mp3_128,0.8760696660992771,0.5685665621681771,1
seg_006630,sample_02309,Love Dream - The Zombie Dandies,FAKE,1,Rock,suno,test,mp3_128,0.964348578959759,0.5685665621681771,1
seg_006631,sample_02309,Love Dream - The Zombie Dandies,FAKE,1,Rock,suno,test,mp3_128,0.5959174791748848,0.5685665621681771,1
seg_006632,sample_02309,Love Dream - The Zombie Dandies,FAKE,1,Rock,suno,test,mp3_128,0.9228252169956438,0.5685665621681771,1
seg_006633,sample_02310,Love Dream - The Zombie Dandies,FAKE,1,Rock,suno,test,mp3_128,0.9517515420256071,0.5685665621681771,1
seg_006634,sample_02310,Love Dream - The Zombie Dandies,FAKE,1,Rock,suno,test,mp3_128,0.8954194952529899,0.5685665621681771,1
seg_006635,sample_02310,Love Dream - The Zombie Dandies,FAKE,1,Rock,suno,test,mp3_128,0.861337336246485,0.5685665621681771,1
seg_006708,sample_02335,Sfogare Il Dissenso - Deiezione HC,FAKE,1,Rock,suno,test,mp3_128,0.9681258736823746,0.5685665621681771,1
seg_006709,sample_02335,Sfogare Il Dissenso - Deiezione HC,FAKE,1,Rock,suno,test,mp3_128,0.9082685726976365,0.5685665621681771,1
seg_006710,sample_02335,Sfogare Il Dissenso - Deiezione HC,FAKE,1,Rock,suno,test,mp3_128,0.8353225856851768,0.5685665621681771,1
seg_006711,sample_02336,Sfogare Il Dissenso - Deiezione HC,FAKE,1,Rock,suno,test,mp3_128,0.8088449354095346,0.5685665621681771,1
seg_006712,sample_02336,Sfogare Il Dissenso - Deiezione HC,FAKE,1,Rock,suno,test,mp3_128,0.7084029972905234,0.5685665621681771,1
seg_006713,sample_02336,Sfogare Il Dissenso - Deiezione HC,FAKE,1,Rock,suno,test,mp3_128,0.8778988590613981,0.5685665621681771,1
seg_006732,sample_02343,Stuttgart - Portrayal,FAKE,1,Rock,suno,test,mp3_128,0.7426546087052496,0.5685665621681771,1
seg_006733,sample_02343,Stuttgart - Portrayal,FAKE,1,Rock,suno,test,mp3_128,0.22991831045540437,0.5685665621681771,0
seg_006734,sample_02343,Stuttgart - Portrayal,FAKE,1,Rock,suno,test,mp3_128,0.9951001265019268,0.5685665621681771,1
seg_006735,sample_02344,Stuttgart - Portrayal,FAKE,1,Rock,suno,test,mp3_128,0.9951103914445685,0.5685665621681771,1
seg_006736,sample_02344,Stuttgart - Portrayal,FAKE,1,Rock,suno,test,mp3_128,0.940822271208996,0.5685665621681771,1
seg_006737,sample_02344,Stuttgart - Portrayal,FAKE,1,Rock,suno,test,mp3_128,0.9997454656828142,0.5685665621681771,1
seg_006738,sample_02345,Terve Teille - Чокнутый Пропеллер,FAKE,1,Rock,suno,test,mp3_128,0.9467418962745807,0.5685665621681771,1
seg_006739,sample_02345,Terve Teille - Чокнутый Пропеллер,FAKE,1,Rock,suno,test,mp3_128,0.8493002623387726,0.5685665621681771,1
seg_006740,sample_02345,Terve Teille - Чокнутый Пропеллер,FAKE,1,Rock,suno,test,mp3_128,0.9863326617667466,0.5685665621681771,1
seg_006741,sample_02346,Terve Teille - Чокнутый Пропеллер,FAKE,1,Rock,suno,test,mp3_128,0.8375323290516775,0.5685665621681771,1
seg_006742,sample_02346,Terve Teille - Чокнутый Пропеллер,FAKE,1,Rock,suno,test,mp3_128,0.9232822191772124,0.5685665621681771,1
seg_006743,sample_02346,Terve Teille - Чокнутый Пропеллер,FAKE,1,Rock,suno,test,mp3_128,0.7722801632999038,0.5685665621681771,1
seg_006780,sample_02359,Where Is Everything - The Moi Non Plus,FAKE,1,Rock,suno,test,mp3_128,0.7845957538645617,0.5685665621681771,1
seg_006781,sample_02359,Where Is Everything - The Moi Non Plus,FAKE,1,Rock,suno,test,mp3_128,0.8855420580380827,0.5685665621681771,1
seg_006782,sample_02359,Where Is Everything - The Moi Non Plus,FAKE,1,Rock,suno,test,mp3_128,0.9310408173279923,0.5685665621681771,1
seg_006783,sample_02360,Where Is Everything - The Moi Non Plus,FAKE,1,Rock,suno,test,mp3_128,0.964892638557428,0.5685665621681771,1
seg_006784,sample_02360,Where Is Everything - The Moi Non Plus,FAKE,1,Rock,suno,test,mp3_128,0.9865092142554717,0.5685665621681771,1
seg_006785,sample_02360,Where Is Everything - The Moi Non Plus,FAKE,1,Rock,suno,test,mp3_128,0.9976531360511428,0.5685665621681771,1
seg_006786,sample_02361,Who Loves You Dear - Mink Lungs,FAKE,1,Rock,suno,test,mp3_128,0.858382328922023,0.5685665621681771,1
seg_006787,sample_02361,Who Loves You Dear - Mink Lungs,FAKE,1,Rock,suno,test,mp3_128,0.8657852716380257,0.5685665621681771,1
seg_006788,sample_02361,Who Loves You Dear - Mink Lungs,FAKE,1,Rock,suno,test,mp3_128,0.9711016108362418,0.5685665621681771,1
seg_006789,sample_02362,Who Loves You Dear - Mink Lungs,FAKE,1,Rock,suno,test,mp3_128,0.921354874637663,0.5685665621681771,1
seg_006790,sample_02362,Who Loves You Dear - Mink Lungs,FAKE,1,Rock,suno,test,mp3_128,0.98956772915991,0.5685665621681771,1
seg_006791,sample_02362,Who Loves You Dear - Mink Lungs,FAKE,1,Rock,suno,test,mp3_128,0.94242852363192,0.5685665621681771,1
seg_006870,sample_02389,Dance Harder - Three Chain Links,FAKE,1,Electronic,udio,test,mp3_128,0.9751087169743149,0.5685665621681771,1
seg_006871,sample_02389,Dance Harder - Three Chain Links,FAKE,1,Electronic,udio,test,mp3_128,0.9850146596634025,0.5685665621681771,1
seg_006872,sample_02389,Dance Harder - Three Chain Links,FAKE,1,Electronic,udio,test,mp3_128,0.9999638372005945,0.5685665621681771,1
seg_006873,sample_02390,Dance Harder - Three Chain Links,FAKE,1,Electronic,udio,test,mp3_128,0.8741373279280593,0.5685665621681771,1
seg_006874,sample_02390,Dance Harder - Three Chain Links,FAKE,1,Electronic,udio,test,mp3_128,0.9416531023556926,0.5685665621681771,1
seg_006875,sample_02390,Dance Harder - Three Chain Links,FAKE,1,Electronic,udio,test,mp3_128,0.9993548399147067,0.5685665621681771,1
seg_006906,sample_02401,Fuckaboing - RoccoW,FAKE,1,Electronic,udio,test,mp3_128,0.9994516920991728,0.5685665621681771,1
seg_006907,sample_02401,Fuckaboing - RoccoW,FAKE,1,Electronic,udio,test,mp3_128,0.9991139237474244,0.5685665621681771,1
seg_006908,sample_02401,Fuckaboing - RoccoW,FAKE,1,Electronic,udio,test,mp3_128,0.9999663543897083,0.5685665621681771,1
seg_006909,sample_02402,Fuckaboing - RoccoW,FAKE,1,Electronic,udio,test,mp3_128,0.8414576479495784,0.5685665621681771,1
seg_006910,sample_02402,Fuckaboing - RoccoW,FAKE,1,Electronic,udio,test,mp3_128,0.6894177028012323,0.5685665621681771,1
seg_006911,sample_02402,Fuckaboing - RoccoW,FAKE,1,Electronic,udio,test,mp3_128,0.9842975217158348,0.5685665621681771,1
seg_006954,sample_02417,Night Owl - Broke For Free,FAKE,1,Electronic,udio,test,mp3_128,0.9862651180350052,0.5685665621681771,1
seg_006955,sample_02417,Night Owl - Broke For Free,FAKE,1,Electronic,udio,test,mp3_128,0.9404316231376904,0.5685665621681771,1
seg_006956,sample_02417,Night Owl - Broke For Free,FAKE,1,Electronic,udio,test,mp3_128,0.9970037670434319,0.5685665621681771,1
seg_006957,sample_02418,Night Owl - Broke For Free,FAKE,1,Electronic,udio,test,mp3_128,0.7760525181511375,0.5685665621681771,1
seg_006958,sample_02418,Night Owl - Broke For Free,FAKE,1,Electronic,udio,test,mp3_128,0.9960750948645579,0.5685665621681771,1
seg_006959,sample_02418,Night Owl - Broke For Free,FAKE,1,Electronic,udio,test,mp3_128,0.9986582905572418,0.5685665621681771,1
seg_007014,sample_02437,Pista Afuera - Epstein,FAKE,1,Electronic,udio,test,mp3_128,0.9605526745643101,0.5685665621681771,1
seg_007015,sample_02437,Pista Afuera - Epstein,FAKE,1,Electronic,udio,test,mp3_128,0.4922848288509549,0.5685665621681771,0
seg_007016,sample_02437,Pista Afuera - Epstein,FAKE,1,Electronic,udio,test,mp3_128,0.9769730213400512,0.5685665621681771,1
seg_007017,sample_02438,Pista Afuera - Epstein,FAKE,1,Electronic,udio,test,mp3_128,0.10169565539747495,0.5685665621681771,0
seg_007018,sample_02438,Pista Afuera - Epstein,FAKE,1,Electronic,udio,test,mp3_128,0.9726046993414952,0.5685665621681771,1
seg_007019,sample_02438,Pista Afuera - Epstein,FAKE,1,Electronic,udio,test,mp3_128,0.9987706252766132,0.5685665621681771,1
seg_007026,sample_02441,Realize Me - Jim Rooster,FAKE,1,Electronic,udio,test,mp3_128,0.17541341594781096,0.5685665621681771,0
seg_007027,sample_02441,Realize Me - Jim Rooster,FAKE,1,Electronic,udio,test,mp3_128,0.8781530530471682,0.5685665621681771,1
seg_007028,sample_02441,Realize Me - Jim Rooster,FAKE,1,Electronic,udio,test,mp3_128,0.9926139183302748,0.5685665621681771,1
seg_007029,sample_02442,Realize Me - Jim Rooster,FAKE,1,Electronic,udio,test,mp3_128,0.939150747320747,0.5685665621681771,1
seg_007030,sample_02442,Realize Me - Jim Rooster,FAKE,1,Electronic,udio,test,mp3_128,0.01562611443670788,0.5685665621681771,0
seg_007031,sample_02442,Realize Me - Jim Rooster,FAKE,1,Electronic,udio,test,mp3_128,0.9984066867169601,0.5685665621681771,1
seg_007032,sample_02443,Resistentialism - Nihilore,FAKE,1,Electronic,udio,test,mp3_128,0.9998768745551524,0.5685665621681771,1
seg_007033,sample_02443,Resistentialism - Nihilore,FAKE,1,Electronic,udio,test,mp3_128,0.9890124269758656,0.5685665621681771,1
seg_007034,sample_02443,Resistentialism - Nihilore,FAKE,1,Electronic,udio,test,mp3_128,0.992637567150235,0.5685665621681771,1
seg_007035,sample_02444,Resistentialism - Nihilore,FAKE,1,Electronic,udio,test,mp3_128,0.41653213796601063,0.5685665621681771,0
seg_007036,sample_02444,Resistentialism - Nihilore,FAKE,1,Electronic,udio,test,mp3_128,0.7781061157321459,0.5685665621681771,1
seg_007037,sample_02444,Resistentialism - Nihilore,FAKE,1,Electronic,udio,test,mp3_128,0.9999397126888186,0.5685665621681771,1
seg_007098,sample_02465,Ugh! Humans Can Join - Mystery Mammal,FAKE,1,Electronic,udio,test,mp3_128,0.9868178900457777,0.5685665621681771,1
seg_007099,sample_02465,Ugh! Humans Can Join - Mystery Mammal,FAKE,1,Electronic,udio,test,mp3_128,0.9823666056654519,0.5685665621681771,1
seg_007100,sample_02465,Ugh! Humans Can Join - Mystery Mammal,FAKE,1,Electronic,udio,test,mp3_128,0.994027135515807,0.5685665621681771,1
seg_007101,sample_02466,Ugh! Humans Can Join - Mystery Mammal,FAKE,1,Electronic,udio,test,mp3_128,0.667937740184579,0.5685665621681771,1
seg_007102,sample_02466,Ugh! Humans Can Join - Mystery Mammal,FAKE,1,Electronic,udio,test,mp3_128,0.8463187265781364,0.5685665621681771,1
seg_007103,sample_02466,Ugh! Humans Can Join - Mystery Mammal,FAKE,1,Electronic,udio,test,mp3_128,0.9680593048196372,0.5685665621681771,1
seg_007152,sample_02483,Different Day - First,FAKE,1,Pop,udio,test,mp3_128,0.8539685153684217,0.5685665621681771,1
seg_007153,sample_02483,Different Day - First,FAKE,1,Pop,udio,test,mp3_128,0.884892660433094,0.5685665621681771,1
seg_007154,sample_02483,Different Day - First,FAKE,1,Pop,udio,test,mp3_128,0.8937791799418806,0.5685665621681771,1
seg_007155,sample_02484,Different Day - First,FAKE,1,Pop,udio,test,mp3_128,0.9904097176954335,0.5685665621681771,1
seg_007156,sample_02484,Different Day - First,FAKE,1,Pop,udio,test,mp3_128,0.8622204730808284,0.5685665621681771,1
seg_007157,sample_02484,Different Day - First,FAKE,1,Pop,udio,test,mp3_128,0.9911263069930869,0.5685665621681771,1
seg_007182,sample_02493,"Hungry - Oh Yeah, the Future",FAKE,1,Pop,udio,test,mp3_128,0.9547565390873185,0.5685665621681771,1
seg_007183,sample_02493,"Hungry - Oh Yeah, the Future",FAKE,1,Pop,udio,test,mp3_128,0.16513678390272674,0.5685665621681771,0
seg_007184,sample_02493,"Hungry - Oh Yeah, the Future",FAKE,1,Pop,udio,test,mp3_128,0.9979993300474427,0.5685665621681771,1
seg_007185,sample_02494,"Hungry - Oh Yeah, the Future",FAKE,1,Pop,udio,test,mp3_128,0.2067429904107876,0.5685665621681771,0
seg_007186,sample_02494,"Hungry - Oh Yeah, the Future",FAKE,1,Pop,udio,test,mp3_128,0.26013776107397646,0.5685665621681771,0
seg_007187,sample_02494,"Hungry - Oh Yeah, the Future",FAKE,1,Pop,udio,test,mp3_128,0.41648363763737356,0.5685665621681771,0
seg_007248,sample_02515,Motocross Mania - Monroeville Music Center,FAKE,1,Pop,udio,test,mp3_128,0.9234523301882608,0.5685665621681771,1
seg_007249,sample_02515,Motocross Mania - Monroeville Music Center,FAKE,1,Pop,udio,test,mp3_128,0.991889046764025,0.5685665621681771,1
seg_007250,sample_02515,Motocross Mania - Monroeville Music Center,FAKE,1,Pop,udio,test,mp3_128,0.99097720588263,0.5685665621681771,1
seg_007251,sample_02516,Motocross Mania - Monroeville Music Center,FAKE,1,Pop,udio,test,mp3_128,0.997144983537334,0.5685665621681771,1
seg_007252,sample_02516,Motocross Mania - Monroeville Music Center,FAKE,1,Pop,udio,test,mp3_128,0.9457298739321915,0.5685665621681771,1
seg_007253,sample_02516,Motocross Mania - Monroeville Music Center,FAKE,1,Pop,udio,test,mp3_128,0.9267809775209926,0.5685665621681771,1
seg_007254,sample_02517,Music For an Underground Circu - Ergo Phizmiz,FAKE,1,Pop,udio,test,mp3_128,0.9877634744772771,0.5685665621681771,1
seg_007255,sample_02517,Music For an Underground Circu - Ergo Phizmiz,FAKE,1,Pop,udio,test,mp3_128,0.7029834746261251,0.5685665621681771,1
seg_007256,sample_02517,Music For an Underground Circu - Ergo Phizmiz,FAKE,1,Pop,udio,test,mp3_128,0.9568020124807276,0.5685665621681771,1
seg_007257,sample_02518,Music For an Underground Circu - Ergo Phizmiz,FAKE,1,Pop,udio,test,mp3_128,0.9877634744772771,0.5685665621681771,1
seg_007258,sample_02518,Music For an Underground Circu - Ergo Phizmiz,FAKE,1,Pop,udio,test,mp3_128,0.7029834746261251,0.5685665621681771,1
seg_007259,sample_02518,Music For an Underground Circu - Ergo Phizmiz,FAKE,1,Pop,udio,test,mp3_128,0.9983671395823305,0.5685665621681771,1
seg_007314,sample_02537,She Works / Tepid Waters - Bird Names,FAKE,1,Pop,udio,test,mp3_128,0.8191344858955172,0.5685665621681771,1
seg_007315,sample_02537,She Works / Tepid Waters - Bird Names,FAKE,1,Pop,udio,test,mp3_128,0.5351155272362452,0.5685665621681771,0
seg_007316,sample_02537,She Works / Tepid Waters - Bird Names,FAKE,1,Pop,udio,test,mp3_128,0.9138883444818512,0.5685665621681771,1
seg_007317,sample_02538,She Works / Tepid Waters - Bird Names,FAKE,1,Pop,udio,test,mp3_128,0.07346244092988681,0.5685665621681771,0
seg_007318,sample_02538,She Works / Tepid Waters - Bird Names,FAKE,1,Pop,udio,test,mp3_128,0.35362482586327004,0.5685665621681771,0
seg_007319,sample_02538,She Works / Tepid Waters - Bird Names,FAKE,1,Pop,udio,test,mp3_128,0.6260096158482837,0.5685665621681771,1
seg_007326,sample_02541,Something Dirty - Ergo Phizmiz,FAKE,1,Pop,udio,test,mp3_128,0.8288381181736703,0.5685665621681771,1
seg_007327,sample_02541,Something Dirty - Ergo Phizmiz,FAKE,1,Pop,udio,test,mp3_128,0.7024356741167289,0.5685665621681771,1
seg_007328,sample_02541,Something Dirty - Ergo Phizmiz,FAKE,1,Pop,udio,test,mp3_128,0.8704515425302198,0.5685665621681771,1
seg_007329,sample_02542,Something Dirty - Ergo Phizmiz,FAKE,1,Pop,udio,test,mp3_128,0.8288381181736703,0.5685665621681771,1
seg_007330,sample_02542,Something Dirty - Ergo Phizmiz,FAKE,1,Pop,udio,test,mp3_128,0.7024356741167289,0.5685665621681771,1
seg_007331,sample_02542,Something Dirty - Ergo Phizmiz,FAKE,1,Pop,udio,test,mp3_128,0.9976108014093711,0.5685665621681771,1
seg_007386,sample_02561,Troubles I've seen - Malaventura,FAKE,1,Pop,udio,test,mp3_128,0.9996854885671935,0.5685665621681771,1
seg_007387,sample_02561,Troubles I've seen - Malaventura,FAKE,1,Pop,udio,test,mp3_128,0.9998743267827669,0.5685665621681771,1
seg_007388,sample_02561,Troubles I've seen - Malaventura,FAKE,1,Pop,udio,test,mp3_128,0.9930402026976978,0.5685665621681771,1
seg_007389,sample_02562,Troubles I've seen - Malaventura,FAKE,1,Pop,udio,test,mp3_128,0.8830298841562026,0.5685665621681771,1
seg_007390,sample_02562,Troubles I've seen - Malaventura,FAKE,1,Pop,udio,test,mp3_128,0.766612992531352,0.5685665621681771,1
seg_007391,sample_02562,Troubles I've seen - Malaventura,FAKE,1,Pop,udio,test,mp3_128,0.8122725394641857,0.5685665621681771,1
seg_007428,sample_02575,Attention - Pete Prodoehl,FAKE,1,Rock,udio,test,mp3_128,0.9242177496740415,0.5685665621681771,1
seg_007429,sample_02575,Attention - Pete Prodoehl,FAKE,1,Rock,udio,test,mp3_128,0.9992331003169271,0.5685665621681771,1
seg_007430,sample_02575,Attention - Pete Prodoehl,FAKE,1,Rock,udio,test,mp3_128,0.9999728011383875,0.5685665621681771,1
seg_007431,sample_02576,Attention - Pete Prodoehl,FAKE,1,Rock,udio,test,mp3_128,0.7005168182552016,0.5685665621681771,1
seg_007432,sample_02576,Attention - Pete Prodoehl,FAKE,1,Rock,udio,test,mp3_128,0.644760276373588,0.5685665621681771,1
seg_007433,sample_02576,Attention - Pete Prodoehl,FAKE,1,Rock,udio,test,mp3_128,0.794602561608575,0.5685665621681771,1
seg_007476,sample_02591,"Head of Ancante, Talking Tree - Ak'chamel, The Giver of Illness",FAKE,1,Rock,udio,test,mp3_128,0.9526989736744119,0.5685665621681771,1
seg_007477,sample_02591,"Head of Ancante, Talking Tree - Ak'chamel, The Giver of Illness",FAKE,1,Rock,udio,test,mp3_128,0.9990033356452606,0.5685665621681771,1
seg_007478,sample_02591,"Head of Ancante, Talking Tree - Ak'chamel, The Giver of Illness",FAKE,1,Rock,udio,test,mp3_128,0.812842486392686,0.5685665621681771,1
seg_007479,sample_02592,"Head of Ancante, Talking Tree - Ak'chamel, The Giver of Illness",FAKE,1,Rock,udio,test,mp3_128,0.9093577736930043,0.5685665621681771,1
seg_007480,sample_02592,"Head of Ancante, Talking Tree - Ak'chamel, The Giver of Illness",FAKE,1,Rock,udio,test,mp3_128,0.6997685454336999,0.5685665621681771,1
seg_007481,sample_02592,"Head of Ancante, Talking Tree - Ak'chamel, The Giver of Illness",FAKE,1,Rock,udio,test,mp3_128,0.8441891757340161,0.5685665621681771,1
seg_007500,sample_02599,I - Inflammator,FAKE,1,Rock,udio,test,mp3_128,0.9362537972651811,0.5685665621681771,1
seg_007501,sample_02599,I - Inflammator,FAKE,1,Rock,udio,test,mp3_128,0.7800296106094446,0.5685665621681771,1
seg_007502,sample_02599,I - Inflammator,FAKE,1,Rock,udio,test,mp3_128,0.9892992569487385,0.5685665621681771,1
seg_007503,sample_02600,I - Inflammator,FAKE,1,Rock,udio,test,mp3_128,0.9983888043471613,0.5685665621681771,1
seg_007504,sample_02600,I - Inflammator,FAKE,1,Rock,udio,test,mp3_128,0.9804775577753897,0.5685665621681771,1
seg_007505,sample_02600,I - Inflammator,FAKE,1,Rock,udio,test,mp3_128,0.9954463089131026,0.5685665621681771,1
seg_007518,sample_02605,LIQUID SKULLS - voyageurs,FAKE,1,Rock,udio,test,mp3_128,0.8105118624212287,0.5685665621681771,1
seg_007519,sample_02605,LIQUID SKULLS - voyageurs,FAKE,1,Rock,udio,test,mp3_128,0.8580790101094303,0.5685665621681771,1
seg_007520,sample_02605,LIQUID SKULLS - voyageurs,FAKE,1,Rock,udio,test,mp3_128,0.9983130554519227,0.5685665621681771,1
seg_007521,sample_02606,LIQUID SKULLS - voyageurs,FAKE,1,Rock,udio,test,mp3_128,0.9678608721536541,0.5685665621681771,1
seg_007522,sample_02606,LIQUID SKULLS - voyageurs,FAKE,1,Rock,udio,test,mp3_128,0.9316894514325323,0.5685665621681771,1
seg_007523,sample_02606,LIQUID SKULLS - voyageurs,FAKE,1,Rock,udio,test,mp3_128,0.6663645927435857,0.5685665621681771,1
seg_007530,sample_02609,Love Dream - The Zombie Dandies,FAKE,1,Rock,udio,test,mp3_128,0.6741405179032895,0.5685665621681771,1
seg_007531,sample_02609,Love Dream - The Zombie Dandies,FAKE,1,Rock,udio,test,mp3_128,0.9977962614721857,0.5685665621681771,1
seg_007532,sample_02609,Love Dream - The Zombie Dandies,FAKE,1,Rock,udio,test,mp3_128,0.9854419388889579,0.5685665621681771,1
seg_007533,sample_02610,Love Dream - The Zombie Dandies,FAKE,1,Rock,udio,test,mp3_128,0.9534219619419257,0.5685665621681771,1
seg_007534,sample_02610,Love Dream - The Zombie Dandies,FAKE,1,Rock,udio,test,mp3_128,0.7626515694102808,0.5685665621681771,1
seg_007535,sample_02610,Love Dream - The Zombie Dandies,FAKE,1,Rock,udio,test,mp3_128,0.9802635806095172,0.5685665621681771,1
seg_007608,sample_02635,Sfogare Il Dissenso - Deiezione HC,FAKE,1,Rock,udio,test,mp3_128,0.84456860621784,0.5685665621681771,1
seg_007609,sample_02635,Sfogare Il Dissenso - Deiezione HC,FAKE,1,Rock,udio,test,mp3_128,0.7590340798658685,0.5685665621681771,1
seg_007610,sample_02635,Sfogare Il Dissenso - Deiezione HC,FAKE,1,Rock,udio,test,mp3_128,0.9784725510057839,0.5685665621681771,1
seg_007611,sample_02636,Sfogare Il Dissenso - Deiezione HC,FAKE,1,Rock,udio,test,mp3_128,0.9845504174510944,0.5685665621681771,1
seg_007612,sample_02636,Sfogare Il Dissenso - Deiezione HC,FAKE,1,Rock,udio,test,mp3_128,0.998861057151883,0.5685665621681771,1
seg_007613,sample_02636,Sfogare Il Dissenso - Deiezione HC,FAKE,1,Rock,udio,test,mp3_128,0.9969079728567517,0.5685665621681771,1
seg_007632,sample_02643,Stuttgart - Portrayal,FAKE,1,Rock,udio,test,mp3_128,0.7016767106685398,0.5685665621681771,1
seg_007633,sample_02643,Stuttgart - Portrayal,FAKE,1,Rock,udio,test,mp3_128,0.544590725837,0.5685665621681771,0
seg_007634,sample_02643,Stuttgart - Portrayal,FAKE,1,Rock,udio,test,mp3_128,0.9808710260746994,0.5685665621681771,1
seg_007635,sample_02644,Stuttgart - Portrayal,FAKE,1,Rock,udio,test,mp3_128,0.9864917208527246,0.5685665621681771,1
seg_007636,sample_02644,Stuttgart - Portrayal,FAKE,1,Rock,udio,test,mp3_128,0.9707888519774152,0.5685665621681771,1
seg_007637,sample_02644,Stuttgart - Portrayal,FAKE,1,Rock,udio,test,mp3_128,0.9961957632602993,0.5685665621681771,1
seg_007638,sample_02645,Terve Teille - Чокнутый Пропеллер,FAKE,1,Rock,udio,test,mp3_128,0.6622470953770359,0.5685665621681771,1
seg_007639,sample_02645,Terve Teille - Чокнутый Пропеллер,FAKE,1,Rock,udio,test,mp3_128,0.7410758110281512,0.5685665621681771,1
seg_007640,sample_02645,Terve Teille - Чокнутый Пропеллер,FAKE,1,Rock,udio,test,mp3_128,0.5878482274813224,0.5685665621681771,1
seg_007641,sample_02646,Terve Teille - Чокнутый Пропеллер,FAKE,1,Rock,udio,test,mp3_128,0.9922512732354635,0.5685665621681771,1
seg_007642,sample_02646,Terve Teille - Чокнутый Пропеллер,FAKE,1,Rock,udio,test,mp3_128,0.9824119669401101,0.5685665621681771,1
seg_007643,sample_02646,Terve Teille - Чокнутый Пропеллер,FAKE,1,Rock,udio,test,mp3_128,0.7993722333165054,0.5685665621681771,1
seg_007680,sample_02659,Where Is Everything - The Moi Non Plus,FAKE,1,Rock,udio,test,mp3_128,0.9447588572524117,0.5685665621681771,1
seg_007681,sample_02659,Where Is Everything - The Moi Non Plus,FAKE,1,Rock,udio,test,mp3_128,0.7703045631725729,0.5685665621681771,1
seg_007682,sample_02659,Where Is Everything - The Moi Non Plus,FAKE,1,Rock,udio,test,mp3_128,0.9644896258649965,0.5685665621681771,1
seg_007683,sample_02660,Where Is Everything - The Moi Non Plus,FAKE,1,Rock,udio,test,mp3_128,0.991050401542786,0.5685665621681771,1
seg_007684,sample_02660,Where Is Everything - The Moi Non Plus,FAKE,1,Rock,udio,test,mp3_128,0.9995754367029248,0.5685665621681771,1
seg_007685,sample_02660,Where Is Everything - The Moi Non Plus,FAKE,1,Rock,udio,test,mp3_128,0.9977940413129994,0.5685665621681771,1
seg_007686,sample_02661,Who Loves You Dear - Mink Lungs,FAKE,1,Rock,udio,test,mp3_128,0.8414657979659036,0.5685665621681771,1
seg_007687,sample_02661,Who Loves You Dear - Mink Lungs,FAKE,1,Rock,udio,test,mp3_128,0.5057151417504065,0.5685665621681771,0
seg_007688,sample_02661,Who Loves You Dear - Mink Lungs,FAKE,1,Rock,udio,test,mp3_128,0.5008629363128716,0.5685665621681771,0
seg_007689,sample_02662,Who Loves You Dear - Mink Lungs,FAKE,1,Rock,udio,test,mp3_128,0.8219750244285515,0.5685665621681771,1
seg_007690,sample_02662,Who Loves You Dear - Mink Lungs,FAKE,1,Rock,udio,test,mp3_128,0.20684325836150477,0.5685665621681771,0
seg_007691,sample_02662,Who Loves You Dear - Mink Lungs,FAKE,1,Rock,udio,test,mp3_128,0.6308898157004126,0.5685665621681771,1
seg_007740,sample_02679,Dance Harder - Three Chain Links,FAKE,1,Electronic,stableaudio,test,mp3_128,0.9923013782351244,0.5685665621681771,1
seg_007741,sample_02679,Dance Harder - Three Chain Links,FAKE,1,Electronic,stableaudio,test,mp3_128,0.9251363989428105,0.5685665621681771,1
seg_007742,sample_02679,Dance Harder - Three Chain Links,FAKE,1,Electronic,stableaudio,test,mp3_128,0.9998734125885919,0.5685665621681771,1
seg_007752,sample_02683,Fuckaboing - RoccoW,FAKE,1,Electronic,stableaudio,test,mp3_128,0.8865298011106374,0.5685665621681771,1
seg_007753,sample_02683,Fuckaboing - RoccoW,FAKE,1,Electronic,stableaudio,test,mp3_128,0.8252677365616781,0.5685665621681771,1
seg_007754,sample_02683,Fuckaboing - RoccoW,FAKE,1,Electronic,stableaudio,test,mp3_128,0.999353649564137,0.5685665621681771,1
seg_007776,sample_02691,Night Owl - Broke For Free,FAKE,1,Electronic,stableaudio,test,mp3_128,0.8763013707879163,0.5685665621681771,1
seg_007777,sample_02691,Night Owl - Broke For Free,FAKE,1,Electronic,stableaudio,test,mp3_128,0.9877133843148813,0.5685665621681771,1
seg_007778,sample_02691,Night Owl - Broke For Free,FAKE,1,Electronic,stableaudio,test,mp3_128,0.9970498479844591,0.5685665621681771,1
seg_007803,sample_02700,Pista Afuera - Epstein,FAKE,1,Electronic,stableaudio,test,mp3_128,0.18704634812131446,0.5685665621681771,0
seg_007804,sample_02700,Pista Afuera - Epstein,FAKE,1,Electronic,stableaudio,test,mp3_128,0.9576638957941787,0.5685665621681771,1
seg_007805,sample_02700,Pista Afuera - Epstein,FAKE,1,Electronic,stableaudio,test,mp3_128,0.9830723295817495,0.5685665621681771,1
seg_007809,sample_02702,Realize Me - Jim Rooster,FAKE,1,Electronic,stableaudio,test,mp3_128,0.9872275980024975,0.5685665621681771,1
seg_007810,sample_02702,Realize Me - Jim Rooster,FAKE,1,Electronic,stableaudio,test,mp3_128,0.8517563970051101,0.5685665621681771,1
seg_007811,sample_02702,Realize Me - Jim Rooster,FAKE,1,Electronic,stableaudio,test,mp3_128,0.9991280201582069,0.5685665621681771,1
seg_007812,sample_02703,Resistentialism - Nihilore,FAKE,1,Electronic,stableaudio,test,mp3_128,0.8430094265630116,0.5685665621681771,1
seg_007813,sample_02703,Resistentialism - Nihilore,FAKE,1,Electronic,stableaudio,test,mp3_128,0.7716942056494441,0.5685665621681771,1
seg_007814,sample_02703,Resistentialism - Nihilore,FAKE,1,Electronic,stableaudio,test,mp3_128,0.9999292805319608,0.5685665621681771,1
seg_007845,sample_02714,Ugh! Humans Can Join - Mystery Mammal,FAKE,1,Electronic,stableaudio,test,mp3_128,0.9860271339026615,0.5685665621681771,1
seg_007846,sample_02714,Ugh! Humans Can Join - Mystery Mammal,FAKE,1,Electronic,stableaudio,test,mp3_128,0.47118027909309046,0.5685665621681771,0
seg_007847,sample_02714,Ugh! Humans Can Join - Mystery Mammal,FAKE,1,Electronic,stableaudio,test,mp3_128,0.9996578554485116,0.5685665621681771,1
seg_007875,sample_02724,El Burrito - Malaventura,FAKE,1,Pop,stableaudio,test,mp3_128,0.4815101765875511,0.5685665621681771,0
seg_007876,sample_02724,El Burrito - Malaventura,FAKE,1,Pop,stableaudio,test,mp3_128,0.5254008733211494,0.5685665621681771,0
seg_007877,sample_02724,El Burrito - Malaventura,FAKE,1,Pop,stableaudio,test,mp3_128,0.9982859054945313,0.5685665621681771,1
seg_007926,sample_02741,Motocross Mania - Monroeville Music Center,FAKE,1,Pop,stableaudio,test,mp3_128,0.9485706316816327,0.5685665621681771,1
seg_007927,sample_02741,Motocross Mania - Monroeville Music Center,FAKE,1,Pop,stableaudio,test,mp3_128,0.7230293344658483,0.5685665621681771,1
seg_007928,sample_02741,Motocross Mania - Monroeville Music Center,FAKE,1,Pop,stableaudio,test,mp3_128,0.9973524726012885,0.5685665621681771,1
seg_007929,sample_02742,Music For an Underground Circu - Ergo Phizmiz,FAKE,1,Pop,stableaudio,test,mp3_128,0.473544845215775,0.5685665621681771,0
seg_007930,sample_02742,Music For an Underground Circu - Ergo Phizmiz,FAKE,1,Pop,stableaudio,test,mp3_128,0.5763431335820572,0.5685665621681771,1
seg_007931,sample_02742,Music For an Underground Circu - Ergo Phizmiz,FAKE,1,Pop,stableaudio,test,mp3_128,0.9999833424563823,0.5685665621681771,1
seg_007959,sample_02752,Production - Bird Names,FAKE,1,Pop,stableaudio,test,mp3_128,0.7221298336953162,0.5685665621681771,1
seg_007960,sample_02752,Production - Bird Names,FAKE,1,Pop,stableaudio,test,mp3_128,0.6884661338331315,0.5685665621681771,1
seg_007961,sample_02752,Production - Bird Names,FAKE,1,Pop,stableaudio,test,mp3_128,0.9986048141551879,0.5685665621681771,1
seg_007971,sample_02756,She Works / Tepid Waters - Bird Names,FAKE,1,Pop,stableaudio,test,mp3_128,0.9996382870878524,0.5685665621681771,1
seg_007972,sample_02756,She Works / Tepid Waters - Bird Names,FAKE,1,Pop,stableaudio,test,mp3_128,0.8349128968836247,0.5685665621681771,1
seg_007973,sample_02756,She Works / Tepid Waters - Bird Names,FAKE,1,Pop,stableaudio,test,mp3_128,0.9999674550297113,0.5685665621681771,1
seg_007980,sample_02759,Something Dirty - Ergo Phizmiz,FAKE,1,Pop,stableaudio,test,mp3_128,0.9913374343392931,0.5685665621681771,1
seg_007981,sample_02759,Something Dirty - Ergo Phizmiz,FAKE,1,Pop,stableaudio,test,mp3_128,0.2640899718997384,0.5685665621681771,0
seg_007982,sample_02759,Something Dirty - Ergo Phizmiz,FAKE,1,Pop,stableaudio,test,mp3_128,0.9999902299725102,0.5685665621681771,1
seg_008004,sample_02767,"The Pursuit of Unintentional Humor - Oh Yeah, the Future",FAKE,1,Pop,stableaudio,test,mp3_128,0.9217591647163389,0.5685665621681771,1
seg_008005,sample_02767,"The Pursuit of Unintentional Humor - Oh Yeah, the Future",FAKE,1,Pop,stableaudio,test,mp3_128,0.720679216827723,0.5685665621681771,1
seg_008006,sample_02767,"The Pursuit of Unintentional Humor - Oh Yeah, the Future",FAKE,1,Pop,stableaudio,test,mp3_128,0.9999507528107708,0.5685665621681771,1
seg_008022,sample_02773,Troubles I've seen - Malaventura,FAKE,1,Pop,stableaudio,test,mp3_128,0.7623221557358547,0.5685665621681771,1
seg_008023,sample_02773,Troubles I've seen - Malaventura,FAKE,1,Pop,stableaudio,test,mp3_128,0.6985856781651232,0.5685665621681771,1
seg_008024,sample_02773,Troubles I've seen - Malaventura,FAKE,1,Pop,stableaudio,test,mp3_128,0.992121462140879,0.5685665621681771,1
seg_008049,sample_02782,5 (Lexington) - Isle of Pine,FAKE,1,Rock,stableaudio,test,mp3_128,0.999958017022252,0.5685665621681771,1
seg_008050,sample_02782,5 (Lexington) - Isle of Pine,FAKE,1,Rock,stableaudio,test,mp3_128,0.5788520610021655,0.5685665621681771,1
seg_008051,sample_02782,5 (Lexington) - Isle of Pine,FAKE,1,Rock,stableaudio,test,mp3_128,0.9999956091843382,0.5685665621681771,1
seg_008058,sample_02785,Attention - Pete Prodoehl,FAKE,1,Rock,stableaudio,test,mp3_128,0.9963363480752653,0.5685665621681771,1
seg_008059,sample_02785,Attention - Pete Prodoehl,FAKE,1,Rock,stableaudio,test,mp3_128,0.8183303817712464,0.5685665621681771,1
seg_008060,sample_02785,Attention - Pete Prodoehl,FAKE,1,Rock,stableaudio,test,mp3_128,0.999961342471675,0.5685665621681771,1
seg_008127,sample_02808,"Head of Ancante, Talking Tree - Ak'chamel, The Giver of Illness",FAKE,1,Rock,stableaudio,test,mp3_128,0.9596438451872933,0.5685665621681771,1
seg_008128,sample_02808,"Head of Ancante, Talking Tree - Ak'chamel, The Giver of Illness",FAKE,1,Rock,stableaudio,test,mp3_128,0.8501713258204628,0.5685665621681771,1
seg_008129,sample_02808,"Head of Ancante, Talking Tree - Ak'chamel, The Giver of Illness",FAKE,1,Rock,stableaudio,test,mp3_128,0.9992426598598821,0.5685665621681771,1
seg_008169,sample_02822,LIQUID SKULLS - voyageurs,FAKE,1,Rock,stableaudio,test,mp3_128,0.8861201374664767,0.5685665621681771,1
seg_008170,sample_02822,LIQUID SKULLS - voyageurs,FAKE,1,Rock,stableaudio,test,mp3_128,0.967375832480491,0.5685665621681771,1
seg_008171,sample_02822,LIQUID SKULLS - voyageurs,FAKE,1,Rock,stableaudio,test,mp3_128,0.9984628753735896,0.5685665621681771,1
seg_008175,sample_02824,Love Dream - The Zombie Dandies,FAKE,1,Rock,stableaudio,test,mp3_128,0.9381551441718402,0.5685665621681771,1
seg_008176,sample_02824,Love Dream - The Zombie Dandies,FAKE,1,Rock,stableaudio,test,mp3_128,0.7110791052670855,0.5685665621681771,1
seg_008177,sample_02824,Love Dream - The Zombie Dandies,FAKE,1,Rock,stableaudio,test,mp3_128,0.9999646291209089,0.5685665621681771,1
seg_008199,sample_02832,Puertas de Fuego - Guerra de Cerdos,FAKE,1,Rock,stableaudio,test,mp3_128,0.7473543298853693,0.5685665621681771,1
seg_008200,sample_02832,Puertas de Fuego - Guerra de Cerdos,FAKE,1,Rock,stableaudio,test,mp3_128,0.9719349535204606,0.5685665621681771,1
seg_008201,sample_02832,Puertas de Fuego - Guerra de Cerdos,FAKE,1,Rock,stableaudio,test,mp3_128,0.9998402914288451,0.5685665621681771,1
seg_008220,sample_02839,Sfogare Il Dissenso - Deiezione HC,FAKE,1,Rock,stableaudio,test,mp3_128,0.8796755362829499,0.5685665621681771,1
seg_008221,sample_02839,Sfogare Il Dissenso - Deiezione HC,FAKE,1,Rock,stableaudio,test,mp3_128,0.9983879704904416,0.5685665621681771,1
seg_008222,sample_02839,Sfogare Il Dissenso - Deiezione HC,FAKE,1,Rock,stableaudio,test,mp3_128,0.9992609645970159,0.5685665621681771,1
seg_008232,sample_02843,Sonzis FM - Pipe Choir,FAKE,1,Rock,stableaudio,test,mp3_128,0.9359236446645235,0.5685665621681771,1
seg_008233,sample_02843,Sonzis FM - Pipe Choir,FAKE,1,Rock,stableaudio,test,mp3_128,0.9338973753188443,0.5685665621681771,1
seg_008234,sample_02843,Sonzis FM - Pipe Choir,FAKE,1,Rock,stableaudio,test,mp3_128,0.9987696841597872,0.5685665621681771,1
seg_008241,sample_02846,Stuttgart - Portrayal,FAKE,1,Rock,stableaudio,test,mp3_128,0.9990135761987388,0.5685665621681771,1
seg_008242,sample_02846,Stuttgart - Portrayal,FAKE,1,Rock,stableaudio,test,mp3_128,0.7667266582874638,0.5685665621681771,1
seg_008243,sample_02846,Stuttgart - Portrayal,FAKE,1,Rock,stableaudio,test,mp3_128,0.9999700763498341,0.5685665621681771,1
seg_008259,sample_02852,Untitled - Fatal Injection,FAKE,1,Rock,stableaudio,test,mp3_128,0.872436516851839,0.5685665621681771,1
seg_008260,sample_02852,Untitled - Fatal Injection,FAKE,1,Rock,stableaudio,test,mp3_128,0.5110816198015101,0.5685665621681771,0
seg_008261,sample_02852,Untitled - Fatal Injection,FAKE,1,Rock,stableaudio,test,mp3_128,0.9904030481282479,0.5685665621681771,1
seg_008274,sample_02857,Who Loves You Dear - Mink Lungs,FAKE,1,Rock,stableaudio,test,mp3_128,0.983246493951375,0.5685665621681771,1
seg_008275,sample_02857,Who Loves You Dear - Mink Lungs,FAKE,1,Rock,stableaudio,test,mp3_128,0.8568453638295819,0.5685665621681771,1
seg_008276,sample_02857,Who Loves You Dear - Mink Lungs,FAKE,1,Rock,stableaudio,test,mp3_128,0.9999860928675897,0.5685665621681771,1
seg_008334,sample_02877,Attention - Pete Prodoehl,FAKE,1,Rock,elevenlabs,test,mp3_128,0.9856068205915127,0.5685665621681771,1
seg_008335,sample_02877,Attention - Pete Prodoehl,FAKE,1,Rock,elevenlabs,test,mp3_128,0.9506738339202384,0.5685665621681771,1
seg_008336,sample_02877,Attention - Pete Prodoehl,FAKE,1,Rock,elevenlabs,test,mp3_128,0.9951284629773519,0.5685665621681771,1
seg_008337,sample_02878,Attention - Pete Prodoehl,FAKE,1,Rock,elevenlabs,test,mp3_128,0.9754654645001245,0.5685665621681771,1
seg_008338,sample_02878,Attention - Pete Prodoehl,FAKE,1,Rock,elevenlabs,test,mp3_128,0.9008740508881049,0.5685665621681771,1
seg_008339,sample_02878,Attention - Pete Prodoehl,FAKE,1,Rock,elevenlabs,test,mp3_128,0.9977484428045981,0.5685665621681771,1
seg_008412,sample_02903,Dance Harder - Three Chain Links,FAKE,1,Electronic,elevenlabs,test,mp3_128,0.7979552193294918,0.5685665621681771,1
seg_008413,sample_02903,Dance Harder - Three Chain Links,FAKE,1,Electronic,elevenlabs,test,mp3_128,0.9868399655021057,0.5685665621681771,1
seg_008414,sample_02903,Dance Harder - Three Chain Links,FAKE,1,Electronic,elevenlabs,test,mp3_128,0.999557945823398,0.5685665621681771,1
seg_008415,sample_02904,Dance Harder - Three Chain Links,FAKE,1,Electronic,elevenlabs,test,mp3_128,0.778920473293659,0.5685665621681771,1
seg_008416,sample_02904,Dance Harder - Three Chain Links,FAKE,1,Electronic,elevenlabs,test,mp3_128,0.9615918642175553,0.5685665621681771,1
seg_008417,sample_02904,Dance Harder - Three Chain Links,FAKE,1,Electronic,elevenlabs,test,mp3_128,0.9958821967833522,0.5685665621681771,1
seg_008424,sample_02907,Different Day - First,FAKE,1,Pop,elevenlabs,test,mp3_128,0.9817090570395801,0.5685665621681771,1
seg_008425,sample_02907,Different Day - First,FAKE,1,Pop,elevenlabs,test,mp3_128,0.9334306659547066,0.5685665621681771,1
seg_008426,sample_02907,Different Day - First,FAKE,1,Pop,elevenlabs,test,mp3_128,0.9803158480818117,0.5685665621681771,1
seg_008427,sample_02908,Different Day - First,FAKE,1,Pop,elevenlabs,test,mp3_128,0.9059546167296898,0.5685665621681771,1
seg_008428,sample_02908,Different Day - First,FAKE,1,Pop,elevenlabs,test,mp3_128,0.9454293606910683,0.5685665621681771,1
seg_008429,sample_02908,Different Day - First,FAKE,1,Pop,elevenlabs,test,mp3_128,0.8860085787425696,0.5685665621681771,1
seg_008496,sample_02931,Fuckaboing - RoccoW,FAKE,1,Electronic,elevenlabs,test,mp3_128,0.9763873468419974,0.5685665621681771,1
seg_008497,sample_02931,Fuckaboing - RoccoW,FAKE,1,Electronic,elevenlabs,test,mp3_128,0.9872183879017016,0.5685665621681771,1
seg_008498,sample_02931,Fuckaboing - RoccoW,FAKE,1,Electronic,elevenlabs,test,mp3_128,0.992522564350501,0.5685665621681771,1
seg_008499,sample_02932,Fuckaboing - RoccoW,FAKE,1,Electronic,elevenlabs,test,mp3_128,0.8675110453042465,0.5685665621681771,1
seg_008500,sample_02932,Fuckaboing - RoccoW,FAKE,1,Electronic,elevenlabs,test,mp3_128,0.9006389044733124,0.5685665621681771,1
seg_008501,sample_02932,Fuckaboing - RoccoW,FAKE,1,Electronic,elevenlabs,test,mp3_128,0.3592712357533375,0.5685665621681771,0
seg_008520,sample_02939,"Head of Ancante, Talking Tree - Ak'chamel, The Giver of Illness",FAKE,1,Rock,elevenlabs,test,mp3_128,0.8834948280802933,0.5685665621681771,1
seg_008521,sample_02939,"Head of Ancante, Talking Tree - Ak'chamel, The Giver of Illness",FAKE,1,Rock,elevenlabs,test,mp3_128,0.46298250308149225,0.5685665621681771,0
seg_008522,sample_02939,"Head of Ancante, Talking Tree - Ak'chamel, The Giver of Illness",FAKE,1,Rock,elevenlabs,test,mp3_128,0.7126879428606316,0.5685665621681771,1
seg_008523,sample_02940,"Head of Ancante, Talking Tree - Ak'chamel, The Giver of Illness",FAKE,1,Rock,elevenlabs,test,mp3_128,0.9835586580887155,0.5685665621681771,1
seg_008524,sample_02940,"Head of Ancante, Talking Tree - Ak'chamel, The Giver of Illness",FAKE,1,Rock,elevenlabs,test,mp3_128,0.31354373735101904,0.5685665621681771,0
seg_008525,sample_02940,"Head of Ancante, Talking Tree - Ak'chamel, The Giver of Illness",FAKE,1,Rock,elevenlabs,test,mp3_128,0.7950250818303206,0.5685665621681771,1
seg_008526,sample_02941,"Hungry - Oh Yeah, the Future",FAKE,1,Pop,elevenlabs,test,mp3_128,0.9972675117683721,0.5685665621681771,1
seg_008527,sample_02941,"Hungry - Oh Yeah, the Future",FAKE,1,Pop,elevenlabs,test,mp3_128,0.9284654670207506,0.5685665621681771,1
seg_008528,sample_02941,"Hungry - Oh Yeah, the Future",FAKE,1,Pop,elevenlabs,test,mp3_128,0.9954272730429112,0.5685665621681771,1
seg_008529,sample_02942,"Hungry - Oh Yeah, the Future",FAKE,1,Pop,elevenlabs,test,mp3_128,0.9761649293151422,0.5685665621681771,1
seg_008530,sample_02942,"Hungry - Oh Yeah, the Future",FAKE,1,Pop,elevenlabs,test,mp3_128,0.926399917331326,0.5685665621681771,1
seg_008531,sample_02942,"Hungry - Oh Yeah, the Future",FAKE,1,Pop,elevenlabs,test,mp3_128,0.9990735594973281,0.5685665621681771,1
seg_008544,sample_02947,I - Inflammator,FAKE,1,Rock,elevenlabs,test,mp3_128,0.7153254492075158,0.5685665621681771,1
seg_008545,sample_02947,I - Inflammator,FAKE,1,Rock,elevenlabs,test,mp3_128,0.8148795001789696,0.5685665621681771,1
seg_008546,sample_02947,I - Inflammator,FAKE,1,Rock,elevenlabs,test,mp3_128,0.9958825671599434,0.5685665621681771,1
seg_008547,sample_02948,I - Inflammator,FAKE,1,Rock,elevenlabs,test,mp3_128,0.21765212650005955,0.5685665621681771,0
seg_008548,sample_02948,I - Inflammator,FAKE,1,Rock,elevenlabs,test,mp3_128,0.7115874409048951,0.5685665621681771,1
seg_008549,sample_02948,I - Inflammator,FAKE,1,Rock,elevenlabs,test,mp3_128,0.9991102191976827,0.5685665621681771,1
seg_008616,sample_02971,LIQUID SKULLS - voyageurs,FAKE,1,Rock,elevenlabs,test,mp3_128,0.9993915180939807,0.5685665621681771,1
seg_008617,sample_02971,LIQUID SKULLS - voyageurs,FAKE,1,Rock,elevenlabs,test,mp3_128,0.9845478961334571,0.5685665621681771,1
seg_008618,sample_02971,LIQUID SKULLS - voyageurs,FAKE,1,Rock,elevenlabs,test,mp3_128,0.9865456653781227,0.5685665621681771,1
seg_008619,sample_02972,LIQUID SKULLS - voyageurs,FAKE,1,Rock,elevenlabs,test,mp3_128,0.9877542582302116,0.5685665621681771,1
seg_008620,sample_02972,LIQUID SKULLS - voyageurs,FAKE,1,Rock,elevenlabs,test,mp3_128,0.9867781117774774,0.5685665621681771,1
seg_008621,sample_02972,LIQUID SKULLS - voyageurs,FAKE,1,Rock,elevenlabs,test,mp3_128,0.9945251467163404,0.5685665621681771,1
seg_008634,sample_02977,Love Dream - The Zombie Dandies,FAKE,1,Rock,elevenlabs,test,mp3_128,0.8964864239942288,0.5685665621681771,1
seg_008635,sample_02977,Love Dream - The Zombie Dandies,FAKE,1,Rock,elevenlabs,test,mp3_128,0.7838556207569528,0.5685665621681771,1
seg_008636,sample_02977,Love Dream - The Zombie Dandies,FAKE,1,Rock,elevenlabs,test,mp3_128,0.9026020833289681,0.5685665621681771,1
seg_008637,sample_02978,Love Dream - The Zombie Dandies,FAKE,1,Rock,elevenlabs,test,mp3_128,0.7381143087780269,0.5685665621681771,1
seg_008638,sample_02978,Love Dream - The Zombie Dandies,FAKE,1,Rock,elevenlabs,test,mp3_128,0.9557918327341884,0.5685665621681771,1
seg_008639,sample_02978,Love Dream - The Zombie Dandies,FAKE,1,Rock,elevenlabs,test,mp3_128,0.9951234884231119,0.5685665621681771,1
seg_008676,sample_02991,Motocross Mania - Monroeville Music Center,FAKE,1,Pop,elevenlabs,test,mp3_128,0.9878980015598982,0.5685665621681771,1
seg_008677,sample_02991,Motocross Mania - Monroeville Music Center,FAKE,1,Pop,elevenlabs,test,mp3_128,0.9701643621241538,0.5685665621681771,1
seg_008678,sample_02991,Motocross Mania - Monroeville Music Center,FAKE,1,Pop,elevenlabs,test,mp3_128,0.9930675573009675,0.5685665621681771,1
seg_008679,sample_02992,Motocross Mania - Monroeville Music Center,FAKE,1,Pop,elevenlabs,test,mp3_128,0.9997610924966548,0.5685665621681771,1
seg_008680,sample_02992,Motocross Mania - Monroeville Music Center,FAKE,1,Pop,elevenlabs,test,mp3_128,0.9950463286860075,0.5685665621681771,1
seg_008681,sample_02992,Motocross Mania - Monroeville Music Center,FAKE,1,Pop,elevenlabs,test,mp3_128,0.9981244411208667,0.5685665621681771,1
seg_008688,sample_02995,Music For an Underground Circu - Ergo Phizmiz,FAKE,1,Pop,elevenlabs,test,mp3_128,0.9347346779638642,0.5685665621681771,1
seg_008689,sample_02995,Music For an Underground Circu - Ergo Phizmiz,FAKE,1,Pop,elevenlabs,test,mp3_128,0.30476735107650477,0.5685665621681771,0
seg_008690,sample_02995,Music For an Underground Circu - Ergo Phizmiz,FAKE,1,Pop,elevenlabs,test,mp3_128,0.9972147655530054,0.5685665621681771,1
seg_008691,sample_02996,Music For an Underground Circu - Ergo Phizmiz,FAKE,1,Pop,elevenlabs,test,mp3_128,0.9878657408121253,0.5685665621681771,1
seg_008692,sample_02996,Music For an Underground Circu - Ergo Phizmiz,FAKE,1,Pop,elevenlabs,test,mp3_128,0.9830134712893769,0.5685665621681771,1
seg_008693,sample_02996,Music For an Underground Circu - Ergo Phizmiz,FAKE,1,Pop,elevenlabs,test,mp3_128,0.9999471292587597,0.5685665621681771,1
seg_008712,sample_03003,Night Owl - Broke For Free,FAKE,1,Electronic,elevenlabs,test,mp3_128,0.9942627444329518,0.5685665621681771,1
seg_008713,sample_03003,Night Owl - Broke For Free,FAKE,1,Electronic,elevenlabs,test,mp3_128,0.9772993566440213,0.5685665621681771,1
seg_008714,sample_03003,Night Owl - Broke For Free,FAKE,1,Electronic,elevenlabs,test,mp3_128,0.9999642065878862,0.5685665621681771,1
seg_008715,sample_03004,Night Owl - Broke For Free,FAKE,1,Electronic,elevenlabs,test,mp3_128,0.9979608188357938,0.5685665621681771,1
seg_008716,sample_03004,Night Owl - Broke For Free,FAKE,1,Electronic,elevenlabs,test,mp3_128,0.9750914398516494,0.5685665621681771,1
seg_008717,sample_03004,Night Owl - Broke For Free,FAKE,1,Electronic,elevenlabs,test,mp3_128,0.9098893944874532,0.5685665621681771,1
seg_008796,sample_03031,Pista Afuera - Epstein,FAKE,1,Electronic,elevenlabs,test,mp3_128,0.9975815963853697,0.5685665621681771,1
seg_008797,sample_03031,Pista Afuera - Epstein,FAKE,1,Electronic,elevenlabs,test,mp3_128,0.8107803018360656,0.5685665621681771,1
seg_008798,sample_03031,Pista Afuera - Epstein,FAKE,1,Electronic,elevenlabs,test,mp3_128,0.9531867981877555,0.5685665621681771,1
seg_008799,sample_03032,Pista Afuera - Epstein,FAKE,1,Electronic,elevenlabs,test,mp3_128,0.9781800611696395,0.5685665621681771,1
seg_008800,sample_03032,Pista Afuera - Epstein,FAKE,1,Electronic,elevenlabs,test,mp3_128,0.7976655893396518,0.5685665621681771,1
seg_008801,sample_03032,Pista Afuera - Epstein,FAKE,1,Electronic,elevenlabs,test,mp3_128,0.9514510408071591,0.5685665621681771,1
seg_008808,sample_03035,Realize Me - Jim Rooster,FAKE,1,Electronic,elevenlabs,test,mp3_128,0.995673871827861,0.5685665621681771,1
seg_008809,sample_03035,Realize Me - Jim Rooster,FAKE,1,Electronic,elevenlabs,test,mp3_128,0.9812325016865806,0.5685665621681771,1
seg_008810,sample_03035,Realize Me - Jim Rooster,FAKE,1,Electronic,elevenlabs,test,mp3_128,0.9880384869696431,0.5685665621681771,1
seg_008811,sample_03036,Realize Me - Jim Rooster,FAKE,1,Electronic,elevenlabs,test,mp3_128,0.8366463883964526,0.5685665621681771,1
seg_008812,sample_03036,Realize Me - Jim Rooster,FAKE,1,Electronic,elevenlabs,test,mp3_128,0.9194313995378884,0.5685665621681771,1
seg_008813,sample_03036,Realize Me - Jim Rooster,FAKE,1,Electronic,elevenlabs,test,mp3_128,0.996473555475596,0.5685665621681771,1
seg_008814,sample_03037,Resistentialism - Nihilore,FAKE,1,Electronic,elevenlabs,test,mp3_128,0.9924666679388048,0.5685665621681771,1
seg_008815,sample_03037,Resistentialism - Nihilore,FAKE,1,Electronic,elevenlabs,test,mp3_128,0.9080240696217179,0.5685665621681771,1
seg_008816,sample_03037,Resistentialism - Nihilore,FAKE,1,Electronic,elevenlabs,test,mp3_128,0.9995941889880724,0.5685665621681771,1
seg_008817,sample_03038,Resistentialism - Nihilore,FAKE,1,Electronic,elevenlabs,test,mp3_128,0.9348339379473909,0.5685665621681771,1
seg_008818,sample_03038,Resistentialism - Nihilore,FAKE,1,Electronic,elevenlabs,test,mp3_128,0.9780861484326377,0.5685665621681771,1
seg_008819,sample_03038,Resistentialism - Nihilore,FAKE,1,Electronic,elevenlabs,test,mp3_128,0.9845854692680102,0.5685665621681771,1
seg_008886,sample_03061,Sfogare Il Dissenso - Deiezione HC,FAKE,1,Rock,elevenlabs,test,mp3_128,0.9825725712079769,0.5685665621681771,1
seg_008887,sample_03061,Sfogare Il Dissenso - Deiezione HC,FAKE,1,Rock,elevenlabs,test,mp3_128,0.7857426788482246,0.5685665621681771,1
seg_008888,sample_03061,Sfogare Il Dissenso - Deiezione HC,FAKE,1,Rock,elevenlabs,test,mp3_128,0.9683205349323892,0.5685665621681771,1
seg_008889,sample_03062,Sfogare Il Dissenso - Deiezione HC,FAKE,1,Rock,elevenlabs,test,mp3_128,0.9237798641959745,0.5685665621681771,1
seg_008890,sample_03062,Sfogare Il Dissenso - Deiezione HC,FAKE,1,Rock,elevenlabs,test,mp3_128,0.9058999594573717,0.5685665621681771,1
seg_008891,sample_03062,Sfogare Il Dissenso - Deiezione HC,FAKE,1,Rock,elevenlabs,test,mp3_128,0.6673335833385631,0.5685665621681771,1
seg_008898,sample_03065,She Works / Tepid Waters - Bird Names,FAKE,1,Pop,elevenlabs,test,mp3_128,0.998937578545768,0.5685665621681771,1
seg_008899,sample_03065,She Works / Tepid Waters - Bird Names,FAKE,1,Pop,elevenlabs,test,mp3_128,0.4033621130544454,0.5685665621681771,0
seg_008900,sample_03065,She Works / Tepid Waters - Bird Names,FAKE,1,Pop,elevenlabs,test,mp3_128,0.9957294692830256,0.5685665621681771,1
seg_008901,sample_03066,She Works / Tepid Waters - Bird Names,FAKE,1,Pop,elevenlabs,test,mp3_128,0.9674963193561961,0.5685665621681771,1
seg_008902,sample_03066,She Works / Tepid Waters - Bird Names,FAKE,1,Pop,elevenlabs,test,mp3_128,0.7649968064046205,0.5685665621681771,1
seg_008903,sample_03066,She Works / Tepid Waters - Bird Names,FAKE,1,Pop,elevenlabs,test,mp3_128,0.9996182297728315,0.5685665621681771,1
seg_008916,sample_03071,Something Dirty - Ergo Phizmiz,FAKE,1,Pop,elevenlabs,test,mp3_128,0.9035281418121044,0.5685665621681771,1
seg_008917,sample_03071,Something Dirty - Ergo Phizmiz,FAKE,1,Pop,elevenlabs,test,mp3_128,0.8197664864394547,0.5685665621681771,1
seg_008918,sample_03071,Something Dirty - Ergo Phizmiz,FAKE,1,Pop,elevenlabs,test,mp3_128,0.996434272823898,0.5685665621681771,1
seg_008919,sample_03072,Something Dirty - Ergo Phizmiz,FAKE,1,Pop,elevenlabs,test,mp3_128,0.5907378288313033,0.5685665621681771,1
seg_008920,sample_03072,Something Dirty - Ergo Phizmiz,FAKE,1,Pop,elevenlabs,test,mp3_128,0.948091386994261,0.5685665621681771,1
seg_008921,sample_03072,Something Dirty - Ergo Phizmiz,FAKE,1,Pop,elevenlabs,test,mp3_128,0.8909122997322027,0.5685665621681771,1
seg_008952,sample_03083,Stuttgart - Portrayal,FAKE,1,Rock,elevenlabs,test,mp3_128,0.23767596983548653,0.5685665621681771,0
seg_008953,sample_03083,Stuttgart - Portrayal,FAKE,1,Rock,elevenlabs,test,mp3_128,0.8117590894147905,0.5685665621681771,1
seg_008954,sample_03083,Stuttgart - Portrayal,FAKE,1,Rock,elevenlabs,test,mp3_128,0.9988669452453414,0.5685665621681771,1
seg_008955,sample_03084,Stuttgart - Portrayal,FAKE,1,Rock,elevenlabs,test,mp3_128,0.9540350999406574,0.5685665621681771,1
seg_008956,sample_03084,Stuttgart - Portrayal,FAKE,1,Rock,elevenlabs,test,mp3_128,0.9806888916998806,0.5685665621681771,1
seg_008957,sample_03084,Stuttgart - Portrayal,FAKE,1,Rock,elevenlabs,test,mp3_128,0.8793598185382429,0.5685665621681771,1
seg_008970,sample_03089,Terve Teille - Чокнутый Пропеллер,FAKE,1,Rock,elevenlabs,test,mp3_128,0.280319634450577,0.5685665621681771,0
seg_008971,sample_03089,Terve Teille - Чокнутый Пропеллер,FAKE,1,Rock,elevenlabs,test,mp3_128,0.8351087275295703,0.5685665621681771,1
seg_008972,sample_03089,Terve Teille - Чокнутый Пропеллер,FAKE,1,Rock,elevenlabs,test,mp3_128,0.998816215010994,0.5685665621681771,1
seg_008973,sample_03090,Terve Teille - Чокнутый Пропеллер,FAKE,1,Rock,elevenlabs,test,mp3_128,0.5903168166969791,0.5685665621681771,1
seg_008974,sample_03090,Terve Teille - Чокнутый Пропеллер,FAKE,1,Rock,elevenlabs,test,mp3_128,0.15652659502235303,0.5685665621681771,0
seg_008975,sample_03090,Terve Teille - Чокнутый Пропеллер,FAKE,1,Rock,elevenlabs,test,mp3_128,0.5288735415752948,0.5685665621681771,0
seg_009060,sample_03119,Troubles I've seen - Malaventura,FAKE,1,Pop,elevenlabs,test,mp3_128,0.9726182347599728,0.5685665621681771,1
seg_009061,sample_03119,Troubles I've seen - Malaventura,FAKE,1,Pop,elevenlabs,test,mp3_128,0.8580557575825364,0.5685665621681771,1
seg_009062,sample_03119,Troubles I've seen - Malaventura,FAKE,1,Pop,elevenlabs,test,mp3_128,0.9589384404617802,0.5685665621681771,1
seg_009063,sample_03120,Troubles I've seen - Malaventura,FAKE,1,Pop,elevenlabs,test,mp3_128,0.9498749653249587,0.5685665621681771,1
seg_009064,sample_03120,Troubles I've seen - Malaventura,FAKE,1,Pop,elevenlabs,test,mp3_128,0.7965411770587741,0.5685665621681771,1
seg_009065,sample_03120,Troubles I've seen - Malaventura,FAKE,1,Pop,elevenlabs,test,mp3_128,0.8554792007755233,0.5685665621681771,1
seg_009066,sample_03121,Ugh! Humans Can Join - Mystery Mammal,FAKE,1,Electronic,elevenlabs,test,mp3_128,0.593551326343151,0.5685665621681771,1
seg_009067,sample_03121,Ugh! Humans Can Join - Mystery Mammal,FAKE,1,Electronic,elevenlabs,test,mp3_128,0.6475778251636087,0.5685665621681771,1
seg_009068,sample_03121,Ugh! Humans Can Join - Mystery Mammal,FAKE,1,Electronic,elevenlabs,test,mp3_128,0.9999953478306399,0.5685665621681771,1
seg_009069,sample_03122,Ugh! Humans Can Join - Mystery Mammal,FAKE,1,Electronic,elevenlabs,test,mp3_128,0.892376921957436,0.5685665621681771,1
seg_009070,sample_03122,Ugh! Humans Can Join - Mystery Mammal,FAKE,1,Electronic,elevenlabs,test,mp3_128,0.9050536101426095,0.5685665621681771,1
seg_009071,sample_03122,Ugh! Humans Can Join - Mystery Mammal,FAKE,1,Electronic,elevenlabs,test,mp3_128,0.9009070052101793,0.5685665621681771,1
seg_009102,sample_03133,Where Is Everything - The Moi Non Plus,FAKE,1,Rock,elevenlabs,test,mp3_128,0.8380426900002346,0.5685665621681771,1
seg_009103,sample_03133,Where Is Everything - The Moi Non Plus,FAKE,1,Rock,elevenlabs,test,mp3_128,0.475783149408138,0.5685665621681771,0
seg_009104,sample_03133,Where Is Everything - The Moi Non Plus,FAKE,1,Rock,elevenlabs,test,mp3_128,0.8350127167612363,0.5685665621681771,1
seg_009105,sample_03134,Where Is Everything - The Moi Non Plus,FAKE,1,Rock,elevenlabs,test,mp3_128,0.9787265376207004,0.5685665621681771,1
seg_009106,sample_03134,Where Is Everything - The Moi Non Plus,FAKE,1,Rock,elevenlabs,test,mp3_128,0.4273231794719736,0.5685665621681771,0
seg_009107,sample_03134,Where Is Everything - The Moi Non Plus,FAKE,1,Rock,elevenlabs,test,mp3_128,0.9909776557041602,0.5685665621681771,1
seg_009108,sample_03135,Who Loves You Dear - Mink Lungs,FAKE,1,Rock,elevenlabs,test,mp3_128,0.08332882053521992,0.5685665621681771,0
seg_009109,sample_03135,Who Loves You Dear - Mink Lungs,FAKE,1,Rock,elevenlabs,test,mp3_128,0.8204816366718718,0.5685665621681771,1
seg_009110,sample_03135,Who Loves You Dear - Mink Lungs,FAKE,1,Rock,elevenlabs,test,mp3_128,0.9871768616335671,0.5685665621681771,1
seg_009111,sample_03136,Who Loves You Dear - Mink Lungs,FAKE,1,Rock,elevenlabs,test,mp3_128,0.5758215792038308,0.5685665621681771,1
seg_009112,sample_03136,Who Loves You Dear - Mink Lungs,FAKE,1,Rock,elevenlabs,test,mp3_128,0.14153137584166123,0.5685665621681771,0
seg_009113,sample_03136,Who Loves You Dear - Mink Lungs,FAKE,1,Rock,elevenlabs,test,mp3_128,0.9190061662101119,0.5685665621681771,1
seg_009204,sample_03167,2Much (Andy Spinelli & Alex Sánchez House Edit) - Tentacles,FAKE,1,Electronic,musicgen,test,mp3_128,0.996694815157657,0.5685665621681771,1
seg_009205,sample_03167,2Much (Andy Spinelli & Alex Sánchez House Edit) - Tentacles,FAKE,1,Electronic,musicgen,test,mp3_128,0.9800911158905808,0.5685665621681771,1
seg_009206,sample_03167,2Much (Andy Spinelli & Alex Sánchez House Edit) - Tentacles,FAKE,1,Electronic,musicgen,test,mp3_128,0.9725390910951854,0.5685665621681771,1
seg_009210,sample_03169,3 am West End - statusq,FAKE,1,Electronic,musicgen,test,mp3_128,0.9325693224050526,0.5685665621681771,1
seg_009211,sample_03169,3 am West End - statusq,FAKE,1,Electronic,musicgen,test,mp3_128,0.9964411575817691,0.5685665621681771,1
seg_009212,sample_03169,3 am West End - statusq,FAKE,1,Electronic,musicgen,test,mp3_128,0.9997930214046541,0.5685665621681771,1
seg_009216,sample_03171,5 (Lexington) - Isle of Pine,FAKE,1,Rock,musicgen,test,mp3_128,0.9891574173414083,0.5685665621681771,1
seg_009217,sample_03171,5 (Lexington) - Isle of Pine,FAKE,1,Rock,musicgen,test,mp3_128,0.9003226925762536,0.5685665621681771,1
seg_009218,sample_03171,5 (Lexington) - Isle of Pine,FAKE,1,Rock,musicgen,test,mp3_128,0.9846034397901242,0.5685665621681771,1
seg_009252,sample_03183,Attention - Pete Prodoehl,FAKE,1,Rock,musicgen,test,mp3_128,0.9424885470466865,0.5685665621681771,1
seg_009253,sample_03183,Attention - Pete Prodoehl,FAKE,1,Rock,musicgen,test,mp3_128,0.9797221099306337,0.5685665621681771,1
seg_009254,sample_03183,Attention - Pete Prodoehl,FAKE,1,Rock,musicgen,test,mp3_128,0.47256001162520395,0.5685665621681771,0
seg_009282,sample_03193,Bizzy - The Tleilaxu Music Machine,FAKE,1,Electronic,musicgen,test,mp3_128,0.9725621951156063,0.5685665621681771,1
seg_009283,sample_03193,Bizzy - The Tleilaxu Music Machine,FAKE,1,Electronic,musicgen,test,mp3_128,0.9775070297779772,0.5685665621681771,1
seg_009284,sample_03193,Bizzy - The Tleilaxu Music Machine,FAKE,1,Electronic,musicgen,test,mp3_128,0.9925300682423488,0.5685665621681771,1
seg_009330,sample_03209,Dance Harder - Three Chain Links,FAKE,1,Electronic,musicgen,test,mp3_128,0.9999780565849635,0.5685665621681771,1
seg_009331,sample_03209,Dance Harder - Three Chain Links,FAKE,1,Electronic,musicgen,test,mp3_128,0.9992479579090003,0.5685665621681771,1
seg_009332,sample_03209,Dance Harder - Three Chain Links,FAKE,1,Electronic,musicgen,test,mp3_128,0.9816568672450707,0.5685665621681771,1
seg_009345,sample_03214,Different Day - First,FAKE,1,Pop,musicgen,test,mp3_128,0.864296471788615,0.5685665621681771,1
seg_009346,sample_03214,Different Day - First,FAKE,1,Pop,musicgen,test,mp3_128,0.984309654837408,0.5685665621681771,1
seg_009347,sample_03214,Different Day - First,FAKE,1,Pop,musicgen,test,mp3_128,0.9979631239056501,0.5685665621681771,1
seg_009369,sample_03222,El Burrito - Malaventura,FAKE,1,Pop,musicgen,test,mp3_128,0.9999423459464837,0.5685665621681771,1
seg_009370,sample_03222,El Burrito - Malaventura,FAKE,1,Pop,musicgen,test,mp3_128,0.9968709012954259,0.5685665621681771,1
seg_009371,sample_03222,El Burrito - Malaventura,FAKE,1,Pop,musicgen,test,mp3_128,0.9992910102080887,0.5685665621681771,1
seg_009384,sample_03227,End titles - Itsensäsyöjät,FAKE,1,Electronic,musicgen,test,mp3_128,0.9944455192565904,0.5685665621681771,1
seg_009385,sample_03227,End titles - Itsensäsyöjät,FAKE,1,Electronic,musicgen,test,mp3_128,0.9985972028172989,0.5685665621681771,1
seg_009386,sample_03227,End titles - Itsensäsyöjät,FAKE,1,Electronic,musicgen,test,mp3_128,0.9987238898729346,0.5685665621681771,1
seg_009435,sample_03244,Fuckaboing - RoccoW,FAKE,1,Electronic,musicgen,test,mp3_128,0.9669167621203228,0.5685665621681771,1
seg_009436,sample_03244,Fuckaboing - RoccoW,FAKE,1,Electronic,musicgen,test,mp3_128,0.6395065824720464,0.5685665621681771,1
seg_009437,sample_03244,Fuckaboing - RoccoW,FAKE,1,Electronic,musicgen,test,mp3_128,0.8524888991427876,0.5685665621681771,1
seg_009462,sample_03253,"Head of Ancante, Talking Tree - Ak'chamel, The Giver of Illness",FAKE,1,Rock,musicgen,test,mp3_128,0.9856482325469679,0.5685665621681771,1
seg_009463,sample_03253,"Head of Ancante, Talking Tree - Ak'chamel, The Giver of Illness",FAKE,1,Rock,musicgen,test,mp3_128,0.7681170283745729,0.5685665621681771,1
seg_009464,sample_03253,"Head of Ancante, Talking Tree - Ak'chamel, The Giver of Illness",FAKE,1,Rock,musicgen,test,mp3_128,0.9989391725290995,0.5685665621681771,1
seg_009468,sample_03255,"Hungry - Oh Yeah, the Future",FAKE,1,Pop,musicgen,test,mp3_128,0.9982862930933403,0.5685665621681771,1
seg_009469,sample_03255,"Hungry - Oh Yeah, the Future",FAKE,1,Pop,musicgen,test,mp3_128,0.9972618881828942,0.5685665621681771,1
seg_009470,sample_03255,"Hungry - Oh Yeah, the Future",FAKE,1,Pop,musicgen,test,mp3_128,0.994268012081658,0.5685665621681771,1
seg_009504,sample_03267,I - Inflammator,FAKE,1,Rock,musicgen,test,mp3_128,0.9999847719545167,0.5685665621681771,1
seg_009505,sample_03267,I - Inflammator,FAKE,1,Rock,musicgen,test,mp3_128,0.9994795027846715,0.5685665621681771,1
seg_009506,sample_03267,I - Inflammator,FAKE,1,Rock,musicgen,test,mp3_128,0.999353191311575,0.5685665621681771,1
seg_009564,sample_03287,Leaving Here - Mod Fun,FAKE,1,Rock,musicgen,test,mp3_128,0.8718866645713995,0.5685665621681771,1
seg_009565,sample_03287,Leaving Here - Mod Fun,FAKE,1,Rock,musicgen,test,mp3_128,0.9962910005892318,0.5685665621681771,1
seg_009566,sample_03287,Leaving Here - Mod Fun,FAKE,1,Rock,musicgen,test,mp3_128,0.9740505388192081,0.5685665621681771,1
seg_009567,sample_03288,Let's Start Out Slow - RoccoW,FAKE,1,Electronic,musicgen,test,mp3_128,0.9783323893503153,0.5685665621681771,1
seg_009568,sample_03288,Let's Start Out Slow - RoccoW,FAKE,1,Electronic,musicgen,test,mp3_128,0.9582589765163825,0.5685665621681771,1
seg_009569,sample_03288,Let's Start Out Slow - RoccoW,FAKE,1,Electronic,musicgen,test,mp3_128,0.9851306214443609,0.5685665621681771,1
seg_009573,sample_03290,Let You're Body Move - D SMILEZ,FAKE,1,Electronic,musicgen,test,mp3_128,0.9985085589988734,0.5685665621681771,1
seg_009574,sample_03290,Let You're Body Move - D SMILEZ,FAKE,1,Electronic,musicgen,test,mp3_128,0.9961461216995656,0.5685665621681771,1
seg_009575,sample_03290,Let You're Body Move - D SMILEZ,FAKE,1,Electronic,musicgen,test,mp3_128,0.999595900107129,0.5685665621681771,1
seg_009588,sample_03295,LIQUID SKULLS - voyageurs,FAKE,1,Rock,musicgen,test,mp3_128,0.9962373512689964,0.5685665621681771,1
seg_009589,sample_03295,LIQUID SKULLS - voyageurs,FAKE,1,Rock,musicgen,test,mp3_128,0.9963526087994121,0.5685665621681771,1
seg_009590,sample_03295,LIQUID SKULLS - voyageurs,FAKE,1,Rock,musicgen,test,mp3_128,0.9913517502358931,0.5685665621681771,1
seg_009606,sample_03301,Love Dream - The Zombie Dandies,FAKE,1,Rock,musicgen,test,mp3_128,0.7147490543311796,0.5685665621681771,1
seg_009607,sample_03301,Love Dream - The Zombie Dandies,FAKE,1,Rock,musicgen,test,mp3_128,0.45465149734443716,0.5685665621681771,0
seg_009608,sample_03301,Love Dream - The Zombie Dandies,FAKE,1,Rock,musicgen,test,mp3_128,0.9055297245842447,0.5685665621681771,1
seg_009609,sample_03302,L'arbre - Salmo,FAKE,1,Rock,musicgen,test,mp3_128,0.9696918373613559,0.5685665621681771,1
seg_009610,sample_03302,L'arbre - Salmo,FAKE,1,Rock,musicgen,test,mp3_128,0.9312895505646402,0.5685665621681771,1
seg_009611,sample_03302,L'arbre - Salmo,FAKE,1,Rock,musicgen,test,mp3_128,0.9560861124469623,0.5685665621681771,1
seg_009627,sample_03308,Moja Krypta - AmortE,FAKE,1,Rock,musicgen,test,mp3_128,0.37688043682197003,0.5685665621681771,0
seg_009628,sample_03308,Moja Krypta - AmortE,FAKE,1,Rock,musicgen,test,mp3_128,0.9976678935897876,0.5685665621681771,1
seg_009629,sample_03308,Moja Krypta - AmortE,FAKE,1,Rock,musicgen,test,mp3_128,0.8382250062941623,0.5685665621681771,1
seg_009642,sample_03313,Motocross Mania - Monroeville Music Center,FAKE,1,Pop,musicgen,test,mp3_128,0.9998191291109119,0.5685665621681771,1
seg_009643,sample_03313,Motocross Mania - Monroeville Music Center,FAKE,1,Pop,musicgen,test,mp3_128,0.9976831157975009,0.5685665621681771,1
seg_009644,sample_03313,Motocross Mania - Monroeville Music Center,FAKE,1,Pop,musicgen,test,mp3_128,0.9594689531057607,0.5685665621681771,1
seg_009648,sample_03315,Music For an Underground Circu - Ergo Phizmiz,FAKE,1,Pop,musicgen,test,mp3_128,0.9999552992308262,0.5685665621681771,1
seg_009649,sample_03315,Music For an Underground Circu - Ergo Phizmiz,FAKE,1,Pop,musicgen,test,mp3_128,0.6697772227688841,0.5685665621681771,1
seg_009650,sample_03315,Music For an Underground Circu - Ergo Phizmiz,FAKE,1,Pop,musicgen,test,mp3_128,0.9981455904767864,0.5685665621681771,1
seg_009675,sample_03324,Night Owl - Broke For Free,FAKE,1,Electronic,musicgen,test,mp3_128,0.9822483065364542,0.5685665621681771,1
seg_009676,sample_03324,Night Owl - Broke For Free,FAKE,1,Electronic,musicgen,test,mp3_128,0.9858693930644354,0.5685665621681771,1
seg_009677,sample_03324,Night Owl - Broke For Free,FAKE,1,Electronic,musicgen,test,mp3_128,0.9859471952694635,0.5685665621681771,1
seg_009729,sample_03342,Pista Afuera - Epstein,FAKE,1,Electronic,musicgen,test,mp3_128,0.9999186739493054,0.5685665621681771,1
seg_009730,sample_03342,Pista Afuera - Epstein,FAKE,1,Electronic,musicgen,test,mp3_128,0.9875065640105142,0.5685665621681771,1
seg_009731,sample_03342,Pista Afuera - Epstein,FAKE,1,Electronic,musicgen,test,mp3_128,0.924579518917636,0.5685665621681771,1
seg_009738,sample_03345,Production - Bird Names,FAKE,1,Pop,musicgen,test,mp3_128,0.9925106562123678,0.5685665621681771,1
seg_009739,sample_03345,Production - Bird Names,FAKE,1,Pop,musicgen,test,mp3_128,0.999169444428086,0.5685665621681771,1
seg_009740,sample_03345,Production - Bird Names,FAKE,1,Pop,musicgen,test,mp3_128,0.9816353689479963,0.5685665621681771,1
seg_009744,sample_03347,Puertas de Fuego - Guerra de Cerdos,FAKE,1,Rock,musicgen,test,mp3_128,0.9998725872116043,0.5685665621681771,1
seg_009745,sample_03347,Puertas de Fuego - Guerra de Cerdos,FAKE,1,Rock,musicgen,test,mp3_128,0.9943964350690124,0.5685665621681771,1
seg_009746,sample_03347,Puertas de Fuego - Guerra de Cerdos,FAKE,1,Rock,musicgen,test,mp3_128,0.9908212139399196,0.5685665621681771,1
seg_009753,sample_03350,Realize Me - Jim Rooster,FAKE,1,Electronic,musicgen,test,mp3_128,0.9961439381061252,0.5685665621681771,1
seg_009754,sample_03350,Realize Me - Jim Rooster,FAKE,1,Electronic,musicgen,test,mp3_128,0.9900391430942076,0.5685665621681771,1
seg_009755,sample_03350,Realize Me - Jim Rooster,FAKE,1,Electronic,musicgen,test,mp3_128,0.994328791012994,0.5685665621681771,1
seg_009759,sample_03352,Resistentialism - Nihilore,FAKE,1,Electronic,musicgen,test,mp3_128,0.9999146164973381,0.5685665621681771,1
seg_009760,sample_03352,Resistentialism - Nihilore,FAKE,1,Electronic,musicgen,test,mp3_128,0.8308701990234124,0.5685665621681771,1
seg_009761,sample_03352,Resistentialism - Nihilore,FAKE,1,Electronic,musicgen,test,mp3_128,0.9944144183588215,0.5685665621681771,1
seg_009804,sample_03367,Set Fire to Creation - Nihilore,FAKE,1,Electronic,musicgen,test,mp3_128,0.9829561756936983,0.5685665621681771,1
seg_009805,sample_03367,Set Fire to Creation - Nihilore,FAKE,1,Electronic,musicgen,test,mp3_128,0.9695478364525544,0.5685665621681771,1
seg_009806,sample_03367,Set Fire to Creation - Nihilore,FAKE,1,Electronic,musicgen,test,mp3_128,0.9962464626983005,0.5685665621681771,1
seg_009807,sample_03368,Sfogare Il Dissenso - Deiezione HC,FAKE,1,Rock,musicgen,test,mp3_128,0.9998067294391405,0.5685665621681771,1
seg_009808,sample_03368,Sfogare Il Dissenso - Deiezione HC,FAKE,1,Rock,musicgen,test,mp3_128,0.9996019883579746,0.5685665621681771,1
seg_009809,sample_03368,Sfogare Il Dissenso - Deiezione HC,FAKE,1,Rock,musicgen,test,mp3_128,0.999453432357167,0.5685665621681771,1
seg_009816,sample_03371,She Works / Tepid Waters - Bird Names,FAKE,1,Pop,musicgen,test,mp3_128,0.9873818342269736,0.5685665621681771,1
seg_009817,sample_03371,She Works / Tepid Waters - Bird Names,FAKE,1,Pop,musicgen,test,mp3_128,0.9062626055992626,0.5685665621681771,1
seg_009818,sample_03371,She Works / Tepid Waters - Bird Names,FAKE,1,Pop,musicgen,test,mp3_128,0.9234534883491896,0.5685665621681771,1
seg_009840,sample_03379,Something Dirty - Ergo Phizmiz,FAKE,1,Pop,musicgen,test,mp3_128,0.977072690516555,0.5685665621681771,1
seg_009841,sample_03379,Something Dirty - Ergo Phizmiz,FAKE,1,Pop,musicgen,test,mp3_128,0.9988063707134222,0.5685665621681771,1
seg_009842,sample_03379,Something Dirty - Ergo Phizmiz,FAKE,1,Pop,musicgen,test,mp3_128,0.9975002086115864,0.5685665621681771,1
seg_009846,sample_03381,Sonzis FM - Pipe Choir,FAKE,1,Rock,musicgen,test,mp3_128,0.9123603764779765,0.5685665621681771,1
seg_009847,sample_03381,Sonzis FM - Pipe Choir,FAKE,1,Rock,musicgen,test,mp3_128,0.8679937521525343,0.5685665621681771,1
seg_009848,sample_03381,Sonzis FM - Pipe Choir,FAKE,1,Rock,musicgen,test,mp3_128,0.9998743337008505,0.5685665621681771,1
seg_009873,sample_03390,Stuttgart - Portrayal,FAKE,1,Rock,musicgen,test,mp3_128,0.9860937416918661,0.5685665621681771,1
seg_009874,sample_03390,Stuttgart - Portrayal,FAKE,1,Rock,musicgen,test,mp3_128,0.9540703383434849,0.5685665621681771,1
seg_009875,sample_03390,Stuttgart - Portrayal,FAKE,1,Rock,musicgen,test,mp3_128,0.9927472244015229,0.5685665621681771,1
seg_009876,sample_03391,Support Me in This Moment That I'm About To Lose Heart - Nihilore,FAKE,1,Electronic,musicgen,test,mp3_128,0.9998890506186541,0.5685665621681771,1
seg_009877,sample_03391,Support Me in This Moment That I'm About To Lose Heart - Nihilore,FAKE,1,Electronic,musicgen,test,mp3_128,0.9788774517732103,0.5685665621681771,1
seg_009878,sample_03391,Support Me in This Moment That I'm About To Lose Heart - Nihilore,FAKE,1,Electronic,musicgen,test,mp3_128,0.9954460551331958,0.5685665621681771,1
seg_009891,sample_03396,Terve Teille - Чокнутый Пропеллер,FAKE,1,Rock,musicgen,test,mp3_128,0.9794196131719813,0.5685665621681771,1
seg_009892,sample_03396,Terve Teille - Чокнутый Пропеллер,FAKE,1,Rock,musicgen,test,mp3_128,0.9954919577276827,0.5685665621681771,1
seg_009893,sample_03396,Terve Teille - Чокнутый Пропеллер,FAKE,1,Rock,musicgen,test,mp3_128,0.9833274542190871,0.5685665621681771,1
seg_009894,sample_03397,The Adventures Of Roderick Random - Maps And Diagrams,FAKE,1,Electronic,musicgen,test,mp3_128,0.984609108906079,0.5685665621681771,1
seg_009895,sample_03397,The Adventures Of Roderick Random - Maps And Diagrams,FAKE,1,Electronic,musicgen,test,mp3_128,0.9985955442393462,0.5685665621681771,1
seg_009896,sample_03397,The Adventures Of Roderick Random - Maps And Diagrams,FAKE,1,Electronic,musicgen,test,mp3_128,0.9974478841058729,0.5685665621681771,1
seg_009936,sample_03411,"The Pursuit of Unintentional Humor - Oh Yeah, the Future",FAKE,1,Pop,musicgen,test,mp3_128,0.4838921965399971,0.5685665621681771,0
seg_009937,sample_03411,"The Pursuit of Unintentional Humor - Oh Yeah, the Future",FAKE,1,Pop,musicgen,test,mp3_128,0.9997479082846049,0.5685665621681771,1
seg_009938,sample_03411,"The Pursuit of Unintentional Humor - Oh Yeah, the Future",FAKE,1,Pop,musicgen,test,mp3_128,0.9855464587903381,0.5685665621681771,1
seg_009951,sample_03416,The Secret Garden - Barbarix,FAKE,1,Electronic,musicgen,test,mp3_128,0.9991271136559855,0.5685665621681771,1
seg_009952,sample_03416,The Secret Garden - Barbarix,FAKE,1,Electronic,musicgen,test,mp3_128,0.9118528820203515,0.5685665621681771,1
seg_009953,sample_03416,The Secret Garden - Barbarix,FAKE,1,Electronic,musicgen,test,mp3_128,0.9751323129207583,0.5685665621681771,1
seg_009978,sample_03425,Troubles I've seen - Malaventura,FAKE,1,Pop,musicgen,test,mp3_128,0.9992851778430493,0.5685665621681771,1
seg_009979,sample_03425,Troubles I've seen - Malaventura,FAKE,1,Pop,musicgen,test,mp3_128,0.9959461637486278,0.5685665621681771,1
seg_009980,sample_03425,Troubles I've seen - Malaventura,FAKE,1,Pop,musicgen,test,mp3_128,0.9656807529434547,0.5685665621681771,1
seg_009984,sample_03427,Ugh! Humans Can Join - Mystery Mammal,FAKE,1,Electronic,musicgen,test,mp3_128,0.9990251346206882,0.5685665621681771,1
seg_009985,sample_03427,Ugh! Humans Can Join - Mystery Mammal,FAKE,1,Electronic,musicgen,test,mp3_128,0.9619515691220908,0.5685665621681771,1
seg_009986,sample_03427,Ugh! Humans Can Join - Mystery Mammal,FAKE,1,Electronic,musicgen,test,mp3_128,0.9344647588576959,0.5685665621681771,1
seg_009996,sample_03431,Untitled - Fatal Injection,FAKE,1,Rock,musicgen,test,mp3_128,0.9874668584945536,0.5685665621681771,1
seg_009997,sample_03431,Untitled - Fatal Injection,FAKE,1,Rock,musicgen,test,mp3_128,0.9866904230213289,0.5685665621681771,1
seg_009998,sample_03431,Untitled - Fatal Injection,FAKE,1,Rock,musicgen,test,mp3_128,0.9982221709982572,0.5685665621681771,1
seg_010032,sample_03443,Where Is Everything - The Moi Non Plus,FAKE,1,Rock,musicgen,test,mp3_128,0.987876349147784,0.5685665621681771,1
seg_010033,sample_03443,Where Is Everything - The Moi Non Plus,FAKE,1,Rock,musicgen,test,mp3_128,0.9604867895812289,0.5685665621681771,1
seg_010034,sample_03443,Where Is Everything - The Moi Non Plus,FAKE,1,Rock,musicgen,test,mp3_128,0.979206083243819,0.5685665621681771,1
seg_010035,sample_03444,Who Loves You Dear - Mink Lungs,FAKE,1,Rock,musicgen,test,mp3_128,0.999993729870047,0.5685665621681771,1
seg_010036,sample_03444,Who Loves You Dear - Mink Lungs,FAKE,1,Rock,musicgen,test,mp3_128,0.882062225261601,0.5685665621681771,1
seg_010037,sample_03444,Who Loves You Dear - Mink Lungs,FAKE,1,Rock,musicgen,test,mp3_128,0.9840987976614436,0.5685665621681771,1
seg_010056,sample_03451,Yurtology - Michett,FAKE,1,Electronic,musicgen,test,mp3_128,0.99979091142094,0.5685665621681771,1
seg_010057,sample_03451,Yurtology - Michett,FAKE,1,Electronic,musicgen,test,mp3_128,0.849119715301232,0.5685665621681771,1
seg_010058,sample_03451,Yurtology - Michett,FAKE,1,Electronic,musicgen,test,mp3_128,0.9994880501436084,0.5685665621681771,1
seg_000009,sample_00003,2Much (Andy Spinelli & Alex Sánchez House Edit) - Tentacles,REAL,0,Electronic,,test,mp3_64,0.7796275484006049,0.5685665621681771,1
seg_000010,sample_00003,2Much (Andy Spinelli & Alex Sánchez House Edit) - Tentacles,REAL,0,Electronic,,test,mp3_64,0.8717382240492222,0.5685665621681771,1
seg_000011,sample_00003,2Much (Andy Spinelli & Alex Sánchez House Edit) - Tentacles,REAL,0,Electronic,,test,mp3_64,0.9714417329900782,0.5685665621681771,1
seg_000012,sample_00004,3 am West End - statusq,REAL,0,Electronic,,test,mp3_64,0.4088170603495071,0.5685665621681771,0
seg_000013,sample_00004,3 am West End - statusq,REAL,0,Electronic,,test,mp3_64,0.6909225813036195,0.5685665621681771,1
seg_000014,sample_00004,3 am West End - statusq,REAL,0,Electronic,,test,mp3_64,0.7921114602759356,0.5685665621681771,1
seg_000015,sample_00005,5 (Lexington) - Isle of Pine,REAL,0,Rock,,test,mp3_64,0.5219665941089114,0.5685665621681771,0
seg_000016,sample_00005,5 (Lexington) - Isle of Pine,REAL,0,Rock,,test,mp3_64,0.6419548700496875,0.5685665621681771,1
seg_000017,sample_00005,5 (Lexington) - Isle of Pine,REAL,0,Rock,,test,mp3_64,0.7884356986469119,0.5685665621681771,1
seg_000063,sample_00021,Attention - Pete Prodoehl,REAL,0,Rock,,test,mp3_64,0.2020841490488286,0.5685665621681771,0
seg_000064,sample_00021,Attention - Pete Prodoehl,REAL,0,Rock,,test,mp3_64,0.17729556629843243,0.5685665621681771,0
seg_000065,sample_00021,Attention - Pete Prodoehl,REAL,0,Rock,,test,mp3_64,0.5470367607407489,0.5685665621681771,0
seg_000084,sample_00028,Bizzy - The Tleilaxu Music Machine,REAL,0,Electronic,,test,mp3_64,0.21287416541571552,0.5685665621681771,0
seg_000085,sample_00028,Bizzy - The Tleilaxu Music Machine,REAL,0,Electronic,,test,mp3_64,0.2810666370026497,0.5685665621681771,0
seg_000086,sample_00028,Bizzy - The Tleilaxu Music Machine,REAL,0,Electronic,,test,mp3_64,0.07258412292615413,0.5685665621681771,0
seg_000135,sample_00045,Dance Harder - Three Chain Links,REAL,0,Electronic,,test,mp3_64,0.5237992808281209,0.5685665621681771,0
seg_000136,sample_00045,Dance Harder - Three Chain Links,REAL,0,Electronic,,test,mp3_64,0.3730796977562753,0.5685665621681771,0
seg_000137,sample_00045,Dance Harder - Three Chain Links,REAL,0,Electronic,,test,mp3_64,0.5208349415642699,0.5685665621681771,0
seg_000147,sample_00049,Different Day - First,REAL,0,Pop,,test,mp3_64,0.9596816497270042,0.5685665621681771,1
seg_000148,sample_00049,Different Day - First,REAL,0,Pop,,test,mp3_64,0.9638981100846645,0.5685665621681771,1
seg_000149,sample_00049,Different Day - First,REAL,0,Pop,,test,mp3_64,0.967499029060393,0.5685665621681771,1
seg_000168,sample_00056,El Burrito - Malaventura,REAL,0,Pop,,test,mp3_64,0.5537317862247114,0.5685665621681771,0
seg_000169,sample_00056,El Burrito - Malaventura,REAL,0,Pop,,test,mp3_64,0.687890977673501,0.5685665621681771,1
seg_000170,sample_00056,El Burrito - Malaventura,REAL,0,Pop,,test,mp3_64,0.7672334744099915,0.5685665621681771,1
seg_000183,sample_00061,End titles - Itsensäsyöjät,REAL,0,Electronic,,test,mp3_64,0.02848090423522791,0.5685665621681771,0
seg_000184,sample_00061,End titles - Itsensäsyöjät,REAL,0,Electronic,,test,mp3_64,0.0629391364475172,0.5685665621681771,0
seg_000185,sample_00061,End titles - Itsensäsyöjät,REAL,0,Electronic,,test,mp3_64,0.030297167245579293,0.5685665621681771,0
seg_000237,sample_00079,Fuckaboing - RoccoW,REAL,0,Electronic,,test,mp3_64,0.09453962212764543,0.5685665621681771,0
seg_000238,sample_00079,Fuckaboing - RoccoW,REAL,0,Electronic,,test,mp3_64,0.025802205351270074,0.5685665621681771,0
seg_000239,sample_00079,Fuckaboing - RoccoW,REAL,0,Electronic,,test,mp3_64,0.0789646284706647,0.5685665621681771,0
seg_000261,sample_00087,"Head of Ancante, Talking Tree - Ak'chamel, The Giver of Illness",REAL,0,Rock,,test,mp3_64,0.01489720291487977,0.5685665621681771,0
seg_000262,sample_00087,"Head of Ancante, Talking Tree - Ak'chamel, The Giver of Illness",REAL,0,Rock,,test,mp3_64,0.013201329400710742,0.5685665621681771,0
seg_000263,sample_00087,"Head of Ancante, Talking Tree - Ak'chamel, The Giver of Illness",REAL,0,Rock,,test,mp3_64,0.01785662565241898,0.5685665621681771,0
seg_000267,sample_00089,"Hungry - Oh Yeah, the Future",REAL,0,Pop,,test,mp3_64,0.3493495011929442,0.5685665621681771,0
seg_000268,sample_00089,"Hungry - Oh Yeah, the Future",REAL,0,Pop,,test,mp3_64,0.7289939028601338,0.5685665621681771,1
seg_000269,sample_00089,"Hungry - Oh Yeah, the Future",REAL,0,Pop,,test,mp3_64,0.14992746514292724,0.5685665621681771,0
seg_000270,sample_00090,I - Inflammator,REAL,0,Rock,,test,mp3_64,0.09667157992040454,0.5685665621681771,0
seg_000271,sample_00090,I - Inflammator,REAL,0,Rock,,test,mp3_64,0.16424739702645322,0.5685665621681771,0
seg_000272,sample_00090,I - Inflammator,REAL,0,Rock,,test,mp3_64,0.3111132573914502,0.5685665621681771,0
seg_000345,sample_00115,L'arbre - Salmo,REAL,0,Rock,,test,mp3_64,0.8963118579452214,0.5685665621681771,1
seg_000346,sample_00115,L'arbre - Salmo,REAL,0,Rock,,test,mp3_64,0.2164453778319655,0.5685665621681771,0
seg_000347,sample_00115,L'arbre - Salmo,REAL,0,Rock,,test,mp3_64,0.06208147153468686,0.5685665621681771,0
seg_000348,sample_00116,LIQUID SKULLS - voyageurs,REAL,0,Rock,,test,mp3_64,0.11853916269224667,0.5685665621681771,0
seg_000349,sample_00116,LIQUID SKULLS - voyageurs,REAL,0,Rock,,test,mp3_64,0.1933446436502638,0.5685665621681771,0
seg_000350,sample_00116,LIQUID SKULLS - voyageurs,REAL,0,Rock,,test,mp3_64,0.17135488751459424,0.5685665621681771,0
seg_000363,sample_00121,Leaving Here - Mod Fun,REAL,0,Rock,,test,mp3_64,0.14019024429150467,0.5685665621681771,0
seg_000364,sample_00121,Leaving Here - Mod Fun,REAL,0,Rock,,test,mp3_64,0.06637425335083437,0.5685665621681771,0
seg_000365,sample_00121,Leaving Here - Mod Fun,REAL,0,Rock,,test,mp3_64,0.4043377363756583,0.5685665621681771,0
seg_000366,sample_00122,Let You're Body Move - D SMILEZ,REAL,0,Electronic,,test,mp3_64,0.6169209778028719,0.5685665621681771,1
seg_000367,sample_00122,Let You're Body Move - D SMILEZ,REAL,0,Electronic,,test,mp3_64,0.24925940982980208,0.5685665621681771,0
seg_000368,sample_00122,Let You're Body Move - D SMILEZ,REAL,0,Electronic,,test,mp3_64,0.3021967569788621,0.5685665621681771,0
seg_000369,sample_00123,Let's Start Out Slow - RoccoW,REAL,0,Electronic,,test,mp3_64,0.8256027144837123,0.5685665621681771,1
seg_000370,sample_00123,Let's Start Out Slow - RoccoW,REAL,0,Electronic,,test,mp3_64,0.7547668611210867,0.5685665621681771,1
seg_000371,sample_00123,Let's Start Out Slow - RoccoW,REAL,0,Electronic,,test,mp3_64,0.8296521145472943,0.5685665621681771,1
seg_000396,sample_00132,Love Dream - The Zombie Dandies,REAL,0,Rock,,test,mp3_64,0.07810325561089518,0.5685665621681771,0
seg_000397,sample_00132,Love Dream - The Zombie Dandies,REAL,0,Rock,,test,mp3_64,0.1281205803058512,0.5685665621681771,0
seg_000398,sample_00132,Love Dream - The Zombie Dandies,REAL,0,Rock,,test,mp3_64,0.15223369882303633,0.5685665621681771,0
seg_000417,sample_00139,Moja Krypta - AmortE,REAL,0,Rock,,test,mp3_64,0.7697240169729541,0.5685665621681771,1
seg_000418,sample_00139,Moja Krypta - AmortE,REAL,0,Rock,,test,mp3_64,0.5603962522644003,0.5685665621681771,0
seg_000419,sample_00139,Moja Krypta - AmortE,REAL,0,Rock,,test,mp3_64,0.9281889030359496,0.5685665621681771,1
seg_000432,sample_00144,Motocross Mania - Monroeville Music Center,REAL,0,Pop,,test,mp3_64,0.4652119189340367,0.5685665621681771,0
seg_000433,sample_00144,Motocross Mania - Monroeville Music Center,REAL,0,Pop,,test,mp3_64,0.02609917719003687,0.5685665621681771,0
seg_000434,sample_00144,Motocross Mania - Monroeville Music Center,REAL,0,Pop,,test,mp3_64,0.03496864793291176,0.5685665621681771,0
seg_000438,sample_00146,Music For an Underground Circu - Ergo Phizmiz,REAL,0,Pop,,test,mp3_64,0.25577249441296007,0.5685665621681771,0
seg_000439,sample_00146,Music For an Underground Circu - Ergo Phizmiz,REAL,0,Pop,,test,mp3_64,0.01627629766310804,0.5685665621681771,0
seg_000440,sample_00146,Music For an Underground Circu - Ergo Phizmiz,REAL,0,Pop,,test,mp3_64,0.014371800936358793,0.5685665621681771,0
seg_000462,sample_00154,Night Owl - Broke For Free,REAL,0,Electronic,,test,mp3_64,0.482140058552291,0.5685665621681771,0
seg_000463,sample_00154,Night Owl - Broke For Free,REAL,0,Electronic,,test,mp3_64,0.7079067231295781,0.5685665621681771,1
seg_000464,sample_00154,Night Owl - Broke For Free,REAL,0,Electronic,,test,mp3_64,0.4790680393242843,0.5685665621681771,0
seg_000513,sample_00171,Pista Afuera - Epstein,REAL,0,Electronic,,test,mp3_64,0.11493505752744711,0.5685665621681771,0
seg_000514,sample_00171,Pista Afuera - Epstein,REAL,0,Electronic,,test,mp3_64,0.07311462797600729,0.5685665621681771,0
seg_000515,sample_00171,Pista Afuera - Epstein,REAL,0,Electronic,,test,mp3_64,0.04922498455058342,0.5685665621681771,0
seg_000522,sample_00174,Production - Bird Names,REAL,0,Pop,,test,mp3_64,0.27089238708690994,0.5685665621681771,0
seg_000523,sample_00174,Production - Bird Names,REAL,0,Pop,,test,mp3_64,0.5191811321165651,0.5685665621681771,0
seg_000524,sample_00174,Production - Bird Names,REAL,0,Pop,,test,mp3_64,0.3347571053217827,0.5685665621681771,0
seg_000528,sample_00176,Puertas de Fuego - Guerra de Cerdos,REAL,0,Rock,,test,mp3_64,0.28132716555638804,0.5685665621681771,0
seg_000529,sample_00176,Puertas de Fuego - Guerra de Cerdos,REAL,0,Rock,,test,mp3_64,0.8204370368351379,0.5685665621681771,1
seg_000530,sample_00176,Puertas de Fuego - Guerra de Cerdos,REAL,0,Rock,,test,mp3_64,0.28739842246233943,0.5685665621681771,0
seg_000534,sample_00178,Realize Me - Jim Rooster,REAL,0,Electronic,,test,mp3_64,0.029922165111522687,0.5685665621681771,0
seg_000535,sample_00178,Realize Me - Jim Rooster,REAL,0,Electronic,,test,mp3_64,0.9322769663882526,0.5685665621681771,1
seg_000536,sample_00178,Realize Me - Jim Rooster,REAL,0,Electronic,,test,mp3_64,0.949193414363143,0.5685665621681771,1
seg_000540,sample_00180,Resistentialism - Nihilore,REAL,0,Electronic,,test,mp3_64,0.16123905507398725,0.5685665621681771,0
seg_000541,sample_00180,Resistentialism - Nihilore,REAL,0,Electronic,,test,mp3_64,0.3290724323658766,0.5685665621681771,0
seg_000542,sample_00180,Resistentialism - Nihilore,REAL,0,Electronic,,test,mp3_64,0.34974278397237185,0.5685665621681771,0
seg_000585,sample_00195,Set Fire to Creation - Nihilore,REAL,0,Electronic,,test,mp3_64,0.5238303801912559,0.5685665621681771,0
seg_000586,sample_00195,Set Fire to Creation - Nihilore,REAL,0,Electronic,,test,mp3_64,0.13744904864858135,0.5685665621681771,0
seg_000587,sample_00195,Set Fire to Creation - Nihilore,REAL,0,Electronic,,test,mp3_64,0.12593801539530144,0.5685665621681771,0
seg_000588,sample_00196,Sfogare Il Dissenso - Deiezione HC,REAL,0,Rock,,test,mp3_64,0.02158322382949674,0.5685665621681771,0
seg_000589,sample_00196,Sfogare Il Dissenso - Deiezione HC,REAL,0,Rock,,test,mp3_64,0.1423975443639733,0.5685665621681771,0
seg_000590,sample_00196,Sfogare Il Dissenso - Deiezione HC,REAL,0,Rock,,test,mp3_64,0.0954690561638058,0.5685665621681771,0
seg_000594,sample_00198,She Works / Tepid Waters - Bird Names,REAL,0,Pop,,test,mp3_64,0.8352710655262383,0.5685665621681771,1
seg_000595,sample_00198,She Works / Tepid Waters - Bird Names,REAL,0,Pop,,test,mp3_64,0.6933915137001957,0.5685665621681771,1
seg_000596,sample_00198,She Works / Tepid Waters - Bird Names,REAL,0,Pop,,test,mp3_64,0.5756439974877681,0.5685665621681771,1
seg_000618,sample_00206,Something Dirty - Ergo Phizmiz,REAL,0,Pop,,test,mp3_64,0.06765416124791838,0.5685665621681771,0
seg_000619,sample_00206,Something Dirty - Ergo Phizmiz,REAL,0,Pop,,test,mp3_64,0.07217368074822672,0.5685665621681771,0
seg_000620,sample_00206,Something Dirty - Ergo Phizmiz,REAL,0,Pop,,test,mp3_64,0.02694657609081261,0.5685665621681771,0
seg_000621,sample_00207,Sonzis FM - Pipe Choir,REAL,0,Rock,,test,mp3_64,0.34720080263980285,0.5685665621681771,0
seg_000622,sample_00207,Sonzis FM - Pipe Choir,REAL,0,Rock,,test,mp3_64,0.2235574777474941,0.5685665621681771,0
seg_000623,sample_00207,Sonzis FM - Pipe Choir,REAL,0,Rock,,test,mp3_64,0.22779481350037498,0.5685665621681771,0
seg_000648,sample_00216,Stuttgart - Portrayal,REAL,0,Rock,,test,mp3_64,0.7855171189207804,0.5685665621681771,1
seg_000649,sample_00216,Stuttgart - Portrayal,REAL,0,Rock,,test,mp3_64,0.8058905273356671,0.5685665621681771,1
seg_000650,sample_00216,Stuttgart - Portrayal,REAL,0,Rock,,test,mp3_64,0.8739794116209562,0.5685665621681771,1
seg_000651,sample_00217,Support Me in This Moment That I'm About To Lose Heart - Nihilore,REAL,0,Electronic,,test,mp3_64,0.8622841500640167,0.5685665621681771,1
seg_000652,sample_00217,Support Me in This Moment That I'm About To Lose Heart - Nihilore,REAL,0,Electronic,,test,mp3_64,0.9228054636357891,0.5685665621681771,1
seg_000653,sample_00217,Support Me in This Moment That I'm About To Lose Heart - Nihilore,REAL,0,Electronic,,test,mp3_64,0.7470568446280608,0.5685665621681771,1
seg_000669,sample_00223,Terve Teille - Чокнутый Пропеллер,REAL,0,Rock,,test,mp3_64,0.47343224631768643,0.5685665621681771,0
seg_000670,sample_00223,Terve Teille - Чокнутый Пропеллер,REAL,0,Rock,,test,mp3_64,0.11709413567129667,0.5685665621681771,0
seg_000671,sample_00223,Terve Teille - Чокнутый Пропеллер,REAL,0,Rock,,test,mp3_64,0.28391123659439743,0.5685665621681771,0
seg_000672,sample_00224,The Adventures Of Roderick Random - Maps And Diagrams,REAL,0,Electronic,,test,mp3_64,0.12941101176774467,0.5685665621681771,0
seg_000673,sample_00224,The Adventures Of Roderick Random - Maps And Diagrams,REAL,0,Electronic,,test,mp3_64,0.1963167526267654,0.5685665621681771,0
seg_000674,sample_00224,The Adventures Of Roderick Random - Maps And Diagrams,REAL,0,Electronic,,test,mp3_64,0.3272322815365485,0.5685665621681771,0
seg_000708,sample_00236,"The Pursuit of Unintentional Humor - Oh Yeah, the Future",REAL,0,Pop,,test,mp3_64,0.027693478991737658,0.5685665621681771,0
seg_000709,sample_00236,"The Pursuit of Unintentional Humor - Oh Yeah, the Future",REAL,0,Pop,,test,mp3_64,0.07083803498000134,0.5685665621681771,0
seg_000710,sample_00236,"The Pursuit of Unintentional Humor - Oh Yeah, the Future",REAL,0,Pop,,test,mp3_64,0.05803104957620126,0.5685665621681771,0
seg_000723,sample_00241,The Secret Garden - Barbarix,REAL,0,Electronic,,test,mp3_64,0.1496731736921726,0.5685665621681771,0
seg_000724,sample_00241,The Secret Garden - Barbarix,REAL,0,Electronic,,test,mp3_64,0.10681078778214424,0.5685665621681771,0
seg_000725,sample_00241,The Secret Garden - Barbarix,REAL,0,Electronic,,test,mp3_64,0.1165404776153413,0.5685665621681771,0
seg_000756,sample_00252,Troubles I've seen - Malaventura,REAL,0,Pop,,test,mp3_64,0.5879031310235863,0.5685665621681771,1
seg_000757,sample_00252,Troubles I've seen - Malaventura,REAL,0,Pop,,test,mp3_64,0.6755544286393012,0.5685665621681771,1
seg_000758,sample_00252,Troubles I've seen - Malaventura,REAL,0,Pop,,test,mp3_64,0.5261211614844247,0.5685665621681771,0
seg_000759,sample_00253,Ugh! Humans Can Join - Mystery Mammal,REAL,0,Electronic,,test,mp3_64,0.7674588950633525,0.5685665621681771,1
seg_000760,sample_00253,Ugh! Humans Can Join - Mystery Mammal,REAL,0,Electronic,,test,mp3_64,0.05861091084736318,0.5685665621681771,0
seg_000761,sample_00253,Ugh! Humans Can Join - Mystery Mammal,REAL,0,Electronic,,test,mp3_64,0.058305790059646645,0.5685665621681771,0
seg_000771,sample_00257,Untitled - Fatal Injection,REAL,0,Rock,,test,mp3_64,0.2225668857568646,0.5685665621681771,0
seg_000772,sample_00257,Untitled - Fatal Injection,REAL,0,Rock,,test,mp3_64,0.31014306566906386,0.5685665621681771,0
seg_000773,sample_00257,Untitled - Fatal Injection,REAL,0,Rock,,test,mp3_64,0.5423643563955205,0.5685665621681771,0
seg_000810,sample_00270,Where Is Everything - The Moi Non Plus,REAL,0,Rock,,test,mp3_64,0.07529816818659961,0.5685665621681771,0
seg_000811,sample_00270,Where Is Everything - The Moi Non Plus,REAL,0,Rock,,test,mp3_64,0.051145102862122184,0.5685665621681771,0
seg_000812,sample_00270,Where Is Everything - The Moi Non Plus,REAL,0,Rock,,test,mp3_64,0.044904511502188105,0.5685665621681771,0
seg_000813,sample_00271,Who Loves You Dear - Mink Lungs,REAL,0,Rock,,test,mp3_64,0.03655133760897894,0.5685665621681771,0
seg_000814,sample_00271,Who Loves You Dear - Mink Lungs,REAL,0,Rock,,test,mp3_64,0.20458454727360192,0.5685665621681771,0
seg_000815,sample_00271,Who Loves You Dear - Mink Lungs,REAL,0,Rock,,test,mp3_64,0.08817427744013798,0.5685665621681771,0
seg_000837,sample_00279,Yurtology - Michett,REAL,0,Electronic,,test,mp3_64,0.9132565129792376,0.5685665621681771,1
seg_000838,sample_00279,Yurtology - Michett,REAL,0,Electronic,,test,mp3_64,0.964466997600681,0.5685665621681771,1
seg_000839,sample_00279,Yurtology - Michett,REAL,0,Electronic,,test,mp3_64,0.9609391204315844,0.5685665621681771,1
seg_000894,sample_00298,2Much (Andy Spinelli & Alex Sánchez House Edit) - Tentacles,FAKE,1,Electronic,acestep,test,mp3_64,0.9953536383798214,0.5685665621681771,1
seg_000895,sample_00298,2Much (Andy Spinelli & Alex Sánchez House Edit) - Tentacles,FAKE,1,Electronic,acestep,test,mp3_64,0.8918432112445382,0.5685665621681771,1
seg_000896,sample_00298,2Much (Andy Spinelli & Alex Sánchez House Edit) - Tentacles,FAKE,1,Electronic,acestep,test,mp3_64,0.9625535404364306,0.5685665621681771,1
seg_000900,sample_00300,3 am West End - statusq,FAKE,1,Electronic,acestep,test,mp3_64,0.9950055861077785,0.5685665621681771,1
seg_000901,sample_00300,3 am West End - statusq,FAKE,1,Electronic,acestep,test,mp3_64,0.865486881565881,0.5685665621681771,1
seg_000902,sample_00300,3 am West End - statusq,FAKE,1,Electronic,acestep,test,mp3_64,0.9961850080831618,0.5685665621681771,1
seg_000906,sample_00302,5 (Lexington) - Isle of Pine,FAKE,1,Rock,acestep,test,mp3_64,0.9716712958397706,0.5685665621681771,1
seg_000907,sample_00302,5 (Lexington) - Isle of Pine,FAKE,1,Rock,acestep,test,mp3_64,0.963579041749805,0.5685665621681771,1
seg_000908,sample_00302,5 (Lexington) - Isle of Pine,FAKE,1,Rock,acestep,test,mp3_64,0.9687428572855874,0.5685665621681771,1
seg_000942,sample_00314,Attention - Pete Prodoehl,FAKE,1,Rock,acestep,test,mp3_64,0.8820774023212491,0.5685665621681771,1
seg_000943,sample_00314,Attention - Pete Prodoehl,FAKE,1,Rock,acestep,test,mp3_64,0.7332400837658047,0.5685665621681771,1
seg_000944,sample_00314,Attention - Pete Prodoehl,FAKE,1,Rock,acestep,test,mp3_64,0.9894207877640245,0.5685665621681771,1
seg_000972,sample_00324,Bizzy - The Tleilaxu Music Machine,FAKE,1,Electronic,acestep,test,mp3_64,0.6417689896972312,0.5685665621681771,1
seg_000973,sample_00324,Bizzy - The Tleilaxu Music Machine,FAKE,1,Electronic,acestep,test,mp3_64,0.6800086318084089,0.5685665621681771,1
seg_000974,sample_00324,Bizzy - The Tleilaxu Music Machine,FAKE,1,Electronic,acestep,test,mp3_64,0.994732107488375,0.5685665621681771,1
seg_001020,sample_00340,Dance Harder - Three Chain Links,FAKE,1,Electronic,acestep,test,mp3_64,0.9873399840527426,0.5685665621681771,1
seg_001021,sample_00340,Dance Harder - Three Chain Links,FAKE,1,Electronic,acestep,test,mp3_64,0.6843522539530326,0.5685665621681771,1
seg_001022,sample_00340,Dance Harder - Three Chain Links,FAKE,1,Electronic,acestep,test,mp3_64,0.9321259777327269,0.5685665621681771,1
seg_001035,sample_00345,Different Day - First,FAKE,1,Pop,acestep,test,mp3_64,0.9094679218157676,0.5685665621681771,1
seg_001036,sample_00345,Different Day - First,FAKE,1,Pop,acestep,test,mp3_64,0.9420541334124568,0.5685665621681771,1
seg_001037,sample_00345,Different Day - First,FAKE,1,Pop,acestep,test,mp3_64,0.9856650243118517,0.5685665621681771,1
seg_001059,sample_00353,El Burrito - Malaventura,FAKE,1,Pop,acestep,test,mp3_64,0.971880986754494,0.5685665621681771,1
seg_001060,sample_00353,El Burrito - Malaventura,FAKE,1,Pop,acestep,test,mp3_64,0.9643328909948998,0.5685665621681771,1
seg_001061,sample_00353,El Burrito - Malaventura,FAKE,1,Pop,acestep,test,mp3_64,0.9856907065256976,0.5685665621681771,1
seg_001074,sample_00358,End titles - Itsensäsyöjät,FAKE,1,Electronic,acestep,test,mp3_64,0.8617541713605542,0.5685665621681771,1
seg_001075,sample_00358,End titles - Itsensäsyöjät,FAKE,1,Electronic,acestep,test,mp3_64,0.8325252052313241,0.5685665621681771,1
seg_001076,sample_00358,End titles - Itsensäsyöjät,FAKE,1,Electronic,acestep,test,mp3_64,0.9935633004944394,0.5685665621681771,1
seg_001125,sample_00375,Fuckaboing - RoccoW,FAKE,1,Electronic,acestep,test,mp3_64,0.9984395838311488,0.5685665621681771,1
seg_001126,sample_00375,Fuckaboing - RoccoW,FAKE,1,Electronic,acestep,test,mp3_64,0.9800788675425934,0.5685665621681771,1
seg_001127,sample_00375,Fuckaboing - RoccoW,FAKE,1,Electronic,acestep,test,mp3_64,0.9986397089314373,0.5685665621681771,1
seg_001152,sample_00384,"Head of Ancante, Talking Tree - Ak'chamel, The Giver of Illness",FAKE,1,Rock,acestep,test,mp3_64,0.9297075772311221,0.5685665621681771,1
seg_001153,sample_00384,"Head of Ancante, Talking Tree - Ak'chamel, The Giver of Illness",FAKE,1,Rock,acestep,test,mp3_64,0.6338045391487549,0.5685665621681771,1
seg_001154,sample_00384,"Head of Ancante, Talking Tree - Ak'chamel, The Giver of Illness",FAKE,1,Rock,acestep,test,mp3_64,0.907409400819815,0.5685665621681771,1
seg_001158,sample_00386,"Hungry - Oh Yeah, the Future",FAKE,1,Pop,acestep,test,mp3_64,0.9927022096545732,0.5685665621681771,1
seg_001159,sample_00386,"Hungry - Oh Yeah, the Future",FAKE,1,Pop,acestep,test,mp3_64,0.9990274270875075,0.5685665621681771,1
seg_001160,sample_00386,"Hungry - Oh Yeah, the Future",FAKE,1,Pop,acestep,test,mp3_64,0.9523073556708478,0.5685665621681771,1
seg_001194,sample_00398,I - Inflammator,FAKE,1,Rock,acestep,test,mp3_64,0.9193044414169006,0.5685665621681771,1
seg_001195,sample_00398,I - Inflammator,FAKE,1,Rock,acestep,test,mp3_64,0.8555446923178506,0.5685665621681771,1
seg_001196,sample_00398,I - Inflammator,FAKE,1,Rock,acestep,test,mp3_64,0.993806088465193,0.5685665621681771,1
seg_001254,sample_00418,Leaving Here - Mod Fun,FAKE,1,Rock,acestep,test,mp3_64,0.9578089012647747,0.5685665621681771,1
seg_001255,sample_00418,Leaving Here - Mod Fun,FAKE,1,Rock,acestep,test,mp3_64,0.9317101379243673,0.5685665621681771,1
seg_001256,sample_00418,Leaving Here - Mod Fun,FAKE,1,Rock,acestep,test,mp3_64,0.9977342206516451,0.5685665621681771,1
seg_001257,sample_00419,Let's Start Out Slow - RoccoW,FAKE,1,Electronic,acestep,test,mp3_64,0.987059427272597,0.5685665621681771,1
seg_001258,sample_00419,Let's Start Out Slow - RoccoW,FAKE,1,Electronic,acestep,test,mp3_64,0.9679229969434099,0.5685665621681771,1
seg_001259,sample_00419,Let's Start Out Slow - RoccoW,FAKE,1,Electronic,acestep,test,mp3_64,0.9600285911842046,0.5685665621681771,1
seg_001263,sample_00421,Let You're Body Move - D SMILEZ,FAKE,1,Electronic,acestep,test,mp3_64,0.7262174499323575,0.5685665621681771,1
seg_001264,sample_00421,Let You're Body Move - D SMILEZ,FAKE,1,Electronic,acestep,test,mp3_64,0.47132620474149256,0.5685665621681771,0
seg_001265,sample_00421,Let You're Body Move - D SMILEZ,FAKE,1,Electronic,acestep,test,mp3_64,0.9983461987665111,0.5685665621681771,1
seg_001278,sample_00426,LIQUID SKULLS - voyageurs,FAKE,1,Rock,acestep,test,mp3_64,0.8960605538295625,0.5685665621681771,1
seg_001279,sample_00426,LIQUID SKULLS - voyageurs,FAKE,1,Rock,acestep,test,mp3_64,0.9245471596354553,0.5685665621681771,1
seg_001280,sample_00426,LIQUID SKULLS - voyageurs,FAKE,1,Rock,acestep,test,mp3_64,0.9971679564198012,0.5685665621681771,1
seg_001296,sample_00432,Love Dream - The Zombie Dandies,FAKE,1,Rock,acestep,test,mp3_64,0.7133488206196443,0.5685665621681771,1
seg_001297,sample_00432,Love Dream - The Zombie Dandies,FAKE,1,Rock,acestep,test,mp3_64,0.5971797250265807,0.5685665621681771,1
seg_001298,sample_00432,Love Dream - The Zombie Dandies,FAKE,1,Rock,acestep,test,mp3_64,0.9365228491468464,0.5685665621681771,1
seg_001299,sample_00433,L'arbre - Salmo,FAKE,1,Rock,acestep,test,mp3_64,0.7653177543869967,0.5685665621681771,1
seg_001300,sample_00433,L'arbre - Salmo,FAKE,1,Rock,acestep,test,mp3_64,0.7708924086479325,0.5685665621681771,1
seg_001301,sample_00433,L'arbre - Salmo,FAKE,1,Rock,acestep,test,mp3_64,0.8907239624751535,0.5685665621681771,1
seg_001317,sample_00439,Moja Krypta - AmortE,FAKE,1,Rock,acestep,test,mp3_64,0.9527608689976527,0.5685665621681771,1
seg_001318,sample_00439,Moja Krypta - AmortE,FAKE,1,Rock,acestep,test,mp3_64,0.9955351940280622,0.5685665621681771,1
seg_001319,sample_00439,Moja Krypta - AmortE,FAKE,1,Rock,acestep,test,mp3_64,0.9950654124471929,0.5685665621681771,1
seg_001332,sample_00444,Motocross Mania - Monroeville Music Center,FAKE,1,Pop,acestep,test,mp3_64,0.9918627373021952,0.5685665621681771,1
seg_001333,sample_00444,Motocross Mania - Monroeville Music Center,FAKE,1,Pop,acestep,test,mp3_64,0.9904719850431982,0.5685665621681771,1
seg_001334,sample_00444,Motocross Mania - Monroeville Music Center,FAKE,1,Pop,acestep,test,mp3_64,0.9985094203942144,0.5685665621681771,1
seg_001338,sample_00446,Music For an Underground Circu - Ergo Phizmiz,FAKE,1,Pop,acestep,test,mp3_64,0.9956485023649079,0.5685665621681771,1
seg_001339,sample_00446,Music For an Underground Circu - Ergo Phizmiz,FAKE,1,Pop,acestep,test,mp3_64,0.9973828521307785,0.5685665621681771,1
seg_001340,sample_00446,Music For an Underground Circu - Ergo Phizmiz,FAKE,1,Pop,acestep,test,mp3_64,0.9883121511907087,0.5685665621681771,1
seg_001365,sample_00455,Night Owl - Broke For Free,FAKE,1,Electronic,acestep,test,mp3_64,0.9999093992139905,0.5685665621681771,1
seg_001366,sample_00455,Night Owl - Broke For Free,FAKE,1,Electronic,acestep,test,mp3_64,0.9998539336045091,0.5685665621681771,1
seg_001367,sample_00455,Night Owl - Broke For Free,FAKE,1,Electronic,acestep,test,mp3_64,0.9998658450335712,0.5685665621681771,1
seg_001419,sample_00473,Pista Afuera - Epstein,FAKE,1,Electronic,acestep,test,mp3_64,0.9927496331474289,0.5685665621681771,1
seg_001420,sample_00473,Pista Afuera - Epstein,FAKE,1,Electronic,acestep,test,mp3_64,0.9895493189561438,0.5685665621681771,1
seg_001421,sample_00473,Pista Afuera - Epstein,FAKE,1,Electronic,acestep,test,mp3_64,0.9711549052498939,0.5685665621681771,1
seg_001428,sample_00476,Production - Bird Names,FAKE,1,Pop,acestep,test,mp3_64,0.9892846162225205,0.5685665621681771,1
seg_001429,sample_00476,Production - Bird Names,FAKE,1,Pop,acestep,test,mp3_64,0.9742384865536811,0.5685665621681771,1
seg_001430,sample_00476,Production - Bird Names,FAKE,1,Pop,acestep,test,mp3_64,0.9883791272333112,0.5685665621681771,1
seg_001434,sample_00478,Puertas de Fuego - Guerra de Cerdos,FAKE,1,Rock,acestep,test,mp3_64,0.999810447999933,0.5685665621681771,1
seg_001435,sample_00478,Puertas de Fuego - Guerra de Cerdos,FAKE,1,Rock,acestep,test,mp3_64,0.9833683380735644,0.5685665621681771,1
seg_001436,sample_00478,Puertas de Fuego - Guerra de Cerdos,FAKE,1,Rock,acestep,test,mp3_64,0.9556179261773147,0.5685665621681771,1
seg_001443,sample_00481,Realize Me - Jim Rooster,FAKE,1,Electronic,acestep,test,mp3_64,0.9810012593577941,0.5685665621681771,1
seg_001444,sample_00481,Realize Me - Jim Rooster,FAKE,1,Electronic,acestep,test,mp3_64,0.9240831305658321,0.5685665621681771,1
seg_001445,sample_00481,Realize Me - Jim Rooster,FAKE,1,Electronic,acestep,test,mp3_64,0.9099606931395805,0.5685665621681771,1
seg_001449,sample_00483,Resistentialism - Nihilore,FAKE,1,Electronic,acestep,test,mp3_64,0.9981055869782438,0.5685665621681771,1
seg_001450,sample_00483,Resistentialism - Nihilore,FAKE,1,Electronic,acestep,test,mp3_64,0.9972809085559416,0.5685665621681771,1
seg_001451,sample_00483,Resistentialism - Nihilore,FAKE,1,Electronic,acestep,test,mp3_64,0.9963430938980945,0.5685665621681771,1
seg_001494,sample_00498,Set Fire to Creation - Nihilore,FAKE,1,Electronic,acestep,test,mp3_64,0.9271586635494147,0.5685665621681771,1
seg_001495,sample_00498,Set Fire to Creation - Nihilore,FAKE,1,Electronic,acestep,test,mp3_64,0.9751865666182542,0.5685665621681771,1
seg_001496,sample_00498,Set Fire to Creation - Nihilore,FAKE,1,Electronic,acestep,test,mp3_64,0.9744685255117629,0.5685665621681771,1
seg_001497,sample_00499,Sfogare Il Dissenso - Deiezione HC,FAKE,1,Rock,acestep,test,mp3_64,0.9766339457815361,0.5685665621681771,1
seg_001498,sample_00499,Sfogare Il Dissenso - Deiezione HC,FAKE,1,Rock,acestep,test,mp3_64,0.5012661397380144,0.5685665621681771,0
seg_001499,sample_00499,Sfogare Il Dissenso - Deiezione HC,FAKE,1,Rock,acestep,test,mp3_64,0.39983460161878037,0.5685665621681771,0
seg_001506,sample_00502,She Works / Tepid Waters - Bird Names,FAKE,1,Pop,acestep,test,mp3_64,0.9785082221991012,0.5685665621681771,1
seg_001507,sample_00502,She Works / Tepid Waters - Bird Names,FAKE,1,Pop,acestep,test,mp3_64,0.9896096627559362,0.5685665621681771,1
seg_001508,sample_00502,She Works / Tepid Waters - Bird Names,FAKE,1,Pop,acestep,test,mp3_64,0.997688374296758,0.5685665621681771,1
seg_001530,sample_00510,Something Dirty - Ergo Phizmiz,FAKE,1,Pop,acestep,test,mp3_64,0.9392790163889212,0.5685665621681771,1
seg_001531,sample_00510,Something Dirty - Ergo Phizmiz,FAKE,1,Pop,acestep,test,mp3_64,0.993419868375588,0.5685665621681771,1
seg_001532,sample_00510,Something Dirty - Ergo Phizmiz,FAKE,1,Pop,acestep,test,mp3_64,0.9900782057003059,0.5685665621681771,1
seg_001536,sample_00512,Sonzis FM - Pipe Choir,FAKE,1,Rock,acestep,test,mp3_64,0.9879449355859682,0.5685665621681771,1
seg_001537,sample_00512,Sonzis FM - Pipe Choir,FAKE,1,Rock,acestep,test,mp3_64,0.9771314419155277,0.5685665621681771,1
seg_001538,sample_00512,Sonzis FM - Pipe Choir,FAKE,1,Rock,acestep,test,mp3_64,0.99964838513755,0.5685665621681771,1
seg_001563,sample_00521,Stuttgart - Portrayal,FAKE,1,Rock,acestep,test,mp3_64,0.9998540101575873,0.5685665621681771,1
seg_001564,sample_00521,Stuttgart - Portrayal,FAKE,1,Rock,acestep,test,mp3_64,0.9998329562034329,0.5685665621681771,1
seg_001565,sample_00521,Stuttgart - Portrayal,FAKE,1,Rock,acestep,test,mp3_64,0.9902113249144788,0.5685665621681771,1
seg_001566,sample_00522,Support Me in This Moment That I'm About To Lose Heart - Nihilore,FAKE,1,Electronic,acestep,test,mp3_64,0.9965363262301756,0.5685665621681771,1
seg_001567,sample_00522,Support Me in This Moment That I'm About To Lose Heart - Nihilore,FAKE,1,Electronic,acestep,test,mp3_64,0.9997723090957349,0.5685665621681771,1
seg_001568,sample_00522,Support Me in This Moment That I'm About To Lose Heart - Nihilore,FAKE,1,Electronic,acestep,test,mp3_64,0.9632477139864007,0.5685665621681771,1
seg_001581,sample_00527,Terve Teille - Чокнутый Пропеллер,FAKE,1,Rock,acestep,test,mp3_64,0.9107893234039711,0.5685665621681771,1
seg_001582,sample_00527,Terve Teille - Чокнутый Пропеллер,FAKE,1,Rock,acestep,test,mp3_64,0.997873199595554,0.5685665621681771,1
seg_001583,sample_00527,Terve Teille - Чокнутый Пропеллер,FAKE,1,Rock,acestep,test,mp3_64,0.9869004560233657,0.5685665621681771,1
seg_001584,sample_00528,The Adventures Of Roderick Random - Maps And Diagrams,FAKE,1,Electronic,acestep,test,mp3_64,0.7735441237158023,0.5685665621681771,1
seg_001585,sample_00528,The Adventures Of Roderick Random - Maps And Diagrams,FAKE,1,Electronic,acestep,test,mp3_64,0.8379790916582035,0.5685665621681771,1
seg_001586,sample_00528,The Adventures Of Roderick Random - Maps And Diagrams,FAKE,1,Electronic,acestep,test,mp3_64,0.9788468987124599,0.5685665621681771,1
seg_001626,sample_00542,"The Pursuit of Unintentional Humor - Oh Yeah, the Future",FAKE,1,Pop,acestep,test,mp3_64,0.8814277679434852,0.5685665621681771,1
seg_001627,sample_00542,"The Pursuit of Unintentional Humor - Oh Yeah, the Future",FAKE,1,Pop,acestep,test,mp3_64,0.8888455821439983,0.5685665621681771,1
seg_001628,sample_00542,"The Pursuit of Unintentional Humor - Oh Yeah, the Future",FAKE,1,Pop,acestep,test,mp3_64,0.9396418021873545,0.5685665621681771,1
seg_001641,sample_00547,The Secret Garden - Barbarix,FAKE,1,Electronic,acestep,test,mp3_64,0.9616523475817218,0.5685665621681771,1
seg_001642,sample_00547,The Secret Garden - Barbarix,FAKE,1,Electronic,acestep,test,mp3_64,0.9658594998264038,0.5685665621681771,1
seg_001643,sample_00547,The Secret Garden - Barbarix,FAKE,1,Electronic,acestep,test,mp3_64,0.8631186194697822,0.5685665621681771,1
seg_001668,sample_00556,Troubles I've seen - Malaventura,FAKE,1,Pop,acestep,test,mp3_64,0.9265047796882911,0.5685665621681771,1
seg_001669,sample_00556,Troubles I've seen - Malaventura,FAKE,1,Pop,acestep,test,mp3_64,0.9295255780995149,0.5685665621681771,1
seg_001670,sample_00556,Troubles I've seen - Malaventura,FAKE,1,Pop,acestep,test,mp3_64,0.9924009938159886,0.5685665621681771,1
seg_001674,sample_00558,Ugh! Humans Can Join - Mystery Mammal,FAKE,1,Electronic,acestep,test,mp3_64,0.9791059747810877,0.5685665621681771,1
seg_001675,sample_00558,Ugh! Humans Can Join - Mystery Mammal,FAKE,1,Electronic,acestep,test,mp3_64,0.9187760174410069,0.5685665621681771,1
seg_001676,sample_00558,Ugh! Humans Can Join - Mystery Mammal,FAKE,1,Electronic,acestep,test,mp3_64,0.5629842940591068,0.5685665621681771,0
seg_001686,sample_00562,Untitled - Fatal Injection,FAKE,1,Rock,acestep,test,mp3_64,0.9979666762509679,0.5685665621681771,1
seg_001687,sample_00562,Untitled - Fatal Injection,FAKE,1,Rock,acestep,test,mp3_64,0.9938265111624912,0.5685665621681771,1
seg_001688,sample_00562,Untitled - Fatal Injection,FAKE,1,Rock,acestep,test,mp3_64,0.9984981228132181,0.5685665621681771,1
seg_001722,sample_00574,Where Is Everything - The Moi Non Plus,FAKE,1,Rock,acestep,test,mp3_64,0.9983569577830711,0.5685665621681771,1
seg_001723,sample_00574,Where Is Everything - The Moi Non Plus,FAKE,1,Rock,acestep,test,mp3_64,0.9846167021069411,0.5685665621681771,1
seg_001724,sample_00574,Where Is Everything - The Moi Non Plus,FAKE,1,Rock,acestep,test,mp3_64,0.9959089073779092,0.5685665621681771,1
seg_001725,sample_00575,Who Loves You Dear - Mink Lungs,FAKE,1,Rock,acestep,test,mp3_64,0.9284427382008469,0.5685665621681771,1
seg_001726,sample_00575,Who Loves You Dear - Mink Lungs,FAKE,1,Rock,acestep,test,mp3_64,0.5043679417639235,0.5685665621681771,0
seg_001727,sample_00575,Who Loves You Dear - Mink Lungs,FAKE,1,Rock,acestep,test,mp3_64,0.9964997858318237,0.5685665621681771,1
seg_001749,sample_00583,Yurtology - Michett,FAKE,1,Electronic,acestep,test,mp3_64,0.8262826300113343,0.5685665621681771,1
seg_001750,sample_00583,Yurtology - Michett,FAKE,1,Electronic,acestep,test,mp3_64,0.9403396318593434,0.5685665621681771,1
seg_001751,sample_00583,Yurtology - Michett,FAKE,1,Electronic,acestep,test,mp3_64,0.9817294149558482,0.5685665621681771,1
seg_001800,sample_00600,Pista Afuera - Epstein,FAKE,1,Electronic,audioldm,test,mp3_64,0.9987065873029355,0.5685665621681771,1
seg_001801,sample_00600,Pista Afuera - Epstein,FAKE,1,Electronic,audioldm,test,mp3_64,0.9768711448684665,0.5685665621681771,1
seg_001802,sample_00600,Pista Afuera - Epstein,FAKE,1,Electronic,audioldm,test,mp3_64,0.9997325176749124,0.5685665621681771,1
seg_001803,sample_00601,Let You're Body Move - D SMILEZ,FAKE,1,Electronic,audioldm,test,mp3_64,0.8968014496288516,0.5685665621681771,1
seg_001804,sample_00601,Let You're Body Move - D SMILEZ,FAKE,1,Electronic,audioldm,test,mp3_64,0.9331090626604326,0.5685665621681771,1
seg_001805,sample_00601,Let You're Body Move - D SMILEZ,FAKE,1,Electronic,audioldm,test,mp3_64,0.8891091940342872,0.5685665621681771,1
seg_001818,sample_00606,The Secret Garden - Barbarix,FAKE,1,Electronic,audioldm,test,mp3_64,0.9758133512288983,0.5685665621681771,1
seg_001819,sample_00606,The Secret Garden - Barbarix,FAKE,1,Electronic,audioldm,test,mp3_64,0.5670769109148234,0.5685665621681771,0
seg_001820,sample_00606,The Secret Garden - Barbarix,FAKE,1,Electronic,audioldm,test,mp3_64,0.9385040148526901,0.5685665621681771,1
seg_001824,sample_00608,Resistentialism - Nihilore,FAKE,1,Electronic,audioldm,test,mp3_64,0.9872379764279875,0.5685665621681771,1
seg_001825,sample_00608,Resistentialism - Nihilore,FAKE,1,Electronic,audioldm,test,mp3_64,0.994238337938588,0.5685665621681771,1
seg_001826,sample_00608,Resistentialism - Nihilore,FAKE,1,Electronic,audioldm,test,mp3_64,0.9988058983756911,0.5685665621681771,1
seg_001833,sample_00611,Fuckaboing - RoccoW,FAKE,1,Electronic,audioldm,test,mp3_64,0.9977832599640618,0.5685665621681771,1
seg_001834,sample_00611,Fuckaboing - RoccoW,FAKE,1,Electronic,audioldm,test,mp3_64,0.9963535033345697,0.5685665621681771,1
seg_001835,sample_00611,Fuckaboing - RoccoW,FAKE,1,Electronic,audioldm,test,mp3_64,0.9974971766537308,0.5685665621681771,1
seg_001836,sample_00612,Ugh! Humans Can Join - Mystery Mammal,FAKE,1,Electronic,audioldm,test,mp3_64,0.9976543025586567,0.5685665621681771,1
seg_001837,sample_00612,Ugh! Humans Can Join - Mystery Mammal,FAKE,1,Electronic,audioldm,test,mp3_64,0.999319680670488,0.5685665621681771,1
seg_001838,sample_00612,Ugh! Humans Can Join - Mystery Mammal,FAKE,1,Electronic,audioldm,test,mp3_64,0.9999837790775761,0.5685665621681771,1
seg_001860,sample_00620,Realize Me - Jim Rooster,FAKE,1,Electronic,audioldm,test,mp3_64,0.9746204858731085,0.5685665621681771,1
seg_001861,sample_00620,Realize Me - Jim Rooster,FAKE,1,Electronic,audioldm,test,mp3_64,0.9490371414592097,0.5685665621681771,1
seg_001862,sample_00620,Realize Me - Jim Rooster,FAKE,1,Electronic,audioldm,test,mp3_64,0.984650753054612,0.5685665621681771,1
seg_001881,sample_00627,Support Me in This Moment That I'm About To Lose Heart - Nihilore,FAKE,1,Electronic,audioldm,test,mp3_64,0.9940003472542945,0.5685665621681771,1
seg_001882,sample_00627,Support Me in This Moment That I'm About To Lose Heart - Nihilore,FAKE,1,Electronic,audioldm,test,mp3_64,0.9858273500536927,0.5685665621681771,1
seg_001883,sample_00627,Support Me in This Moment That I'm About To Lose Heart - Nihilore,FAKE,1,Electronic,audioldm,test,mp3_64,0.999888639314039,0.5685665621681771,1
seg_001911,sample_00637,Dance Harder - Three Chain Links,FAKE,1,Electronic,audioldm,test,mp3_64,0.9915492574879728,0.5685665621681771,1
seg_001912,sample_00637,Dance Harder - Three Chain Links,FAKE,1,Electronic,audioldm,test,mp3_64,0.9958508384122766,0.5685665621681771,1
seg_001913,sample_00637,Dance Harder - Three Chain Links,FAKE,1,Electronic,audioldm,test,mp3_64,0.992835051228654,0.5685665621681771,1
seg_001914,sample_00638,Yurtology - Michett,FAKE,1,Electronic,audioldm,test,mp3_64,0.9749561865273884,0.5685665621681771,1
seg_001915,sample_00638,Yurtology - Michett,FAKE,1,Electronic,audioldm,test,mp3_64,0.9482937900353864,0.5685665621681771,1
seg_001916,sample_00638,Yurtology - Michett,FAKE,1,Electronic,audioldm,test,mp3_64,0.9886088850042399,0.5685665621681771,1
seg_001932,sample_00644,The Adventures Of Roderick Random - Maps And Diagrams,FAKE,1,Electronic,audioldm,test,mp3_64,0.9991145957106293,0.5685665621681771,1
seg_001933,sample_00644,The Adventures Of Roderick Random - Maps And Diagrams,FAKE,1,Electronic,audioldm,test,mp3_64,0.988411944361402,0.5685665621681771,1
seg_001934,sample_00644,The Adventures Of Roderick Random - Maps And Diagrams,FAKE,1,Electronic,audioldm,test,mp3_64,0.999643100079715,0.5685665621681771,1
seg_001962,sample_00654,Night Owl - Broke For Free,FAKE,1,Electronic,audioldm,test,mp3_64,0.9944036804997582,0.5685665621681771,1
seg_001963,sample_00654,Night Owl - Broke For Free,FAKE,1,Electronic,audioldm,test,mp3_64,0.99430209551047,0.5685665621681771,1
seg_001964,sample_00654,Night Owl - Broke For Free,FAKE,1,Electronic,audioldm,test,mp3_64,0.9942980304953,0.5685665621681771,1
seg_002016,sample_00672,2Much (Andy Spinelli & Alex Sánchez House Edit) - Tentacles,FAKE,1,Electronic,audioldm,test,mp3_64,0.9935673049899307,0.5685665621681771,1
seg_002017,sample_00672,2Much (Andy Spinelli & Alex Sánchez House Edit) - Tentacles,FAKE,1,Electronic,audioldm,test,mp3_64,0.9858937675710749,0.5685665621681771,1
seg_002018,sample_00672,2Much (Andy Spinelli & Alex Sánchez House Edit) - Tentacles,FAKE,1,Electronic,audioldm,test,mp3_64,0.9916560879889023,0.5685665621681771,1
seg_002025,sample_00675,Let's Start Out Slow - RoccoW,FAKE,1,Electronic,audioldm,test,mp3_64,0.9951692277369909,0.5685665621681771,1
seg_002026,sample_00675,Let's Start Out Slow - RoccoW,FAKE,1,Electronic,audioldm,test,mp3_64,0.9939880207162234,0.5685665621681771,1
seg_002027,sample_00675,Let's Start Out Slow - RoccoW,FAKE,1,Electronic,audioldm,test,mp3_64,0.9983084214417869,0.5685665621681771,1
seg_002058,sample_00686,Bizzy - The Tleilaxu Music Machine,FAKE,1,Electronic,audioldm,test,mp3_64,0.9996092371060448,0.5685665621681771,1
seg_002059,sample_00686,Bizzy - The Tleilaxu Music Machine,FAKE,1,Electronic,audioldm,test,mp3_64,0.9992612928771453,0.5685665621681771,1
seg_002060,sample_00686,Bizzy - The Tleilaxu Music Machine,FAKE,1,Electronic,audioldm,test,mp3_64,0.9992861346366076,0.5685665621681771,1
seg_002061,sample_00687,3 am West End - statusq,FAKE,1,Electronic,audioldm,test,mp3_64,0.9989684694319799,0.5685665621681771,1
seg_002062,sample_00687,3 am West End - statusq,FAKE,1,Electronic,audioldm,test,mp3_64,0.9986416479218434,0.5685665621681771,1
seg_002063,sample_00687,3 am West End - statusq,FAKE,1,Electronic,audioldm,test,mp3_64,0.9995703868340723,0.5685665621681771,1
seg_002070,sample_00690,Set Fire to Creation - Nihilore,FAKE,1,Electronic,audioldm,test,mp3_64,0.9960893220401602,0.5685665621681771,1
seg_002071,sample_00690,Set Fire to Creation - Nihilore,FAKE,1,Electronic,audioldm,test,mp3_64,0.9978789087133114,0.5685665621681771,1
seg_002072,sample_00690,Set Fire to Creation - Nihilore,FAKE,1,Electronic,audioldm,test,mp3_64,0.999065755325181,0.5685665621681771,1
seg_002091,sample_00697,End titles - Itsensäsyöjät,FAKE,1,Electronic,audioldm,test,mp3_64,0.9981511221155132,0.5685665621681771,1
seg_002092,sample_00697,End titles - Itsensäsyöjät,FAKE,1,Electronic,audioldm,test,mp3_64,0.9841560712878807,0.5685665621681771,1
seg_002093,sample_00697,End titles - Itsensäsyöjät,FAKE,1,Electronic,audioldm,test,mp3_64,0.9892140378397285,0.5685665621681771,1
seg_002115,sample_00705,Something Dirty - Ergo Phizmiz,FAKE,1,Pop,audioldm,test,mp3_64,0.8975244619515255,0.5685665621681771,1
seg_002116,sample_00705,Something Dirty - Ergo Phizmiz,FAKE,1,Pop,audioldm,test,mp3_64,0.9707761654020426,0.5685665621681771,1
seg_002117,sample_00705,Something Dirty - Ergo Phizmiz,FAKE,1,Pop,audioldm,test,mp3_64,0.9143202839761246,0.5685665621681771,1
seg_002127,sample_00709,"Hungry - Oh Yeah, the Future",FAKE,1,Pop,audioldm,test,mp3_64,0.9119255419274755,0.5685665621681771,1
seg_002128,sample_00709,"Hungry - Oh Yeah, the Future",FAKE,1,Pop,audioldm,test,mp3_64,0.9340702255235325,0.5685665621681771,1
seg_002129,sample_00709,"Hungry - Oh Yeah, the Future",FAKE,1,Pop,audioldm,test,mp3_64,0.9987788362241529,0.5685665621681771,1
seg_002136,sample_00712,Music For an Underground Circu - Ergo Phizmiz,FAKE,1,Pop,audioldm,test,mp3_64,0.9988081337227478,0.5685665621681771,1
seg_002137,sample_00712,Music For an Underground Circu - Ergo Phizmiz,FAKE,1,Pop,audioldm,test,mp3_64,0.6368301136133702,0.5685665621681771,1
seg_002138,sample_00712,Music For an Underground Circu - Ergo Phizmiz,FAKE,1,Pop,audioldm,test,mp3_64,0.9994852931717453,0.5685665621681771,1
seg_002145,sample_00715,Motocross Mania - Monroeville Music Center,FAKE,1,Pop,audioldm,test,mp3_64,0.9529534723711106,0.5685665621681771,1
seg_002146,sample_00715,Motocross Mania - Monroeville Music Center,FAKE,1,Pop,audioldm,test,mp3_64,0.9473811618954884,0.5685665621681771,1
seg_002147,sample_00715,Motocross Mania - Monroeville Music Center,FAKE,1,Pop,audioldm,test,mp3_64,0.9948425281696835,0.5685665621681771,1
seg_002169,sample_00723,Troubles I've seen - Malaventura,FAKE,1,Pop,audioldm,test,mp3_64,0.9978238906145247,0.5685665621681771,1
seg_002170,sample_00723,Troubles I've seen - Malaventura,FAKE,1,Pop,audioldm,test,mp3_64,0.9355046910979294,0.5685665621681771,1
seg_002171,sample_00723,Troubles I've seen - Malaventura,FAKE,1,Pop,audioldm,test,mp3_64,0.9975309912641167,0.5685665621681771,1
seg_002190,sample_00730,Different Day - First,FAKE,1,Pop,audioldm,test,mp3_64,0.9999356475127956,0.5685665621681771,1
seg_002191,sample_00730,Different Day - First,FAKE,1,Pop,audioldm,test,mp3_64,0.9980554623800358,0.5685665621681771,1
seg_002192,sample_00730,Different Day - First,FAKE,1,Pop,audioldm,test,mp3_64,0.9995427154377834,0.5685665621681771,1
seg_002238,sample_00746,She Works / Tepid Waters - Bird Names,FAKE,1,Pop,audioldm,test,mp3_64,0.9848589803144258,0.5685665621681771,1
seg_002239,sample_00746,She Works / Tepid Waters - Bird Names,FAKE,1,Pop,audioldm,test,mp3_64,0.9938675924571331,0.5685665621681771,1
seg_002240,sample_00746,She Works / Tepid Waters - Bird Names,FAKE,1,Pop,audioldm,test,mp3_64,0.9998697290143321,0.5685665621681771,1
seg_002256,sample_00752,Production - Bird Names,FAKE,1,Pop,audioldm,test,mp3_64,0.9952240383928178,0.5685665621681771,1
seg_002257,sample_00752,Production - Bird Names,FAKE,1,Pop,audioldm,test,mp3_64,0.9970924758934737,0.5685665621681771,1
seg_002258,sample_00752,Production - Bird Names,FAKE,1,Pop,audioldm,test,mp3_64,0.9963411086936047,0.5685665621681771,1
seg_002274,sample_00758,"The Pursuit of Unintentional Humor - Oh Yeah, the Future",FAKE,1,Pop,audioldm,test,mp3_64,0.9943106753923446,0.5685665621681771,1
seg_002275,sample_00758,"The Pursuit of Unintentional Humor - Oh Yeah, the Future",FAKE,1,Pop,audioldm,test,mp3_64,0.9771385875355977,0.5685665621681771,1
seg_002276,sample_00758,"The Pursuit of Unintentional Humor - Oh Yeah, the Future",FAKE,1,Pop,audioldm,test,mp3_64,0.9996242560025597,0.5685665621681771,1
seg_002289,sample_00763,El Burrito - Malaventura,FAKE,1,Pop,audioldm,test,mp3_64,0.9969524961186105,0.5685665621681771,1
seg_002290,sample_00763,El Burrito - Malaventura,FAKE,1,Pop,audioldm,test,mp3_64,0.9971537104014563,0.5685665621681771,1
seg_002291,sample_00763,El Burrito - Malaventura,FAKE,1,Pop,audioldm,test,mp3_64,0.9978785932589128,0.5685665621681771,1
seg_002298,sample_00766,Where Is Everything - The Moi Non Plus,FAKE,1,Rock,audioldm,test,mp3_64,0.9723802917119794,0.5685665621681771,1
seg_002299,sample_00766,Where Is Everything - The Moi Non Plus,FAKE,1,Rock,audioldm,test,mp3_64,0.9935787182668901,0.5685665621681771,1
seg_002300,sample_00766,Where Is Everything - The Moi Non Plus,FAKE,1,Rock,audioldm,test,mp3_64,0.9779664119544557,0.5685665621681771,1
seg_002301,sample_00767,Terve Teille - Чокнутый Пропеллер,FAKE,1,Rock,audioldm,test,mp3_64,0.8904733413352666,0.5685665621681771,1
seg_002302,sample_00767,Terve Teille - Чокнутый Пропеллер,FAKE,1,Rock,audioldm,test,mp3_64,0.7852826198017456,0.5685665621681771,1
seg_002303,sample_00767,Terve Teille - Чокнутый Пропеллер,FAKE,1,Rock,audioldm,test,mp3_64,0.9762343450923082,0.5685665621681771,1
seg_002340,sample_00780,Stuttgart - Portrayal,FAKE,1,Rock,audioldm,test,mp3_64,0.9934676715117602,0.5685665621681771,1
seg_002341,sample_00780,Stuttgart - Portrayal,FAKE,1,Rock,audioldm,test,mp3_64,0.9601895935124607,0.5685665621681771,1
seg_002342,sample_00780,Stuttgart - Portrayal,FAKE,1,Rock,audioldm,test,mp3_64,0.9800761324337931,0.5685665621681771,1
seg_002361,sample_00787,Love Dream - The Zombie Dandies,FAKE,1,Rock,audioldm,test,mp3_64,0.9984004947293919,0.5685665621681771,1
seg_002362,sample_00787,Love Dream - The Zombie Dandies,FAKE,1,Rock,audioldm,test,mp3_64,0.9992655682204834,0.5685665621681771,1
seg_002363,sample_00787,Love Dream - The Zombie Dandies,FAKE,1,Rock,audioldm,test,mp3_64,0.999995459614467,0.5685665621681771,1
seg_002382,sample_00794,"Head of Ancante, Talking Tree - Ak'chamel, The Giver of Illness",FAKE,1,Rock,audioldm,test,mp3_64,0.9928601311694605,0.5685665621681771,1
seg_002383,sample_00794,"Head of Ancante, Talking Tree - Ak'chamel, The Giver of Illness",FAKE,1,Rock,audioldm,test,mp3_64,0.9919092997342633,0.5685665621681771,1
seg_002384,sample_00794,"Head of Ancante, Talking Tree - Ak'chamel, The Giver of Illness",FAKE,1,Rock,audioldm,test,mp3_64,0.9900861636156418,0.5685665621681771,1
seg_002391,sample_00797,Who Loves You Dear - Mink Lungs,FAKE,1,Rock,audioldm,test,mp3_64,0.9991610911699551,0.5685665621681771,1
seg_002392,sample_00797,Who Loves You Dear - Mink Lungs,FAKE,1,Rock,audioldm,test,mp3_64,0.9854589454824257,0.5685665621681771,1
seg_002393,sample_00797,Who Loves You Dear - Mink Lungs,FAKE,1,Rock,audioldm,test,mp3_64,0.9994471759606287,0.5685665621681771,1
seg_002394,sample_00798,LIQUID SKULLS - voyageurs,FAKE,1,Rock,audioldm,test,mp3_64,0.9988776029312153,0.5685665621681771,1
seg_002395,sample_00798,LIQUID SKULLS - voyageurs,FAKE,1,Rock,audioldm,test,mp3_64,0.9960197641129561,0.5685665621681771,1
seg_002396,sample_00798,LIQUID SKULLS - voyageurs,FAKE,1,Rock,audioldm,test,mp3_64,0.9992070055973118,0.5685665621681771,1
seg_002412,sample_00804,I - Inflammator,FAKE,1,Rock,audioldm,test,mp3_64,0.9999793930041629,0.5685665621681771,1
seg_002413,sample_00804,I - Inflammator,FAKE,1,Rock,audioldm,test,mp3_64,0.9989359338201624,0.5685665621681771,1
seg_002414,sample_00804,I - Inflammator,FAKE,1,Rock,audioldm,test,mp3_64,0.9994739266196823,0.5685665621681771,1
seg_002415,sample_00805,Sfogare Il Dissenso - Deiezione HC,FAKE,1,Rock,audioldm,test,mp3_64,0.9475700385120386,0.5685665621681771,1
seg_002416,sample_00805,Sfogare Il Dissenso - Deiezione HC,FAKE,1,Rock,audioldm,test,mp3_64,0.9578492969828873,0.5685665621681771,1
seg_002417,sample_00805,Sfogare Il Dissenso - Deiezione HC,FAKE,1,Rock,audioldm,test,mp3_64,0.998859585695189,0.5685665621681771,1
seg_002427,sample_00809,Attention - Pete Prodoehl,FAKE,1,Rock,audioldm,test,mp3_64,0.999294879681265,0.5685665621681771,1
seg_002428,sample_00809,Attention - Pete Prodoehl,FAKE,1,Rock,audioldm,test,mp3_64,0.9991585572290655,0.5685665621681771,1
seg_002429,sample_00809,Attention - Pete Prodoehl,FAKE,1,Rock,audioldm,test,mp3_64,0.9996782736100929,0.5685665621681771,1
seg_002469,sample_00823,L'arbre - Salmo,FAKE,1,Rock,audioldm,test,mp3_64,0.9939752856013834,0.5685665621681771,1
seg_002470,sample_00823,L'arbre - Salmo,FAKE,1,Rock,audioldm,test,mp3_64,0.9959100865964442,0.5685665621681771,1
seg_002471,sample_00823,L'arbre - Salmo,FAKE,1,Rock,audioldm,test,mp3_64,0.9988949602009776,0.5685665621681771,1
seg_002562,sample_00854,Leaving Here - Mod Fun,FAKE,1,Rock,audioldm,test,mp3_64,0.99609227303607,0.5685665621681771,1
seg_002563,sample_00854,Leaving Here - Mod Fun,FAKE,1,Rock,audioldm,test,mp3_64,0.9898582867891856,0.5685665621681771,1
seg_002564,sample_00854,Leaving Here - Mod Fun,FAKE,1,Rock,audioldm,test,mp3_64,0.9952573984695582,0.5685665621681771,1
seg_002580,sample_00860,Puertas de Fuego - Guerra de Cerdos,FAKE,1,Rock,audioldm,test,mp3_64,0.9999186099585792,0.5685665621681771,1
seg_002581,sample_00860,Puertas de Fuego - Guerra de Cerdos,FAKE,1,Rock,audioldm,test,mp3_64,0.9998373398810597,0.5685665621681771,1
seg_002582,sample_00860,Puertas de Fuego - Guerra de Cerdos,FAKE,1,Rock,audioldm,test,mp3_64,0.9998829811501755,0.5685665621681771,1
seg_002583,sample_00861,Sonzis FM - Pipe Choir,FAKE,1,Rock,audioldm,test,mp3_64,0.9439172933400022,0.5685665621681771,1
seg_002584,sample_00861,Sonzis FM - Pipe Choir,FAKE,1,Rock,audioldm,test,mp3_64,0.9990204832888003,0.5685665621681771,1
seg_002585,sample_00861,Sonzis FM - Pipe Choir,FAKE,1,Rock,audioldm,test,mp3_64,0.9906474759068762,0.5685665621681771,1
seg_002589,sample_00863,5 (Lexington) - Isle of Pine,FAKE,1,Rock,audioldm,test,mp3_64,0.9984796755589994,0.5685665621681771,1
seg_002590,sample_00863,5 (Lexington) - Isle of Pine,FAKE,1,Rock,audioldm,test,mp3_64,0.9921425723247805,0.5685665621681771,1
seg_002591,sample_00863,5 (Lexington) - Isle of Pine,FAKE,1,Rock,audioldm,test,mp3_64,0.9998880125421575,0.5685665621681771,1
seg_002601,sample_00867,Moja Krypta - AmortE,FAKE,1,Rock,audioldm,test,mp3_64,0.9968765264037942,0.5685665621681771,1
seg_002602,sample_00867,Moja Krypta - AmortE,FAKE,1,Rock,audioldm,test,mp3_64,0.958170234008811,0.5685665621681771,1
seg_002603,sample_00867,Moja Krypta - AmortE,FAKE,1,Rock,audioldm,test,mp3_64,0.9999976178801796,0.5685665621681771,1
seg_002619,sample_00873,Untitled - Fatal Injection,FAKE,1,Rock,audioldm,test,mp3_64,0.9994765355795336,0.5685665621681771,1
seg_002620,sample_00873,Untitled - Fatal Injection,FAKE,1,Rock,audioldm,test,mp3_64,0.9988031621887872,0.5685665621681771,1
seg_002621,sample_00873,Untitled - Fatal Injection,FAKE,1,Rock,audioldm,test,mp3_64,0.999381451562253,0.5685665621681771,1
seg_002700,sample_00900,Dance Harder - Three Chain Links,FAKE,1,Electronic,brev,test,mp3_64,0.9738303961729441,0.5685665621681771,1
seg_002701,sample_00900,Dance Harder - Three Chain Links,FAKE,1,Electronic,brev,test,mp3_64,0.931700751592862,0.5685665621681771,1
seg_002702,sample_00900,Dance Harder - Three Chain Links,FAKE,1,Electronic,brev,test,mp3_64,0.9907524457021799,0.5685665621681771,1
seg_002703,sample_00901,Dance Harder - Three Chain Links,FAKE,1,Electronic,brev,test,mp3_64,0.9954945523422053,0.5685665621681771,1
seg_002704,sample_00901,Dance Harder - Three Chain Links,FAKE,1,Electronic,brev,test,mp3_64,0.8852407015744962,0.5685665621681771,1
seg_002705,sample_00901,Dance Harder - Three Chain Links,FAKE,1,Electronic,brev,test,mp3_64,0.9988048564987364,0.5685665621681771,1
seg_002730,sample_00910,Fuckaboing - RoccoW,FAKE,1,Electronic,brev,test,mp3_64,0.9643615225825957,0.5685665621681771,1
seg_002731,sample_00910,Fuckaboing - RoccoW,FAKE,1,Electronic,brev,test,mp3_64,0.850915836926486,0.5685665621681771,1
seg_002732,sample_00910,Fuckaboing - RoccoW,FAKE,1,Electronic,brev,test,mp3_64,0.9883518692063338,0.5685665621681771,1
seg_002733,sample_00911,Fuckaboing - RoccoW,FAKE,1,Electronic,brev,test,mp3_64,0.9780196718327874,0.5685665621681771,1
seg_002734,sample_00911,Fuckaboing - RoccoW,FAKE,1,Electronic,brev,test,mp3_64,0.9754880399650817,0.5685665621681771,1
seg_002735,sample_00911,Fuckaboing - RoccoW,FAKE,1,Electronic,brev,test,mp3_64,0.972346238769471,0.5685665621681771,1
seg_002778,sample_00926,Night Owl - Broke For Free,FAKE,1,Electronic,brev,test,mp3_64,0.9132496534706541,0.5685665621681771,1
seg_002779,sample_00926,Night Owl - Broke For Free,FAKE,1,Electronic,brev,test,mp3_64,0.8845087414516757,0.5685665621681771,1
seg_002780,sample_00926,Night Owl - Broke For Free,FAKE,1,Electronic,brev,test,mp3_64,0.8048553588275644,0.5685665621681771,1
seg_002781,sample_00927,Night Owl - Broke For Free,FAKE,1,Electronic,brev,test,mp3_64,0.9635093014974371,0.5685665621681771,1
seg_002782,sample_00927,Night Owl - Broke For Free,FAKE,1,Electronic,brev,test,mp3_64,0.9985359806749531,0.5685665621681771,1
seg_002783,sample_00927,Night Owl - Broke For Free,FAKE,1,Electronic,brev,test,mp3_64,0.9769924068441554,0.5685665621681771,1
seg_002838,sample_00946,Pista Afuera - Epstein,FAKE,1,Electronic,brev,test,mp3_64,0.9784228738203112,0.5685665621681771,1
seg_002839,sample_00946,Pista Afuera - Epstein,FAKE,1,Electronic,brev,test,mp3_64,0.9781490249155873,0.5685665621681771,1
seg_002840,sample_00946,Pista Afuera - Epstein,FAKE,1,Electronic,brev,test,mp3_64,0.9986306912943951,0.5685665621681771,1
seg_002841,sample_00947,Pista Afuera - Epstein,FAKE,1,Electronic,brev,test,mp3_64,0.9796231294323062,0.5685665621681771,1
seg_002842,sample_00947,Pista Afuera - Epstein,FAKE,1,Electronic,brev,test,mp3_64,0.9935087666168906,0.5685665621681771,1
seg_002843,sample_00947,Pista Afuera - Epstein,FAKE,1,Electronic,brev,test,mp3_64,0.970944776937604,0.5685665621681771,1
seg_002850,sample_00950,Realize Me - Jim Rooster,FAKE,1,Electronic,brev,test,mp3_64,0.8478138000835227,0.5685665621681771,1
seg_002851,sample_00950,Realize Me - Jim Rooster,FAKE,1,Electronic,brev,test,mp3_64,0.9203403630354231,0.5685665621681771,1
seg_002852,sample_00950,Realize Me - Jim Rooster,FAKE,1,Electronic,brev,test,mp3_64,0.9888272570627478,0.5685665621681771,1
seg_002853,sample_00951,Realize Me - Jim Rooster,FAKE,1,Electronic,brev,test,mp3_64,0.9441513616176972,0.5685665621681771,1
seg_002854,sample_00951,Realize Me - Jim Rooster,FAKE,1,Electronic,brev,test,mp3_64,0.9924416863297693,0.5685665621681771,1
seg_002855,sample_00951,Realize Me - Jim Rooster,FAKE,1,Electronic,brev,test,mp3_64,0.9943798660632732,0.5685665621681771,1
seg_002856,sample_00952,Resistentialism - Nihilore,FAKE,1,Electronic,brev,test,mp3_64,0.9939313695406385,0.5685665621681771,1
seg_002857,sample_00952,Resistentialism - Nihilore,FAKE,1,Electronic,brev,test,mp3_64,0.9193661508453761,0.5685665621681771,1
seg_002858,sample_00952,Resistentialism - Nihilore,FAKE,1,Electronic,brev,test,mp3_64,0.9996038885352605,0.5685665621681771,1
seg_002859,sample_00953,Resistentialism - Nihilore,FAKE,1,Electronic,brev,test,mp3_64,0.9881683320399652,0.5685665621681771,1
seg_002860,sample_00953,Resistentialism - Nihilore,FAKE,1,Electronic,brev,test,mp3_64,0.9695930173110228,0.5685665621681771,1
seg_002861,sample_00953,Resistentialism - Nihilore,FAKE,1,Electronic,brev,test,mp3_64,0.9993853999815838,0.5685665621681771,1
seg_002922,sample_00974,Ugh! Humans Can Join - Mystery Mammal,FAKE,1,Electronic,brev,test,mp3_64,0.9959083818978636,0.5685665621681771,1
seg_002923,sample_00974,Ugh! Humans Can Join - Mystery Mammal,FAKE,1,Electronic,brev,test,mp3_64,0.5500388771247123,0.5685665621681771,0
seg_002924,sample_00974,Ugh! Humans Can Join - Mystery Mammal,FAKE,1,Electronic,brev,test,mp3_64,0.9882807269714213,0.5685665621681771,1
seg_002925,sample_00975,Ugh! Humans Can Join - Mystery Mammal,FAKE,1,Electronic,brev,test,mp3_64,0.9874575945421656,0.5685665621681771,1
seg_002926,sample_00975,Ugh! Humans Can Join - Mystery Mammal,FAKE,1,Electronic,brev,test,mp3_64,0.9684247974876705,0.5685665621681771,1
seg_002927,sample_00975,Ugh! Humans Can Join - Mystery Mammal,FAKE,1,Electronic,brev,test,mp3_64,0.9988485875651949,0.5685665621681771,1
seg_002976,sample_00992,Different Day - First,FAKE,1,Pop,brev,test,mp3_64,0.993810200675127,0.5685665621681771,1
seg_002977,sample_00992,Different Day - First,FAKE,1,Pop,brev,test,mp3_64,0.9876826358773384,0.5685665621681771,1
seg_002978,sample_00992,Different Day - First,FAKE,1,Pop,brev,test,mp3_64,0.9954180655252451,0.5685665621681771,1
seg_002979,sample_00993,Different Day - First,FAKE,1,Pop,brev,test,mp3_64,0.9651955771532849,0.5685665621681771,1
seg_002980,sample_00993,Different Day - First,FAKE,1,Pop,brev,test,mp3_64,0.9859516163565998,0.5685665621681771,1
seg_002981,sample_00993,Different Day - First,FAKE,1,Pop,brev,test,mp3_64,0.9135489659535628,0.5685665621681771,1
seg_003006,sample_01002,"Hungry - Oh Yeah, the Future",FAKE,1,Pop,brev,test,mp3_64,0.6739012833463638,0.5685665621681771,1
seg_003007,sample_01002,"Hungry - Oh Yeah, the Future",FAKE,1,Pop,brev,test,mp3_64,0.7654316646382798,0.5685665621681771,1
seg_003008,sample_01002,"Hungry - Oh Yeah, the Future",FAKE,1,Pop,brev,test,mp3_64,0.9988006335811593,0.5685665621681771,1
seg_003009,sample_01003,"Hungry - Oh Yeah, the Future",FAKE,1,Pop,brev,test,mp3_64,0.9991031755848174,0.5685665621681771,1
seg_003010,sample_01003,"Hungry - Oh Yeah, the Future",FAKE,1,Pop,brev,test,mp3_64,0.8752700099719075,0.5685665621681771,1
seg_003011,sample_01003,"Hungry - Oh Yeah, the Future",FAKE,1,Pop,brev,test,mp3_64,0.998656745501436,0.5685665621681771,1
seg_003072,sample_01024,Motocross Mania - Monroeville Music Center,FAKE,1,Pop,brev,test,mp3_64,0.9787025917812895,0.5685665621681771,1
seg_003073,sample_01024,Motocross Mania - Monroeville Music Center,FAKE,1,Pop,brev,test,mp3_64,0.9191406134638265,0.5685665621681771,1
seg_003074,sample_01024,Motocross Mania - Monroeville Music Center,FAKE,1,Pop,brev,test,mp3_64,0.9960484170934596,0.5685665621681771,1
seg_003075,sample_01025,Motocross Mania - Monroeville Music Center,FAKE,1,Pop,brev,test,mp3_64,0.8638150351513216,0.5685665621681771,1
seg_003076,sample_01025,Motocross Mania - Monroeville Music Center,FAKE,1,Pop,brev,test,mp3_64,0.9683422852599263,0.5685665621681771,1
seg_003077,sample_01025,Motocross Mania - Monroeville Music Center,FAKE,1,Pop,brev,test,mp3_64,0.9959764461008136,0.5685665621681771,1
seg_003078,sample_01026,Music For an Underground Circu - Ergo Phizmiz,FAKE,1,Pop,brev,test,mp3_64,0.8984340293295248,0.5685665621681771,1
seg_003079,sample_01026,Music For an Underground Circu - Ergo Phizmiz,FAKE,1,Pop,brev,test,mp3_64,0.9294212161561757,0.5685665621681771,1
seg_003080,sample_01026,Music For an Underground Circu - Ergo Phizmiz,FAKE,1,Pop,brev,test,mp3_64,0.9573413404407578,0.5685665621681771,1
seg_003081,sample_01027,Music For an Underground Circu - Ergo Phizmiz,FAKE,1,Pop,brev,test,mp3_64,0.9831638412500451,0.5685665621681771,1
seg_003082,sample_01027,Music For an Underground Circu - Ergo Phizmiz,FAKE,1,Pop,brev,test,mp3_64,0.945635172480211,0.5685665621681771,1
seg_003083,sample_01027,Music For an Underground Circu - Ergo Phizmiz,FAKE,1,Pop,brev,test,mp3_64,0.9719702020554343,0.5685665621681771,1
seg_003138,sample_01046,She Works / Tepid Waters - Bird Names,FAKE,1,Pop,brev,test,mp3_64,0.9960996770405234,0.5685665621681771,1
seg_003139,sample_01046,She Works / Tepid Waters - Bird Names,FAKE,1,Pop,brev,test,mp3_64,0.9888459384036062,0.5685665621681771,1
seg_003140,sample_01046,She Works / Tepid Waters - Bird Names,FAKE,1,Pop,brev,test,mp3_64,0.9980825163822077,0.5685665621681771,1
seg_003141,sample_01047,She Works / Tepid Waters - Bird Names,FAKE,1,Pop,brev,test,mp3_64,0.8388849894957306,0.5685665621681771,1
seg_003142,sample_01047,She Works / Tepid Waters - Bird Names,FAKE,1,Pop,brev,test,mp3_64,0.869513591463045,0.5685665621681771,1
seg_003143,sample_01047,She Works / Tepid Waters - Bird Names,FAKE,1,Pop,brev,test,mp3_64,0.9993492014852696,0.5685665621681771,1
seg_003150,sample_01050,Something Dirty - Ergo Phizmiz,FAKE,1,Pop,brev,test,mp3_64,0.9695212255591442,0.5685665621681771,1
seg_003151,sample_01050,Something Dirty - Ergo Phizmiz,FAKE,1,Pop,brev,test,mp3_64,0.9141743156316373,0.5685665621681771,1
seg_003152,sample_01050,Something Dirty - Ergo Phizmiz,FAKE,1,Pop,brev,test,mp3_64,0.9900458185096809,0.5685665621681771,1
seg_003153,sample_01051,Something Dirty - Ergo Phizmiz,FAKE,1,Pop,brev,test,mp3_64,0.8100862471693376,0.5685665621681771,1
seg_003154,sample_01051,Something Dirty - Ergo Phizmiz,FAKE,1,Pop,brev,test,mp3_64,0.9738116661139038,0.5685665621681771,1
seg_003155,sample_01051,Something Dirty - Ergo Phizmiz,FAKE,1,Pop,brev,test,mp3_64,0.9901951343692563,0.5685665621681771,1
seg_003210,sample_01070,Troubles I've seen - Malaventura,FAKE,1,Pop,brev,test,mp3_64,0.9521691029168902,0.5685665621681771,1
seg_003211,sample_01070,Troubles I've seen - Malaventura,FAKE,1,Pop,brev,test,mp3_64,0.8832048196622775,0.5685665621681771,1
seg_003212,sample_01070,Troubles I've seen - Malaventura,FAKE,1,Pop,brev,test,mp3_64,0.9206293633379924,0.5685665621681771,1
seg_003213,sample_01071,Troubles I've seen - Malaventura,FAKE,1,Pop,brev,test,mp3_64,0.9788875724616494,0.5685665621681771,1
seg_003214,sample_01071,Troubles I've seen - Malaventura,FAKE,1,Pop,brev,test,mp3_64,0.919763075947535,0.5685665621681771,1
seg_003215,sample_01071,Troubles I've seen - Malaventura,FAKE,1,Pop,brev,test,mp3_64,0.9991441909977486,0.5685665621681771,1
seg_003252,sample_01084,Attention - Pete Prodoehl,FAKE,1,Rock,brev,test,mp3_64,0.9940136312494874,0.5685665621681771,1
seg_003253,sample_01084,Attention - Pete Prodoehl,FAKE,1,Rock,brev,test,mp3_64,0.986300764641602,0.5685665621681771,1
seg_003254,sample_01084,Attention - Pete Prodoehl,FAKE,1,Rock,brev,test,mp3_64,0.998318153740819,0.5685665621681771,1
seg_003255,sample_01085,Attention - Pete Prodoehl,FAKE,1,Rock,brev,test,mp3_64,0.9861440559451234,0.5685665621681771,1
seg_003256,sample_01085,Attention - Pete Prodoehl,FAKE,1,Rock,brev,test,mp3_64,0.9604163217042098,0.5685665621681771,1
seg_003257,sample_01085,Attention - Pete Prodoehl,FAKE,1,Rock,brev,test,mp3_64,0.9874878279941876,0.5685665621681771,1
seg_003300,sample_01100,"Head of Ancante, Talking Tree - Ak'chamel, The Giver of Illness",FAKE,1,Rock,brev,test,mp3_64,0.998657772122897,0.5685665621681771,1
seg_003301,sample_01100,"Head of Ancante, Talking Tree - Ak'chamel, The Giver of Illness",FAKE,1,Rock,brev,test,mp3_64,0.908021921356063,0.5685665621681771,1
seg_003302,sample_01100,"Head of Ancante, Talking Tree - Ak'chamel, The Giver of Illness",FAKE,1,Rock,brev,test,mp3_64,0.8316354148628311,0.5685665621681771,1
seg_003303,sample_01101,"Head of Ancante, Talking Tree - Ak'chamel, The Giver of Illness",FAKE,1,Rock,brev,test,mp3_64,0.9918750878576861,0.5685665621681771,1
seg_003304,sample_01101,"Head of Ancante, Talking Tree - Ak'chamel, The Giver of Illness",FAKE,1,Rock,brev,test,mp3_64,0.9217006013815697,0.5685665621681771,1
seg_003305,sample_01101,"Head of Ancante, Talking Tree - Ak'chamel, The Giver of Illness",FAKE,1,Rock,brev,test,mp3_64,0.9673835992079611,0.5685665621681771,1
seg_003324,sample_01108,I - Inflammator,FAKE,1,Rock,brev,test,mp3_64,0.9794338980726911,0.5685665621681771,1
seg_003325,sample_01108,I - Inflammator,FAKE,1,Rock,brev,test,mp3_64,0.942028739170375,0.5685665621681771,1
seg_003326,sample_01108,I - Inflammator,FAKE,1,Rock,brev,test,mp3_64,0.9960991257065498,0.5685665621681771,1
seg_003327,sample_01109,I - Inflammator,FAKE,1,Rock,brev,test,mp3_64,0.9398762104431615,0.5685665621681771,1
seg_003328,sample_01109,I - Inflammator,FAKE,1,Rock,brev,test,mp3_64,0.533112446264155,0.5685665621681771,0
seg_003329,sample_01109,I - Inflammator,FAKE,1,Rock,brev,test,mp3_64,0.9905169638602936,0.5685665621681771,1
seg_003342,sample_01114,LIQUID SKULLS - voyageurs,FAKE,1,Rock,brev,test,mp3_64,0.981663501405218,0.5685665621681771,1
seg_003343,sample_01114,LIQUID SKULLS - voyageurs,FAKE,1,Rock,brev,test,mp3_64,0.8932422360682664,0.5685665621681771,1
seg_003344,sample_01114,LIQUID SKULLS - voyageurs,FAKE,1,Rock,brev,test,mp3_64,0.8966505923462276,0.5685665621681771,1
seg_003345,sample_01115,LIQUID SKULLS - voyageurs,FAKE,1,Rock,brev,test,mp3_64,0.9865214286054024,0.5685665621681771,1
seg_003346,sample_01115,LIQUID SKULLS - voyageurs,FAKE,1,Rock,brev,test,mp3_64,0.9686938736017033,0.5685665621681771,1
seg_003347,sample_01115,LIQUID SKULLS - voyageurs,FAKE,1,Rock,brev,test,mp3_64,0.9897409150421909,0.5685665621681771,1
seg_003354,sample_01118,Love Dream - The Zombie Dandies,FAKE,1,Rock,brev,test,mp3_64,0.885262527059777,0.5685665621681771,1
seg_003355,sample_01118,Love Dream - The Zombie Dandies,FAKE,1,Rock,brev,test,mp3_64,0.7794498496637283,0.5685665621681771,1
seg_003356,sample_01118,Love Dream - The Zombie Dandies,FAKE,1,Rock,brev,test,mp3_64,0.9960061983996541,0.5685665621681771,1
seg_003357,sample_01119,Love Dream - The Zombie Dandies,FAKE,1,Rock,brev,test,mp3_64,0.9907929046812891,0.5685665621681771,1
seg_003358,sample_01119,Love Dream - The Zombie Dandies,FAKE,1,Rock,brev,test,mp3_64,0.9527044532522553,0.5685665621681771,1
seg_003359,sample_01119,Love Dream - The Zombie Dandies,FAKE,1,Rock,brev,test,mp3_64,0.9956525043625695,0.5685665621681771,1
seg_003432,sample_01144,Sfogare Il Dissenso - Deiezione HC,FAKE,1,Rock,brev,test,mp3_64,0.817367231647187,0.5685665621681771,1
seg_003433,sample_01144,Sfogare Il Dissenso - Deiezione HC,FAKE,1,Rock,brev,test,mp3_64,0.9966091866922198,0.5685665621681771,1
seg_003434,sample_01144,Sfogare Il Dissenso - Deiezione HC,FAKE,1,Rock,brev,test,mp3_64,0.9808862291795929,0.5685665621681771,1
seg_003435,sample_01145,Sfogare Il Dissenso - Deiezione HC,FAKE,1,Rock,brev,test,mp3_64,0.8161878821925302,0.5685665621681771,1
seg_003436,sample_01145,Sfogare Il Dissenso - Deiezione HC,FAKE,1,Rock,brev,test,mp3_64,0.880361474407324,0.5685665621681771,1
seg_003437,sample_01145,Sfogare Il Dissenso - Deiezione HC,FAKE,1,Rock,brev,test,mp3_64,0.9766535712058728,0.5685665621681771,1
seg_003456,sample_01152,Stuttgart - Portrayal,FAKE,1,Rock,brev,test,mp3_64,0.9966535297730791,0.5685665621681771,1
seg_003457,sample_01152,Stuttgart - Portrayal,FAKE,1,Rock,brev,test,mp3_64,0.9741176467758504,0.5685665621681771,1
seg_003458,sample_01152,Stuttgart - Portrayal,FAKE,1,Rock,brev,test,mp3_64,0.9997379744707069,0.5685665621681771,1
seg_003459,sample_01153,Stuttgart - Portrayal,FAKE,1,Rock,brev,test,mp3_64,0.762248020272889,0.5685665621681771,1
seg_003460,sample_01153,Stuttgart - Portrayal,FAKE,1,Rock,brev,test,mp3_64,0.6625393871283205,0.5685665621681771,1
seg_003461,sample_01153,Stuttgart - Portrayal,FAKE,1,Rock,brev,test,mp3_64,0.9919397559033918,0.5685665621681771,1
seg_003462,sample_01154,Terve Teille - Чокнутый Пропеллер,FAKE,1,Rock,brev,test,mp3_64,0.9381554483842331,0.5685665621681771,1
seg_003463,sample_01154,Terve Teille - Чокнутый Пропеллер,FAKE,1,Rock,brev,test,mp3_64,0.7652865905117021,0.5685665621681771,1
seg_003464,sample_01154,Terve Teille - Чокнутый Пропеллер,FAKE,1,Rock,brev,test,mp3_64,0.9958002090727176,0.5685665621681771,1
seg_003465,sample_01155,Terve Teille - Чокнутый Пропеллер,FAKE,1,Rock,brev,test,mp3_64,0.9060066793280319,0.5685665621681771,1
seg_003466,sample_01155,Terve Teille - Чокнутый Пропеллер,FAKE,1,Rock,brev,test,mp3_64,0.8999751591727708,0.5685665621681771,1
seg_003467,sample_01155,Terve Teille - Чокнутый Пропеллер,FAKE,1,Rock,brev,test,mp3_64,0.9868939901131707,0.5685665621681771,1
seg_003504,sample_01168,Where Is Everything - The Moi Non Plus,FAKE,1,Rock,brev,test,mp3_64,0.9788243433034276,0.5685665621681771,1
seg_003505,sample_01168,Where Is Everything - The Moi Non Plus,FAKE,1,Rock,brev,test,mp3_64,0.8377817838522659,0.5685665621681771,1
seg_003506,sample_01168,Where Is Everything - The Moi Non Plus,FAKE,1,Rock,brev,test,mp3_64,0.9837271744602579,0.5685665621681771,1
seg_003507,sample_01169,Where Is Everything - The Moi Non Plus,FAKE,1,Rock,brev,test,mp3_64,0.9811968660371723,0.5685665621681771,1
seg_003508,sample_01169,Where Is Everything - The Moi Non Plus,FAKE,1,Rock,brev,test,mp3_64,0.40804462739429614,0.5685665621681771,0
seg_003509,sample_01169,Where Is Everything - The Moi Non Plus,FAKE,1,Rock,brev,test,mp3_64,0.9778931370372098,0.5685665621681771,1
seg_003510,sample_01170,Who Loves You Dear - Mink Lungs,FAKE,1,Rock,brev,test,mp3_64,0.9298339479630099,0.5685665621681771,1
seg_003511,sample_01170,Who Loves You Dear - Mink Lungs,FAKE,1,Rock,brev,test,mp3_64,0.8980806173176233,0.5685665621681771,1
seg_003512,sample_01170,Who Loves You Dear - Mink Lungs,FAKE,1,Rock,brev,test,mp3_64,0.98854568154209,0.5685665621681771,1
seg_003513,sample_01171,Who Loves You Dear - Mink Lungs,FAKE,1,Rock,brev,test,mp3_64,0.9501605460594174,0.5685665621681771,1
seg_003514,sample_01171,Who Loves You Dear - Mink Lungs,FAKE,1,Rock,brev,test,mp3_64,0.7297767877215631,0.5685665621681771,1
seg_003515,sample_01171,Who Loves You Dear - Mink Lungs,FAKE,1,Rock,brev,test,mp3_64,0.9966162250992231,0.5685665621681771,1
seg_003543,sample_01181,2Much (Andy Spinelli & Alex Sánchez House Edit) - Tentacles,FAKE,1,Electronic,diffrhythm,test,mp3_64,0.9812244866016006,0.5685665621681771,1
seg_003544,sample_01181,2Much (Andy Spinelli & Alex Sánchez House Edit) - Tentacles,FAKE,1,Electronic,diffrhythm,test,mp3_64,0.9984229358650745,0.5685665621681771,1
seg_003545,sample_01181,2Much (Andy Spinelli & Alex Sánchez House Edit) - Tentacles,FAKE,1,Electronic,diffrhythm,test,mp3_64,0.9961304321645404,0.5685665621681771,1
seg_003546,sample_01182,3 am West End - statusq,FAKE,1,Electronic,diffrhythm,test,mp3_64,0.9869752260673925,0.5685665621681771,1
seg_003547,sample_01182,3 am West End - statusq,FAKE,1,Electronic,diffrhythm,test,mp3_64,0.8115695600732521,0.5685665621681771,1
seg_003548,sample_01182,3 am West End - statusq,FAKE,1,Electronic,diffrhythm,test,mp3_64,0.9967102730112378,0.5685665621681771,1
seg_003582,sample_01194,Bizzy - The Tleilaxu Music Machine,FAKE,1,Electronic,diffrhythm,test,mp3_64,0.9991501568216864,0.5685665621681771,1
seg_003583,sample_01194,Bizzy - The Tleilaxu Music Machine,FAKE,1,Electronic,diffrhythm,test,mp3_64,0.9215172939474865,0.5685665621681771,1
seg_003584,sample_01194,Bizzy - The Tleilaxu Music Machine,FAKE,1,Electronic,diffrhythm,test,mp3_64,0.996901041987204,0.5685665621681771,1
seg_003600,sample_01200,Dance Harder - Three Chain Links,FAKE,1,Electronic,diffrhythm,test,mp3_64,0.9824512386853936,0.5685665621681771,1
seg_003601,sample_01200,Dance Harder - Three Chain Links,FAKE,1,Electronic,diffrhythm,test,mp3_64,0.9974590028469278,0.5685665621681771,1
seg_003602,sample_01200,Dance Harder - Three Chain Links,FAKE,1,Electronic,diffrhythm,test,mp3_64,0.9997665084211447,0.5685665621681771,1
seg_003627,sample_01209,End titles - Itsensäsyöjät,FAKE,1,Electronic,diffrhythm,test,mp3_64,0.985687732906025,0.5685665621681771,1
seg_003628,sample_01209,End titles - Itsensäsyöjät,FAKE,1,Electronic,diffrhythm,test,mp3_64,0.997677694016547,0.5685665621681771,1
seg_003629,sample_01209,End titles - Itsensäsyöjät,FAKE,1,Electronic,diffrhythm,test,mp3_64,0.9962264579465451,0.5685665621681771,1
seg_003648,sample_01216,Fuckaboing - RoccoW,FAKE,1,Electronic,diffrhythm,test,mp3_64,0.9933032189119686,0.5685665621681771,1
seg_003649,sample_01216,Fuckaboing - RoccoW,FAKE,1,Electronic,diffrhythm,test,mp3_64,0.974340391637654,0.5685665621681771,1
seg_003650,sample_01216,Fuckaboing - RoccoW,FAKE,1,Electronic,diffrhythm,test,mp3_64,0.9896487983210477,0.5685665621681771,1
seg_003690,sample_01230,Let's Start Out Slow - RoccoW,FAKE,1,Electronic,diffrhythm,test,mp3_64,0.9654882299064266,0.5685665621681771,1
seg_003691,sample_01230,Let's Start Out Slow - RoccoW,FAKE,1,Electronic,diffrhythm,test,mp3_64,0.9948925943138704,0.5685665621681771,1
seg_003692,sample_01230,Let's Start Out Slow - RoccoW,FAKE,1,Electronic,diffrhythm,test,mp3_64,0.996772350039879,0.5685665621681771,1
seg_003693,sample_01231,Let You're Body Move - D SMILEZ,FAKE,1,Electronic,diffrhythm,test,mp3_64,0.919039628886238,0.5685665621681771,1
seg_003694,sample_01231,Let You're Body Move - D SMILEZ,FAKE,1,Electronic,diffrhythm,test,mp3_64,0.9964175377347857,0.5685665621681771,1
seg_003695,sample_01231,Let You're Body Move - D SMILEZ,FAKE,1,Electronic,diffrhythm,test,mp3_64,0.9970170279779104,0.5685665621681771,1
seg_003720,sample_01240,Night Owl - Broke For Free,FAKE,1,Electronic,diffrhythm,test,mp3_64,0.997982841844519,0.5685665621681771,1
seg_003721,sample_01240,Night Owl - Broke For Free,FAKE,1,Electronic,diffrhythm,test,mp3_64,0.9965772897284216,0.5685665621681771,1
seg_003722,sample_01240,Night Owl - Broke For Free,FAKE,1,Electronic,diffrhythm,test,mp3_64,0.9985452786170774,0.5685665621681771,1
seg_003753,sample_01251,Pista Afuera - Epstein,FAKE,1,Electronic,diffrhythm,test,mp3_64,0.9902528872820767,0.5685665621681771,1
seg_003754,sample_01251,Pista Afuera - Epstein,FAKE,1,Electronic,diffrhythm,test,mp3_64,0.969572143135169,0.5685665621681771,1
seg_003755,sample_01251,Pista Afuera - Epstein,FAKE,1,Electronic,diffrhythm,test,mp3_64,0.8305613159818753,0.5685665621681771,1
seg_003762,sample_01254,Realize Me - Jim Rooster,FAKE,1,Electronic,diffrhythm,test,mp3_64,0.9950395454931077,0.5685665621681771,1
seg_003763,sample_01254,Realize Me - Jim Rooster,FAKE,1,Electronic,diffrhythm,test,mp3_64,0.9947014867136358,0.5685665621681771,1
seg_003764,sample_01254,Realize Me - Jim Rooster,FAKE,1,Electronic,diffrhythm,test,mp3_64,0.9995290570552289,0.5685665621681771,1
seg_003765,sample_01255,Resistentialism - Nihilore,FAKE,1,Electronic,diffrhythm,test,mp3_64,0.9996935186513918,0.5685665621681771,1
seg_003766,sample_01255,Resistentialism - Nihilore,FAKE,1,Electronic,diffrhythm,test,mp3_64,0.9891886996545031,0.5685665621681771,1
seg_003767,sample_01255,Resistentialism - Nihilore,FAKE,1,Electronic,diffrhythm,test,mp3_64,0.9986120247610439,0.5685665621681771,1
seg_003786,sample_01262,Set Fire to Creation - Nihilore,FAKE,1,Electronic,diffrhythm,test,mp3_64,0.9943117259769678,0.5685665621681771,1
seg_003787,sample_01262,Set Fire to Creation - Nihilore,FAKE,1,Electronic,diffrhythm,test,mp3_64,0.9959665473177853,0.5685665621681771,1
seg_003788,sample_01262,Set Fire to Creation - Nihilore,FAKE,1,Electronic,diffrhythm,test,mp3_64,0.9986360866866919,0.5685665621681771,1
seg_003807,sample_01269,Support Me in This Moment That I'm About To Lose Heart - Nihilore,FAKE,1,Electronic,diffrhythm,test,mp3_64,0.9765166303268263,0.5685665621681771,1
seg_003808,sample_01269,Support Me in This Moment That I'm About To Lose Heart - Nihilore,FAKE,1,Electronic,diffrhythm,test,mp3_64,0.20858996083142062,0.5685665621681771,0
seg_003809,sample_01269,Support Me in This Moment That I'm About To Lose Heart - Nihilore,FAKE,1,Electronic,diffrhythm,test,mp3_64,0.9955797339573534,0.5685665621681771,1
seg_003819,sample_01273,The Adventures Of Roderick Random - Maps And Diagrams,FAKE,1,Electronic,diffrhythm,test,mp3_64,0.9974874433507775,0.5685665621681771,1
seg_003820,sample_01273,The Adventures Of Roderick Random - Maps And Diagrams,FAKE,1,Electronic,diffrhythm,test,mp3_64,0.5621734690402918,0.5685665621681771,0
seg_003821,sample_01273,The Adventures Of Roderick Random - Maps And Diagrams,FAKE,1,Electronic,diffrhythm,test,mp3_64,0.8684722479194825,0.5685665621681771,1
seg_003837,sample_01279,The Secret Garden - Barbarix,FAKE,1,Electronic,diffrhythm,test,mp3_64,0.9995783870235554,0.5685665621681771,1
seg_003838,sample_01279,The Secret Garden - Barbarix,FAKE,1,Electronic,diffrhythm,test,mp3_64,0.9943536727180183,0.5685665621681771,1
seg_003839,sample_01279,The Secret Garden - Barbarix,FAKE,1,Electronic,diffrhythm,test,mp3_64,0.9978567613963681,0.5685665621681771,1
seg_003858,sample_01286,Ugh! Humans Can Join - Mystery Mammal,FAKE,1,Electronic,diffrhythm,test,mp3_64,0.9773075991553924,0.5685665621681771,1
seg_003859,sample_01286,Ugh! Humans Can Join - Mystery Mammal,FAKE,1,Electronic,diffrhythm,test,mp3_64,0.990341370347527,0.5685665621681771,1
seg_003860,sample_01286,Ugh! Humans Can Join - Mystery Mammal,FAKE,1,Electronic,diffrhythm,test,mp3_64,0.9991808783596267,0.5685665621681771,1
seg_003882,sample_01294,Yurtology - Michett,FAKE,1,Electronic,diffrhythm,test,mp3_64,0.999590250981621,0.5685665621681771,1
seg_003883,sample_01294,Yurtology - Michett,FAKE,1,Electronic,diffrhythm,test,mp3_64,0.8353610887795279,0.5685665621681771,1
seg_003884,sample_01294,Yurtology - Michett,FAKE,1,Electronic,diffrhythm,test,mp3_64,0.9854451620647718,0.5685665621681771,1
seg_003906,sample_01302,Different Day - First,FAKE,1,Pop,diffrhythm,test,mp3_64,0.9996614387250127,0.5685665621681771,1
seg_003907,sample_01302,Different Day - First,FAKE,1,Pop,diffrhythm,test,mp3_64,0.9920231339913105,0.5685665621681771,1
seg_003908,sample_01302,Different Day - First,FAKE,1,Pop,diffrhythm,test,mp3_64,0.9987940371577588,0.5685665621681771,1
seg_003909,sample_01303,El Burrito - Malaventura,FAKE,1,Pop,diffrhythm,test,mp3_64,0.988568383629356,0.5685665621681771,1
seg_003910,sample_01303,El Burrito - Malaventura,FAKE,1,Pop,diffrhythm,test,mp3_64,0.9837747778828946,0.5685665621681771,1
seg_003911,sample_01303,El Burrito - Malaventura,FAKE,1,Pop,diffrhythm,test,mp3_64,0.9997397616425685,0.5685665621681771,1
seg_003924,sample_01308,"Hungry - Oh Yeah, the Future",FAKE,1,Pop,diffrhythm,test,mp3_64,0.9847789737838822,0.5685665621681771,1
seg_003925,sample_01308,"Hungry - Oh Yeah, the Future",FAKE,1,Pop,diffrhythm,test,mp3_64,0.9994052211674405,0.5685665621681771,1
seg_003926,sample_01308,"Hungry - Oh Yeah, the Future",FAKE,1,Pop,diffrhythm,test,mp3_64,0.9967815435339324,0.5685665621681771,1
seg_003966,sample_01322,Motocross Mania - Monroeville Music Center,FAKE,1,Pop,diffrhythm,test,mp3_64,0.9767161015899181,0.5685665621681771,1
seg_003967,sample_01322,Motocross Mania - Monroeville Music Center,FAKE,1,Pop,diffrhythm,test,mp3_64,0.9741950240209157,0.5685665621681771,1
seg_003968,sample_01322,Motocross Mania - Monroeville Music Center,FAKE,1,Pop,diffrhythm,test,mp3_64,0.9973803808045657,0.5685665621681771,1
seg_003969,sample_01323,Music For an Underground Circu - Ergo Phizmiz,FAKE,1,Pop,diffrhythm,test,mp3_64,0.9957352076292899,0.5685665621681771,1
seg_003970,sample_01323,Music For an Underground Circu - Ergo Phizmiz,FAKE,1,Pop,diffrhythm,test,mp3_64,0.9731339241293999,0.5685665621681771,1
seg_003971,sample_01323,Music For an Underground Circu - Ergo Phizmiz,FAKE,1,Pop,diffrhythm,test,mp3_64,0.9997195738136951,0.5685665621681771,1
seg_004011,sample_01337,Production - Bird Names,FAKE,1,Pop,diffrhythm,test,mp3_64,0.9975136569745787,0.5685665621681771,1
seg_004012,sample_01337,Production - Bird Names,FAKE,1,Pop,diffrhythm,test,mp3_64,0.9876922827136907,0.5685665621681771,1
seg_004013,sample_01337,Production - Bird Names,FAKE,1,Pop,diffrhythm,test,mp3_64,0.872031190002505,0.5685665621681771,1
seg_004029,sample_01343,She Works / Tepid Waters - Bird Names,FAKE,1,Pop,diffrhythm,test,mp3_64,0.9990157985886021,0.5685665621681771,1
seg_004030,sample_01343,She Works / Tepid Waters - Bird Names,FAKE,1,Pop,diffrhythm,test,mp3_64,0.997475663809246,0.5685665621681771,1
seg_004031,sample_01343,She Works / Tepid Waters - Bird Names,FAKE,1,Pop,diffrhythm,test,mp3_64,0.9971384243088479,0.5685665621681771,1
seg_004032,sample_01344,She Works / Tepid Waters - Bird Names,FAKE,1,Pop,diffrhythm,test,mp3_64,0.9941951563054043,0.5685665621681771,1
seg_004033,sample_01344,She Works / Tepid Waters - Bird Names,FAKE,1,Pop,diffrhythm,test,mp3_64,0.9856930809534541,0.5685665621681771,1
seg_004034,sample_01344,She Works / Tepid Waters - Bird Names,FAKE,1,Pop,diffrhythm,test,mp3_64,0.9996461462093569,0.5685665621681771,1
seg_004044,sample_01348,Something Dirty - Ergo Phizmiz,FAKE,1,Pop,diffrhythm,test,mp3_64,0.9480431776599851,0.5685665621681771,1
seg_004045,sample_01348,Something Dirty - Ergo Phizmiz,FAKE,1,Pop,diffrhythm,test,mp3_64,0.7816569856254952,0.5685665621681771,1
seg_004046,sample_01348,Something Dirty - Ergo Phizmiz,FAKE,1,Pop,diffrhythm,test,mp3_64,0.9983964322931791,0.5685665621681771,1
seg_004071,sample_01357,"The Pursuit of Unintentional Humor - Oh Yeah, the Future",FAKE,1,Pop,diffrhythm,test,mp3_64,0.9942917688302384,0.5685665621681771,1
seg_004072,sample_01357,"The Pursuit of Unintentional Humor - Oh Yeah, the Future",FAKE,1,Pop,diffrhythm,test,mp3_64,0.9986426558159235,0.5685665621681771,1
seg_004073,sample_01357,"The Pursuit of Unintentional Humor - Oh Yeah, the Future",FAKE,1,Pop,diffrhythm,test,mp3_64,0.9998239927922475,0.5685665621681771,1
seg_004089,sample_01363,Troubles I've seen - Malaventura,FAKE,1,Pop,diffrhythm,test,mp3_64,0.9904686231102022,0.5685665621681771,1
seg_004090,sample_01363,Troubles I've seen - Malaventura,FAKE,1,Pop,diffrhythm,test,mp3_64,0.8714761907654106,0.5685665621681771,1
seg_004091,sample_01363,Troubles I've seen - Malaventura,FAKE,1,Pop,diffrhythm,test,mp3_64,0.9982773097854684,0.5685665621681771,1
seg_004092,sample_01364,Troubles I've seen - Malaventura,FAKE,1,Pop,diffrhythm,test,mp3_64,0.9948440640617345,0.5685665621681771,1
seg_004093,sample_01364,Troubles I've seen - Malaventura,FAKE,1,Pop,diffrhythm,test,mp3_64,0.9916805073521044,0.5685665621681771,1
seg_004094,sample_01364,Troubles I've seen - Malaventura,FAKE,1,Pop,diffrhythm,test,mp3_64,0.9944816514921465,0.5685665621681771,1
seg_004122,sample_01374,5 (Lexington) - Isle of Pine,FAKE,1,Rock,diffrhythm,test,mp3_64,0.9985770408482031,0.5685665621681771,1
seg_004123,sample_01374,5 (Lexington) - Isle of Pine,FAKE,1,Rock,diffrhythm,test,mp3_64,0.9830071797669677,0.5685665621681771,1
seg_004124,sample_01374,5 (Lexington) - Isle of Pine,FAKE,1,Rock,diffrhythm,test,mp3_64,0.998933327133445,0.5685665621681771,1
seg_004131,sample_01377,Attention - Pete Prodoehl,FAKE,1,Rock,diffrhythm,test,mp3_64,0.9790441503056381,0.5685665621681771,1
seg_004132,sample_01377,Attention - Pete Prodoehl,FAKE,1,Rock,diffrhythm,test,mp3_64,0.9951688901496425,0.5685665621681771,1
seg_004133,sample_01377,Attention - Pete Prodoehl,FAKE,1,Rock,diffrhythm,test,mp3_64,0.9997016434737979,0.5685665621681771,1
seg_004221,sample_01407,"Head of Ancante, Talking Tree - Ak'chamel, The Giver of Illness",FAKE,1,Rock,diffrhythm,test,mp3_64,0.9622791734769177,0.5685665621681771,1
seg_004222,sample_01407,"Head of Ancante, Talking Tree - Ak'chamel, The Giver of Illness",FAKE,1,Rock,diffrhythm,test,mp3_64,0.9955069032096044,0.5685665621681771,1
seg_004223,sample_01407,"Head of Ancante, Talking Tree - Ak'chamel, The Giver of Illness",FAKE,1,Rock,diffrhythm,test,mp3_64,0.9969354204416544,0.5685665621681771,1
seg_004248,sample_01416,I - Inflammator,FAKE,1,Rock,diffrhythm,test,mp3_64,0.9946032129106597,0.5685665621681771,1
seg_004249,sample_01416,I - Inflammator,FAKE,1,Rock,diffrhythm,test,mp3_64,0.9995203439681055,0.5685665621681771,1
seg_004250,sample_01416,I - Inflammator,FAKE,1,Rock,diffrhythm,test,mp3_64,0.9979164823099016,0.5685665621681771,1
seg_004266,sample_01422,L'arbre - Salmo,FAKE,1,Rock,diffrhythm,test,mp3_64,0.9979881329552425,0.5685665621681771,1
seg_004267,sample_01422,L'arbre - Salmo,FAKE,1,Rock,diffrhythm,test,mp3_64,0.9599142129160908,0.5685665621681771,1
seg_004268,sample_01422,L'arbre - Salmo,FAKE,1,Rock,diffrhythm,test,mp3_64,0.999985067419558,0.5685665621681771,1
seg_004269,sample_01423,Leaving Here - Mod Fun,FAKE,1,Rock,diffrhythm,test,mp3_64,0.992318119537608,0.5685665621681771,1
seg_004270,sample_01423,Leaving Here - Mod Fun,FAKE,1,Rock,diffrhythm,test,mp3_64,0.9656913102943493,0.5685665621681771,1
seg_004271,sample_01423,Leaving Here - Mod Fun,FAKE,1,Rock,diffrhythm,test,mp3_64,0.9996622596521663,0.5685665621681771,1
seg_004278,sample_01426,LIQUID SKULLS - voyageurs,FAKE,1,Rock,diffrhythm,test,mp3_64,0.9649292905251825,0.5685665621681771,1
seg_004279,sample_01426,LIQUID SKULLS - voyageurs,FAKE,1,Rock,diffrhythm,test,mp3_64,0.9844137008998911,0.5685665621681771,1
seg_004280,sample_01426,LIQUID SKULLS - voyageurs,FAKE,1,Rock,diffrhythm,test,mp3_64,0.942424211281683,0.5685665621681771,1
seg_004284,sample_01428,Love Dream - The Zombie Dandies,FAKE,1,Rock,diffrhythm,test,mp3_64,0.9807232616153859,0.5685665621681771,1
seg_004285,sample_01428,Love Dream - The Zombie Dandies,FAKE,1,Rock,diffrhythm,test,mp3_64,0.9819049799002554,0.5685665621681771,1
seg_004286,sample_01428,Love Dream - The Zombie Dandies,FAKE,1,Rock,diffrhythm,test,mp3_64,0.9947257730851146,0.5685665621681771,1
seg_004296,sample_01432,Moja Krypta - AmortE,FAKE,1,Rock,diffrhythm,test,mp3_64,0.9929093464479664,0.5685665621681771,1
seg_004297,sample_01432,Moja Krypta - AmortE,FAKE,1,Rock,diffrhythm,test,mp3_64,0.9947597063775604,0.5685665621681771,1
seg_004298,sample_01432,Moja Krypta - AmortE,FAKE,1,Rock,diffrhythm,test,mp3_64,0.9974155722820294,0.5685665621681771,1
seg_004320,sample_01440,Puertas de Fuego - Guerra de Cerdos,FAKE,1,Rock,diffrhythm,test,mp3_64,0.9890036838105083,0.5685665621681771,1
seg_004321,sample_01440,Puertas de Fuego - Guerra de Cerdos,FAKE,1,Rock,diffrhythm,test,mp3_64,0.9639248000195292,0.5685665621681771,1
seg_004322,sample_01440,Puertas de Fuego - Guerra de Cerdos,FAKE,1,Rock,diffrhythm,test,mp3_64,0.9996904927103042,0.5685665621681771,1
seg_004347,sample_01449,Sfogare Il Dissenso - Deiezione HC,FAKE,1,Rock,diffrhythm,test,mp3_64,0.935242445916142,0.5685665621681771,1
seg_004348,sample_01449,Sfogare Il Dissenso - Deiezione HC,FAKE,1,Rock,diffrhythm,test,mp3_64,0.9957084716143234,0.5685665621681771,1
seg_004349,sample_01449,Sfogare Il Dissenso - Deiezione HC,FAKE,1,Rock,diffrhythm,test,mp3_64,0.998438767359735,0.5685665621681771,1
seg_004359,sample_01453,Sonzis FM - Pipe Choir,FAKE,1,Rock,diffrhythm,test,mp3_64,0.9701377193398951,0.5685665621681771,1
seg_004360,sample_01453,Sonzis FM - Pipe Choir,FAKE,1,Rock,diffrhythm,test,mp3_64,0.9981389473830848,0.5685665621681771,1
seg_004361,sample_01453,Sonzis FM - Pipe Choir,FAKE,1,Rock,diffrhythm,test,mp3_64,0.9999409889661772,0.5685665621681771,1
seg_004368,sample_01456,Stuttgart - Portrayal,FAKE,1,Rock,diffrhythm,test,mp3_64,0.8874121659555517,0.5685665621681771,1
seg_004369,sample_01456,Stuttgart - Portrayal,FAKE,1,Rock,diffrhythm,test,mp3_64,0.9738216863829648,0.5685665621681771,1
seg_004370,sample_01456,Stuttgart - Portrayal,FAKE,1,Rock,diffrhythm,test,mp3_64,0.9942081356177244,0.5685665621681771,1
seg_004374,sample_01458,Terve Teille - Чокнутый Пропеллер,FAKE,1,Rock,diffrhythm,test,mp3_64,0.9944601249575306,0.5685665621681771,1
seg_004375,sample_01458,Terve Teille - Чокнутый Пропеллер,FAKE,1,Rock,diffrhythm,test,mp3_64,0.994674042588147,0.5685665621681771,1
seg_004376,sample_01458,Terve Teille - Чокнутый Пропеллер,FAKE,1,Rock,diffrhythm,test,mp3_64,0.9985687283231605,0.5685665621681771,1
seg_004395,sample_01465,Untitled - Fatal Injection,FAKE,1,Rock,diffrhythm,test,mp3_64,0.9940337908078833,0.5685665621681771,1
seg_004396,sample_01465,Untitled - Fatal Injection,FAKE,1,Rock,diffrhythm,test,mp3_64,0.991759187616347,0.5685665621681771,1
seg_004397,sample_01465,Untitled - Fatal Injection,FAKE,1,Rock,diffrhythm,test,mp3_64,0.979928217633225,0.5685665621681771,1
seg_004416,sample_01472,Where Is Everything - The Moi Non Plus,FAKE,1,Rock,diffrhythm,test,mp3_64,0.9595715853887633,0.5685665621681771,1
seg_004417,sample_01472,Where Is Everything - The Moi Non Plus,FAKE,1,Rock,diffrhythm,test,mp3_64,0.2510445992191617,0.5685665621681771,0
seg_004418,sample_01472,Where Is Everything - The Moi Non Plus,FAKE,1,Rock,diffrhythm,test,mp3_64,0.9993074545228446,0.5685665621681771,1
seg_004419,sample_01473,Who Loves You Dear - Mink Lungs,FAKE,1,Rock,diffrhythm,test,mp3_64,0.9117057120184682,0.5685665621681771,1
seg_004420,sample_01473,Who Loves You Dear - Mink Lungs,FAKE,1,Rock,diffrhythm,test,mp3_64,0.8603768253377643,0.5685665621681771,1
seg_004421,sample_01473,Who Loves You Dear - Mink Lungs,FAKE,1,Rock,diffrhythm,test,mp3_64,0.997726783146885,0.5685665621681771,1
seg_004443,sample_01481,Night Owl - Broke For Free,FAKE,1,Electronic,mubert,test,mp3_64,0.991630169536339,0.5685665621681771,1
seg_004444,sample_01481,Night Owl - Broke For Free,FAKE,1,Electronic,mubert,test,mp3_64,0.9436247427749224,0.5685665621681771,1
seg_004445,sample_01481,Night Owl - Broke For Free,FAKE,1,Electronic,mubert,test,mp3_64,0.9258598034605474,0.5685665621681771,1
seg_004452,sample_01484,Fuckaboing - RoccoW,FAKE,1,Electronic,mubert,test,mp3_64,0.947599381232797,0.5685665621681771,1
seg_004453,sample_01484,Fuckaboing - RoccoW,FAKE,1,Electronic,mubert,test,mp3_64,0.7507479079600007,0.5685665621681771,1
seg_004454,sample_01484,Fuckaboing - RoccoW,FAKE,1,Electronic,mubert,test,mp3_64,0.868133197594115,0.5685665621681771,1
seg_004476,sample_01492,Resistentialism - Nihilore,FAKE,1,Electronic,mubert,test,mp3_64,0.9814754037580837,0.5685665621681771,1
seg_004477,sample_01492,Resistentialism - Nihilore,FAKE,1,Electronic,mubert,test,mp3_64,0.8874570230997662,0.5685665621681771,1
seg_004478,sample_01492,Resistentialism - Nihilore,FAKE,1,Electronic,mubert,test,mp3_64,0.9572413815682853,0.5685665621681771,1
seg_004485,sample_01495,Dance Harder - Three Chain Links,FAKE,1,Electronic,mubert,test,mp3_64,0.9533044226582128,0.5685665621681771,1
seg_004486,sample_01495,Dance Harder - Three Chain Links,FAKE,1,Electronic,mubert,test,mp3_64,0.8225929199525629,0.5685665621681771,1
seg_004487,sample_01495,Dance Harder - Three Chain Links,FAKE,1,Electronic,mubert,test,mp3_64,0.9098483828769307,0.5685665621681771,1
seg_004497,sample_01499,Realize Me - Jim Rooster,FAKE,1,Electronic,mubert,test,mp3_64,0.4946843967672746,0.5685665621681771,0
seg_004498,sample_01499,Realize Me - Jim Rooster,FAKE,1,Electronic,mubert,test,mp3_64,0.5248363453557912,0.5685665621681771,0
seg_004499,sample_01499,Realize Me - Jim Rooster,FAKE,1,Electronic,mubert,test,mp3_64,0.7308573647544928,0.5685665621681771,1
seg_004533,sample_01511,Pista Afuera - Epstein,FAKE,1,Electronic,mubert,test,mp3_64,0.5341430434128457,0.5685665621681771,0
seg_004534,sample_01511,Pista Afuera - Epstein,FAKE,1,Electronic,mubert,test,mp3_64,0.91319145161499,0.5685665621681771,1
seg_004535,sample_01511,Pista Afuera - Epstein,FAKE,1,Electronic,mubert,test,mp3_64,0.9406083702686735,0.5685665621681771,1
seg_004548,sample_01516,Ugh! Humans Can Join - Mystery Mammal,FAKE,1,Electronic,mubert,test,mp3_64,0.9458732489173498,0.5685665621681771,1
seg_004549,sample_01516,Ugh! Humans Can Join - Mystery Mammal,FAKE,1,Electronic,mubert,test,mp3_64,0.9378889445198125,0.5685665621681771,1
seg_004550,sample_01516,Ugh! Humans Can Join - Mystery Mammal,FAKE,1,Electronic,mubert,test,mp3_64,0.9943175560511506,0.5685665621681771,1
seg_004593,sample_01531,Troubles I've seen - Malaventura,FAKE,1,Pop,mubert,test,mp3_64,0.24168405950125746,0.5685665621681771,0
seg_004594,sample_01531,Troubles I've seen - Malaventura,FAKE,1,Pop,mubert,test,mp3_64,0.8824099397900291,0.5685665621681771,1
seg_004595,sample_01531,Troubles I've seen - Malaventura,FAKE,1,Pop,mubert,test,mp3_64,0.938274319376823,0.5685665621681771,1
seg_004605,sample_01535,Motocross Mania - Monroeville Music Center,FAKE,1,Pop,mubert,test,mp3_64,0.898207489125282,0.5685665621681771,1
seg_004606,sample_01535,Motocross Mania - Monroeville Music Center,FAKE,1,Pop,mubert,test,mp3_64,0.972171435321805,0.5685665621681771,1
seg_004607,sample_01535,Motocross Mania - Monroeville Music Center,FAKE,1,Pop,mubert,test,mp3_64,0.9753858323343932,0.5685665621681771,1
seg_004617,sample_01539,Different Day - First,FAKE,1,Pop,mubert,test,mp3_64,0.7304315950857245,0.5685665621681771,1
seg_004618,sample_01539,Different Day - First,FAKE,1,Pop,mubert,test,mp3_64,0.9581058221577886,0.5685665621681771,1
seg_004619,sample_01539,Different Day - First,FAKE,1,Pop,mubert,test,mp3_64,0.9353235134667001,0.5685665621681771,1
seg_004638,sample_01546,"Hungry - Oh Yeah, the Future",FAKE,1,Pop,mubert,test,mp3_64,0.47175915213185027,0.5685665621681771,0
seg_004639,sample_01546,"Hungry - Oh Yeah, the Future",FAKE,1,Pop,mubert,test,mp3_64,0.5958584440665339,0.5685665621681771,1
seg_004640,sample_01546,"Hungry - Oh Yeah, the Future",FAKE,1,Pop,mubert,test,mp3_64,0.9451359079838155,0.5685665621681771,1
seg_004650,sample_01550,She Works / Tepid Waters - Bird Names,FAKE,1,Pop,mubert,test,mp3_64,0.2499733256764592,0.5685665621681771,0
seg_004651,sample_01550,She Works / Tepid Waters - Bird Names,FAKE,1,Pop,mubert,test,mp3_64,0.32850260228724976,0.5685665621681771,0
seg_004652,sample_01550,She Works / Tepid Waters - Bird Names,FAKE,1,Pop,mubert,test,mp3_64,0.40733625252730965,0.5685665621681771,0
seg_004659,sample_01553,Something Dirty - Ergo Phizmiz,FAKE,1,Pop,mubert,test,mp3_64,0.7997692660002058,0.5685665621681771,1
seg_004660,sample_01553,Something Dirty - Ergo Phizmiz,FAKE,1,Pop,mubert,test,mp3_64,0.8174000839733466,0.5685665621681771,1
seg_004661,sample_01553,Something Dirty - Ergo Phizmiz,FAKE,1,Pop,mubert,test,mp3_64,0.926452306278133,0.5685665621681771,1
seg_004677,sample_01559,Music For an Underground Circu - Ergo Phizmiz,FAKE,1,Pop,mubert,test,mp3_64,0.690118291495797,0.5685665621681771,1
seg_004678,sample_01559,Music For an Underground Circu - Ergo Phizmiz,FAKE,1,Pop,mubert,test,mp3_64,0.759895383562024,0.5685665621681771,1
seg_004679,sample_01559,Music For an Underground Circu - Ergo Phizmiz,FAKE,1,Pop,mubert,test,mp3_64,0.9491008315663899,0.5685665621681771,1
seg_004743,sample_01581,Where Is Everything - The Moi Non Plus,FAKE,1,Rock,mubert,test,mp3_64,0.7863724276249603,0.5685665621681771,1
seg_004744,sample_01581,Where Is Everything - The Moi Non Plus,FAKE,1,Rock,mubert,test,mp3_64,0.8324513233591854,0.5685665621681771,1
seg_004745,sample_01581,Where Is Everything - The Moi Non Plus,FAKE,1,Rock,mubert,test,mp3_64,0.8795966944216062,0.5685665621681771,1
seg_004758,sample_01586,Stuttgart - Portrayal,FAKE,1,Rock,mubert,test,mp3_64,0.9848664792905844,0.5685665621681771,1
seg_004759,sample_01586,Stuttgart - Portrayal,FAKE,1,Rock,mubert,test,mp3_64,0.1810760233414639,0.5685665621681771,0
seg_004760,sample_01586,Stuttgart - Portrayal,FAKE,1,Rock,mubert,test,mp3_64,0.9935413531340034,0.5685665621681771,1
seg_004761,sample_01587,I - Inflammator,FAKE,1,Rock,mubert,test,mp3_64,0.48996999799278074,0.5685665621681771,0
seg_004762,sample_01587,I - Inflammator,FAKE,1,Rock,mubert,test,mp3_64,0.6464232110688225,0.5685665621681771,1
seg_004763,sample_01587,I - Inflammator,FAKE,1,Rock,mubert,test,mp3_64,0.9627815777183236,0.5685665621681771,1
seg_004791,sample_01597,Sfogare Il Dissenso - Deiezione HC,FAKE,1,Rock,mubert,test,mp3_64,0.4253717812541721,0.5685665621681771,0
seg_004792,sample_01597,Sfogare Il Dissenso - Deiezione HC,FAKE,1,Rock,mubert,test,mp3_64,0.5888350997600977,0.5685665621681771,1
seg_004793,sample_01597,Sfogare Il Dissenso - Deiezione HC,FAKE,1,Rock,mubert,test,mp3_64,0.6933304914945462,0.5685665621681771,1
seg_004812,sample_01604,Who Loves You Dear - Mink Lungs,FAKE,1,Rock,mubert,test,mp3_64,0.34872438915047876,0.5685665621681771,0
seg_004813,sample_01604,Who Loves You Dear - Mink Lungs,FAKE,1,Rock,mubert,test,mp3_64,0.46442512463838653,0.5685665621681771,0
seg_004814,sample_01604,Who Loves You Dear - Mink Lungs,FAKE,1,Rock,mubert,test,mp3_64,0.18936466158646822,0.5685665621681771,0
seg_004827,sample_01609,Attention - Pete Prodoehl,FAKE,1,Rock,mubert,test,mp3_64,0.932049511015298,0.5685665621681771,1
seg_004828,sample_01609,Attention - Pete Prodoehl,FAKE,1,Rock,mubert,test,mp3_64,0.769833635315286,0.5685665621681771,1
seg_004829,sample_01609,Attention - Pete Prodoehl,FAKE,1,Rock,mubert,test,mp3_64,0.5924997844779156,0.5685665621681771,1
seg_004842,sample_01614,Love Dream - The Zombie Dandies,FAKE,1,Rock,mubert,test,mp3_64,0.9282122278462015,0.5685665621681771,1
seg_004843,sample_01614,Love Dream - The Zombie Dandies,FAKE,1,Rock,mubert,test,mp3_64,0.8895119935140565,0.5685665621681771,1
seg_004844,sample_01614,Love Dream - The Zombie Dandies,FAKE,1,Rock,mubert,test,mp3_64,0.6617386040427654,0.5685665621681771,1
seg_004869,sample_01623,"Head of Ancante, Talking Tree - Ak'chamel, The Giver of Illness",FAKE,1,Rock,mubert,test,mp3_64,0.9727407185147974,0.5685665621681771,1
seg_004870,sample_01623,"Head of Ancante, Talking Tree - Ak'chamel, The Giver of Illness",FAKE,1,Rock,mubert,test,mp3_64,0.5070039642802804,0.5685665621681771,0
seg_004871,sample_01623,"Head of Ancante, Talking Tree - Ak'chamel, The Giver of Illness",FAKE,1,Rock,mubert,test,mp3_64,0.975148406285558,0.5685665621681771,1
seg_004875,sample_01625,Terve Teille - Чокнутый Пропеллер,FAKE,1,Rock,mubert,test,mp3_64,0.9323068737554872,0.5685665621681771,1
seg_004876,sample_01625,Terve Teille - Чокнутый Пропеллер,FAKE,1,Rock,mubert,test,mp3_64,0.8776375036411521,0.5685665621681771,1
seg_004877,sample_01625,Terve Teille - Чокнутый Пропеллер,FAKE,1,Rock,mubert,test,mp3_64,0.9712166189567927,0.5685665621681771,1
seg_004878,sample_01626,LIQUID SKULLS - voyageurs,FAKE,1,Rock,mubert,test,mp3_64,0.9774953673727258,0.5685665621681771,1
seg_004879,sample_01626,LIQUID SKULLS - voyageurs,FAKE,1,Rock,mubert,test,mp3_64,0.842553053525628,0.5685665621681771,1
seg_004880,sample_01626,LIQUID SKULLS - voyageurs,FAKE,1,Rock,mubert,test,mp3_64,0.9985806747889008,0.5685665621681771,1
seg_004911,sample_01637,Dance Harder - Three Chain Links,FAKE,1,Electronic,producer,test,mp3_64,0.9995214157314742,0.5685665621681771,1
seg_004912,sample_01637,Dance Harder - Three Chain Links,FAKE,1,Electronic,producer,test,mp3_64,0.9920511601020123,0.5685665621681771,1
seg_004913,sample_01637,Dance Harder - Three Chain Links,FAKE,1,Electronic,producer,test,mp3_64,0.9892244038620557,0.5685665621681771,1
seg_004929,sample_01643,Fuckaboing - RoccoW,FAKE,1,Electronic,producer,test,mp3_64,0.9877457398221823,0.5685665621681771,1
seg_004930,sample_01643,Fuckaboing - RoccoW,FAKE,1,Electronic,producer,test,mp3_64,0.9981237000411506,0.5685665621681771,1
seg_004931,sample_01643,Fuckaboing - RoccoW,FAKE,1,Electronic,producer,test,mp3_64,0.9974417611488964,0.5685665621681771,1
seg_004953,sample_01651,Night Owl - Broke For Free,FAKE,1,Electronic,producer,test,mp3_64,0.9828054667093528,0.5685665621681771,1
seg_004954,sample_01651,Night Owl - Broke For Free,FAKE,1,Electronic,producer,test,mp3_64,0.729744710109497,0.5685665621681771,1
seg_004955,sample_01651,Night Owl - Broke For Free,FAKE,1,Electronic,producer,test,mp3_64,0.9839218277750904,0.5685665621681771,1
seg_004983,sample_01661,Pista Afuera - Epstein,FAKE,1,Electronic,producer,test,mp3_64,0.30512266684852524,0.5685665621681771,0
seg_004984,sample_01661,Pista Afuera - Epstein,FAKE,1,Electronic,producer,test,mp3_64,0.962233848077934,0.5685665621681771,1
seg_004985,sample_01661,Pista Afuera - Epstein,FAKE,1,Electronic,producer,test,mp3_64,0.9469429224115848,0.5685665621681771,1
seg_004989,sample_01663,Realize Me - Jim Rooster,FAKE,1,Electronic,producer,test,mp3_64,0.9654235520683778,0.5685665621681771,1
seg_004990,sample_01663,Realize Me - Jim Rooster,FAKE,1,Electronic,producer,test,mp3_64,0.8295758964278435,0.5685665621681771,1
seg_004991,sample_01663,Realize Me - Jim Rooster,FAKE,1,Electronic,producer,test,mp3_64,0.5876694813931365,0.5685665621681771,1
seg_004992,sample_01664,Resistentialism - Nihilore,FAKE,1,Electronic,producer,test,mp3_64,0.9959950938949393,0.5685665621681771,1
seg_004993,sample_01664,Resistentialism - Nihilore,FAKE,1,Electronic,producer,test,mp3_64,0.0475710805038939,0.5685665621681771,0
seg_004994,sample_01664,Resistentialism - Nihilore,FAKE,1,Electronic,producer,test,mp3_64,0.4221508142695188,0.5685665621681771,0
seg_005025,sample_01675,Ugh! Humans Can Join - Mystery Mammal,FAKE,1,Electronic,producer,test,mp3_64,0.8074127411798464,0.5685665621681771,1
seg_005026,sample_01675,Ugh! Humans Can Join - Mystery Mammal,FAKE,1,Electronic,producer,test,mp3_64,0.8710672821746407,0.5685665621681771,1
seg_005027,sample_01675,Ugh! Humans Can Join - Mystery Mammal,FAKE,1,Electronic,producer,test,mp3_64,0.8510475990198709,0.5685665621681771,1
seg_005052,sample_01684,Different Day - First,FAKE,1,Pop,producer,test,mp3_64,0.940725253770781,0.5685665621681771,1
seg_005053,sample_01684,Different Day - First,FAKE,1,Pop,producer,test,mp3_64,0.9915019445574101,0.5685665621681771,1
seg_005054,sample_01684,Different Day - First,FAKE,1,Pop,producer,test,mp3_64,0.9353960133653179,0.5685665621681771,1
seg_005067,sample_01689,"Hungry - Oh Yeah, the Future",FAKE,1,Pop,producer,test,mp3_64,0.9907892806962064,0.5685665621681771,1
seg_005068,sample_01689,"Hungry - Oh Yeah, the Future",FAKE,1,Pop,producer,test,mp3_64,0.9950269361057668,0.5685665621681771,1
seg_005069,sample_01689,"Hungry - Oh Yeah, the Future",FAKE,1,Pop,producer,test,mp3_64,0.9999535990671432,0.5685665621681771,1
seg_005099,sample_01700,Motocross Mania - Monroeville Music Center,FAKE,1,Pop,producer,test,mp3_64,0.9503457233254705,0.5685665621681771,1
seg_005100,sample_01700,Motocross Mania - Monroeville Music Center,FAKE,1,Pop,producer,test,mp3_64,0.9237857794276954,0.5685665621681771,1
seg_005101,sample_01700,Motocross Mania - Monroeville Music Center,FAKE,1,Pop,producer,test,mp3_64,0.9955347546064292,0.5685665621681771,1
seg_005102,sample_01701,Music For an Underground Circu - Ergo Phizmiz,FAKE,1,Pop,producer,test,mp3_64,0.9857092194333131,0.5685665621681771,1
seg_005103,sample_01701,Music For an Underground Circu - Ergo Phizmiz,FAKE,1,Pop,producer,test,mp3_64,0.9369061643145158,0.5685665621681771,1
seg_005104,sample_01701,Music For an Underground Circu - Ergo Phizmiz,FAKE,1,Pop,producer,test,mp3_64,0.9950281525839487,0.5685665621681771,1
seg_005105,sample_01702,Music For an Underground Circu - Ergo Phizmiz,FAKE,1,Pop,producer,test,mp3_64,0.9898154793755755,0.5685665621681771,1
seg_005106,sample_01702,Music For an Underground Circu - Ergo Phizmiz,FAKE,1,Pop,producer,test,mp3_64,0.9948218201050112,0.5685665621681771,1
seg_005107,sample_01702,Music For an Underground Circu - Ergo Phizmiz,FAKE,1,Pop,producer,test,mp3_64,0.9647210875779537,0.5685665621681771,1
seg_005135,sample_01712,She Works / Tepid Waters - Bird Names,FAKE,1,Pop,producer,test,mp3_64,0.9459357521612456,0.5685665621681771,1
seg_005136,sample_01712,She Works / Tepid Waters - Bird Names,FAKE,1,Pop,producer,test,mp3_64,0.9755300410323909,0.5685665621681771,1
seg_005137,sample_01712,She Works / Tepid Waters - Bird Names,FAKE,1,Pop,producer,test,mp3_64,0.9382531846644961,0.5685665621681771,1
seg_005141,sample_01714,Something Dirty - Ergo Phizmiz,FAKE,1,Pop,producer,test,mp3_64,0.9894308474340043,0.5685665621681771,1
seg_005142,sample_01714,Something Dirty - Ergo Phizmiz,FAKE,1,Pop,producer,test,mp3_64,0.9356806417496242,0.5685665621681771,1
seg_005143,sample_01714,Something Dirty - Ergo Phizmiz,FAKE,1,Pop,producer,test,mp3_64,0.9505366681345585,0.5685665621681771,1
seg_005171,sample_01724,Troubles I've seen - Malaventura,FAKE,1,Pop,producer,test,mp3_64,0.9960264750315873,0.5685665621681771,1
seg_005172,sample_01724,Troubles I've seen - Malaventura,FAKE,1,Pop,producer,test,mp3_64,0.9643044704592669,0.5685665621681771,1
seg_005173,sample_01724,Troubles I've seen - Malaventura,FAKE,1,Pop,producer,test,mp3_64,0.9976742702066971,0.5685665621681771,1
seg_005191,sample_01731,Attention - Pete Prodoehl,FAKE,1,Rock,producer,test,mp3_64,0.9993848859417347,0.5685665621681771,1
seg_005192,sample_01731,Attention - Pete Prodoehl,FAKE,1,Rock,producer,test,mp3_64,0.9684080755297424,0.5685665621681771,1
seg_005193,sample_01731,Attention - Pete Prodoehl,FAKE,1,Rock,producer,test,mp3_64,0.9410314235960968,0.5685665621681771,1
seg_005215,sample_01739,"Head of Ancante, Talking Tree - Ak'chamel, The Giver of Illness",FAKE,1,Rock,producer,test,mp3_64,0.9901238398403435,0.5685665621681771,1
seg_005216,sample_01739,"Head of Ancante, Talking Tree - Ak'chamel, The Giver of Illness",FAKE,1,Rock,producer,test,mp3_64,0.9993414560821597,0.5685665621681771,1
seg_005217,sample_01739,"Head of Ancante, Talking Tree - Ak'chamel, The Giver of Illness",FAKE,1,Rock,producer,test,mp3_64,0.8881721548706094,0.5685665621681771,1
seg_005227,sample_01743,I - Inflammator,FAKE,1,Rock,producer,test,mp3_64,0.9764311636657148,0.5685665621681771,1
seg_005228,sample_01743,I - Inflammator,FAKE,1,Rock,producer,test,mp3_64,0.9859780230825856,0.5685665621681771,1
seg_005229,sample_01743,I - Inflammator,FAKE,1,Rock,producer,test,mp3_64,0.9741422843076208,0.5685665621681771,1
seg_005236,sample_01746,LIQUID SKULLS - voyageurs,FAKE,1,Rock,producer,test,mp3_64,0.9966541620297125,0.5685665621681771,1
seg_005237,sample_01746,LIQUID SKULLS - voyageurs,FAKE,1,Rock,producer,test,mp3_64,0.7926276161385961,0.5685665621681771,1
seg_005238,sample_01746,LIQUID SKULLS - voyageurs,FAKE,1,Rock,producer,test,mp3_64,0.9773630819534777,0.5685665621681771,1
seg_005242,sample_01748,Love Dream - The Zombie Dandies,FAKE,1,Rock,producer,test,mp3_64,0.9609127320095799,0.5685665621681771,1
seg_005243,sample_01748,Love Dream - The Zombie Dandies,FAKE,1,Rock,producer,test,mp3_64,0.8546614684321915,0.5685665621681771,1
seg_005244,sample_01748,Love Dream - The Zombie Dandies,FAKE,1,Rock,producer,test,mp3_64,0.9959708580116912,0.5685665621681771,1
seg_005280,sample_01761,Sfogare Il Dissenso - Deiezione HC,FAKE,1,Rock,producer,test,mp3_64,0.9925992071718323,0.5685665621681771,1
seg_005281,sample_01761,Sfogare Il Dissenso - Deiezione HC,FAKE,1,Rock,producer,test,mp3_64,0.967995996002209,0.5685665621681771,1
seg_005282,sample_01761,Sfogare Il Dissenso - Deiezione HC,FAKE,1,Rock,producer,test,mp3_64,0.9899679292063205,0.5685665621681771,1
seg_005292,sample_01765,Stuttgart - Portrayal,FAKE,1,Rock,producer,test,mp3_64,0.8259323523047706,0.5685665621681771,1
seg_005293,sample_01765,Stuttgart - Portrayal,FAKE,1,Rock,producer,test,mp3_64,0.926280575857028,0.5685665621681771,1
seg_005294,sample_01765,Stuttgart - Portrayal,FAKE,1,Rock,producer,test,mp3_64,0.9865324024011101,0.5685665621681771,1
seg_005295,sample_01766,Terve Teille - Чокнутый Пропеллер,FAKE,1,Rock,producer,test,mp3_64,0.9750751246128744,0.5685665621681771,1
seg_005296,sample_01766,Terve Teille - Чокнутый Пропеллер,FAKE,1,Rock,producer,test,mp3_64,0.9505636640137316,0.5685665621681771,1
seg_005297,sample_01766,Terve Teille - Чокнутый Пропеллер,FAKE,1,Rock,producer,test,mp3_64,0.984840041678258,0.5685665621681771,1
seg_005316,sample_01773,Where Is Everything - The Moi Non Plus,FAKE,1,Rock,producer,test,mp3_64,0.9783873856125688,0.5685665621681771,1
seg_005317,sample_01773,Where Is Everything - The Moi Non Plus,FAKE,1,Rock,producer,test,mp3_64,0.7842633030605067,0.5685665621681771,1
seg_005318,sample_01773,Where Is Everything - The Moi Non Plus,FAKE,1,Rock,producer,test,mp3_64,0.9602872527237775,0.5685665621681771,1
seg_005319,sample_01774,Who Loves You Dear - Mink Lungs,FAKE,1,Rock,producer,test,mp3_64,0.9149251245524906,0.5685665621681771,1
seg_005320,sample_01774,Who Loves You Dear - Mink Lungs,FAKE,1,Rock,producer,test,mp3_64,0.9725120583989225,0.5685665621681771,1
seg_005321,sample_01774,Who Loves You Dear - Mink Lungs,FAKE,1,Rock,producer,test,mp3_64,0.9978343688447374,0.5685665621681771,1
seg_005336,sample_01780,2Much (Andy Spinelli & Alex Sánchez House Edit) - Tentacles,FAKE,1,Electronic,songgen,test,mp3_64,0.974165248703215,0.5685665621681771,1
seg_005337,sample_01780,2Much (Andy Spinelli & Alex Sánchez House Edit) - Tentacles,FAKE,1,Electronic,songgen,test,mp3_64,0.8587875471082853,0.5685665621681771,1
seg_005338,sample_01781,3 am West End - statusq,FAKE,1,Electronic,songgen,test,mp3_64,0.9903594316281805,0.5685665621681771,1
seg_005339,sample_01781,3 am West End - statusq,FAKE,1,Electronic,songgen,test,mp3_64,0.9403581948952257,0.5685665621681771,1
seg_005362,sample_01793,Bizzy - The Tleilaxu Music Machine,FAKE,1,Electronic,songgen,test,mp3_64,0.9524908799215217,0.5685665621681771,1
seg_005363,sample_01793,Bizzy - The Tleilaxu Music Machine,FAKE,1,Electronic,songgen,test,mp3_64,0.7061045140953287,0.5685665621681771,1
seg_005374,sample_01799,Dance Harder - Three Chain Links,FAKE,1,Electronic,songgen,test,mp3_64,0.9714790423378387,0.5685665621681771,1
seg_005375,sample_01799,Dance Harder - Three Chain Links,FAKE,1,Electronic,songgen,test,mp3_64,0.9639284334234217,0.5685665621681771,1
seg_005392,sample_01808,End titles - Itsensäsyöjät,FAKE,1,Electronic,songgen,test,mp3_64,0.9919737152391975,0.5685665621681771,1
seg_005393,sample_01808,End titles - Itsensäsyöjät,FAKE,1,Electronic,songgen,test,mp3_64,0.9786641985571041,0.5685665621681771,1
seg_005406,sample_01815,Fuckaboing - RoccoW,FAKE,1,Electronic,songgen,test,mp3_64,0.9800575698807749,0.5685665621681771,1
seg_005407,sample_01815,Fuckaboing - RoccoW,FAKE,1,Electronic,songgen,test,mp3_64,0.9756429726203288,0.5685665621681771,1
seg_005434,sample_01829,Let's Start Out Slow - RoccoW,FAKE,1,Electronic,songgen,test,mp3_64,0.9729927450325642,0.5685665621681771,1
seg_005435,sample_01829,Let's Start Out Slow - RoccoW,FAKE,1,Electronic,songgen,test,mp3_64,0.9751122528887076,0.5685665621681771,1
seg_005436,sample_01830,Let You're Body Move - D SMILEZ,FAKE,1,Electronic,songgen,test,mp3_64,0.9940940979200742,0.5685665621681771,1
seg_005437,sample_01830,Let You're Body Move - D SMILEZ,FAKE,1,Electronic,songgen,test,mp3_64,0.9996931027220517,0.5685665621681771,1
seg_005454,sample_01839,Night Owl - Broke For Free,FAKE,1,Electronic,songgen,test,mp3_64,0.9988577353234257,0.5685665621681771,1
seg_005455,sample_01839,Night Owl - Broke For Free,FAKE,1,Electronic,songgen,test,mp3_64,0.9938800705738989,0.5685665621681771,1
seg_005476,sample_01850,Pista Afuera - Epstein,FAKE,1,Electronic,songgen,test,mp3_64,0.9247272480733689,0.5685665621681771,1
seg_005477,sample_01850,Pista Afuera - Epstein,FAKE,1,Electronic,songgen,test,mp3_64,0.9520636310077057,0.5685665621681771,1
seg_005482,sample_01853,Realize Me - Jim Rooster,FAKE,1,Electronic,songgen,test,mp3_64,0.9967526015411616,0.5685665621681771,1
seg_005483,sample_01853,Realize Me - Jim Rooster,FAKE,1,Electronic,songgen,test,mp3_64,0.9999863520364216,0.5685665621681771,1
seg_005484,sample_01854,Resistentialism - Nihilore,FAKE,1,Electronic,songgen,test,mp3_64,0.9848867427215513,0.5685665621681771,1
seg_005485,sample_01854,Resistentialism - Nihilore,FAKE,1,Electronic,songgen,test,mp3_64,0.9958387407258218,0.5685665621681771,1
seg_005497,sample_01861,Set Fire to Creation - Nihilore,FAKE,1,Electronic,songgen,test,mp3_64,0.9993079088413039,0.5685665621681771,1
seg_005498,sample_01861,Set Fire to Creation - Nihilore,FAKE,1,Electronic,songgen,test,mp3_64,0.999956263799874,0.5685665621681771,1
seg_005511,sample_01868,Support Me in This Moment That I'm About To Lose Heart - Nihilore,FAKE,1,Electronic,songgen,test,mp3_64,0.9905096016906123,0.5685665621681771,1
seg_005512,sample_01868,Support Me in This Moment That I'm About To Lose Heart - Nihilore,FAKE,1,Electronic,songgen,test,mp3_64,0.9972157239676023,0.5685665621681771,1
seg_005519,sample_01872,The Adventures Of Roderick Random - Maps And Diagrams,FAKE,1,Electronic,songgen,test,mp3_64,0.8791655014489478,0.5685665621681771,1
seg_005520,sample_01872,The Adventures Of Roderick Random - Maps And Diagrams,FAKE,1,Electronic,songgen,test,mp3_64,0.9224677239490983,0.5685665621681771,1
seg_005531,sample_01878,The Secret Garden - Barbarix,FAKE,1,Electronic,songgen,test,mp3_64,0.8250916402017577,0.5685665621681771,1
seg_005532,sample_01878,The Secret Garden - Barbarix,FAKE,1,Electronic,songgen,test,mp3_64,0.9164815623611264,0.5685665621681771,1
seg_005545,sample_01885,Ugh! Humans Can Join - Mystery Mammal,FAKE,1,Electronic,songgen,test,mp3_64,0.9711418841910426,0.5685665621681771,1
seg_005546,sample_01885,Ugh! Humans Can Join - Mystery Mammal,FAKE,1,Electronic,songgen,test,mp3_64,0.997972701904616,0.5685665621681771,1
seg_005561,sample_01893,Yurtology - Michett,FAKE,1,Electronic,songgen,test,mp3_64,0.8755913519915425,0.5685665621681771,1
seg_005562,sample_01893,Yurtology - Michett,FAKE,1,Electronic,songgen,test,mp3_64,0.9191282143654578,0.5685665621681771,1
seg_005579,sample_01902,Different Day - First,FAKE,1,Pop,songgen,test,mp3_64,0.9728807545677989,0.5685665621681771,1
seg_005580,sample_01902,Different Day - First,FAKE,1,Pop,songgen,test,mp3_64,0.9999614604685514,0.5685665621681771,1
seg_005581,sample_01903,El Burrito - Malaventura,FAKE,1,Pop,songgen,test,mp3_64,0.9794725154218576,0.5685665621681771,1
seg_005582,sample_01903,El Burrito - Malaventura,FAKE,1,Pop,songgen,test,mp3_64,0.7128880670276417,0.5685665621681771,1
seg_005591,sample_01908,"Hungry - Oh Yeah, the Future",FAKE,1,Pop,songgen,test,mp3_64,0.9938463345450556,0.5685665621681771,1
seg_005592,sample_01908,"Hungry - Oh Yeah, the Future",FAKE,1,Pop,songgen,test,mp3_64,0.9684955218385081,0.5685665621681771,1
seg_005617,sample_01921,Motocross Mania - Monroeville Music Center,FAKE,1,Pop,songgen,test,mp3_64,0.9895792589501561,0.5685665621681771,1
seg_005618,sample_01921,Motocross Mania - Monroeville Music Center,FAKE,1,Pop,songgen,test,mp3_64,0.9919879706270094,0.5685665621681771,1
seg_005619,sample_01922,Music For an Underground Circu - Ergo Phizmiz,FAKE,1,Pop,songgen,test,mp3_64,0.9724054254644764,0.5685665621681771,1
seg_005620,sample_01922,Music For an Underground Circu - Ergo Phizmiz,FAKE,1,Pop,songgen,test,mp3_64,0.9948947187360975,0.5685665621681771,1
seg_005641,sample_01933,Production - Bird Names,FAKE,1,Pop,songgen,test,mp3_64,0.9801601601738898,0.5685665621681771,1
seg_005642,sample_01933,Production - Bird Names,FAKE,1,Pop,songgen,test,mp3_64,0.9927428847140309,0.5685665621681771,1
seg_005651,sample_01938,She Works / Tepid Waters - Bird Names,FAKE,1,Pop,songgen,test,mp3_64,0.9965413959727697,0.5685665621681771,1
seg_005652,sample_01938,She Works / Tepid Waters - Bird Names,FAKE,1,Pop,songgen,test,mp3_64,0.9923908541880652,0.5685665621681771,1
seg_005659,sample_01942,Something Dirty - Ergo Phizmiz,FAKE,1,Pop,songgen,test,mp3_64,0.9965580088292321,0.5685665621681771,1
seg_005660,sample_01942,Something Dirty - Ergo Phizmiz,FAKE,1,Pop,songgen,test,mp3_64,0.9985947882412258,0.5685665621681771,1
seg_005675,sample_01950,"The Pursuit of Unintentional Humor - Oh Yeah, the Future",FAKE,1,Pop,songgen,test,mp3_64,0.9832985421069663,0.5685665621681771,1
seg_005676,sample_01950,"The Pursuit of Unintentional Humor - Oh Yeah, the Future",FAKE,1,Pop,songgen,test,mp3_64,0.9862042772611274,0.5685665621681771,1
seg_005687,sample_01956,Troubles I've seen - Malaventura,FAKE,1,Pop,songgen,test,mp3_64,0.9389064998644863,0.5685665621681771,1
seg_005688,sample_01956,Troubles I've seen - Malaventura,FAKE,1,Pop,songgen,test,mp3_64,0.9631071064574647,0.5685665621681771,1
seg_005707,sample_01966,5 (Lexington) - Isle of Pine,FAKE,1,Rock,songgen,test,mp3_64,0.9939861234288204,0.5685665621681771,1
seg_005708,sample_01966,5 (Lexington) - Isle of Pine,FAKE,1,Rock,songgen,test,mp3_64,0.9988566445712672,0.5685665621681771,1
seg_005713,sample_01969,Attention - Pete Prodoehl,FAKE,1,Rock,songgen,test,mp3_64,0.9826304601533677,0.5685665621681771,1
seg_005714,sample_01969,Attention - Pete Prodoehl,FAKE,1,Rock,songgen,test,mp3_64,0.9931245018251006,0.5685665621681771,1
seg_005772,sample_01999,"Head of Ancante, Talking Tree - Ak'chamel, The Giver of Illness",FAKE,1,Rock,songgen,test,mp3_64,0.9852327458415014,0.5685665621681771,1
seg_005773,sample_01999,"Head of Ancante, Talking Tree - Ak'chamel, The Giver of Illness",FAKE,1,Rock,songgen,test,mp3_64,0.990054838608581,0.5685665621681771,1
seg_005790,sample_02008,I - Inflammator,FAKE,1,Rock,songgen,test,mp3_64,0.9974636273478275,0.5685665621681771,1
seg_005791,sample_02008,I - Inflammator,FAKE,1,Rock,songgen,test,mp3_64,0.995438716075299,0.5685665621681771,1
seg_005802,sample_02014,L'arbre - Salmo,FAKE,1,Rock,songgen,test,mp3_64,0.8902265573125261,0.5685665621681771,1
seg_005803,sample_02014,L'arbre - Salmo,FAKE,1,Rock,songgen,test,mp3_64,0.989880819325237,0.5685665621681771,1
seg_005804,sample_02015,Leaving Here - Mod Fun,FAKE,1,Rock,songgen,test,mp3_64,0.9974259165310495,0.5685665621681771,1
seg_005805,sample_02015,Leaving Here - Mod Fun,FAKE,1,Rock,songgen,test,mp3_64,0.9976370209280717,0.5685665621681771,1
seg_005810,sample_02018,LIQUID SKULLS - voyageurs,FAKE,1,Rock,songgen,test,mp3_64,0.963901894374492,0.5685665621681771,1
seg_005811,sample_02018,LIQUID SKULLS - voyageurs,FAKE,1,Rock,songgen,test,mp3_64,0.9983387882972019,0.5685665621681771,1
seg_005814,sample_02020,Love Dream - The Zombie Dandies,FAKE,1,Rock,songgen,test,mp3_64,0.9993561053234895,0.5685665621681771,1
seg_005815,sample_02020,Love Dream - The Zombie Dandies,FAKE,1,Rock,songgen,test,mp3_64,0.9999062782494886,0.5685665621681771,1
seg_005822,sample_02024,Moja Krypta - AmortE,FAKE,1,Rock,songgen,test,mp3_64,0.9815721014691644,0.5685665621681771,1
seg_005823,sample_02024,Moja Krypta - AmortE,FAKE,1,Rock,songgen,test,mp3_64,0.9945762714831595,0.5685665621681771,1
seg_005838,sample_02032,Puertas de Fuego - Guerra de Cerdos,FAKE,1,Rock,songgen,test,mp3_64,0.9991394558418216,0.5685665621681771,1
seg_005839,sample_02032,Puertas de Fuego - Guerra de Cerdos,FAKE,1,Rock,songgen,test,mp3_64,0.9980240003503528,0.5685665621681771,1
seg_005856,sample_02041,Sfogare Il Dissenso - Deiezione HC,FAKE,1,Rock,songgen,test,mp3_64,0.9999842872854504,0.5685665621681771,1
seg_005857,sample_02041,Sfogare Il Dissenso - Deiezione HC,FAKE,1,Rock,songgen,test,mp3_64,0.997842765676763,0.5685665621681771,1
seg_005864,sample_02045,Sonzis FM - Pipe Choir,FAKE,1,Rock,songgen,test,mp3_64,0.9912308144345575,0.5685665621681771,1
seg_005865,sample_02045,Sonzis FM - Pipe Choir,FAKE,1,Rock,songgen,test,mp3_64,0.9990199303599635,0.5685665621681771,1
seg_005870,sample_02048,Stuttgart - Portrayal,FAKE,1,Rock,songgen,test,mp3_64,0.9883074924708602,0.5685665621681771,1
seg_005871,sample_02048,Stuttgart - Portrayal,FAKE,1,Rock,songgen,test,mp3_64,0.9734789318371466,0.5685665621681771,1
seg_005874,sample_02050,Terve Teille - Чокнутый Пропеллер,FAKE,1,Rock,songgen,test,mp3_64,0.9981129173916311,0.5685665621681771,1
seg_005875,sample_02050,Terve Teille - Чокнутый Пропеллер,FAKE,1,Rock,songgen,test,mp3_64,0.9940600432648191,0.5685665621681771,1
seg_005888,sample_02057,Untitled - Fatal Injection,FAKE,1,Rock,songgen,test,mp3_64,0.9840185560877335,0.5685665621681771,1
seg_005889,sample_02057,Untitled - Fatal Injection,FAKE,1,Rock,songgen,test,mp3_64,0.9877400276339645,0.5685665621681771,1
seg_005902,sample_02064,Where Is Everything - The Moi Non Plus,FAKE,1,Rock,songgen,test,mp3_64,0.9998500926104052,0.5685665621681771,1
seg_005903,sample_02064,Where Is Everything - The Moi Non Plus,FAKE,1,Rock,songgen,test,mp3_64,0.9999300622944408,0.5685665621681771,1
seg_005904,sample_02065,Who Loves You Dear - Mink Lungs,FAKE,1,Rock,songgen,test,mp3_64,0.9628010074882439,0.5685665621681771,1
seg_005905,sample_02065,Who Loves You Dear - Mink Lungs,FAKE,1,Rock,songgen,test,mp3_64,0.8943093164608891,0.5685665621681771,1
seg_005970,sample_02089,Dance Harder - Three Chain Links,FAKE,1,Electronic,suno,test,mp3_64,0.9602313445808736,0.5685665621681771,1
seg_005971,sample_02089,Dance Harder - Three Chain Links,FAKE,1,Electronic,suno,test,mp3_64,0.8918436894834504,0.5685665621681771,1
seg_005972,sample_02089,Dance Harder - Three Chain Links,FAKE,1,Electronic,suno,test,mp3_64,0.9773762327948649,0.5685665621681771,1
seg_005973,sample_02090,Dance Harder - Three Chain Links,FAKE,1,Electronic,suno,test,mp3_64,0.8406328286224813,0.5685665621681771,1
seg_005974,sample_02090,Dance Harder - Three Chain Links,FAKE,1,Electronic,suno,test,mp3_64,0.9893137658602914,0.5685665621681771,1
seg_005975,sample_02090,Dance Harder - Three Chain Links,FAKE,1,Electronic,suno,test,mp3_64,0.9769910631284903,0.5685665621681771,1
seg_006006,sample_02101,Fuckaboing - RoccoW,FAKE,1,Electronic,suno,test,mp3_64,0.3390242655291786,0.5685665621681771,0
seg_006007,sample_02101,Fuckaboing - RoccoW,FAKE,1,Electronic,suno,test,mp3_64,0.5362726223375625,0.5685665621681771,0
seg_006008,sample_02101,Fuckaboing - RoccoW,FAKE,1,Electronic,suno,test,mp3_64,0.8038688668669922,0.5685665621681771,1
seg_006009,sample_02102,Fuckaboing - RoccoW,FAKE,1,Electronic,suno,test,mp3_64,0.9939885608368809,0.5685665621681771,1
seg_006010,sample_02102,Fuckaboing - RoccoW,FAKE,1,Electronic,suno,test,mp3_64,0.9878966240411274,0.5685665621681771,1
seg_006011,sample_02102,Fuckaboing - RoccoW,FAKE,1,Electronic,suno,test,mp3_64,0.9889928012403736,0.5685665621681771,1
seg_006054,sample_02117,Night Owl - Broke For Free,FAKE,1,Electronic,suno,test,mp3_64,0.9144000255620801,0.5685665621681771,1
seg_006055,sample_02117,Night Owl - Broke For Free,FAKE,1,Electronic,suno,test,mp3_64,0.9929118110385275,0.5685665621681771,1
seg_006056,sample_02117,Night Owl - Broke For Free,FAKE,1,Electronic,suno,test,mp3_64,0.9956494916116454,0.5685665621681771,1
seg_006057,sample_02118,Night Owl - Broke For Free,FAKE,1,Electronic,suno,test,mp3_64,0.980054094985384,0.5685665621681771,1
seg_006058,sample_02118,Night Owl - Broke For Free,FAKE,1,Electronic,suno,test,mp3_64,0.9879162999422734,0.5685665621681771,1
seg_006059,sample_02118,Night Owl - Broke For Free,FAKE,1,Electronic,suno,test,mp3_64,0.9940638180956567,0.5685665621681771,1
seg_006114,sample_02137,Pista Afuera - Epstein,FAKE,1,Electronic,suno,test,mp3_64,0.9947661475841298,0.5685665621681771,1
seg_006115,sample_02137,Pista Afuera - Epstein,FAKE,1,Electronic,suno,test,mp3_64,0.609360631763226,0.5685665621681771,1
seg_006116,sample_02137,Pista Afuera - Epstein,FAKE,1,Electronic,suno,test,mp3_64,0.9953811335711443,0.5685665621681771,1
seg_006117,sample_02138,Pista Afuera - Epstein,FAKE,1,Electronic,suno,test,mp3_64,0.5817920579560352,0.5685665621681771,1
seg_006118,sample_02138,Pista Afuera - Epstein,FAKE,1,Electronic,suno,test,mp3_64,0.8941644627024735,0.5685665621681771,1
seg_006119,sample_02138,Pista Afuera - Epstein,FAKE,1,Electronic,suno,test,mp3_64,0.9930618244917943,0.5685665621681771,1
seg_006126,sample_02141,Realize Me - Jim Rooster,FAKE,1,Electronic,suno,test,mp3_64,0.9964171749309637,0.5685665621681771,1
seg_006127,sample_02141,Realize Me - Jim Rooster,FAKE,1,Electronic,suno,test,mp3_64,0.9807356004225202,0.5685665621681771,1
seg_006128,sample_02141,Realize Me - Jim Rooster,FAKE,1,Electronic,suno,test,mp3_64,0.9997462383950059,0.5685665621681771,1
seg_006129,sample_02142,Realize Me - Jim Rooster,FAKE,1,Electronic,suno,test,mp3_64,0.8989445785713689,0.5685665621681771,1
seg_006130,sample_02142,Realize Me - Jim Rooster,FAKE,1,Electronic,suno,test,mp3_64,0.9787555098680313,0.5685665621681771,1
seg_006131,sample_02142,Realize Me - Jim Rooster,FAKE,1,Electronic,suno,test,mp3_64,0.9987690370649056,0.5685665621681771,1
seg_006132,sample_02143,Resistentialism - Nihilore,FAKE,1,Electronic,suno,test,mp3_64,0.8259304626647931,0.5685665621681771,1
seg_006133,sample_02143,Resistentialism - Nihilore,FAKE,1,Electronic,suno,test,mp3_64,0.8592067103620017,0.5685665621681771,1
seg_006134,sample_02143,Resistentialism - Nihilore,FAKE,1,Electronic,suno,test,mp3_64,0.9908473829524016,0.5685665621681771,1
seg_006135,sample_02144,Resistentialism - Nihilore,FAKE,1,Electronic,suno,test,mp3_64,0.9996344817155071,0.5685665621681771,1
seg_006136,sample_02144,Resistentialism - Nihilore,FAKE,1,Electronic,suno,test,mp3_64,0.9513064269638146,0.5685665621681771,1
seg_006137,sample_02144,Resistentialism - Nihilore,FAKE,1,Electronic,suno,test,mp3_64,0.9942794766761781,0.5685665621681771,1
seg_006198,sample_02165,Ugh! Humans Can Join - Mystery Mammal,FAKE,1,Electronic,suno,test,mp3_64,0.43319767737326287,0.5685665621681771,0
seg_006199,sample_02165,Ugh! Humans Can Join - Mystery Mammal,FAKE,1,Electronic,suno,test,mp3_64,0.9708281854659635,0.5685665621681771,1
seg_006200,sample_02165,Ugh! Humans Can Join - Mystery Mammal,FAKE,1,Electronic,suno,test,mp3_64,0.9929196058270939,0.5685665621681771,1
seg_006201,sample_02166,Ugh! Humans Can Join - Mystery Mammal,FAKE,1,Electronic,suno,test,mp3_64,0.34941779731912714,0.5685665621681771,0
seg_006202,sample_02166,Ugh! Humans Can Join - Mystery Mammal,FAKE,1,Electronic,suno,test,mp3_64,0.9874093539238977,0.5685665621681771,1
seg_006203,sample_02166,Ugh! Humans Can Join - Mystery Mammal,FAKE,1,Electronic,suno,test,mp3_64,0.9995977683177631,0.5685665621681771,1
seg_006252,sample_02183,Different Day - First,FAKE,1,Pop,suno,test,mp3_64,0.9908291058305306,0.5685665621681771,1
seg_006253,sample_02183,Different Day - First,FAKE,1,Pop,suno,test,mp3_64,0.9855409451133935,0.5685665621681771,1
seg_006254,sample_02183,Different Day - First,FAKE,1,Pop,suno,test,mp3_64,0.9987987767412887,0.5685665621681771,1
seg_006255,sample_02184,Different Day - First,FAKE,1,Pop,suno,test,mp3_64,0.9329751339315178,0.5685665621681771,1
seg_006256,sample_02184,Different Day - First,FAKE,1,Pop,suno,test,mp3_64,0.8612163734989053,0.5685665621681771,1
seg_006257,sample_02184,Different Day - First,FAKE,1,Pop,suno,test,mp3_64,0.9888132940338896,0.5685665621681771,1
seg_006282,sample_02193,"Hungry - Oh Yeah, the Future",FAKE,1,Pop,suno,test,mp3_64,0.9418860716650045,0.5685665621681771,1
seg_006283,sample_02193,"Hungry - Oh Yeah, the Future",FAKE,1,Pop,suno,test,mp3_64,0.962207575659768,0.5685665621681771,1
seg_006284,sample_02193,"Hungry - Oh Yeah, the Future",FAKE,1,Pop,suno,test,mp3_64,0.9932906642372175,0.5685665621681771,1
seg_006285,sample_02194,"Hungry - Oh Yeah, the Future",FAKE,1,Pop,suno,test,mp3_64,0.9618809840152922,0.5685665621681771,1
seg_006286,sample_02194,"Hungry - Oh Yeah, the Future",FAKE,1,Pop,suno,test,mp3_64,0.9392528093079303,0.5685665621681771,1
seg_006287,sample_02194,"Hungry - Oh Yeah, the Future",FAKE,1,Pop,suno,test,mp3_64,0.9926472881409517,0.5685665621681771,1
seg_006348,sample_02215,Motocross Mania - Monroeville Music Center,FAKE,1,Pop,suno,test,mp3_64,0.9906874559125228,0.5685665621681771,1
seg_006349,sample_02215,Motocross Mania - Monroeville Music Center,FAKE,1,Pop,suno,test,mp3_64,0.9627068914640713,0.5685665621681771,1
seg_006350,sample_02215,Motocross Mania - Monroeville Music Center,FAKE,1,Pop,suno,test,mp3_64,0.9893979243842291,0.5685665621681771,1
seg_006351,sample_02216,Motocross Mania - Monroeville Music Center,FAKE,1,Pop,suno,test,mp3_64,0.9902300117359456,0.5685665621681771,1
seg_006352,sample_02216,Motocross Mania - Monroeville Music Center,FAKE,1,Pop,suno,test,mp3_64,0.9926857646591181,0.5685665621681771,1
seg_006353,sample_02216,Motocross Mania - Monroeville Music Center,FAKE,1,Pop,suno,test,mp3_64,0.9979266800374567,0.5685665621681771,1
seg_006354,sample_02217,Music For an Underground Circu - Ergo Phizmiz,FAKE,1,Pop,suno,test,mp3_64,0.9492258063210044,0.5685665621681771,1
seg_006355,sample_02217,Music For an Underground Circu - Ergo Phizmiz,FAKE,1,Pop,suno,test,mp3_64,0.817459451433761,0.5685665621681771,1
seg_006356,sample_02217,Music For an Underground Circu - Ergo Phizmiz,FAKE,1,Pop,suno,test,mp3_64,0.9976936895733722,0.5685665621681771,1
seg_006357,sample_02218,Music For an Underground Circu - Ergo Phizmiz,FAKE,1,Pop,suno,test,mp3_64,0.9731820127250439,0.5685665621681771,1
seg_006358,sample_02218,Music For an Underground Circu - Ergo Phizmiz,FAKE,1,Pop,suno,test,mp3_64,0.573639217204093,0.5685665621681771,1
seg_006359,sample_02218,Music For an Underground Circu - Ergo Phizmiz,FAKE,1,Pop,suno,test,mp3_64,0.8726406714781385,0.5685665621681771,1
seg_006414,sample_02237,She Works / Tepid Waters - Bird Names,FAKE,1,Pop,suno,test,mp3_64,0.990141153388391,0.5685665621681771,1
seg_006415,sample_02237,She Works / Tepid Waters - Bird Names,FAKE,1,Pop,suno,test,mp3_64,0.9534805280353075,0.5685665621681771,1
seg_006416,sample_02237,She Works / Tepid Waters - Bird Names,FAKE,1,Pop,suno,test,mp3_64,0.9990093795863642,0.5685665621681771,1
seg_006417,sample_02238,She Works / Tepid Waters - Bird Names,FAKE,1,Pop,suno,test,mp3_64,0.9977094422259605,0.5685665621681771,1
seg_006418,sample_02238,She Works / Tepid Waters - Bird Names,FAKE,1,Pop,suno,test,mp3_64,0.9988403481263594,0.5685665621681771,1
seg_006419,sample_02238,She Works / Tepid Waters - Bird Names,FAKE,1,Pop,suno,test,mp3_64,0.9989425991831344,0.5685665621681771,1
seg_006426,sample_02241,Something Dirty - Ergo Phizmiz,FAKE,1,Pop,suno,test,mp3_64,0.816295410707976,0.5685665621681771,1
seg_006427,sample_02241,Something Dirty - Ergo Phizmiz,FAKE,1,Pop,suno,test,mp3_64,0.9456832858628298,0.5685665621681771,1
seg_006428,sample_02241,Something Dirty - Ergo Phizmiz,FAKE,1,Pop,suno,test,mp3_64,0.9350639066366047,0.5685665621681771,1
seg_006429,sample_02242,Something Dirty - Ergo Phizmiz,FAKE,1,Pop,suno,test,mp3_64,0.7892973482065777,0.5685665621681771,1
seg_006430,sample_02242,Something Dirty - Ergo Phizmiz,FAKE,1,Pop,suno,test,mp3_64,0.8791227603337779,0.5685665621681771,1
seg_006431,sample_02242,Something Dirty - Ergo Phizmiz,FAKE,1,Pop,suno,test,mp3_64,0.9811101770638496,0.5685665621681771,1
seg_006486,sample_02261,Troubles I've seen - Malaventura,FAKE,1,Pop,suno,test,mp3_64,0.9845511083724887,0.5685665621681771,1
seg_006487,sample_02261,Troubles I've seen - Malaventura,FAKE,1,Pop,suno,test,mp3_64,0.9922523563094863,0.5685665621681771,1
seg_006488,sample_02261,Troubles I've seen - Malaventura,FAKE,1,Pop,suno,test,mp3_64,0.9570765441388516,0.5685665621681771,1
seg_006489,sample_02262,Troubles I've seen - Malaventura,FAKE,1,Pop,suno,test,mp3_64,0.970927709456232,0.5685665621681771,1
seg_006490,sample_02262,Troubles I've seen - Malaventura,FAKE,1,Pop,suno,test,mp3_64,0.9953182185502956,0.5685665621681771,1
seg_006491,sample_02262,Troubles I've seen - Malaventura,FAKE,1,Pop,suno,test,mp3_64,0.9981742683258052,0.5685665621681771,1
seg_006528,sample_02275,Attention - Pete Prodoehl,FAKE,1,Rock,suno,test,mp3_64,0.8432793831924247,0.5685665621681771,1
seg_006529,sample_02275,Attention - Pete Prodoehl,FAKE,1,Rock,suno,test,mp3_64,0.9950427335993368,0.5685665621681771,1
seg_006530,sample_02275,Attention - Pete Prodoehl,FAKE,1,Rock,suno,test,mp3_64,0.9986108940035223,0.5685665621681771,1
seg_006531,sample_02276,Attention - Pete Prodoehl,FAKE,1,Rock,suno,test,mp3_64,0.9732873266126438,0.5685665621681771,1
seg_006532,sample_02276,Attention - Pete Prodoehl,FAKE,1,Rock,suno,test,mp3_64,0.9898246222926924,0.5685665621681771,1
seg_006533,sample_02276,Attention - Pete Prodoehl,FAKE,1,Rock,suno,test,mp3_64,0.999190075718786,0.5685665621681771,1
seg_006576,sample_02291,"Head of Ancante, Talking Tree - Ak'chamel, The Giver of Illness",FAKE,1,Rock,suno,test,mp3_64,0.9693815755184032,0.5685665621681771,1
seg_006577,sample_02291,"Head of Ancante, Talking Tree - Ak'chamel, The Giver of Illness",FAKE,1,Rock,suno,test,mp3_64,0.9703506454359262,0.5685665621681771,1
seg_006578,sample_02291,"Head of Ancante, Talking Tree - Ak'chamel, The Giver of Illness",FAKE,1,Rock,suno,test,mp3_64,0.9864838513826277,0.5685665621681771,1
seg_006579,sample_02292,"Head of Ancante, Talking Tree - Ak'chamel, The Giver of Illness",FAKE,1,Rock,suno,test,mp3_64,0.9997527873787272,0.5685665621681771,1
seg_006580,sample_02292,"Head of Ancante, Talking Tree - Ak'chamel, The Giver of Illness",FAKE,1,Rock,suno,test,mp3_64,0.998324048950483,0.5685665621681771,1
seg_006581,sample_02292,"Head of Ancante, Talking Tree - Ak'chamel, The Giver of Illness",FAKE,1,Rock,suno,test,mp3_64,0.989125132999372,0.5685665621681771,1
seg_006600,sample_02299,I - Inflammator,FAKE,1,Rock,suno,test,mp3_64,0.7129473856535338,0.5685665621681771,1
seg_006601,sample_02299,I - Inflammator,FAKE,1,Rock,suno,test,mp3_64,0.8212669712525137,0.5685665621681771,1
seg_006602,sample_02299,I - Inflammator,FAKE,1,Rock,suno,test,mp3_64,0.9700217646077808,0.5685665621681771,1
seg_006603,sample_02300,I - Inflammator,FAKE,1,Rock,suno,test,mp3_64,0.7802173831231979,0.5685665621681771,1
seg_006604,sample_02300,I - Inflammator,FAKE,1,Rock,suno,test,mp3_64,0.961224768450877,0.5685665621681771,1
seg_006605,sample_02300,I - Inflammator,FAKE,1,Rock,suno,test,mp3_64,0.994880317120161,0.5685665621681771,1
seg_006618,sample_02305,LIQUID SKULLS - voyageurs,FAKE,1,Rock,suno,test,mp3_64,0.9710298211317452,0.5685665621681771,1
seg_006619,sample_02305,LIQUID SKULLS - voyageurs,FAKE,1,Rock,suno,test,mp3_64,0.9674023026577768,0.5685665621681771,1
seg_006620,sample_02305,LIQUID SKULLS - voyageurs,FAKE,1,Rock,suno,test,mp3_64,0.9842537823712544,0.5685665621681771,1
seg_006621,sample_02306,LIQUID SKULLS - voyageurs,FAKE,1,Rock,suno,test,mp3_64,0.9766924535324766,0.5685665621681771,1
seg_006622,sample_02306,LIQUID SKULLS - voyageurs,FAKE,1,Rock,suno,test,mp3_64,0.9924387435889256,0.5685665621681771,1
seg_006623,sample_02306,LIQUID SKULLS - voyageurs,FAKE,1,Rock,suno,test,mp3_64,0.9397161186907402,0.5685665621681771,1
seg_006630,sample_02309,Love Dream - The Zombie Dandies,FAKE,1,Rock,suno,test,mp3_64,0.9919233026065941,0.5685665621681771,1
seg_006631,sample_02309,Love Dream - The Zombie Dandies,FAKE,1,Rock,suno,test,mp3_64,0.8490708347695469,0.5685665621681771,1
seg_006632,sample_02309,Love Dream - The Zombie Dandies,FAKE,1,Rock,suno,test,mp3_64,0.9869866737354047,0.5685665621681771,1
seg_006633,sample_02310,Love Dream - The Zombie Dandies,FAKE,1,Rock,suno,test,mp3_64,0.8984808984438956,0.5685665621681771,1
seg_006634,sample_02310,Love Dream - The Zombie Dandies,FAKE,1,Rock,suno,test,mp3_64,0.9824755622766814,0.5685665621681771,1
seg_006635,sample_02310,Love Dream - The Zombie Dandies,FAKE,1,Rock,suno,test,mp3_64,0.9243159832379118,0.5685665621681771,1
seg_006708,sample_02335,Sfogare Il Dissenso - Deiezione HC,FAKE,1,Rock,suno,test,mp3_64,0.9328684521644524,0.5685665621681771,1
seg_006709,sample_02335,Sfogare Il Dissenso - Deiezione HC,FAKE,1,Rock,suno,test,mp3_64,0.9036816751562916,0.5685665621681771,1
seg_006710,sample_02335,Sfogare Il Dissenso - Deiezione HC,FAKE,1,Rock,suno,test,mp3_64,0.8009373991264888,0.5685665621681771,1
seg_006711,sample_02336,Sfogare Il Dissenso - Deiezione HC,FAKE,1,Rock,suno,test,mp3_64,0.8864678876698928,0.5685665621681771,1
seg_006712,sample_02336,Sfogare Il Dissenso - Deiezione HC,FAKE,1,Rock,suno,test,mp3_64,0.8517834814934243,0.5685665621681771,1
seg_006713,sample_02336,Sfogare Il Dissenso - Deiezione HC,FAKE,1,Rock,suno,test,mp3_64,0.9523228213728959,0.5685665621681771,1
seg_006732,sample_02343,Stuttgart - Portrayal,FAKE,1,Rock,suno,test,mp3_64,0.9479745000473303,0.5685665621681771,1
seg_006733,sample_02343,Stuttgart - Portrayal,FAKE,1,Rock,suno,test,mp3_64,0.6564047573716796,0.5685665621681771,1
seg_006734,sample_02343,Stuttgart - Portrayal,FAKE,1,Rock,suno,test,mp3_64,0.981332909921425,0.5685665621681771,1
seg_006735,sample_02344,Stuttgart - Portrayal,FAKE,1,Rock,suno,test,mp3_64,0.9733058894050612,0.5685665621681771,1
seg_006736,sample_02344,Stuttgart - Portrayal,FAKE,1,Rock,suno,test,mp3_64,0.7619251921651535,0.5685665621681771,1
seg_006737,sample_02344,Stuttgart - Portrayal,FAKE,1,Rock,suno,test,mp3_64,0.993883593627468,0.5685665621681771,1
seg_006738,sample_02345,Terve Teille - Чокнутый Пропеллер,FAKE,1,Rock,suno,test,mp3_64,0.9613438520270576,0.5685665621681771,1
seg_006739,sample_02345,Terve Teille - Чокнутый Пропеллер,FAKE,1,Rock,suno,test,mp3_64,0.943222637016562,0.5685665621681771,1
seg_006740,sample_02345,Terve Teille - Чокнутый Пропеллер,FAKE,1,Rock,suno,test,mp3_64,0.9906922793260631,0.5685665621681771,1
seg_006741,sample_02346,Terve Teille - Чокнутый Пропеллер,FAKE,1,Rock,suno,test,mp3_64,0.8189623103914965,0.5685665621681771,1
seg_006742,sample_02346,Terve Teille - Чокнутый Пропеллер,FAKE,1,Rock,suno,test,mp3_64,0.8916707007403277,0.5685665621681771,1
seg_006743,sample_02346,Terve Teille - Чокнутый Пропеллер,FAKE,1,Rock,suno,test,mp3_64,0.7015739982666586,0.5685665621681771,1
seg_006780,sample_02359,Where Is Everything - The Moi Non Plus,FAKE,1,Rock,suno,test,mp3_64,0.8166627475434648,0.5685665621681771,1
seg_006781,sample_02359,Where Is Everything - The Moi Non Plus,FAKE,1,Rock,suno,test,mp3_64,0.9355483715425931,0.5685665621681771,1
seg_006782,sample_02359,Where Is Everything - The Moi Non Plus,FAKE,1,Rock,suno,test,mp3_64,0.9693397443018229,0.5685665621681771,1
seg_006783,sample_02360,Where Is Everything - The Moi Non Plus,FAKE,1,Rock,suno,test,mp3_64,0.9388950727472655,0.5685665621681771,1
seg_006784,sample_02360,Where Is Everything - The Moi Non Plus,FAKE,1,Rock,suno,test,mp3_64,0.9840778132146186,0.5685665621681771,1
seg_006785,sample_02360,Where Is Everything - The Moi Non Plus,FAKE,1,Rock,suno,test,mp3_64,0.983302578238078,0.5685665621681771,1
seg_006786,sample_02361,Who Loves You Dear - Mink Lungs,FAKE,1,Rock,suno,test,mp3_64,0.9399522252156686,0.5685665621681771,1
seg_006787,sample_02361,Who Loves You Dear - Mink Lungs,FAKE,1,Rock,suno,test,mp3_64,0.9443215195163471,0.5685665621681771,1
seg_006788,sample_02361,Who Loves You Dear - Mink Lungs,FAKE,1,Rock,suno,test,mp3_64,0.969759737539338,0.5685665621681771,1
seg_006789,sample_02362,Who Loves You Dear - Mink Lungs,FAKE,1,Rock,suno,test,mp3_64,0.9735467254347777,0.5685665621681771,1
seg_006790,sample_02362,Who Loves You Dear - Mink Lungs,FAKE,1,Rock,suno,test,mp3_64,0.9980482173332725,0.5685665621681771,1
seg_006791,sample_02362,Who Loves You Dear - Mink Lungs,FAKE,1,Rock,suno,test,mp3_64,0.9751478161803936,0.5685665621681771,1
seg_006870,sample_02389,Dance Harder - Three Chain Links,FAKE,1,Electronic,udio,test,mp3_64,0.9907572391524664,0.5685665621681771,1
seg_006871,sample_02389,Dance Harder - Three Chain Links,FAKE,1,Electronic,udio,test,mp3_64,0.9367497534603096,0.5685665621681771,1
seg_006872,sample_02389,Dance Harder - Three Chain Links,FAKE,1,Electronic,udio,test,mp3_64,0.9999551038709709,0.5685665621681771,1
seg_006873,sample_02390,Dance Harder - Three Chain Links,FAKE,1,Electronic,udio,test,mp3_64,0.8806052460884057,0.5685665621681771,1
seg_006874,sample_02390,Dance Harder - Three Chain Links,FAKE,1,Electronic,udio,test,mp3_64,0.936591194322626,0.5685665621681771,1
seg_006875,sample_02390,Dance Harder - Three Chain Links,FAKE,1,Electronic,udio,test,mp3_64,0.9991560763245629,0.5685665621681771,1
seg_006906,sample_02401,Fuckaboing - RoccoW,FAKE,1,Electronic,udio,test,mp3_64,0.9989187478668847,0.5685665621681771,1
seg_006907,sample_02401,Fuckaboing - RoccoW,FAKE,1,Electronic,udio,test,mp3_64,0.9958790367751018,0.5685665621681771,1
seg_006908,sample_02401,Fuckaboing - RoccoW,FAKE,1,Electronic,udio,test,mp3_64,0.9999520969806854,0.5685665621681771,1
seg_006909,sample_02402,Fuckaboing - RoccoW,FAKE,1,Electronic,udio,test,mp3_64,0.9571707253981192,0.5685665621681771,1
seg_006910,sample_02402,Fuckaboing - RoccoW,FAKE,1,Electronic,udio,test,mp3_64,0.6821789457170695,0.5685665621681771,1
seg_006911,sample_02402,Fuckaboing - RoccoW,FAKE,1,Electronic,udio,test,mp3_64,0.9914954076921458,0.5685665621681771,1
seg_006954,sample_02417,Night Owl - Broke For Free,FAKE,1,Electronic,udio,test,mp3_64,0.9716856858335571,0.5685665621681771,1
seg_006955,sample_02417,Night Owl - Broke For Free,FAKE,1,Electronic,udio,test,mp3_64,0.9505500164548214,0.5685665621681771,1
seg_006956,sample_02417,Night Owl - Broke For Free,FAKE,1,Electronic,udio,test,mp3_64,0.9966351076132743,0.5685665621681771,1
seg_006957,sample_02418,Night Owl - Broke For Free,FAKE,1,Electronic,udio,test,mp3_64,0.9408958695032337,0.5685665621681771,1
seg_006958,sample_02418,Night Owl - Broke For Free,FAKE,1,Electronic,udio,test,mp3_64,0.9960479435347321,0.5685665621681771,1
seg_006959,sample_02418,Night Owl - Broke For Free,FAKE,1,Electronic,udio,test,mp3_64,0.9986484193410022,0.5685665621681771,1
seg_007014,sample_02437,Pista Afuera - Epstein,FAKE,1,Electronic,udio,test,mp3_64,0.9875614793354199,0.5685665621681771,1
seg_007015,sample_02437,Pista Afuera - Epstein,FAKE,1,Electronic,udio,test,mp3_64,0.7207118620831848,0.5685665621681771,1
seg_007016,sample_02437,Pista Afuera - Epstein,FAKE,1,Electronic,udio,test,mp3_64,0.973158871329892,0.5685665621681771,1
seg_007017,sample_02438,Pista Afuera - Epstein,FAKE,1,Electronic,udio,test,mp3_64,0.19195459791413522,0.5685665621681771,0
seg_007018,sample_02438,Pista Afuera - Epstein,FAKE,1,Electronic,udio,test,mp3_64,0.9764989019259712,0.5685665621681771,1
seg_007019,sample_02438,Pista Afuera - Epstein,FAKE,1,Electronic,udio,test,mp3_64,0.9988502631225131,0.5685665621681771,1
seg_007026,sample_02441,Realize Me - Jim Rooster,FAKE,1,Electronic,udio,test,mp3_64,0.09734254491531341,0.5685665621681771,0
seg_007027,sample_02441,Realize Me - Jim Rooster,FAKE,1,Electronic,udio,test,mp3_64,0.7743390112570775,0.5685665621681771,1
seg_007028,sample_02441,Realize Me - Jim Rooster,FAKE,1,Electronic,udio,test,mp3_64,0.9915912386802583,0.5685665621681771,1
seg_007029,sample_02442,Realize Me - Jim Rooster,FAKE,1,Electronic,udio,test,mp3_64,0.9613706389257807,0.5685665621681771,1
seg_007030,sample_02442,Realize Me - Jim Rooster,FAKE,1,Electronic,udio,test,mp3_64,0.022008901891044323,0.5685665621681771,0
seg_007031,sample_02442,Realize Me - Jim Rooster,FAKE,1,Electronic,udio,test,mp3_64,0.9982667485555318,0.5685665621681771,1
seg_007032,sample_02443,Resistentialism - Nihilore,FAKE,1,Electronic,udio,test,mp3_64,0.9999428834242314,0.5685665621681771,1
seg_007033,sample_02443,Resistentialism - Nihilore,FAKE,1,Electronic,udio,test,mp3_64,0.9944656470896468,0.5685665621681771,1
seg_007034,sample_02443,Resistentialism - Nihilore,FAKE,1,Electronic,udio,test,mp3_64,0.9982413173658419,0.5685665621681771,1
seg_007035,sample_02444,Resistentialism - Nihilore,FAKE,1,Electronic,udio,test,mp3_64,0.37159840707152325,0.5685665621681771,0
seg_007036,sample_02444,Resistentialism - Nihilore,FAKE,1,Electronic,udio,test,mp3_64,0.7485466531718585,0.5685665621681771,1
seg_007037,sample_02444,Resistentialism - Nihilore,FAKE,1,Electronic,udio,test,mp3_64,0.999891954733928,0.5685665621681771,1
seg_007098,sample_02465,Ugh! Humans Can Join - Mystery Mammal,FAKE,1,Electronic,udio,test,mp3_64,0.9755127637192441,0.5685665621681771,1
seg_007099,sample_02465,Ugh! Humans Can Join - Mystery Mammal,FAKE,1,Electronic,udio,test,mp3_64,0.969503883449396,0.5685665621681771,1
seg_007100,sample_02465,Ugh! Humans Can Join - Mystery Mammal,FAKE,1,Electronic,udio,test,mp3_64,0.9357330243707616,0.5685665621681771,1
seg_007101,sample_02466,Ugh! Humans Can Join - Mystery Mammal,FAKE,1,Electronic,udio,test,mp3_64,0.8517259355034603,0.5685665621681771,1
seg_007102,sample_02466,Ugh! Humans Can Join - Mystery Mammal,FAKE,1,Electronic,udio,test,mp3_64,0.9676123242125748,0.5685665621681771,1
seg_007103,sample_02466,Ugh! Humans Can Join - Mystery Mammal,FAKE,1,Electronic,udio,test,mp3_64,0.9655872663419816,0.5685665621681771,1
seg_007152,sample_02483,Different Day - First,FAKE,1,Pop,udio,test,mp3_64,0.814957749652,0.5685665621681771,1
seg_007153,sample_02483,Different Day - First,FAKE,1,Pop,udio,test,mp3_64,0.914116562941324,0.5685665621681771,1
seg_007154,sample_02483,Different Day - First,FAKE,1,Pop,udio,test,mp3_64,0.9219647770013437,0.5685665621681771,1
seg_007155,sample_02484,Different Day - First,FAKE,1,Pop,udio,test,mp3_64,0.9937286858615986,0.5685665621681771,1
seg_007156,sample_02484,Different Day - First,FAKE,1,Pop,udio,test,mp3_64,0.8780142816191302,0.5685665621681771,1
seg_007157,sample_02484,Different Day - First,FAKE,1,Pop,udio,test,mp3_64,0.9886778959734127,0.5685665621681771,1
seg_007182,sample_02493,"Hungry - Oh Yeah, the Future",FAKE,1,Pop,udio,test,mp3_64,0.9432267828175072,0.5685665621681771,1
seg_007183,sample_02493,"Hungry - Oh Yeah, the Future",FAKE,1,Pop,udio,test,mp3_64,0.6003212392613887,0.5685665621681771,1
seg_007184,sample_02493,"Hungry - Oh Yeah, the Future",FAKE,1,Pop,udio,test,mp3_64,0.9988086779720151,0.5685665621681771,1
seg_007185,sample_02494,"Hungry - Oh Yeah, the Future",FAKE,1,Pop,udio,test,mp3_64,0.5861643055637366,0.5685665621681771,1
seg_007186,sample_02494,"Hungry - Oh Yeah, the Future",FAKE,1,Pop,udio,test,mp3_64,0.7425064242353057,0.5685665621681771,1
seg_007187,sample_02494,"Hungry - Oh Yeah, the Future",FAKE,1,Pop,udio,test,mp3_64,0.8208853087021165,0.5685665621681771,1
seg_007248,sample_02515,Motocross Mania - Monroeville Music Center,FAKE,1,Pop,udio,test,mp3_64,0.8881466941623398,0.5685665621681771,1
seg_007249,sample_02515,Motocross Mania - Monroeville Music Center,FAKE,1,Pop,udio,test,mp3_64,0.9902806663657245,0.5685665621681771,1
seg_007250,sample_02515,Motocross Mania - Monroeville Music Center,FAKE,1,Pop,udio,test,mp3_64,0.9849444970520903,0.5685665621681771,1
seg_007251,sample_02516,Motocross Mania - Monroeville Music Center,FAKE,1,Pop,udio,test,mp3_64,0.9968119593944145,0.5685665621681771,1
seg_007252,sample_02516,Motocross Mania - Monroeville Music Center,FAKE,1,Pop,udio,test,mp3_64,0.9878318886948473,0.5685665621681771,1
seg_007253,sample_02516,Motocross Mania - Monroeville Music Center,FAKE,1,Pop,udio,test,mp3_64,0.9748159768296198,0.5685665621681771,1
seg_007254,sample_02517,Music For an Underground Circu - Ergo Phizmiz,FAKE,1,Pop,udio,test,mp3_64,0.9869063389796611,0.5685665621681771,1
seg_007255,sample_02517,Music For an Underground Circu - Ergo Phizmiz,FAKE,1,Pop,udio,test,mp3_64,0.9236125079534339,0.5685665621681771,1
seg_007256,sample_02517,Music For an Underground Circu - Ergo Phizmiz,FAKE,1,Pop,udio,test,mp3_64,0.9711826196397484,0.5685665621681771,1
seg_007257,sample_02518,Music For an Underground Circu - Ergo Phizmiz,FAKE,1,Pop,udio,test,mp3_64,0.9869063389796611,0.5685665621681771,1
seg_007258,sample_02518,Music For an Underground Circu - Ergo Phizmiz,FAKE,1,Pop,udio,test,mp3_64,0.9236125079534339,0.5685665621681771,1
seg_007259,sample_02518,Music For an Underground Circu - Ergo Phizmiz,FAKE,1,Pop,udio,test,mp3_64,0.9984886529379307,0.5685665621681771,1
seg_007314,sample_02537,She Works / Tepid Waters - Bird Names,FAKE,1,Pop,udio,test,mp3_64,0.7661204624439107,0.5685665621681771,1
seg_007315,sample_02537,She Works / Tepid Waters - Bird Names,FAKE,1,Pop,udio,test,mp3_64,0.5006120439551469,0.5685665621681771,0
seg_007316,sample_02537,She Works / Tepid Waters - Bird Names,FAKE,1,Pop,udio,test,mp3_64,0.8616916377142488,0.5685665621681771,1
seg_007317,sample_02538,She Works / Tepid Waters - Bird Names,FAKE,1,Pop,udio,test,mp3_64,0.07322423209382263,0.5685665621681771,0
seg_007318,sample_02538,She Works / Tepid Waters - Bird Names,FAKE,1,Pop,udio,test,mp3_64,0.25190393424915536,0.5685665621681771,0
seg_007319,sample_02538,She Works / Tepid Waters - Bird Names,FAKE,1,Pop,udio,test,mp3_64,0.549584772034336,0.5685665621681771,0
seg_007326,sample_02541,Something Dirty - Ergo Phizmiz,FAKE,1,Pop,udio,test,mp3_64,0.8856785361200209,0.5685665621681771,1
seg_007327,sample_02541,Something Dirty - Ergo Phizmiz,FAKE,1,Pop,udio,test,mp3_64,0.8103355993552149,0.5685665621681771,1
seg_007328,sample_02541,Something Dirty - Ergo Phizmiz,FAKE,1,Pop,udio,test,mp3_64,0.8649375370754753,0.5685665621681771,1
seg_007329,sample_02542,Something Dirty - Ergo Phizmiz,FAKE,1,Pop,udio,test,mp3_64,0.8856785361200209,0.5685665621681771,1
seg_007330,sample_02542,Something Dirty - Ergo Phizmiz,FAKE,1,Pop,udio,test,mp3_64,0.8103355993552149,0.5685665621681771,1
seg_007331,sample_02542,Something Dirty - Ergo Phizmiz,FAKE,1,Pop,udio,test,mp3_64,0.9978457551624206,0.5685665621681771,1
seg_007386,sample_02561,Troubles I've seen - Malaventura,FAKE,1,Pop,udio,test,mp3_64,0.999747689972397,0.5685665621681771,1
seg_007387,sample_02561,Troubles I've seen - Malaventura,FAKE,1,Pop,udio,test,mp3_64,0.9997973574408336,0.5685665621681771,1
seg_007388,sample_02561,Troubles I've seen - Malaventura,FAKE,1,Pop,udio,test,mp3_64,0.9918518613214938,0.5685665621681771,1
seg_007389,sample_02562,Troubles I've seen - Malaventura,FAKE,1,Pop,udio,test,mp3_64,0.9386380219614032,0.5685665621681771,1
seg_007390,sample_02562,Troubles I've seen - Malaventura,FAKE,1,Pop,udio,test,mp3_64,0.8800553253812623,0.5685665621681771,1
seg_007391,sample_02562,Troubles I've seen - Malaventura,FAKE,1,Pop,udio,test,mp3_64,0.8573784848394524,0.5685665621681771,1
seg_007428,sample_02575,Attention - Pete Prodoehl,FAKE,1,Rock,udio,test,mp3_64,0.9007830912664178,0.5685665621681771,1
seg_007429,sample_02575,Attention - Pete Prodoehl,FAKE,1,Rock,udio,test,mp3_64,0.9994430056911804,0.5685665621681771,1
seg_007430,sample_02575,Attention - Pete Prodoehl,FAKE,1,Rock,udio,test,mp3_64,0.995728577654541,0.5685665621681771,1
seg_007431,sample_02576,Attention - Pete Prodoehl,FAKE,1,Rock,udio,test,mp3_64,0.5116546523318635,0.5685665621681771,0
seg_007432,sample_02576,Attention - Pete Prodoehl,FAKE,1,Rock,udio,test,mp3_64,0.637208008415785,0.5685665621681771,1
seg_007433,sample_02576,Attention - Pete Prodoehl,FAKE,1,Rock,udio,test,mp3_64,0.8803547831904323,0.5685665621681771,1
seg_007476,sample_02591,"Head of Ancante, Talking Tree - Ak'chamel, The Giver of Illness",FAKE,1,Rock,udio,test,mp3_64,0.9726208945251361,0.5685665621681771,1
seg_007477,sample_02591,"Head of Ancante, Talking Tree - Ak'chamel, The Giver of Illness",FAKE,1,Rock,udio,test,mp3_64,0.9996313950528559,0.5685665621681771,1
seg_007478,sample_02591,"Head of Ancante, Talking Tree - Ak'chamel, The Giver of Illness",FAKE,1,Rock,udio,test,mp3_64,0.905967872685604,0.5685665621681771,1
seg_007479,sample_02592,"Head of Ancante, Talking Tree - Ak'chamel, The Giver of Illness",FAKE,1,Rock,udio,test,mp3_64,0.8189709652833257,0.5685665621681771,1
seg_007480,sample_02592,"Head of Ancante, Talking Tree - Ak'chamel, The Giver of Illness",FAKE,1,Rock,udio,test,mp3_64,0.6948726235413953,0.5685665621681771,1
seg_007481,sample_02592,"Head of Ancante, Talking Tree - Ak'chamel, The Giver of Illness",FAKE,1,Rock,udio,test,mp3_64,0.8646030110436257,0.5685665621681771,1
seg_007500,sample_02599,I - Inflammator,FAKE,1,Rock,udio,test,mp3_64,0.9927200133616669,0.5685665621681771,1
seg_007501,sample_02599,I - Inflammator,FAKE,1,Rock,udio,test,mp3_64,0.9206008547020544,0.5685665621681771,1
seg_007502,sample_02599,I - Inflammator,FAKE,1,Rock,udio,test,mp3_64,0.9941755630828427,0.5685665621681771,1
seg_007503,sample_02600,I - Inflammator,FAKE,1,Rock,udio,test,mp3_64,0.9990681591140406,0.5685665621681771,1
seg_007504,sample_02600,I - Inflammator,FAKE,1,Rock,udio,test,mp3_64,0.992421748590318,0.5685665621681771,1
seg_007505,sample_02600,I - Inflammator,FAKE,1,Rock,udio,test,mp3_64,0.9879218198871843,0.5685665621681771,1
seg_007518,sample_02605,LIQUID SKULLS - voyageurs,FAKE,1,Rock,udio,test,mp3_64,0.7133136164335487,0.5685665621681771,1
seg_007519,sample_02605,LIQUID SKULLS - voyageurs,FAKE,1,Rock,udio,test,mp3_64,0.7643726466429758,0.5685665621681771,1
seg_007520,sample_02605,LIQUID SKULLS - voyageurs,FAKE,1,Rock,udio,test,mp3_64,0.9985008731805058,0.5685665621681771,1
seg_007521,sample_02606,LIQUID SKULLS - voyageurs,FAKE,1,Rock,udio,test,mp3_64,0.9680754093147907,0.5685665621681771,1
seg_007522,sample_02606,LIQUID SKULLS - voyageurs,FAKE,1,Rock,udio,test,mp3_64,0.922253220307938,0.5685665621681771,1
seg_007523,sample_02606,LIQUID SKULLS - voyageurs,FAKE,1,Rock,udio,test,mp3_64,0.3924090719279169,0.5685665621681771,0
seg_007530,sample_02609,Love Dream - The Zombie Dandies,FAKE,1,Rock,udio,test,mp3_64,0.9858385616501893,0.5685665621681771,1
seg_007531,sample_02609,Love Dream - The Zombie Dandies,FAKE,1,Rock,udio,test,mp3_64,0.9993527732396068,0.5685665621681771,1
seg_007532,sample_02609,Love Dream - The Zombie Dandies,FAKE,1,Rock,udio,test,mp3_64,0.9942806418348871,0.5685665621681771,1
seg_007533,sample_02610,Love Dream - The Zombie Dandies,FAKE,1,Rock,udio,test,mp3_64,0.8903992585594674,0.5685665621681771,1
seg_007534,sample_02610,Love Dream - The Zombie Dandies,FAKE,1,Rock,udio,test,mp3_64,0.9587823774823386,0.5685665621681771,1
seg_007535,sample_02610,Love Dream - The Zombie Dandies,FAKE,1,Rock,udio,test,mp3_64,0.9982800237905399,0.5685665621681771,1
seg_007608,sample_02635,Sfogare Il Dissenso - Deiezione HC,FAKE,1,Rock,udio,test,mp3_64,0.9396698144311899,0.5685665621681771,1
seg_007609,sample_02635,Sfogare Il Dissenso - Deiezione HC,FAKE,1,Rock,udio,test,mp3_64,0.9513194588149381,0.5685665621681771,1
seg_007610,sample_02635,Sfogare Il Dissenso - Deiezione HC,FAKE,1,Rock,udio,test,mp3_64,0.9961811019794339,0.5685665621681771,1
seg_007611,sample_02636,Sfogare Il Dissenso - Deiezione HC,FAKE,1,Rock,udio,test,mp3_64,0.9925405071730881,0.5685665621681771,1
seg_007612,sample_02636,Sfogare Il Dissenso - Deiezione HC,FAKE,1,Rock,udio,test,mp3_64,0.9996485634456875,0.5685665621681771,1
seg_007613,sample_02636,Sfogare Il Dissenso - Deiezione HC,FAKE,1,Rock,udio,test,mp3_64,0.9992271504335052,0.5685665621681771,1
seg_007632,sample_02643,Stuttgart - Portrayal,FAKE,1,Rock,udio,test,mp3_64,0.9052787427677735,0.5685665621681771,1
seg_007633,sample_02643,Stuttgart - Portrayal,FAKE,1,Rock,udio,test,mp3_64,0.8235421049041922,0.5685665621681771,1
seg_007634,sample_02643,Stuttgart - Portrayal,FAKE,1,Rock,udio,test,mp3_64,0.9913648006069713,0.5685665621681771,1
seg_007635,sample_02644,Stuttgart - Portrayal,FAKE,1,Rock,udio,test,mp3_64,0.9850868494057134,0.5685665621681771,1
seg_007636,sample_02644,Stuttgart - Portrayal,FAKE,1,Rock,udio,test,mp3_64,0.9689049427100306,0.5685665621681771,1
seg_007637,sample_02644,Stuttgart - Portrayal,FAKE,1,Rock,udio,test,mp3_64,0.9970849344651295,0.5685665621681771,1
seg_007638,sample_02645,Terve Teille - Чокнутый Пропеллер,FAKE,1,Rock,udio,test,mp3_64,0.8097351446679617,0.5685665621681771,1
seg_007639,sample_02645,Terve Teille - Чокнутый Пропеллер,FAKE,1,Rock,udio,test,mp3_64,0.6712644246020854,0.5685665621681771,1
seg_007640,sample_02645,Terve Teille - Чокнутый Пропеллер,FAKE,1,Rock,udio,test,mp3_64,0.8509781815799338,0.5685665621681771,1
seg_007641,sample_02646,Terve Teille - Чокнутый Пропеллер,FAKE,1,Rock,udio,test,mp3_64,0.9984766922367704,0.5685665621681771,1
seg_007642,sample_02646,Terve Teille - Чокнутый Пропеллер,FAKE,1,Rock,udio,test,mp3_64,0.973538067732547,0.5685665621681771,1
seg_007643,sample_02646,Terve Teille - Чокнутый Пропеллер,FAKE,1,Rock,udio,test,mp3_64,0.857533930644842,0.5685665621681771,1
seg_007680,sample_02659,Where Is Everything - The Moi Non Plus,FAKE,1,Rock,udio,test,mp3_64,0.9208778317623316,0.5685665621681771,1
seg_007681,sample_02659,Where Is Everything - The Moi Non Plus,FAKE,1,Rock,udio,test,mp3_64,0.9286107351786314,0.5685665621681771,1
seg_007682,sample_02659,Where Is Everything - The Moi Non Plus,FAKE,1,Rock,udio,test,mp3_64,0.9680431229172464,0.5685665621681771,1
seg_007683,sample_02660,Where Is Everything - The Moi Non Plus,FAKE,1,Rock,udio,test,mp3_64,0.9973214032891393,0.5685665621681771,1
seg_007684,sample_02660,Where Is Everything - The Moi Non Plus,FAKE,1,Rock,udio,test,mp3_64,0.9996050276880764,0.5685665621681771,1
seg_007685,sample_02660,Where Is Everything - The Moi Non Plus,FAKE,1,Rock,udio,test,mp3_64,0.9997716598988965,0.5685665621681771,1
seg_007686,sample_02661,Who Loves You Dear - Mink Lungs,FAKE,1,Rock,udio,test,mp3_64,0.8556860932720569,0.5685665621681771,1
seg_007687,sample_02661,Who Loves You Dear - Mink Lungs,FAKE,1,Rock,udio,test,mp3_64,0.6545151172730886,0.5685665621681771,1
seg_007688,sample_02661,Who Loves You Dear - Mink Lungs,FAKE,1,Rock,udio,test,mp3_64,0.5235488941500849,0.5685665621681771,0
seg_007689,sample_02662,Who Loves You Dear - Mink Lungs,FAKE,1,Rock,udio,test,mp3_64,0.8522590008263697,0.5685665621681771,1
seg_007690,sample_02662,Who Loves You Dear - Mink Lungs,FAKE,1,Rock,udio,test,mp3_64,0.7996884676318274,0.5685665621681771,1
seg_007691,sample_02662,Who Loves You Dear - Mink Lungs,FAKE,1,Rock,udio,test,mp3_64,0.8465375269711898,0.5685665621681771,1
seg_007740,sample_02679,Dance Harder - Three Chain Links,FAKE,1,Electronic,stableaudio,test,mp3_64,0.9961406344909323,0.5685665621681771,1
seg_007741,sample_02679,Dance Harder - Three Chain Links,FAKE,1,Electronic,stableaudio,test,mp3_64,0.9342974690428307,0.5685665621681771,1
seg_007742,sample_02679,Dance Harder - Three Chain Links,FAKE,1,Electronic,stableaudio,test,mp3_64,0.9997558910966616,0.5685665621681771,1
seg_007752,sample_02683,Fuckaboing - RoccoW,FAKE,1,Electronic,stableaudio,test,mp3_64,0.822504453161706,0.5685665621681771,1
seg_007753,sample_02683,Fuckaboing - RoccoW,FAKE,1,Electronic,stableaudio,test,mp3_64,0.9251376752901949,0.5685665621681771,1
seg_007754,sample_02683,Fuckaboing - RoccoW,FAKE,1,Electronic,stableaudio,test,mp3_64,0.9993594720354301,0.5685665621681771,1
seg_007776,sample_02691,Night Owl - Broke For Free,FAKE,1,Electronic,stableaudio,test,mp3_64,0.9352050429809133,0.5685665621681771,1
seg_007777,sample_02691,Night Owl - Broke For Free,FAKE,1,Electronic,stableaudio,test,mp3_64,0.9967515029499151,0.5685665621681771,1
seg_007778,sample_02691,Night Owl - Broke For Free,FAKE,1,Electronic,stableaudio,test,mp3_64,0.9880369060141015,0.5685665621681771,1
seg_007803,sample_02700,Pista Afuera - Epstein,FAKE,1,Electronic,stableaudio,test,mp3_64,0.40392799342453395,0.5685665621681771,0
seg_007804,sample_02700,Pista Afuera - Epstein,FAKE,1,Electronic,stableaudio,test,mp3_64,0.9396882452282435,0.5685665621681771,1
seg_007805,sample_02700,Pista Afuera - Epstein,FAKE,1,Electronic,stableaudio,test,mp3_64,0.9530246382431664,0.5685665621681771,1
seg_007809,sample_02702,Realize Me - Jim Rooster,FAKE,1,Electronic,stableaudio,test,mp3_64,0.9042004762092676,0.5685665621681771,1
seg_007810,sample_02702,Realize Me - Jim Rooster,FAKE,1,Electronic,stableaudio,test,mp3_64,0.9291284519237921,0.5685665621681771,1
seg_007811,sample_02702,Realize Me - Jim Rooster,FAKE,1,Electronic,stableaudio,test,mp3_64,0.9993160519578835,0.5685665621681771,1
seg_007812,sample_02703,Resistentialism - Nihilore,FAKE,1,Electronic,stableaudio,test,mp3_64,0.8471786413633186,0.5685665621681771,1
seg_007813,sample_02703,Resistentialism - Nihilore,FAKE,1,Electronic,stableaudio,test,mp3_64,0.7328881556635927,0.5685665621681771,1
seg_007814,sample_02703,Resistentialism - Nihilore,FAKE,1,Electronic,stableaudio,test,mp3_64,0.9958065300734646,0.5685665621681771,1
seg_007845,sample_02714,Ugh! Humans Can Join - Mystery Mammal,FAKE,1,Electronic,stableaudio,test,mp3_64,0.9570119726010784,0.5685665621681771,1
seg_007846,sample_02714,Ugh! Humans Can Join - Mystery Mammal,FAKE,1,Electronic,stableaudio,test,mp3_64,0.3524813226352434,0.5685665621681771,0
seg_007847,sample_02714,Ugh! Humans Can Join - Mystery Mammal,FAKE,1,Electronic,stableaudio,test,mp3_64,0.9773761917394558,0.5685665621681771,1
seg_007875,sample_02724,El Burrito - Malaventura,FAKE,1,Pop,stableaudio,test,mp3_64,0.7254573936803976,0.5685665621681771,1
seg_007876,sample_02724,El Burrito - Malaventura,FAKE,1,Pop,stableaudio,test,mp3_64,0.5975626936204068,0.5685665621681771,1
seg_007877,sample_02724,El Burrito - Malaventura,FAKE,1,Pop,stableaudio,test,mp3_64,0.9972200346576767,0.5685665621681771,1
seg_007926,sample_02741,Motocross Mania - Monroeville Music Center,FAKE,1,Pop,stableaudio,test,mp3_64,0.9008898997525838,0.5685665621681771,1
seg_007927,sample_02741,Motocross Mania - Monroeville Music Center,FAKE,1,Pop,stableaudio,test,mp3_64,0.684913344055824,0.5685665621681771,1
seg_007928,sample_02741,Motocross Mania - Monroeville Music Center,FAKE,1,Pop,stableaudio,test,mp3_64,0.9948950117667638,0.5685665621681771,1
seg_007929,sample_02742,Music For an Underground Circu - Ergo Phizmiz,FAKE,1,Pop,stableaudio,test,mp3_64,0.8424874205797525,0.5685665621681771,1
seg_007930,sample_02742,Music For an Underground Circu - Ergo Phizmiz,FAKE,1,Pop,stableaudio,test,mp3_64,0.8728573081733154,0.5685665621681771,1
seg_007931,sample_02742,Music For an Underground Circu - Ergo Phizmiz,FAKE,1,Pop,stableaudio,test,mp3_64,0.9996215015721568,0.5685665621681771,1
seg_007959,sample_02752,Production - Bird Names,FAKE,1,Pop,stableaudio,test,mp3_64,0.47239927411947114,0.5685665621681771,0
seg_007960,sample_02752,Production - Bird Names,FAKE,1,Pop,stableaudio,test,mp3_64,0.6806041117841042,0.5685665621681771,1
seg_007961,sample_02752,Production - Bird Names,FAKE,1,Pop,stableaudio,test,mp3_64,0.9993156839206245,0.5685665621681771,1
seg_007971,sample_02756,She Works / Tepid Waters - Bird Names,FAKE,1,Pop,stableaudio,test,mp3_64,0.9978078396902254,0.5685665621681771,1
seg_007972,sample_02756,She Works / Tepid Waters - Bird Names,FAKE,1,Pop,stableaudio,test,mp3_64,0.9630494290358856,0.5685665621681771,1
seg_007973,sample_02756,She Works / Tepid Waters - Bird Names,FAKE,1,Pop,stableaudio,test,mp3_64,0.9989320779362038,0.5685665621681771,1
seg_007980,sample_02759,Something Dirty - Ergo Phizmiz,FAKE,1,Pop,stableaudio,test,mp3_64,0.9906765151702723,0.5685665621681771,1
seg_007981,sample_02759,Something Dirty - Ergo Phizmiz,FAKE,1,Pop,stableaudio,test,mp3_64,0.6023369533124254,0.5685665621681771,1
seg_007982,sample_02759,Something Dirty - Ergo Phizmiz,FAKE,1,Pop,stableaudio,test,mp3_64,0.9999967650183008,0.5685665621681771,1
seg_008004,sample_02767,"The Pursuit of Unintentional Humor - Oh Yeah, the Future",FAKE,1,Pop,stableaudio,test,mp3_64,0.97258468418947,0.5685665621681771,1
seg_008005,sample_02767,"The Pursuit of Unintentional Humor - Oh Yeah, the Future",FAKE,1,Pop,stableaudio,test,mp3_64,0.8871207462155309,0.5685665621681771,1
seg_008006,sample_02767,"The Pursuit of Unintentional Humor - Oh Yeah, the Future",FAKE,1,Pop,stableaudio,test,mp3_64,0.9999258523209373,0.5685665621681771,1
seg_008022,sample_02773,Troubles I've seen - Malaventura,FAKE,1,Pop,stableaudio,test,mp3_64,0.7745843766806809,0.5685665621681771,1
seg_008023,sample_02773,Troubles I've seen - Malaventura,FAKE,1,Pop,stableaudio,test,mp3_64,0.8453476700038889,0.5685665621681771,1
seg_008024,sample_02773,Troubles I've seen - Malaventura,FAKE,1,Pop,stableaudio,test,mp3_64,0.9792490401702276,0.5685665621681771,1
seg_008049,sample_02782,5 (Lexington) - Isle of Pine,FAKE,1,Rock,stableaudio,test,mp3_64,0.9992605951568988,0.5685665621681771,1
seg_008050,sample_02782,5 (Lexington) - Isle of Pine,FAKE,1,Rock,stableaudio,test,mp3_64,0.6048893657109145,0.5685665621681771,1
seg_008051,sample_02782,5 (Lexington) - Isle of Pine,FAKE,1,Rock,stableaudio,test,mp3_64,0.9998599937034025,0.5685665621681771,1
seg_008058,sample_02785,Attention - Pete Prodoehl,FAKE,1,Rock,stableaudio,test,mp3_64,0.9964777246727463,0.5685665621681771,1
seg_008059,sample_02785,Attention - Pete Prodoehl,FAKE,1,Rock,stableaudio,test,mp3_64,0.8373638750877488,0.5685665621681771,1
seg_008060,sample_02785,Attention - Pete Prodoehl,FAKE,1,Rock,stableaudio,test,mp3_64,0.999973893648808,0.5685665621681771,1
seg_008127,sample_02808,"Head of Ancante, Talking Tree - Ak'chamel, The Giver of Illness",FAKE,1,Rock,stableaudio,test,mp3_64,0.9409157629661855,0.5685665621681771,1
seg_008128,sample_02808,"Head of Ancante, Talking Tree - Ak'chamel, The Giver of Illness",FAKE,1,Rock,stableaudio,test,mp3_64,0.9185147732456939,0.5685665621681771,1
seg_008129,sample_02808,"Head of Ancante, Talking Tree - Ak'chamel, The Giver of Illness",FAKE,1,Rock,stableaudio,test,mp3_64,0.9995210946449133,0.5685665621681771,1
seg_008169,sample_02822,LIQUID SKULLS - voyageurs,FAKE,1,Rock,stableaudio,test,mp3_64,0.9000984076197908,0.5685665621681771,1
seg_008170,sample_02822,LIQUID SKULLS - voyageurs,FAKE,1,Rock,stableaudio,test,mp3_64,0.9895943840964185,0.5685665621681771,1
seg_008171,sample_02822,LIQUID SKULLS - voyageurs,FAKE,1,Rock,stableaudio,test,mp3_64,0.9997829545653951,0.5685665621681771,1
seg_008175,sample_02824,Love Dream - The Zombie Dandies,FAKE,1,Rock,stableaudio,test,mp3_64,0.8800259164532742,0.5685665621681771,1
seg_008176,sample_02824,Love Dream - The Zombie Dandies,FAKE,1,Rock,stableaudio,test,mp3_64,0.695933938482945,0.5685665621681771,1
seg_008177,sample_02824,Love Dream - The Zombie Dandies,FAKE,1,Rock,stableaudio,test,mp3_64,0.9999783185854425,0.5685665621681771,1
seg_008199,sample_02832,Puertas de Fuego - Guerra de Cerdos,FAKE,1,Rock,stableaudio,test,mp3_64,0.8917229848654026,0.5685665621681771,1
seg_008200,sample_02832,Puertas de Fuego - Guerra de Cerdos,FAKE,1,Rock,stableaudio,test,mp3_64,0.9755063400279544,0.5685665621681771,1
seg_008201,sample_02832,Puertas de Fuego - Guerra de Cerdos,FAKE,1,Rock,stableaudio,test,mp3_64,0.999939178542671,0.5685665621681771,1
seg_008220,sample_02839,Sfogare Il Dissenso - Deiezione HC,FAKE,1,Rock,stableaudio,test,mp3_64,0.9453226358066935,0.5685665621681771,1
seg_008221,sample_02839,Sfogare Il Dissenso - Deiezione HC,FAKE,1,Rock,stableaudio,test,mp3_64,0.9981556592117661,0.5685665621681771,1
seg_008222,sample_02839,Sfogare Il Dissenso - Deiezione HC,FAKE,1,Rock,stableaudio,test,mp3_64,0.9990199602618227,0.5685665621681771,1
seg_008232,sample_02843,Sonzis FM - Pipe Choir,FAKE,1,Rock,stableaudio,test,mp3_64,0.9494040702591516,0.5685665621681771,1
seg_008233,sample_02843,Sonzis FM - Pipe Choir,FAKE,1,Rock,stableaudio,test,mp3_64,0.9788936887213378,0.5685665621681771,1
seg_008234,sample_02843,Sonzis FM - Pipe Choir,FAKE,1,Rock,stableaudio,test,mp3_64,0.9959208665871697,0.5685665621681771,1
seg_008241,sample_02846,Stuttgart - Portrayal,FAKE,1,Rock,stableaudio,test,mp3_64,0.9984776070781715,0.5685665621681771,1
seg_008242,sample_02846,Stuttgart - Portrayal,FAKE,1,Rock,stableaudio,test,mp3_64,0.8270256328025752,0.5685665621681771,1
seg_008243,sample_02846,Stuttgart - Portrayal,FAKE,1,Rock,stableaudio,test,mp3_64,0.9990843380384313,0.5685665621681771,1
seg_008259,sample_02852,Untitled - Fatal Injection,FAKE,1,Rock,stableaudio,test,mp3_64,0.9439478223923127,0.5685665621681771,1
seg_008260,sample_02852,Untitled - Fatal Injection,FAKE,1,Rock,stableaudio,test,mp3_64,0.30140432232279235,0.5685665621681771,0
seg_008261,sample_02852,Untitled - Fatal Injection,FAKE,1,Rock,stableaudio,test,mp3_64,0.981053014369697,0.5685665621681771,1
seg_008274,sample_02857,Who Loves You Dear - Mink Lungs,FAKE,1,Rock,stableaudio,test,mp3_64,0.9853101659815907,0.5685665621681771,1
seg_008275,sample_02857,Who Loves You Dear - Mink Lungs,FAKE,1,Rock,stableaudio,test,mp3_64,0.9331884182362319,0.5685665621681771,1
seg_008276,sample_02857,Who Loves You Dear - Mink Lungs,FAKE,1,Rock,stableaudio,test,mp3_64,0.9999757606419566,0.5685665621681771,1
seg_008334,sample_02877,Attention - Pete Prodoehl,FAKE,1,Rock,elevenlabs,test,mp3_64,0.9876809900092276,0.5685665621681771,1
seg_008335,sample_02877,Attention - Pete Prodoehl,FAKE,1,Rock,elevenlabs,test,mp3_64,0.9426261073574552,0.5685665621681771,1
seg_008336,sample_02877,Attention - Pete Prodoehl,FAKE,1,Rock,elevenlabs,test,mp3_64,0.9961799467198675,0.5685665621681771,1
seg_008337,sample_02878,Attention - Pete Prodoehl,FAKE,1,Rock,elevenlabs,test,mp3_64,0.9797742511375761,0.5685665621681771,1
seg_008338,sample_02878,Attention - Pete Prodoehl,FAKE,1,Rock,elevenlabs,test,mp3_64,0.9400667897749894,0.5685665621681771,1
seg_008339,sample_02878,Attention - Pete Prodoehl,FAKE,1,Rock,elevenlabs,test,mp3_64,0.996620751552676,0.5685665621681771,1
seg_008412,sample_02903,Dance Harder - Three Chain Links,FAKE,1,Electronic,elevenlabs,test,mp3_64,0.7939311399768985,0.5685665621681771,1
seg_008413,sample_02903,Dance Harder - Three Chain Links,FAKE,1,Electronic,elevenlabs,test,mp3_64,0.9954253727307271,0.5685665621681771,1
seg_008414,sample_02903,Dance Harder - Three Chain Links,FAKE,1,Electronic,elevenlabs,test,mp3_64,0.9940422498977374,0.5685665621681771,1
seg_008415,sample_02904,Dance Harder - Three Chain Links,FAKE,1,Electronic,elevenlabs,test,mp3_64,0.659332752938857,0.5685665621681771,1
seg_008416,sample_02904,Dance Harder - Three Chain Links,FAKE,1,Electronic,elevenlabs,test,mp3_64,0.9955117533769386,0.5685665621681771,1
seg_008417,sample_02904,Dance Harder - Three Chain Links,FAKE,1,Electronic,elevenlabs,test,mp3_64,0.9766265693726952,0.5685665621681771,1
seg_008424,sample_02907,Different Day - First,FAKE,1,Pop,elevenlabs,test,mp3_64,0.9044179400449309,0.5685665621681771,1
seg_008425,sample_02907,Different Day - First,FAKE,1,Pop,elevenlabs,test,mp3_64,0.9094824073251954,0.5685665621681771,1
seg_008426,sample_02907,Different Day - First,FAKE,1,Pop,elevenlabs,test,mp3_64,0.9832273514986439,0.5685665621681771,1
seg_008427,sample_02908,Different Day - First,FAKE,1,Pop,elevenlabs,test,mp3_64,0.9137295915718774,0.5685665621681771,1
seg_008428,sample_02908,Different Day - First,FAKE,1,Pop,elevenlabs,test,mp3_64,0.9216007854553727,0.5685665621681771,1
seg_008429,sample_02908,Different Day - First,FAKE,1,Pop,elevenlabs,test,mp3_64,0.9627920897483536,0.5685665621681771,1
seg_008496,sample_02931,Fuckaboing - RoccoW,FAKE,1,Electronic,elevenlabs,test,mp3_64,0.9774756196595573,0.5685665621681771,1
seg_008497,sample_02931,Fuckaboing - RoccoW,FAKE,1,Electronic,elevenlabs,test,mp3_64,0.9941308970416857,0.5685665621681771,1
seg_008498,sample_02931,Fuckaboing - RoccoW,FAKE,1,Electronic,elevenlabs,test,mp3_64,0.9914077950227589,0.5685665621681771,1
seg_008499,sample_02932,Fuckaboing - RoccoW,FAKE,1,Electronic,elevenlabs,test,mp3_64,0.928946684758565,0.5685665621681771,1
seg_008500,sample_02932,Fuckaboing - RoccoW,FAKE,1,Electronic,elevenlabs,test,mp3_64,0.9780302192287835,0.5685665621681771,1
seg_008501,sample_02932,Fuckaboing - RoccoW,FAKE,1,Electronic,elevenlabs,test,mp3_64,0.5307665139740511,0.5685665621681771,0
seg_008520,sample_02939,"Head of Ancante, Talking Tree - Ak'chamel, The Giver of Illness",FAKE,1,Rock,elevenlabs,test,mp3_64,0.9058526662584456,0.5685665621681771,1
seg_008521,sample_02939,"Head of Ancante, Talking Tree - Ak'chamel, The Giver of Illness",FAKE,1,Rock,elevenlabs,test,mp3_64,0.17646902049700636,0.5685665621681771,0
seg_008522,sample_02939,"Head of Ancante, Talking Tree - Ak'chamel, The Giver of Illness",FAKE,1,Rock,elevenlabs,test,mp3_64,0.7188781550794284,0.5685665621681771,1
seg_008523,sample_02940,"Head of Ancante, Talking Tree - Ak'chamel, The Giver of Illness",FAKE,1,Rock,elevenlabs,test,mp3_64,0.9867733478641509,0.5685665621681771,1
seg_008524,sample_02940,"Head of Ancante, Talking Tree - Ak'chamel, The Giver of Illness",FAKE,1,Rock,elevenlabs,test,mp3_64,0.48169083730047646,0.5685665621681771,0
seg_008525,sample_02940,"Head of Ancante, Talking Tree - Ak'chamel, The Giver of Illness",FAKE,1,Rock,elevenlabs,test,mp3_64,0.8194189091773124,0.5685665621681771,1
seg_008526,sample_02941,"Hungry - Oh Yeah, the Future",FAKE,1,Pop,elevenlabs,test,mp3_64,0.9812908267357996,0.5685665621681771,1
seg_008527,sample_02941,"Hungry - Oh Yeah, the Future",FAKE,1,Pop,elevenlabs,test,mp3_64,0.8966234815778292,0.5685665621681771,1
seg_008528,sample_02941,"Hungry - Oh Yeah, the Future",FAKE,1,Pop,elevenlabs,test,mp3_64,0.9953132379349057,0.5685665621681771,1
seg_008529,sample_02942,"Hungry - Oh Yeah, the Future",FAKE,1,Pop,elevenlabs,test,mp3_64,0.9722082181264441,0.5685665621681771,1
seg_008530,sample_02942,"Hungry - Oh Yeah, the Future",FAKE,1,Pop,elevenlabs,test,mp3_64,0.9149874409201314,0.5685665621681771,1
seg_008531,sample_02942,"Hungry - Oh Yeah, the Future",FAKE,1,Pop,elevenlabs,test,mp3_64,0.9995191411636688,0.5685665621681771,1
seg_008544,sample_02947,I - Inflammator,FAKE,1,Rock,elevenlabs,test,mp3_64,0.9403602573883572,0.5685665621681771,1
seg_008545,sample_02947,I - Inflammator,FAKE,1,Rock,elevenlabs,test,mp3_64,0.9822697737271844,0.5685665621681771,1
seg_008546,sample_02947,I - Inflammator,FAKE,1,Rock,elevenlabs,test,mp3_64,0.9949100562910631,0.5685665621681771,1
seg_008547,sample_02948,I - Inflammator,FAKE,1,Rock,elevenlabs,test,mp3_64,0.9006629010377533,0.5685665621681771,1
seg_008548,sample_02948,I - Inflammator,FAKE,1,Rock,elevenlabs,test,mp3_64,0.900885911042233,0.5685665621681771,1
seg_008549,sample_02948,I - Inflammator,FAKE,1,Rock,elevenlabs,test,mp3_64,0.9963492783201712,0.5685665621681771,1
seg_008616,sample_02971,LIQUID SKULLS - voyageurs,FAKE,1,Rock,elevenlabs,test,mp3_64,0.9685878269025531,0.5685665621681771,1
seg_008617,sample_02971,LIQUID SKULLS - voyageurs,FAKE,1,Rock,elevenlabs,test,mp3_64,0.9843704815573578,0.5685665621681771,1
seg_008618,sample_02971,LIQUID SKULLS - voyageurs,FAKE,1,Rock,elevenlabs,test,mp3_64,0.9889813820798571,0.5685665621681771,1
seg_008619,sample_02972,LIQUID SKULLS - voyageurs,FAKE,1,Rock,elevenlabs,test,mp3_64,0.7877614540325628,0.5685665621681771,1
seg_008620,sample_02972,LIQUID SKULLS - voyageurs,FAKE,1,Rock,elevenlabs,test,mp3_64,0.9957752617862426,0.5685665621681771,1
seg_008621,sample_02972,LIQUID SKULLS - voyageurs,FAKE,1,Rock,elevenlabs,test,mp3_64,0.9968553903064878,0.5685665621681771,1
seg_008634,sample_02977,Love Dream - The Zombie Dandies,FAKE,1,Rock,elevenlabs,test,mp3_64,0.9164710085495675,0.5685665621681771,1
seg_008635,sample_02977,Love Dream - The Zombie Dandies,FAKE,1,Rock,elevenlabs,test,mp3_64,0.9385969233910177,0.5685665621681771,1
seg_008636,sample_02977,Love Dream - The Zombie Dandies,FAKE,1,Rock,elevenlabs,test,mp3_64,0.9394137963682186,0.5685665621681771,1
seg_008637,sample_02978,Love Dream - The Zombie Dandies,FAKE,1,Rock,elevenlabs,test,mp3_64,0.8855384877508087,0.5685665621681771,1
seg_008638,sample_02978,Love Dream - The Zombie Dandies,FAKE,1,Rock,elevenlabs,test,mp3_64,0.9159222868874959,0.5685665621681771,1
seg_008639,sample_02978,Love Dream - The Zombie Dandies,FAKE,1,Rock,elevenlabs,test,mp3_64,0.994939663945782,0.5685665621681771,1
seg_008676,sample_02991,Motocross Mania - Monroeville Music Center,FAKE,1,Pop,elevenlabs,test,mp3_64,0.9907275638562325,0.5685665621681771,1
seg_008677,sample_02991,Motocross Mania - Monroeville Music Center,FAKE,1,Pop,elevenlabs,test,mp3_64,0.9893861443777641,0.5685665621681771,1
seg_008678,sample_02991,Motocross Mania - Monroeville Music Center,FAKE,1,Pop,elevenlabs,test,mp3_64,0.997354254064978,0.5685665621681771,1
seg_008679,sample_02992,Motocross Mania - Monroeville Music Center,FAKE,1,Pop,elevenlabs,test,mp3_64,0.9993000006781578,0.5685665621681771,1
seg_008680,sample_02992,Motocross Mania - Monroeville Music Center,FAKE,1,Pop,elevenlabs,test,mp3_64,0.9959459370580304,0.5685665621681771,1
seg_008681,sample_02992,Motocross Mania - Monroeville Music Center,FAKE,1,Pop,elevenlabs,test,mp3_64,0.9981769373948068,0.5685665621681771,1
seg_008688,sample_02995,Music For an Underground Circu - Ergo Phizmiz,FAKE,1,Pop,elevenlabs,test,mp3_64,0.933407173668963,0.5685665621681771,1
seg_008689,sample_02995,Music For an Underground Circu - Ergo Phizmiz,FAKE,1,Pop,elevenlabs,test,mp3_64,0.38598173614853615,0.5685665621681771,0
seg_008690,sample_02995,Music For an Underground Circu - Ergo Phizmiz,FAKE,1,Pop,elevenlabs,test,mp3_64,0.995965578773946,0.5685665621681771,1
seg_008691,sample_02996,Music For an Underground Circu - Ergo Phizmiz,FAKE,1,Pop,elevenlabs,test,mp3_64,0.9857411198298509,0.5685665621681771,1
seg_008692,sample_02996,Music For an Underground Circu - Ergo Phizmiz,FAKE,1,Pop,elevenlabs,test,mp3_64,0.9732478730950955,0.5685665621681771,1
seg_008693,sample_02996,Music For an Underground Circu - Ergo Phizmiz,FAKE,1,Pop,elevenlabs,test,mp3_64,0.9999797828530139,0.5685665621681771,1
seg_008712,sample_03003,Night Owl - Broke For Free,FAKE,1,Electronic,elevenlabs,test,mp3_64,0.9958115680856596,0.5685665621681771,1
seg_008713,sample_03003,Night Owl - Broke For Free,FAKE,1,Electronic,elevenlabs,test,mp3_64,0.9581749226996918,0.5685665621681771,1
seg_008714,sample_03003,Night Owl - Broke For Free,FAKE,1,Electronic,elevenlabs,test,mp3_64,0.9999297101016964,0.5685665621681771,1
seg_008715,sample_03004,Night Owl - Broke For Free,FAKE,1,Electronic,elevenlabs,test,mp3_64,0.9979052228652656,0.5685665621681771,1
seg_008716,sample_03004,Night Owl - Broke For Free,FAKE,1,Electronic,elevenlabs,test,mp3_64,0.9876394605556185,0.5685665621681771,1
seg_008717,sample_03004,Night Owl - Broke For Free,FAKE,1,Electronic,elevenlabs,test,mp3_64,0.7226631306607135,0.5685665621681771,1
seg_008796,sample_03031,Pista Afuera - Epstein,FAKE,1,Electronic,elevenlabs,test,mp3_64,0.9976281728800054,0.5685665621681771,1
seg_008797,sample_03031,Pista Afuera - Epstein,FAKE,1,Electronic,elevenlabs,test,mp3_64,0.7369488451460544,0.5685665621681771,1
seg_008798,sample_03031,Pista Afuera - Epstein,FAKE,1,Electronic,elevenlabs,test,mp3_64,0.6652987010247796,0.5685665621681771,1
seg_008799,sample_03032,Pista Afuera - Epstein,FAKE,1,Electronic,elevenlabs,test,mp3_64,0.9812965435143798,0.5685665621681771,1
seg_008800,sample_03032,Pista Afuera - Epstein,FAKE,1,Electronic,elevenlabs,test,mp3_64,0.9039849206947905,0.5685665621681771,1
seg_008801,sample_03032,Pista Afuera - Epstein,FAKE,1,Electronic,elevenlabs,test,mp3_64,0.9821505644954429,0.5685665621681771,1
seg_008808,sample_03035,Realize Me - Jim Rooster,FAKE,1,Electronic,elevenlabs,test,mp3_64,0.9967387367687714,0.5685665621681771,1
seg_008809,sample_03035,Realize Me - Jim Rooster,FAKE,1,Electronic,elevenlabs,test,mp3_64,0.9636220558093878,0.5685665621681771,1
seg_008810,sample_03035,Realize Me - Jim Rooster,FAKE,1,Electronic,elevenlabs,test,mp3_64,0.98986598974698,0.5685665621681771,1
seg_008811,sample_03036,Realize Me - Jim Rooster,FAKE,1,Electronic,elevenlabs,test,mp3_64,0.8920806908725618,0.5685665621681771,1
seg_008812,sample_03036,Realize Me - Jim Rooster,FAKE,1,Electronic,elevenlabs,test,mp3_64,0.9445004310191086,0.5685665621681771,1
seg_008813,sample_03036,Realize Me - Jim Rooster,FAKE,1,Electronic,elevenlabs,test,mp3_64,0.9983791952605132,0.5685665621681771,1
seg_008814,sample_03037,Resistentialism - Nihilore,FAKE,1,Electronic,elevenlabs,test,mp3_64,0.9791916900975983,0.5685665621681771,1
seg_008815,sample_03037,Resistentialism - Nihilore,FAKE,1,Electronic,elevenlabs,test,mp3_64,0.7602779429984605,0.5685665621681771,1
seg_008816,sample_03037,Resistentialism - Nihilore,FAKE,1,Electronic,elevenlabs,test,mp3_64,0.997495011943225,0.5685665621681771,1
seg_008817,sample_03038,Resistentialism - Nihilore,FAKE,1,Electronic,elevenlabs,test,mp3_64,0.9355239572506601,0.5685665621681771,1
seg_008818,sample_03038,Resistentialism - Nihilore,FAKE,1,Electronic,elevenlabs,test,mp3_64,0.9852146555291491,0.5685665621681771,1
seg_008819,sample_03038,Resistentialism - Nihilore,FAKE,1,Electronic,elevenlabs,test,mp3_64,0.9801924287429781,0.5685665621681771,1
seg_008886,sample_03061,Sfogare Il Dissenso - Deiezione HC,FAKE,1,Rock,elevenlabs,test,mp3_64,0.9869319615050636,0.5685665621681771,1
seg_008887,sample_03061,Sfogare Il Dissenso - Deiezione HC,FAKE,1,Rock,elevenlabs,test,mp3_64,0.9314740096709571,0.5685665621681771,1
seg_008888,sample_03061,Sfogare Il Dissenso - Deiezione HC,FAKE,1,Rock,elevenlabs,test,mp3_64,0.9668573994205314,0.5685665621681771,1
seg_008889,sample_03062,Sfogare Il Dissenso - Deiezione HC,FAKE,1,Rock,elevenlabs,test,mp3_64,0.9134891997798766,0.5685665621681771,1
seg_008890,sample_03062,Sfogare Il Dissenso - Deiezione HC,FAKE,1,Rock,elevenlabs,test,mp3_64,0.8948457483998272,0.5685665621681771,1
seg_008891,sample_03062,Sfogare Il Dissenso - Deiezione HC,FAKE,1,Rock,elevenlabs,test,mp3_64,0.3063634571628193,0.5685665621681771,0
seg_008898,sample_03065,She Works / Tepid Waters - Bird Names,FAKE,1,Pop,elevenlabs,test,mp3_64,0.9996271699077731,0.5685665621681771,1
seg_008899,sample_03065,She Works / Tepid Waters - Bird Names,FAKE,1,Pop,elevenlabs,test,mp3_64,0.5935249468204934,0.5685665621681771,1
seg_008900,sample_03065,She Works / Tepid Waters - Bird Names,FAKE,1,Pop,elevenlabs,test,mp3_64,0.954256410099201,0.5685665621681771,1
seg_008901,sample_03066,She Works / Tepid Waters - Bird Names,FAKE,1,Pop,elevenlabs,test,mp3_64,0.9547849101138457,0.5685665621681771,1
seg_008902,sample_03066,She Works / Tepid Waters - Bird Names,FAKE,1,Pop,elevenlabs,test,mp3_64,0.7991921302077831,0.5685665621681771,1
seg_008903,sample_03066,She Works / Tepid Waters - Bird Names,FAKE,1,Pop,elevenlabs,test,mp3_64,0.9925280474892763,0.5685665621681771,1
seg_008916,sample_03071,Something Dirty - Ergo Phizmiz,FAKE,1,Pop,elevenlabs,test,mp3_64,0.8775030510301327,0.5685665621681771,1
seg_008917,sample_03071,Something Dirty - Ergo Phizmiz,FAKE,1,Pop,elevenlabs,test,mp3_64,0.6260855319951161,0.5685665621681771,1
seg_008918,sample_03071,Something Dirty - Ergo Phizmiz,FAKE,1,Pop,elevenlabs,test,mp3_64,0.9969053735372988,0.5685665621681771,1
seg_008919,sample_03072,Something Dirty - Ergo Phizmiz,FAKE,1,Pop,elevenlabs,test,mp3_64,0.7699396079388078,0.5685665621681771,1
seg_008920,sample_03072,Something Dirty - Ergo Phizmiz,FAKE,1,Pop,elevenlabs,test,mp3_64,0.9790171476747772,0.5685665621681771,1
seg_008921,sample_03072,Something Dirty - Ergo Phizmiz,FAKE,1,Pop,elevenlabs,test,mp3_64,0.9697163533348129,0.5685665621681771,1
seg_008952,sample_03083,Stuttgart - Portrayal,FAKE,1,Rock,elevenlabs,test,mp3_64,0.17651575167975586,0.5685665621681771,0
seg_008953,sample_03083,Stuttgart - Portrayal,FAKE,1,Rock,elevenlabs,test,mp3_64,0.7609242429464488,0.5685665621681771,1
seg_008954,sample_03083,Stuttgart - Portrayal,FAKE,1,Rock,elevenlabs,test,mp3_64,0.9995956246999967,0.5685665621681771,1
seg_008955,sample_03084,Stuttgart - Portrayal,FAKE,1,Rock,elevenlabs,test,mp3_64,0.9174401017583416,0.5685665621681771,1
seg_008956,sample_03084,Stuttgart - Portrayal,FAKE,1,Rock,elevenlabs,test,mp3_64,0.9791296192785758,0.5685665621681771,1
seg_008957,sample_03084,Stuttgart - Portrayal,FAKE,1,Rock,elevenlabs,test,mp3_64,0.7296552752595352,0.5685665621681771,1
seg_008970,sample_03089,Terve Teille - Чокнутый Пропеллер,FAKE,1,Rock,elevenlabs,test,mp3_64,0.3585058947402341,0.5685665621681771,0
seg_008971,sample_03089,Terve Teille - Чокнутый Пропеллер,FAKE,1,Rock,elevenlabs,test,mp3_64,0.9019580994972943,0.5685665621681771,1
seg_008972,sample_03089,Terve Teille - Чокнутый Пропеллер,FAKE,1,Rock,elevenlabs,test,mp3_64,0.9980588981592593,0.5685665621681771,1
seg_008973,sample_03090,Terve Teille - Чокнутый Пропеллер,FAKE,1,Rock,elevenlabs,test,mp3_64,0.8835742797082414,0.5685665621681771,1
seg_008974,sample_03090,Terve Teille - Чокнутый Пропеллер,FAKE,1,Rock,elevenlabs,test,mp3_64,0.966537967657315,0.5685665621681771,1
seg_008975,sample_03090,Terve Teille - Чокнутый Пропеллер,FAKE,1,Rock,elevenlabs,test,mp3_64,0.9283249446226567,0.5685665621681771,1
seg_009060,sample_03119,Troubles I've seen - Malaventura,FAKE,1,Pop,elevenlabs,test,mp3_64,0.9942678960115898,0.5685665621681771,1
seg_009061,sample_03119,Troubles I've seen - Malaventura,FAKE,1,Pop,elevenlabs,test,mp3_64,0.9035955156871353,0.5685665621681771,1
seg_009062,sample_03119,Troubles I've seen - Malaventura,FAKE,1,Pop,elevenlabs,test,mp3_64,0.9991147561313786,0.5685665621681771,1
seg_009063,sample_03120,Troubles I've seen - Malaventura,FAKE,1,Pop,elevenlabs,test,mp3_64,0.9093287455874278,0.5685665621681771,1
seg_009064,sample_03120,Troubles I've seen - Malaventura,FAKE,1,Pop,elevenlabs,test,mp3_64,0.7368037841919242,0.5685665621681771,1
seg_009065,sample_03120,Troubles I've seen - Malaventura,FAKE,1,Pop,elevenlabs,test,mp3_64,0.8034472563725161,0.5685665621681771,1
seg_009066,sample_03121,Ugh! Humans Can Join - Mystery Mammal,FAKE,1,Electronic,elevenlabs,test,mp3_64,0.6912294343316502,0.5685665621681771,1
seg_009067,sample_03121,Ugh! Humans Can Join - Mystery Mammal,FAKE,1,Electronic,elevenlabs,test,mp3_64,0.6074487559848337,0.5685665621681771,1
seg_009068,sample_03121,Ugh! Humans Can Join - Mystery Mammal,FAKE,1,Electronic,elevenlabs,test,mp3_64,0.9999970766146852,0.5685665621681771,1
seg_009069,sample_03122,Ugh! Humans Can Join - Mystery Mammal,FAKE,1,Electronic,elevenlabs,test,mp3_64,0.7295543808850099,0.5685665621681771,1
seg_009070,sample_03122,Ugh! Humans Can Join - Mystery Mammal,FAKE,1,Electronic,elevenlabs,test,mp3_64,0.9566217187794962,0.5685665621681771,1
seg_009071,sample_03122,Ugh! Humans Can Join - Mystery Mammal,FAKE,1,Electronic,elevenlabs,test,mp3_64,0.9127431853393024,0.5685665621681771,1
seg_009102,sample_03133,Where Is Everything - The Moi Non Plus,FAKE,1,Rock,elevenlabs,test,mp3_64,0.945049901648462,0.5685665621681771,1
seg_009103,sample_03133,Where Is Everything - The Moi Non Plus,FAKE,1,Rock,elevenlabs,test,mp3_64,0.46726202211036993,0.5685665621681771,0
seg_009104,sample_03133,Where Is Everything - The Moi Non Plus,FAKE,1,Rock,elevenlabs,test,mp3_64,0.9803436796749393,0.5685665621681771,1
seg_009105,sample_03134,Where Is Everything - The Moi Non Plus,FAKE,1,Rock,elevenlabs,test,mp3_64,0.9656214630097242,0.5685665621681771,1
seg_009106,sample_03134,Where Is Everything - The Moi Non Plus,FAKE,1,Rock,elevenlabs,test,mp3_64,0.7343354234379014,0.5685665621681771,1
seg_009107,sample_03134,Where Is Everything - The Moi Non Plus,FAKE,1,Rock,elevenlabs,test,mp3_64,0.9943912786285377,0.5685665621681771,1
seg_009108,sample_03135,Who Loves You Dear - Mink Lungs,FAKE,1,Rock,elevenlabs,test,mp3_64,0.4619403891536591,0.5685665621681771,0
seg_009109,sample_03135,Who Loves You Dear - Mink Lungs,FAKE,1,Rock,elevenlabs,test,mp3_64,0.9566946842084995,0.5685665621681771,1
seg_009110,sample_03135,Who Loves You Dear - Mink Lungs,FAKE,1,Rock,elevenlabs,test,mp3_64,0.9870927715997332,0.5685665621681771,1
seg_009111,sample_03136,Who Loves You Dear - Mink Lungs,FAKE,1,Rock,elevenlabs,test,mp3_64,0.7316393871237912,0.5685665621681771,1
seg_009112,sample_03136,Who Loves You Dear - Mink Lungs,FAKE,1,Rock,elevenlabs,test,mp3_64,0.32033761457081134,0.5685665621681771,0
seg_009113,sample_03136,Who Loves You Dear - Mink Lungs,FAKE,1,Rock,elevenlabs,test,mp3_64,0.9758352564978631,0.5685665621681771,1
seg_009204,sample_03167,2Much (Andy Spinelli & Alex Sánchez House Edit) - Tentacles,FAKE,1,Electronic,musicgen,test,mp3_64,0.9974325015151098,0.5685665621681771,1
seg_009205,sample_03167,2Much (Andy Spinelli & Alex Sánchez House Edit) - Tentacles,FAKE,1,Electronic,musicgen,test,mp3_64,0.9903190354454164,0.5685665621681771,1
seg_009206,sample_03167,2Much (Andy Spinelli & Alex Sánchez House Edit) - Tentacles,FAKE,1,Electronic,musicgen,test,mp3_64,0.9757861886233931,0.5685665621681771,1
seg_009210,sample_03169,3 am West End - statusq,FAKE,1,Electronic,musicgen,test,mp3_64,0.9408882215461564,0.5685665621681771,1
seg_009211,sample_03169,3 am West End - statusq,FAKE,1,Electronic,musicgen,test,mp3_64,0.9965726172236825,0.5685665621681771,1
seg_009212,sample_03169,3 am West End - statusq,FAKE,1,Electronic,musicgen,test,mp3_64,0.9998127689553464,0.5685665621681771,1
seg_009216,sample_03171,5 (Lexington) - Isle of Pine,FAKE,1,Rock,musicgen,test,mp3_64,0.991069628455024,0.5685665621681771,1
seg_009217,sample_03171,5 (Lexington) - Isle of Pine,FAKE,1,Rock,musicgen,test,mp3_64,0.8908500984979183,0.5685665621681771,1
seg_009218,sample_03171,5 (Lexington) - Isle of Pine,FAKE,1,Rock,musicgen,test,mp3_64,0.9870479028458985,0.5685665621681771,1
seg_009252,sample_03183,Attention - Pete Prodoehl,FAKE,1,Rock,musicgen,test,mp3_64,0.9485714249205747,0.5685665621681771,1
seg_009253,sample_03183,Attention - Pete Prodoehl,FAKE,1,Rock,musicgen,test,mp3_64,0.9817425025273737,0.5685665621681771,1
seg_009254,sample_03183,Attention - Pete Prodoehl,FAKE,1,Rock,musicgen,test,mp3_64,0.49182728336990417,0.5685665621681771,0
seg_009282,sample_03193,Bizzy - The Tleilaxu Music Machine,FAKE,1,Electronic,musicgen,test,mp3_64,0.9815066695545285,0.5685665621681771,1
seg_009283,sample_03193,Bizzy - The Tleilaxu Music Machine,FAKE,1,Electronic,musicgen,test,mp3_64,0.9847928295586339,0.5685665621681771,1
seg_009284,sample_03193,Bizzy - The Tleilaxu Music Machine,FAKE,1,Electronic,musicgen,test,mp3_64,0.9956448028637088,0.5685665621681771,1
seg_009330,sample_03209,Dance Harder - Three Chain Links,FAKE,1,Electronic,musicgen,test,mp3_64,0.9999783897271162,0.5685665621681771,1
seg_009331,sample_03209,Dance Harder - Three Chain Links,FAKE,1,Electronic,musicgen,test,mp3_64,0.9994524085269989,0.5685665621681771,1
seg_009332,sample_03209,Dance Harder - Three Chain Links,FAKE,1,Electronic,musicgen,test,mp3_64,0.9894623994436401,0.5685665621681771,1
seg_009345,sample_03214,Different Day - First,FAKE,1,Pop,musicgen,test,mp3_64,0.899700438093883,0.5685665621681771,1
seg_009346,sample_03214,Different Day - First,FAKE,1,Pop,musicgen,test,mp3_64,0.9894234753244587,0.5685665621681771,1
seg_009347,sample_03214,Different Day - First,FAKE,1,Pop,musicgen,test,mp3_64,0.9974339673225001,0.5685665621681771,1
seg_009369,sample_03222,El Burrito - Malaventura,FAKE,1,Pop,musicgen,test,mp3_64,0.9999557295927237,0.5685665621681771,1
seg_009370,sample_03222,El Burrito - Malaventura,FAKE,1,Pop,musicgen,test,mp3_64,0.9977834430825635,0.5685665621681771,1
seg_009371,sample_03222,El Burrito - Malaventura,FAKE,1,Pop,musicgen,test,mp3_64,0.9994157661889111,0.5685665621681771,1
seg_009384,sample_03227,End titles - Itsensäsyöjät,FAKE,1,Electronic,musicgen,test,mp3_64,0.9961796311636422,0.5685665621681771,1
seg_009385,sample_03227,End titles - Itsensäsyöjät,FAKE,1,Electronic,musicgen,test,mp3_64,0.9987174709154564,0.5685665621681771,1
seg_009386,sample_03227,End titles - Itsensäsyöjät,FAKE,1,Electronic,musicgen,test,mp3_64,0.9985169721151462,0.5685665621681771,1
seg_009435,sample_03244,Fuckaboing - RoccoW,FAKE,1,Electronic,musicgen,test,mp3_64,0.9682786244003753,0.5685665621681771,1
seg_009436,sample_03244,Fuckaboing - RoccoW,FAKE,1,Electronic,musicgen,test,mp3_64,0.6574428198414025,0.5685665621681771,1
seg_009437,sample_03244,Fuckaboing - RoccoW,FAKE,1,Electronic,musicgen,test,mp3_64,0.8456272532956367,0.5685665621681771,1
seg_009462,sample_03253,"Head of Ancante, Talking Tree - Ak'chamel, The Giver of Illness",FAKE,1,Rock,musicgen,test,mp3_64,0.9917227853914072,0.5685665621681771,1
seg_009463,sample_03253,"Head of Ancante, Talking Tree - Ak'chamel, The Giver of Illness",FAKE,1,Rock,musicgen,test,mp3_64,0.8069116858748788,0.5685665621681771,1
seg_009464,sample_03253,"Head of Ancante, Talking Tree - Ak'chamel, The Giver of Illness",FAKE,1,Rock,musicgen,test,mp3_64,0.9988866142456083,0.5685665621681771,1
seg_009468,sample_03255,"Hungry - Oh Yeah, the Future",FAKE,1,Pop,musicgen,test,mp3_64,0.9981158069582478,0.5685665621681771,1
seg_009469,sample_03255,"Hungry - Oh Yeah, the Future",FAKE,1,Pop,musicgen,test,mp3_64,0.9967839886621743,0.5685665621681771,1
seg_009470,sample_03255,"Hungry - Oh Yeah, the Future",FAKE,1,Pop,musicgen,test,mp3_64,0.9935815927933299,0.5685665621681771,1
seg_009504,sample_03267,I - Inflammator,FAKE,1,Rock,musicgen,test,mp3_64,0.9999876220036042,0.5685665621681771,1
seg_009505,sample_03267,I - Inflammator,FAKE,1,Rock,musicgen,test,mp3_64,0.9996606762045209,0.5685665621681771,1
seg_009506,sample_03267,I - Inflammator,FAKE,1,Rock,musicgen,test,mp3_64,0.9994505730070347,0.5685665621681771,1
seg_009564,sample_03287,Leaving Here - Mod Fun,FAKE,1,Rock,musicgen,test,mp3_64,0.8912935960762426,0.5685665621681771,1
seg_009565,sample_03287,Leaving Here - Mod Fun,FAKE,1,Rock,musicgen,test,mp3_64,0.9973556486000723,0.5685665621681771,1
seg_009566,sample_03287,Leaving Here - Mod Fun,FAKE,1,Rock,musicgen,test,mp3_64,0.9842788285632736,0.5685665621681771,1
seg_009567,sample_03288,Let's Start Out Slow - RoccoW,FAKE,1,Electronic,musicgen,test,mp3_64,0.9806327219635611,0.5685665621681771,1
seg_009568,sample_03288,Let's Start Out Slow - RoccoW,FAKE,1,Electronic,musicgen,test,mp3_64,0.968277194002804,0.5685665621681771,1
seg_009569,sample_03288,Let's Start Out Slow - RoccoW,FAKE,1,Electronic,musicgen,test,mp3_64,0.9862805561799023,0.5685665621681771,1
seg_009573,sample_03290,Let You're Body Move - D SMILEZ,FAKE,1,Electronic,musicgen,test,mp3_64,0.999232040641343,0.5685665621681771,1
seg_009574,sample_03290,Let You're Body Move - D SMILEZ,FAKE,1,Electronic,musicgen,test,mp3_64,0.9960869216128939,0.5685665621681771,1
seg_009575,sample_03290,Let You're Body Move - D SMILEZ,FAKE,1,Electronic,musicgen,test,mp3_64,0.9993392012717547,0.5685665621681771,1
seg_009588,sample_03295,LIQUID SKULLS - voyageurs,FAKE,1,Rock,musicgen,test,mp3_64,0.996040412714547,0.5685665621681771,1
seg_009589,sample_03295,LIQUID SKULLS - voyageurs,FAKE,1,Rock,musicgen,test,mp3_64,0.9963780835798655,0.5685665621681771,1
seg_009590,sample_03295,LIQUID SKULLS - voyageurs,FAKE,1,Rock,musicgen,test,mp3_64,0.9921869274304266,0.5685665621681771,1
seg_009606,sample_03301,Love Dream - The Zombie Dandies,FAKE,1,Rock,musicgen,test,mp3_64,0.7113964417231275,0.5685665621681771,1
seg_009607,sample_03301,Love Dream - The Zombie Dandies,FAKE,1,Rock,musicgen,test,mp3_64,0.6084950103588608,0.5685665621681771,1
seg_009608,sample_03301,Love Dream - The Zombie Dandies,FAKE,1,Rock,musicgen,test,mp3_64,0.9382127980445363,0.5685665621681771,1
seg_009609,sample_03302,L'arbre - Salmo,FAKE,1,Rock,musicgen,test,mp3_64,0.9836316163233729,0.5685665621681771,1
seg_009610,sample_03302,L'arbre - Salmo,FAKE,1,Rock,musicgen,test,mp3_64,0.9352242620252551,0.5685665621681771,1
seg_009611,sample_03302,L'arbre - Salmo,FAKE,1,Rock,musicgen,test,mp3_64,0.9570257615744169,0.5685665621681771,1
seg_009627,sample_03308,Moja Krypta - AmortE,FAKE,1,Rock,musicgen,test,mp3_64,0.5207363345293243,0.5685665621681771,0
seg_009628,sample_03308,Moja Krypta - AmortE,FAKE,1,Rock,musicgen,test,mp3_64,0.9972259576690062,0.5685665621681771,1
seg_009629,sample_03308,Moja Krypta - AmortE,FAKE,1,Rock,musicgen,test,mp3_64,0.8775939359494479,0.5685665621681771,1
seg_009642,sample_03313,Motocross Mania - Monroeville Music Center,FAKE,1,Pop,musicgen,test,mp3_64,0.99988170739899,0.5685665621681771,1
seg_009643,sample_03313,Motocross Mania - Monroeville Music Center,FAKE,1,Pop,musicgen,test,mp3_64,0.9981666132467972,0.5685665621681771,1
seg_009644,sample_03313,Motocross Mania - Monroeville Music Center,FAKE,1,Pop,musicgen,test,mp3_64,0.966412924464142,0.5685665621681771,1
seg_009648,sample_03315,Music For an Underground Circu - Ergo Phizmiz,FAKE,1,Pop,musicgen,test,mp3_64,0.9999523552562705,0.5685665621681771,1
seg_009649,sample_03315,Music For an Underground Circu - Ergo Phizmiz,FAKE,1,Pop,musicgen,test,mp3_64,0.6781599128169429,0.5685665621681771,1
seg_009650,sample_03315,Music For an Underground Circu - Ergo Phizmiz,FAKE,1,Pop,musicgen,test,mp3_64,0.9977976585191087,0.5685665621681771,1
seg_009675,sample_03324,Night Owl - Broke For Free,FAKE,1,Electronic,musicgen,test,mp3_64,0.9819945198238265,0.5685665621681771,1
seg_009676,sample_03324,Night Owl - Broke For Free,FAKE,1,Electronic,musicgen,test,mp3_64,0.9926258028049112,0.5685665621681771,1
seg_009677,sample_03324,Night Owl - Broke For Free,FAKE,1,Electronic,musicgen,test,mp3_64,0.9921546976705666,0.5685665621681771,1
seg_009729,sample_03342,Pista Afuera - Epstein,FAKE,1,Electronic,musicgen,test,mp3_64,0.9999146397294513,0.5685665621681771,1
seg_009730,sample_03342,Pista Afuera - Epstein,FAKE,1,Electronic,musicgen,test,mp3_64,0.9888296974875331,0.5685665621681771,1
seg_009731,sample_03342,Pista Afuera - Epstein,FAKE,1,Electronic,musicgen,test,mp3_64,0.9205437768768465,0.5685665621681771,1
seg_009738,sample_03345,Production - Bird Names,FAKE,1,Pop,musicgen,test,mp3_64,0.991481684864896,0.5685665621681771,1
seg_009739,sample_03345,Production - Bird Names,FAKE,1,Pop,musicgen,test,mp3_64,0.9994758444424858,0.5685665621681771,1
seg_009740,sample_03345,Production - Bird Names,FAKE,1,Pop,musicgen,test,mp3_64,0.9862045229168575,0.5685665621681771,1
seg_009744,sample_03347,Puertas de Fuego - Guerra de Cerdos,FAKE,1,Rock,musicgen,test,mp3_64,0.9999301108858736,0.5685665621681771,1
seg_009745,sample_03347,Puertas de Fuego - Guerra de Cerdos,FAKE,1,Rock,musicgen,test,mp3_64,0.9956548108019635,0.5685665621681771,1
seg_009746,sample_03347,Puertas de Fuego - Guerra de Cerdos,FAKE,1,Rock,musicgen,test,mp3_64,0.9911787479531874,0.5685665621681771,1
seg_009753,sample_03350,Realize Me - Jim Rooster,FAKE,1,Electronic,musicgen,test,mp3_64,0.9952997823659381,0.5685665621681771,1
seg_009754,sample_03350,Realize Me - Jim Rooster,FAKE,1,Electronic,musicgen,test,mp3_64,0.9918866404638763,0.5685665621681771,1
seg_009755,sample_03350,Realize Me - Jim Rooster,FAKE,1,Electronic,musicgen,test,mp3_64,0.9945272508360156,0.5685665621681771,1
seg_009759,sample_03352,Resistentialism - Nihilore,FAKE,1,Electronic,musicgen,test,mp3_64,0.9999333014255037,0.5685665621681771,1
seg_009760,sample_03352,Resistentialism - Nihilore,FAKE,1,Electronic,musicgen,test,mp3_64,0.8839602104434541,0.5685665621681771,1
seg_009761,sample_03352,Resistentialism - Nihilore,FAKE,1,Electronic,musicgen,test,mp3_64,0.995059274277389,0.5685665621681771,1
seg_009804,sample_03367,Set Fire to Creation - Nihilore,FAKE,1,Electronic,musicgen,test,mp3_64,0.9811411481034433,0.5685665621681771,1
seg_009805,sample_03367,Set Fire to Creation - Nihilore,FAKE,1,Electronic,musicgen,test,mp3_64,0.9762817383753858,0.5685665621681771,1
seg_009806,sample_03367,Set Fire to Creation - Nihilore,FAKE,1,Electronic,musicgen,test,mp3_64,0.9967473766677453,0.5685665621681771,1
seg_009807,sample_03368,Sfogare Il Dissenso - Deiezione HC,FAKE,1,Rock,musicgen,test,mp3_64,0.9998915347738564,0.5685665621681771,1
seg_009808,sample_03368,Sfogare Il Dissenso - Deiezione HC,FAKE,1,Rock,musicgen,test,mp3_64,0.9996882790812331,0.5685665621681771,1
seg_009809,sample_03368,Sfogare Il Dissenso - Deiezione HC,FAKE,1,Rock,musicgen,test,mp3_64,0.9996787197884863,0.5685665621681771,1
seg_009816,sample_03371,She Works / Tepid Waters - Bird Names,FAKE,1,Pop,musicgen,test,mp3_64,0.9912122459334435,0.5685665621681771,1
seg_009817,sample_03371,She Works / Tepid Waters - Bird Names,FAKE,1,Pop,musicgen,test,mp3_64,0.9405103132216499,0.5685665621681771,1
seg_009818,sample_03371,She Works / Tepid Waters - Bird Names,FAKE,1,Pop,musicgen,test,mp3_64,0.9455371231694384,0.5685665621681771,1
seg_009840,sample_03379,Something Dirty - Ergo Phizmiz,FAKE,1,Pop,musicgen,test,mp3_64,0.9879214768090981,0.5685665621681771,1
seg_009841,sample_03379,Something Dirty - Ergo Phizmiz,FAKE,1,Pop,musicgen,test,mp3_64,0.9985168424241176,0.5685665621681771,1
seg_009842,sample_03379,Something Dirty - Ergo Phizmiz,FAKE,1,Pop,musicgen,test,mp3_64,0.997654528855185,0.5685665621681771,1
seg_009846,sample_03381,Sonzis FM - Pipe Choir,FAKE,1,Rock,musicgen,test,mp3_64,0.9139149248678908,0.5685665621681771,1
seg_009847,sample_03381,Sonzis FM - Pipe Choir,FAKE,1,Rock,musicgen,test,mp3_64,0.8759128680348565,0.5685665621681771,1
seg_009848,sample_03381,Sonzis FM - Pipe Choir,FAKE,1,Rock,musicgen,test,mp3_64,0.9997620013858957,0.5685665621681771,1
seg_009873,sample_03390,Stuttgart - Portrayal,FAKE,1,Rock,musicgen,test,mp3_64,0.986617152654176,0.5685665621681771,1
seg_009874,sample_03390,Stuttgart - Portrayal,FAKE,1,Rock,musicgen,test,mp3_64,0.9477073916537067,0.5685665621681771,1
seg_009875,sample_03390,Stuttgart - Portrayal,FAKE,1,Rock,musicgen,test,mp3_64,0.9909988918604032,0.5685665621681771,1
seg_009876,sample_03391,Support Me in This Moment That I'm About To Lose Heart - Nihilore,FAKE,1,Electronic,musicgen,test,mp3_64,0.9998857986883044,0.5685665621681771,1
seg_009877,sample_03391,Support Me in This Moment That I'm About To Lose Heart - Nihilore,FAKE,1,Electronic,musicgen,test,mp3_64,0.9757028611670193,0.5685665621681771,1
seg_009878,sample_03391,Support Me in This Moment That I'm About To Lose Heart - Nihilore,FAKE,1,Electronic,musicgen,test,mp3_64,0.9953171307531222,0.5685665621681771,1
seg_009891,sample_03396,Terve Teille - Чокнутый Пропеллер,FAKE,1,Rock,musicgen,test,mp3_64,0.9791927980133519,0.5685665621681771,1
seg_009892,sample_03396,Terve Teille - Чокнутый Пропеллер,FAKE,1,Rock,musicgen,test,mp3_64,0.9955935666690069,0.5685665621681771,1
seg_009893,sample_03396,Terve Teille - Чокнутый Пропеллер,FAKE,1,Rock,musicgen,test,mp3_64,0.984315436521447,0.5685665621681771,1
seg_009894,sample_03397,The Adventures Of Roderick Random - Maps And Diagrams,FAKE,1,Electronic,musicgen,test,mp3_64,0.9865978571628068,0.5685665621681771,1
seg_009895,sample_03397,The Adventures Of Roderick Random - Maps And Diagrams,FAKE,1,Electronic,musicgen,test,mp3_64,0.9987545936577816,0.5685665621681771,1
seg_009896,sample_03397,The Adventures Of Roderick Random - Maps And Diagrams,FAKE,1,Electronic,musicgen,test,mp3_64,0.998164349156123,0.5685665621681771,1
seg_009936,sample_03411,"The Pursuit of Unintentional Humor - Oh Yeah, the Future",FAKE,1,Pop,musicgen,test,mp3_64,0.522925715123448,0.5685665621681771,0
seg_009937,sample_03411,"The Pursuit of Unintentional Humor - Oh Yeah, the Future",FAKE,1,Pop,musicgen,test,mp3_64,0.9996974755580696,0.5685665621681771,1
seg_009938,sample_03411,"The Pursuit of Unintentional Humor - Oh Yeah, the Future",FAKE,1,Pop,musicgen,test,mp3_64,0.9851141388297043,0.5685665621681771,1
seg_009951,sample_03416,The Secret Garden - Barbarix,FAKE,1,Electronic,musicgen,test,mp3_64,0.9994207602840196,0.5685665621681771,1
seg_009952,sample_03416,The Secret Garden - Barbarix,FAKE,1,Electronic,musicgen,test,mp3_64,0.9442063406225536,0.5685665621681771,1
seg_009953,sample_03416,The Secret Garden - Barbarix,FAKE,1,Electronic,musicgen,test,mp3_64,0.9864115037519493,0.5685665621681771,1
seg_009978,sample_03425,Troubles I've seen - Malaventura,FAKE,1,Pop,musicgen,test,mp3_64,0.9993884240327447,0.5685665621681771,1
seg_009979,sample_03425,Troubles I've seen - Malaventura,FAKE,1,Pop,musicgen,test,mp3_64,0.9966489275067576,0.5685665621681771,1
seg_009980,sample_03425,Troubles I've seen - Malaventura,FAKE,1,Pop,musicgen,test,mp3_64,0.9710378534748375,0.5685665621681771,1
seg_009984,sample_03427,Ugh! Humans Can Join - Mystery Mammal,FAKE,1,Electronic,musicgen,test,mp3_64,0.9991232278539025,0.5685665621681771,1
seg_009985,sample_03427,Ugh! Humans Can Join - Mystery Mammal,FAKE,1,Electronic,musicgen,test,mp3_64,0.9567685595752493,0.5685665621681771,1
seg_009986,sample_03427,Ugh! Humans Can Join - Mystery Mammal,FAKE,1,Electronic,musicgen,test,mp3_64,0.9405347171168353,0.5685665621681771,1
seg_009996,sample_03431,Untitled - Fatal Injection,FAKE,1,Rock,musicgen,test,mp3_64,0.9911589057648474,0.5685665621681771,1
seg_009997,sample_03431,Untitled - Fatal Injection,FAKE,1,Rock,musicgen,test,mp3_64,0.9914155740028204,0.5685665621681771,1
seg_009998,sample_03431,Untitled - Fatal Injection,FAKE,1,Rock,musicgen,test,mp3_64,0.9988065469680975,0.5685665621681771,1
seg_010032,sample_03443,Where Is Everything - The Moi Non Plus,FAKE,1,Rock,musicgen,test,mp3_64,0.9904686893463489,0.5685665621681771,1
seg_010033,sample_03443,Where Is Everything - The Moi Non Plus,FAKE,1,Rock,musicgen,test,mp3_64,0.9759396985012684,0.5685665621681771,1
seg_010034,sample_03443,Where Is Everything - The Moi Non Plus,FAKE,1,Rock,musicgen,test,mp3_64,0.9876283315758939,0.5685665621681771,1
seg_010035,sample_03444,Who Loves You Dear - Mink Lungs,FAKE,1,Rock,musicgen,test,mp3_64,0.9999935816563209,0.5685665621681771,1
seg_010036,sample_03444,Who Loves You Dear - Mink Lungs,FAKE,1,Rock,musicgen,test,mp3_64,0.9097988417554458,0.5685665621681771,1
seg_010037,sample_03444,Who Loves You Dear - Mink Lungs,FAKE,1,Rock,musicgen,test,mp3_64,0.987123771776441,0.5685665621681771,1
seg_010056,sample_03451,Yurtology - Michett,FAKE,1,Electronic,musicgen,test,mp3_64,0.9998865686388404,0.5685665621681771,1
seg_010057,sample_03451,Yurtology - Michett,FAKE,1,Electronic,musicgen,test,mp3_64,0.8172226981718378,0.5685665621681771,1
seg_010058,sample_03451,Yurtology - Michett,FAKE,1,Electronic,musicgen,test,mp3_64,0.9995332742054587,0.5685665621681771,1
