track_sample_id,original_audio,label,label_id,genre,generator,split,segment_count,score,condition,threshold,pred
sample_00003,2Much (Andy Spinelli & Alex Sánchez House Edit) - Tentacles,REAL,0,Electronic,,test,3,0.6794814829162977,original,0.5887511404871456,1
sample_00004,3 am West End - statusq,REAL,0,Electronic,,test,3,0.23306181414409735,original,0.5887511404871456,0
sample_00005,5 (Lexington) - Isle of Pine,REAL,0,Rock,,test,3,0.40202143620488395,original,0.5887511404871456,0
sample_00021,Attention - Pete Prodoehl,REAL,0,Rock,,test,3,0.20013162231453885,original,0.5887511404871456,0
sample_00028,Bizzy - The Tleilaxu Music Machine,REAL,0,Electronic,,test,3,0.05643024994128488,original,0.5887511404871456,0
sample_00045,Dance Harder - Three Chain Links,REAL,0,Electronic,,test,3,0.33481893215446185,original,0.5887511404871456,0
sample_00049,Different Day - First,REAL,0,Pop,,test,3,0.9305277678099867,original,0.5887511404871456,1
sample_00056,El Burrito - Malaventura,REAL,0,Pop,,test,3,0.07081600428344578,original,0.5887511404871456,0
sample_00061,End titles - Itsensäsyöjät,REAL,0,Electronic,,test,3,0.015757801961351067,original,0.5887511404871456,0
sample_00079,Fuckaboing - RoccoW,REAL,0,Electronic,,test,3,0.029634291070778414,original,0.5887511404871456,0
sample_00087,"Head of Ancante, Talking Tree - Ak'chamel, The Giver of Illness",REAL,0,Rock,,test,3,0.007130778830941063,original,0.5887511404871456,0
sample_00089,"Hungry - Oh Yeah, the Future",REAL,0,Pop,,test,3,0.07675652968287226,original,0.5887511404871456,0
sample_00090,I - Inflammator,REAL,0,Rock,,test,3,0.09125297128336822,original,0.5887511404871456,0
sample_00115,L'arbre - Salmo,REAL,0,Rock,,test,3,0.11172947834954683,original,0.5887511404871456,0
sample_00116,LIQUID SKULLS - voyageurs,REAL,0,Rock,,test,3,0.017294506060731043,original,0.5887511404871456,0
sample_00121,Leaving Here - Mod Fun,REAL,0,Rock,,test,3,0.03248934328871041,original,0.5887511404871456,0
sample_00122,Let You're Body Move - D SMILEZ,REAL,0,Electronic,,test,3,0.04837197712203053,original,0.5887511404871456,0
sample_00123,Let's Start Out Slow - RoccoW,REAL,0,Electronic,,test,3,0.3353852512257313,original,0.5887511404871456,0
sample_00132,Love Dream - The Zombie Dandies,REAL,0,Rock,,test,3,0.004603207723346886,original,0.5887511404871456,0
sample_00139,Moja Krypta - AmortE,REAL,0,Rock,,test,3,0.7249426903289334,original,0.5887511404871456,1
sample_00144,Motocross Mania - Monroeville Music Center,REAL,0,Pop,,test,3,0.15234687032351898,original,0.5887511404871456,0
sample_00146,Music For an Underground Circu - Ergo Phizmiz,REAL,0,Pop,,test,3,0.07661405036595174,original,0.5887511404871456,0
sample_00154,Night Owl - Broke For Free,REAL,0,Electronic,,test,3,0.10643651728358865,original,0.5887511404871456,0
sample_00171,Pista Afuera - Epstein,REAL,0,Electronic,,test,3,0.004288627327841462,original,0.5887511404871456,0
sample_00174,Production - Bird Names,REAL,0,Pop,,test,3,0.0367831633312132,original,0.5887511404871456,0
sample_00176,Puertas de Fuego - Guerra de Cerdos,REAL,0,Rock,,test,3,0.07992682960672585,original,0.5887511404871456,0
sample_00178,Realize Me - Jim Rooster,REAL,0,Electronic,,test,3,0.6185796495195023,original,0.5887511404871456,1
sample_00180,Resistentialism - Nihilore,REAL,0,Electronic,,test,3,0.06815970874174697,original,0.5887511404871456,0
sample_00195,Set Fire to Creation - Nihilore,REAL,0,Electronic,,test,3,0.03256067269173794,original,0.5887511404871456,0
sample_00196,Sfogare Il Dissenso - Deiezione HC,REAL,0,Rock,,test,3,0.02562635863584434,original,0.5887511404871456,0
sample_00198,She Works / Tepid Waters - Bird Names,REAL,0,Pop,,test,3,0.12446161889825831,original,0.5887511404871456,0
sample_00206,Something Dirty - Ergo Phizmiz,REAL,0,Pop,,test,3,0.026458971869577755,original,0.5887511404871456,0
sample_00207,Sonzis FM - Pipe Choir,REAL,0,Rock,,test,3,0.04764107530357491,original,0.5887511404871456,0
sample_00216,Stuttgart - Portrayal,REAL,0,Rock,,test,3,0.4814056066033867,original,0.5887511404871456,0
sample_00217,Support Me in This Moment That I'm About To Lose Heart - Nihilore,REAL,0,Electronic,,test,3,0.13433569734590997,original,0.5887511404871456,0
sample_00223,Terve Teille - Чокнутый Пропеллер,REAL,0,Rock,,test,3,0.05609238320831197,original,0.5887511404871456,0
sample_00224,The Adventures Of Roderick Random - Maps And Diagrams,REAL,0,Electronic,,test,3,0.036313381587939,original,0.5887511404871456,0
sample_00236,"The Pursuit of Unintentional Humor - Oh Yeah, the Future",REAL,0,Pop,,test,3,0.00411774237253519,original,0.5887511404871456,0
sample_00241,The Secret Garden - Barbarix,REAL,0,Electronic,,test,3,0.017151007714670426,original,0.5887511404871456,0
sample_00252,Troubles I've seen - Malaventura,REAL,0,Pop,,test,3,0.21764478960048397,original,0.5887511404871456,0
sample_00253,Ugh! Humans Can Join - Mystery Mammal,REAL,0,Electronic,,test,3,0.241696850631824,original,0.5887511404871456,0
sample_00257,Untitled - Fatal Injection,REAL,0,Rock,,test,3,0.0452038991637664,original,0.5887511404871456,0
sample_00270,Where Is Everything - The Moi Non Plus,REAL,0,Rock,,test,3,0.010923715968321958,original,0.5887511404871456,0
sample_00271,Who Loves You Dear - Mink Lungs,REAL,0,Rock,,test,3,0.011417897486476883,original,0.5887511404871456,0
sample_00279,Yurtology - Michett,REAL,0,Electronic,,test,3,0.3228011802759187,original,0.5887511404871456,0
sample_00298,2Much (Andy Spinelli & Alex Sánchez House Edit) - Tentacles,FAKE,1,Electronic,acestep,test,3,0.9430043152221574,original,0.5887511404871456,1
sample_00300,3 am West End - statusq,FAKE,1,Electronic,acestep,test,3,0.9764469430964579,original,0.5887511404871456,1
sample_00302,5 (Lexington) - Isle of Pine,FAKE,1,Rock,acestep,test,3,0.9269805080110908,original,0.5887511404871456,1
sample_00314,Attention - Pete Prodoehl,FAKE,1,Rock,acestep,test,3,0.861392981313231,original,0.5887511404871456,1
sample_00324,Bizzy - The Tleilaxu Music Machine,FAKE,1,Electronic,acestep,test,3,0.8051296293418361,original,0.5887511404871456,1
sample_00340,Dance Harder - Three Chain Links,FAKE,1,Electronic,acestep,test,3,0.9349518157256078,original,0.5887511404871456,1
sample_00345,Different Day - First,FAKE,1,Pop,acestep,test,3,0.9452265932100211,original,0.5887511404871456,1
sample_00353,El Burrito - Malaventura,FAKE,1,Pop,acestep,test,3,0.9708249080919087,original,0.5887511404871456,1
sample_00358,End titles - Itsensäsyöjät,FAKE,1,Electronic,acestep,test,3,0.8875223933847111,original,0.5887511404871456,1
sample_00375,Fuckaboing - RoccoW,FAKE,1,Electronic,acestep,test,3,0.9937584866044665,original,0.5887511404871456,1
sample_00384,"Head of Ancante, Talking Tree - Ak'chamel, The Giver of Illness",FAKE,1,Rock,acestep,test,3,0.7237330588257462,original,0.5887511404871456,1
sample_00386,"Hungry - Oh Yeah, the Future",FAKE,1,Pop,acestep,test,3,0.9456251897753063,original,0.5887511404871456,1
sample_00398,I - Inflammator,FAKE,1,Rock,acestep,test,3,0.9799450318749588,original,0.5887511404871456,1
sample_00418,Leaving Here - Mod Fun,FAKE,1,Rock,acestep,test,3,0.956502945662287,original,0.5887511404871456,1
sample_00419,Let's Start Out Slow - RoccoW,FAKE,1,Electronic,acestep,test,3,0.9867530624747092,original,0.5887511404871456,1
sample_00421,Let You're Body Move - D SMILEZ,FAKE,1,Electronic,acestep,test,3,0.8002089439064178,original,0.5887511404871456,1
sample_00426,LIQUID SKULLS - voyageurs,FAKE,1,Rock,acestep,test,3,0.9696874542247048,original,0.5887511404871456,1
sample_00432,Love Dream - The Zombie Dandies,FAKE,1,Rock,acestep,test,3,0.7799829245434867,original,0.5887511404871456,1
sample_00433,L'arbre - Salmo,FAKE,1,Rock,acestep,test,3,0.6176678067670915,original,0.5887511404871456,1
sample_00439,Moja Krypta - AmortE,FAKE,1,Rock,acestep,test,3,0.9906763420926551,original,0.5887511404871456,1
sample_00444,Motocross Mania - Monroeville Music Center,FAKE,1,Pop,acestep,test,3,0.979898128291361,original,0.5887511404871456,1
sample_00446,Music For an Underground Circu - Ergo Phizmiz,FAKE,1,Pop,acestep,test,3,0.9832156684200836,original,0.5887511404871456,1
sample_00455,Night Owl - Broke For Free,FAKE,1,Electronic,acestep,test,3,0.9998940066228815,original,0.5887511404871456,1
sample_00473,Pista Afuera - Epstein,FAKE,1,Electronic,acestep,test,3,0.9883835038266522,original,0.5887511404871456,1
sample_00476,Production - Bird Names,FAKE,1,Pop,acestep,test,3,0.991985313293606,original,0.5887511404871456,1
sample_00478,Puertas de Fuego - Guerra de Cerdos,FAKE,1,Rock,acestep,test,3,0.6990995070069874,original,0.5887511404871456,1
sample_00481,Realize Me - Jim Rooster,FAKE,1,Electronic,acestep,test,3,0.9805957716109689,original,0.5887511404871456,1
sample_00483,Resistentialism - Nihilore,FAKE,1,Electronic,acestep,test,3,0.9994644538534979,original,0.5887511404871456,1
sample_00498,Set Fire to Creation - Nihilore,FAKE,1,Electronic,acestep,test,3,0.9791187386431894,original,0.5887511404871456,1
sample_00499,Sfogare Il Dissenso - Deiezione HC,FAKE,1,Rock,acestep,test,3,0.658023294545775,original,0.5887511404871456,1
sample_00502,She Works / Tepid Waters - Bird Names,FAKE,1,Pop,acestep,test,3,0.9612137812917215,original,0.5887511404871456,1
sample_00510,Something Dirty - Ergo Phizmiz,FAKE,1,Pop,acestep,test,3,0.9825199869827733,original,0.5887511404871456,1
sample_00512,Sonzis FM - Pipe Choir,FAKE,1,Rock,acestep,test,3,0.9560283346638937,original,0.5887511404871456,1
sample_00521,Stuttgart - Portrayal,FAKE,1,Rock,acestep,test,3,0.99964764526163,original,0.5887511404871456,1
sample_00522,Support Me in This Moment That I'm About To Lose Heart - Nihilore,FAKE,1,Electronic,acestep,test,3,0.9875428664445884,original,0.5887511404871456,1
sample_00527,Terve Teille - Чокнутый Пропеллер,FAKE,1,Rock,acestep,test,3,0.9483681159389815,original,0.5887511404871456,1
sample_00528,The Adventures Of Roderick Random - Maps And Diagrams,FAKE,1,Electronic,acestep,test,3,0.950529569320797,original,0.5887511404871456,1
sample_00542,"The Pursuit of Unintentional Humor - Oh Yeah, the Future",FAKE,1,Pop,acestep,test,3,0.9054642671962791,original,0.5887511404871456,1
sample_00547,The Secret Garden - Barbarix,FAKE,1,Electronic,acestep,test,3,0.9127803588951567,original,0.5887511404871456,1
sample_00556,Troubles I've seen - Malaventura,FAKE,1,Pop,acestep,test,3,0.9531324912997317,original,0.5887511404871456,1
sample_00558,Ugh! Humans Can Join - Mystery Mammal,FAKE,1,Electronic,acestep,test,3,0.9139250740785259,original,0.5887511404871456,1
sample_00562,Untitled - Fatal Injection,FAKE,1,Rock,acestep,test,3,0.9941389558991992,original,0.5887511404871456,1
sample_00574,Where Is Everything - The Moi Non Plus,FAKE,1,Rock,acestep,test,3,0.9839176868213908,original,0.5887511404871456,1
sample_00575,Who Loves You Dear - Mink Lungs,FAKE,1,Rock,acestep,test,3,0.8879669495537703,original,0.5887511404871456,1
sample_00583,Yurtology - Michett,FAKE,1,Electronic,acestep,test,3,0.9860862983630542,original,0.5887511404871456,1
sample_00600,Pista Afuera - Epstein,FAKE,1,Electronic,audioldm,test,3,0.9920835244942395,original,0.5887511404871456,1
sample_00601,Let You're Body Move - D SMILEZ,FAKE,1,Electronic,audioldm,test,3,0.901685953783836,original,0.5887511404871456,1
sample_00606,The Secret Garden - Barbarix,FAKE,1,Electronic,audioldm,test,3,0.814952555437961,original,0.5887511404871456,1
sample_00608,Resistentialism - Nihilore,FAKE,1,Electronic,audioldm,test,3,0.9926151006790039,original,0.5887511404871456,1
sample_00611,Fuckaboing - RoccoW,FAKE,1,Electronic,audioldm,test,3,0.9971392285357106,original,0.5887511404871456,1
sample_00612,Ugh! Humans Can Join - Mystery Mammal,FAKE,1,Electronic,audioldm,test,3,0.998935889054526,original,0.5887511404871456,1
sample_00620,Realize Me - Jim Rooster,FAKE,1,Electronic,audioldm,test,3,0.9633247504552257,original,0.5887511404871456,1
sample_00627,Support Me in This Moment That I'm About To Lose Heart - Nihilore,FAKE,1,Electronic,audioldm,test,3,0.993383378670525,original,0.5887511404871456,1
sample_00637,Dance Harder - Three Chain Links,FAKE,1,Electronic,audioldm,test,3,0.9934039746824105,original,0.5887511404871456,1
sample_00638,Yurtology - Michett,FAKE,1,Electronic,audioldm,test,3,0.9665705369208522,original,0.5887511404871456,1
sample_00644,The Adventures Of Roderick Random - Maps And Diagrams,FAKE,1,Electronic,audioldm,test,3,0.9949978656064665,original,0.5887511404871456,1
sample_00654,Night Owl - Broke For Free,FAKE,1,Electronic,audioldm,test,3,0.9931538470876952,original,0.5887511404871456,1
sample_00672,2Much (Andy Spinelli & Alex Sánchez House Edit) - Tentacles,FAKE,1,Electronic,audioldm,test,3,0.9883093768146619,original,0.5887511404871456,1
sample_00675,Let's Start Out Slow - RoccoW,FAKE,1,Electronic,audioldm,test,3,0.9953413224561413,original,0.5887511404871456,1
sample_00686,Bizzy - The Tleilaxu Music Machine,FAKE,1,Electronic,audioldm,test,3,0.9991100991513262,original,0.5887511404871456,1
sample_00687,3 am West End - statusq,FAKE,1,Electronic,audioldm,test,3,0.9990336218801715,original,0.5887511404871456,1
sample_00690,Set Fire to Creation - Nihilore,FAKE,1,Electronic,audioldm,test,3,0.997454413594182,original,0.5887511404871456,1
sample_00697,End titles - Itsensäsyöjät,FAKE,1,Electronic,audioldm,test,3,0.9901888041943988,original,0.5887511404871456,1
sample_00705,Something Dirty - Ergo Phizmiz,FAKE,1,Pop,audioldm,test,3,0.9135656172479277,original,0.5887511404871456,1
sample_00709,"Hungry - Oh Yeah, the Future",FAKE,1,Pop,audioldm,test,3,0.947038193667991,original,0.5887511404871456,1
sample_00712,Music For an Underground Circu - Ergo Phizmiz,FAKE,1,Pop,audioldm,test,3,0.8805176468800836,original,0.5887511404871456,1
sample_00715,Motocross Mania - Monroeville Music Center,FAKE,1,Pop,audioldm,test,3,0.966093808591394,original,0.5887511404871456,1
sample_00723,Troubles I've seen - Malaventura,FAKE,1,Pop,audioldm,test,3,0.974042622479351,original,0.5887511404871456,1
sample_00730,Different Day - First,FAKE,1,Pop,audioldm,test,3,0.9991417606794748,original,0.5887511404871456,1
sample_00746,She Works / Tepid Waters - Bird Names,FAKE,1,Pop,audioldm,test,3,0.9909872016184624,original,0.5887511404871456,1
sample_00752,Production - Bird Names,FAKE,1,Pop,audioldm,test,3,0.9950094142564695,original,0.5887511404871456,1
sample_00758,"The Pursuit of Unintentional Humor - Oh Yeah, the Future",FAKE,1,Pop,audioldm,test,3,0.9889141557282018,original,0.5887511404871456,1
sample_00763,El Burrito - Malaventura,FAKE,1,Pop,audioldm,test,3,0.9968330211955786,original,0.5887511404871456,1
sample_00766,Where Is Everything - The Moi Non Plus,FAKE,1,Rock,audioldm,test,3,0.9791870327052896,original,0.5887511404871456,1
sample_00767,Terve Teille - Чокнутый Пропеллер,FAKE,1,Rock,audioldm,test,3,0.8793526913646823,original,0.5887511404871456,1
sample_00780,Stuttgart - Portrayal,FAKE,1,Rock,audioldm,test,3,0.976752008613505,original,0.5887511404871456,1
sample_00787,Love Dream - The Zombie Dandies,FAKE,1,Rock,audioldm,test,3,0.9991518377273351,original,0.5887511404871456,1
sample_00794,"Head of Ancante, Talking Tree - Ak'chamel, The Giver of Illness",FAKE,1,Rock,audioldm,test,3,0.990574113878171,original,0.5887511404871456,1
sample_00797,Who Loves You Dear - Mink Lungs,FAKE,1,Rock,audioldm,test,3,0.9948983491989919,original,0.5887511404871456,1
sample_00798,LIQUID SKULLS - voyageurs,FAKE,1,Rock,audioldm,test,3,0.9978942791878463,original,0.5887511404871456,1
sample_00804,I - Inflammator,FAKE,1,Rock,audioldm,test,3,0.9994218862233698,original,0.5887511404871456,1
sample_00805,Sfogare Il Dissenso - Deiezione HC,FAKE,1,Rock,audioldm,test,3,0.9672693020833142,original,0.5887511404871456,1
sample_00809,Attention - Pete Prodoehl,FAKE,1,Rock,audioldm,test,3,0.9993158679443835,original,0.5887511404871456,1
sample_00823,L'arbre - Salmo,FAKE,1,Rock,audioldm,test,3,0.9958105364109823,original,0.5887511404871456,1
sample_00854,Leaving Here - Mod Fun,FAKE,1,Rock,audioldm,test,3,0.9935547692877963,original,0.5887511404871456,1
sample_00860,Puertas de Fuego - Guerra de Cerdos,FAKE,1,Rock,audioldm,test,3,0.9998825136580888,original,0.5887511404871456,1
sample_00861,Sonzis FM - Pipe Choir,FAKE,1,Rock,audioldm,test,3,0.9772850542333053,original,0.5887511404871456,1
sample_00863,5 (Lexington) - Isle of Pine,FAKE,1,Rock,audioldm,test,3,0.9965499898144708,original,0.5887511404871456,1
sample_00867,Moja Krypta - AmortE,FAKE,1,Rock,audioldm,test,3,0.9841214784294907,original,0.5887511404871456,1
sample_00873,Untitled - Fatal Injection,FAKE,1,Rock,audioldm,test,3,0.9991378610411151,original,0.5887511404871456,1
sample_00900,Dance Harder - Three Chain Links,FAKE,1,Electronic,brev,test,3,0.96853535441856,original,0.5887511404871456,1
sample_00901,Dance Harder - Three Chain Links,FAKE,1,Electronic,brev,test,3,0.8054769589545483,original,0.5887511404871456,1
sample_00910,Fuckaboing - RoccoW,FAKE,1,Electronic,brev,test,3,0.8245461241511153,original,0.5887511404871456,1
sample_00911,Fuckaboing - RoccoW,FAKE,1,Electronic,brev,test,3,0.9103529282808367,original,0.5887511404871456,1
sample_00926,Night Owl - Broke For Free,FAKE,1,Electronic,brev,test,3,0.9857497500999827,original,0.5887511404871456,1
sample_00927,Night Owl - Broke For Free,FAKE,1,Electronic,brev,test,3,0.9914053085614573,original,0.5887511404871456,1
sample_00946,Pista Afuera - Epstein,FAKE,1,Electronic,brev,test,3,0.998360448451324,original,0.5887511404871456,1
sample_00947,Pista Afuera - Epstein,FAKE,1,Electronic,brev,test,3,0.9988917993692524,original,0.5887511404871456,1
sample_00950,Realize Me - Jim Rooster,FAKE,1,Electronic,brev,test,3,0.9744560881727967,original,0.5887511404871456,1
sample_00951,Realize Me - Jim Rooster,FAKE,1,Electronic,brev,test,3,0.9883872088440174,original,0.5887511404871456,1
sample_00952,Resistentialism - Nihilore,FAKE,1,Electronic,brev,test,3,0.9836568586410248,original,0.5887511404871456,1
sample_00953,Resistentialism - Nihilore,FAKE,1,Electronic,brev,test,3,0.9916271850569983,original,0.5887511404871456,1
sample_00974,Ugh! Humans Can Join - Mystery Mammal,FAKE,1,Electronic,brev,test,3,0.9563978783314836,original,0.5887511404871456,1
sample_00975,Ugh! Humans Can Join - Mystery Mammal,FAKE,1,Electronic,brev,test,3,0.9935001516842586,original,0.5887511404871456,1
sample_00992,Different Day - First,FAKE,1,Pop,brev,test,3,0.9764305864835187,original,0.5887511404871456,1
sample_00993,Different Day - First,FAKE,1,Pop,brev,test,3,0.9369519188687004,original,0.5887511404871456,1
sample_01002,"Hungry - Oh Yeah, the Future",FAKE,1,Pop,brev,test,3,0.6498711316858211,original,0.5887511404871456,1
sample_01003,"Hungry - Oh Yeah, the Future",FAKE,1,Pop,brev,test,3,0.9390979989837058,original,0.5887511404871456,1
sample_01024,Motocross Mania - Monroeville Music Center,FAKE,1,Pop,brev,test,3,0.9568365576341589,original,0.5887511404871456,1
sample_01025,Motocross Mania - Monroeville Music Center,FAKE,1,Pop,brev,test,3,0.8278905765314164,original,0.5887511404871456,1
sample_01026,Music For an Underground Circu - Ergo Phizmiz,FAKE,1,Pop,brev,test,3,0.6705327602141112,original,0.5887511404871456,1
sample_01027,Music For an Underground Circu - Ergo Phizmiz,FAKE,1,Pop,brev,test,3,0.9287808106560232,original,0.5887511404871456,1
sample_01046,She Works / Tepid Waters - Bird Names,FAKE,1,Pop,brev,test,3,0.9869067549753824,original,0.5887511404871456,1
sample_01047,She Works / Tepid Waters - Bird Names,FAKE,1,Pop,brev,test,3,0.8515307227533803,original,0.5887511404871456,1
sample_01050,Something Dirty - Ergo Phizmiz,FAKE,1,Pop,brev,test,3,0.87684586277532,original,0.5887511404871456,1
sample_01051,Something Dirty - Ergo Phizmiz,FAKE,1,Pop,brev,test,3,0.8667414975123554,original,0.5887511404871456,1
sample_01070,Troubles I've seen - Malaventura,FAKE,1,Pop,brev,test,3,0.9075528771801631,original,0.5887511404871456,1
sample_01071,Troubles I've seen - Malaventura,FAKE,1,Pop,brev,test,3,0.9565932182492943,original,0.5887511404871456,1
sample_01084,Attention - Pete Prodoehl,FAKE,1,Rock,brev,test,3,0.9937179167430243,original,0.5887511404871456,1
sample_01085,Attention - Pete Prodoehl,FAKE,1,Rock,brev,test,3,0.9908478235603969,original,0.5887511404871456,1
sample_01100,"Head of Ancante, Talking Tree - Ak'chamel, The Giver of Illness",FAKE,1,Rock,brev,test,3,0.8651054543546773,original,0.5887511404871456,1
sample_01101,"Head of Ancante, Talking Tree - Ak'chamel, The Giver of Illness",FAKE,1,Rock,brev,test,3,0.9608885997284834,original,0.5887511404871456,1
sample_01108,I - Inflammator,FAKE,1,Rock,brev,test,3,0.9831372994410668,original,0.5887511404871456,1
sample_01109,I - Inflammator,FAKE,1,Rock,brev,test,3,0.7612010225304164,original,0.5887511404871456,1
sample_01114,LIQUID SKULLS - voyageurs,FAKE,1,Rock,brev,test,3,0.9529609565870881,original,0.5887511404871456,1
sample_01115,LIQUID SKULLS - voyageurs,FAKE,1,Rock,brev,test,3,0.9354598080322266,original,0.5887511404871456,1
sample_01118,Love Dream - The Zombie Dandies,FAKE,1,Rock,brev,test,3,0.6188579987911099,original,0.5887511404871456,1
sample_01119,Love Dream - The Zombie Dandies,FAKE,1,Rock,brev,test,3,0.8823848230573007,original,0.5887511404871456,1
sample_01144,Sfogare Il Dissenso - Deiezione HC,FAKE,1,Rock,brev,test,3,0.9170089165743357,original,0.5887511404871456,1
sample_01145,Sfogare Il Dissenso - Deiezione HC,FAKE,1,Rock,brev,test,3,0.8726373212064583,original,0.5887511404871456,1
sample_01152,Stuttgart - Portrayal,FAKE,1,Rock,brev,test,3,0.977720852593834,original,0.5887511404871456,1
sample_01153,Stuttgart - Portrayal,FAKE,1,Rock,brev,test,3,0.7577601300570417,original,0.5887511404871456,1
sample_01154,Terve Teille - Чокнутый Пропеллер,FAKE,1,Rock,brev,test,3,0.8837830053489317,original,0.5887511404871456,1
sample_01155,Terve Teille - Чокнутый Пропеллер,FAKE,1,Rock,brev,test,3,0.9682354573758305,original,0.5887511404871456,1
sample_01168,Where Is Everything - The Moi Non Plus,FAKE,1,Rock,brev,test,3,0.9544523153439951,original,0.5887511404871456,1
sample_01169,Where Is Everything - The Moi Non Plus,FAKE,1,Rock,brev,test,3,0.85815564283943,original,0.5887511404871456,1
sample_01170,Who Loves You Dear - Mink Lungs,FAKE,1,Rock,brev,test,3,0.7804917152555791,original,0.5887511404871456,1
sample_01171,Who Loves You Dear - Mink Lungs,FAKE,1,Rock,brev,test,3,0.8451226326838809,original,0.5887511404871456,1
sample_01181,2Much (Andy Spinelli & Alex Sánchez House Edit) - Tentacles,FAKE,1,Electronic,diffrhythm,test,3,0.9876846978708588,original,0.5887511404871456,1
sample_01182,3 am West End - statusq,FAKE,1,Electronic,diffrhythm,test,3,0.8980234802142014,original,0.5887511404871456,1
sample_01194,Bizzy - The Tleilaxu Music Machine,FAKE,1,Electronic,diffrhythm,test,3,0.9715254102941855,original,0.5887511404871456,1
sample_01200,Dance Harder - Three Chain Links,FAKE,1,Electronic,diffrhythm,test,3,0.9916033719242631,original,0.5887511404871456,1
sample_01209,End titles - Itsensäsyöjät,FAKE,1,Electronic,diffrhythm,test,3,0.992927545561506,original,0.5887511404871456,1
sample_01216,Fuckaboing - RoccoW,FAKE,1,Electronic,diffrhythm,test,3,0.9510456473945901,original,0.5887511404871456,1
sample_01230,Let's Start Out Slow - RoccoW,FAKE,1,Electronic,diffrhythm,test,3,0.9545066494456562,original,0.5887511404871456,1
sample_01231,Let You're Body Move - D SMILEZ,FAKE,1,Electronic,diffrhythm,test,3,0.9864068328099229,original,0.5887511404871456,1
sample_01240,Night Owl - Broke For Free,FAKE,1,Electronic,diffrhythm,test,3,0.9924126091469829,original,0.5887511404871456,1
sample_01251,Pista Afuera - Epstein,FAKE,1,Electronic,diffrhythm,test,3,0.9148573690640633,original,0.5887511404871456,1
sample_01254,Realize Me - Jim Rooster,FAKE,1,Electronic,diffrhythm,test,3,0.9860403666815644,original,0.5887511404871456,1
sample_01255,Resistentialism - Nihilore,FAKE,1,Electronic,diffrhythm,test,3,0.9929856228853057,original,0.5887511404871456,1
sample_01262,Set Fire to Creation - Nihilore,FAKE,1,Electronic,diffrhythm,test,3,0.9952427926180492,original,0.5887511404871456,1
sample_01269,Support Me in This Moment That I'm About To Lose Heart - Nihilore,FAKE,1,Electronic,diffrhythm,test,3,0.7420059118706875,original,0.5887511404871456,1
sample_01273,The Adventures Of Roderick Random - Maps And Diagrams,FAKE,1,Electronic,diffrhythm,test,3,0.8917494284056281,original,0.5887511404871456,1
sample_01279,The Secret Garden - Barbarix,FAKE,1,Electronic,diffrhythm,test,3,0.9965668719212856,original,0.5887511404871456,1
sample_01286,Ugh! Humans Can Join - Mystery Mammal,FAKE,1,Electronic,diffrhythm,test,3,0.9857974762116282,original,0.5887511404871456,1
sample_01294,Yurtology - Michett,FAKE,1,Electronic,diffrhythm,test,3,0.9752505725995997,original,0.5887511404871456,1
sample_01302,Different Day - First,FAKE,1,Pop,diffrhythm,test,3,0.9930856325414706,original,0.5887511404871456,1
sample_01303,El Burrito - Malaventura,FAKE,1,Pop,diffrhythm,test,3,0.9630649073606724,original,0.5887511404871456,1
sample_01308,"Hungry - Oh Yeah, the Future",FAKE,1,Pop,diffrhythm,test,3,0.9896119221875014,original,0.5887511404871456,1
sample_01322,Motocross Mania - Monroeville Music Center,FAKE,1,Pop,diffrhythm,test,3,0.9784122245707504,original,0.5887511404871456,1
sample_01323,Music For an Underground Circu - Ergo Phizmiz,FAKE,1,Pop,diffrhythm,test,3,0.9773683571439036,original,0.5887511404871456,1
sample_01337,Production - Bird Names,FAKE,1,Pop,diffrhythm,test,3,0.8549585915378689,original,0.5887511404871456,1
sample_01343,She Works / Tepid Waters - Bird Names,FAKE,1,Pop,diffrhythm,test,3,0.9921312606461612,original,0.5887511404871456,1
sample_01344,She Works / Tepid Waters - Bird Names,FAKE,1,Pop,diffrhythm,test,3,0.9474459157798093,original,0.5887511404871456,1
sample_01348,Something Dirty - Ergo Phizmiz,FAKE,1,Pop,diffrhythm,test,3,0.8263694906349682,original,0.5887511404871456,1
sample_01357,"The Pursuit of Unintentional Humor - Oh Yeah, the Future",FAKE,1,Pop,diffrhythm,test,3,0.9955403732157029,original,0.5887511404871456,1
sample_01363,Troubles I've seen - Malaventura,FAKE,1,Pop,diffrhythm,test,3,0.8921495373943659,original,0.5887511404871456,1
sample_01364,Troubles I've seen - Malaventura,FAKE,1,Pop,diffrhythm,test,3,0.9869779292155618,original,0.5887511404871456,1
sample_01374,5 (Lexington) - Isle of Pine,FAKE,1,Rock,diffrhythm,test,3,0.99230201646217,original,0.5887511404871456,1
sample_01377,Attention - Pete Prodoehl,FAKE,1,Rock,diffrhythm,test,3,0.989236309705679,original,0.5887511404871456,1
sample_01407,"Head of Ancante, Talking Tree - Ak'chamel, The Giver of Illness",FAKE,1,Rock,diffrhythm,test,3,0.9427258803072561,original,0.5887511404871456,1
sample_01416,I - Inflammator,FAKE,1,Rock,diffrhythm,test,3,0.9977885567543795,original,0.5887511404871456,1
sample_01422,L'arbre - Salmo,FAKE,1,Rock,diffrhythm,test,3,0.9555093196104197,original,0.5887511404871456,1
sample_01423,Leaving Here - Mod Fun,FAKE,1,Rock,diffrhythm,test,3,0.9915098875064526,original,0.5887511404871456,1
sample_01426,LIQUID SKULLS - voyageurs,FAKE,1,Rock,diffrhythm,test,3,0.9797485769829342,original,0.5887511404871456,1
sample_01428,Love Dream - The Zombie Dandies,FAKE,1,Rock,diffrhythm,test,3,0.8577017925856948,original,0.5887511404871456,1
sample_01432,Moja Krypta - AmortE,FAKE,1,Rock,diffrhythm,test,3,0.9903220269102696,original,0.5887511404871456,1
sample_01440,Puertas de Fuego - Guerra de Cerdos,FAKE,1,Rock,diffrhythm,test,3,0.941262956034667,original,0.5887511404871456,1
sample_01449,Sfogare Il Dissenso - Deiezione HC,FAKE,1,Rock,diffrhythm,test,3,0.9801635353245137,original,0.5887511404871456,1
sample_01453,Sonzis FM - Pipe Choir,FAKE,1,Rock,diffrhythm,test,3,0.9875034154011013,original,0.5887511404871456,1
sample_01456,Stuttgart - Portrayal,FAKE,1,Rock,diffrhythm,test,3,0.9403771486894851,original,0.5887511404871456,1
sample_01458,Terve Teille - Чокнутый Пропеллер,FAKE,1,Rock,diffrhythm,test,3,0.9338307818394377,original,0.5887511404871456,1
sample_01465,Untitled - Fatal Injection,FAKE,1,Rock,diffrhythm,test,3,0.9573292566928359,original,0.5887511404871456,1
sample_01472,Where Is Everything - The Moi Non Plus,FAKE,1,Rock,diffrhythm,test,3,0.6638057186878236,original,0.5887511404871456,1
sample_01473,Who Loves You Dear - Mink Lungs,FAKE,1,Rock,diffrhythm,test,3,0.7843302048783012,original,0.5887511404871456,1
sample_01481,Night Owl - Broke For Free,FAKE,1,Electronic,mubert,test,3,0.9678325715117362,original,0.5887511404871456,1
sample_01484,Fuckaboing - RoccoW,FAKE,1,Electronic,mubert,test,3,0.798014162625703,original,0.5887511404871456,1
sample_01492,Resistentialism - Nihilore,FAKE,1,Electronic,mubert,test,3,0.9819115161994203,original,0.5887511404871456,1
sample_01495,Dance Harder - Three Chain Links,FAKE,1,Electronic,mubert,test,3,0.9435412895038002,original,0.5887511404871456,1
sample_01499,Realize Me - Jim Rooster,FAKE,1,Electronic,mubert,test,3,0.40809323300567274,original,0.5887511404871456,0
sample_01511,Pista Afuera - Epstein,FAKE,1,Electronic,mubert,test,3,0.9057985779080858,original,0.5887511404871456,1
sample_01516,Ugh! Humans Can Join - Mystery Mammal,FAKE,1,Electronic,mubert,test,3,0.507215068657466,original,0.5887511404871456,0
sample_01531,Troubles I've seen - Malaventura,FAKE,1,Pop,mubert,test,3,0.6772986307516765,original,0.5887511404871456,1
sample_01535,Motocross Mania - Monroeville Music Center,FAKE,1,Pop,mubert,test,3,0.8170729223687193,original,0.5887511404871456,1
sample_01539,Different Day - First,FAKE,1,Pop,mubert,test,3,0.8780156388858321,original,0.5887511404871456,1
sample_01546,"Hungry - Oh Yeah, the Future",FAKE,1,Pop,mubert,test,3,0.5427155261700016,original,0.5887511404871456,0
sample_01550,She Works / Tepid Waters - Bird Names,FAKE,1,Pop,mubert,test,3,0.28205186762680506,original,0.5887511404871456,0
sample_01553,Something Dirty - Ergo Phizmiz,FAKE,1,Pop,mubert,test,3,0.8028312224588987,original,0.5887511404871456,1
sample_01559,Music For an Underground Circu - Ergo Phizmiz,FAKE,1,Pop,mubert,test,3,0.8735700536236091,original,0.5887511404871456,1
sample_01581,Where Is Everything - The Moi Non Plus,FAKE,1,Rock,mubert,test,3,0.7070860437563207,original,0.5887511404871456,1
sample_01586,Stuttgart - Portrayal,FAKE,1,Rock,mubert,test,3,0.696517157458314,original,0.5887511404871456,1
sample_01587,I - Inflammator,FAKE,1,Rock,mubert,test,3,0.5196031937890001,original,0.5887511404871456,0
sample_01597,Sfogare Il Dissenso - Deiezione HC,FAKE,1,Rock,mubert,test,3,0.5426358976478706,original,0.5887511404871456,0
sample_01604,Who Loves You Dear - Mink Lungs,FAKE,1,Rock,mubert,test,3,0.4023414249413005,original,0.5887511404871456,0
sample_01609,Attention - Pete Prodoehl,FAKE,1,Rock,mubert,test,3,0.771570789562449,original,0.5887511404871456,1
sample_01614,Love Dream - The Zombie Dandies,FAKE,1,Rock,mubert,test,3,0.8954990224211349,original,0.5887511404871456,1
sample_01623,"Head of Ancante, Talking Tree - Ak'chamel, The Giver of Illness",FAKE,1,Rock,mubert,test,3,0.8520025558064779,original,0.5887511404871456,1
sample_01625,Terve Teille - Чокнутый Пропеллер,FAKE,1,Rock,mubert,test,3,0.505473783805408,original,0.5887511404871456,0
sample_01626,LIQUID SKULLS - voyageurs,FAKE,1,Rock,mubert,test,3,0.8057468952722081,original,0.5887511404871456,1
sample_01637,Dance Harder - Three Chain Links,FAKE,1,Electronic,producer,test,3,0.9936760393798973,original,0.5887511404871456,1
sample_01643,Fuckaboing - RoccoW,FAKE,1,Electronic,producer,test,3,0.9858586949326874,original,0.5887511404871456,1
sample_01651,Night Owl - Broke For Free,FAKE,1,Electronic,producer,test,3,0.954845296987152,original,0.5887511404871456,1
sample_01661,Pista Afuera - Epstein,FAKE,1,Electronic,producer,test,3,0.9757550218268354,original,0.5887511404871456,1
sample_01663,Realize Me - Jim Rooster,FAKE,1,Electronic,producer,test,3,0.8143250856009713,original,0.5887511404871456,1
sample_01664,Resistentialism - Nihilore,FAKE,1,Electronic,producer,test,3,0.5778135438760654,original,0.5887511404871456,0
sample_01675,Ugh! Humans Can Join - Mystery Mammal,FAKE,1,Electronic,producer,test,3,0.9694123746187701,original,0.5887511404871456,1
sample_01684,Different Day - First,FAKE,1,Pop,producer,test,3,0.945541149713771,original,0.5887511404871456,1
sample_01689,"Hungry - Oh Yeah, the Future",FAKE,1,Pop,producer,test,3,0.9962844330528581,original,0.5887511404871456,1
sample_01700,Motocross Mania - Monroeville Music Center,FAKE,1,Pop,producer,test,3,0.9516157282618106,original,0.5887511404871456,1
sample_01701,Music For an Underground Circu - Ergo Phizmiz,FAKE,1,Pop,producer,test,3,0.9171351898682177,original,0.5887511404871456,1
sample_01702,Music For an Underground Circu - Ergo Phizmiz,FAKE,1,Pop,producer,test,3,0.9541873906002344,original,0.5887511404871456,1
sample_01712,She Works / Tepid Waters - Bird Names,FAKE,1,Pop,producer,test,3,0.9785437933777749,original,0.5887511404871456,1
sample_01714,Something Dirty - Ergo Phizmiz,FAKE,1,Pop,producer,test,3,0.991464217307719,original,0.5887511404871456,1
sample_01724,Troubles I've seen - Malaventura,FAKE,1,Pop,producer,test,3,0.9862553910951624,original,0.5887511404871456,1
sample_01731,Attention - Pete Prodoehl,FAKE,1,Rock,producer,test,3,0.9687339038142806,original,0.5887511404871456,1
sample_01739,"Head of Ancante, Talking Tree - Ak'chamel, The Giver of Illness",FAKE,1,Rock,producer,test,3,0.9949753895878369,original,0.5887511404871456,1
sample_01743,I - Inflammator,FAKE,1,Rock,producer,test,3,0.9767953206993636,original,0.5887511404871456,1
sample_01746,LIQUID SKULLS - voyageurs,FAKE,1,Rock,producer,test,3,0.9204460938191836,original,0.5887511404871456,1
sample_01748,Love Dream - The Zombie Dandies,FAKE,1,Rock,producer,test,3,0.9771953973637469,original,0.5887511404871456,1
sample_01761,Sfogare Il Dissenso - Deiezione HC,FAKE,1,Rock,producer,test,3,0.9749702875070877,original,0.5887511404871456,1
sample_01765,Stuttgart - Portrayal,FAKE,1,Rock,producer,test,3,0.8972531225112634,original,0.5887511404871456,1
sample_01766,Terve Teille - Чокнутый Пропеллер,FAKE,1,Rock,producer,test,3,0.9601230910139599,original,0.5887511404871456,1
sample_01773,Where Is Everything - The Moi Non Plus,FAKE,1,Rock,producer,test,3,0.5389305104318278,original,0.5887511404871456,0
sample_01774,Who Loves You Dear - Mink Lungs,FAKE,1,Rock,producer,test,3,0.9762579065644906,original,0.5887511404871456,1
sample_01780,2Much (Andy Spinelli & Alex Sánchez House Edit) - Tentacles,FAKE,1,Electronic,songgen,test,2,0.9137941722663574,original,0.5887511404871456,1
sample_01781,3 am West End - statusq,FAKE,1,Electronic,songgen,test,2,0.9634184088496323,original,0.5887511404871456,1
sample_01793,Bizzy - The Tleilaxu Music Machine,FAKE,1,Electronic,songgen,test,2,0.8188224824081705,original,0.5887511404871456,1
sample_01799,Dance Harder - Three Chain Links,FAKE,1,Electronic,songgen,test,2,0.9590704062191753,original,0.5887511404871456,1
sample_01808,End titles - Itsensäsyöjät,FAKE,1,Electronic,songgen,test,2,0.9836060675939232,original,0.5887511404871456,1
sample_01815,Fuckaboing - RoccoW,FAKE,1,Electronic,songgen,test,2,0.9759585637147808,original,0.5887511404871456,1
sample_01829,Let's Start Out Slow - RoccoW,FAKE,1,Electronic,songgen,test,2,0.9726250800345082,original,0.5887511404871456,1
sample_01830,Let You're Body Move - D SMILEZ,FAKE,1,Electronic,songgen,test,2,0.9969239910944364,original,0.5887511404871456,1
sample_01839,Night Owl - Broke For Free,FAKE,1,Electronic,songgen,test,2,0.9962948004396512,original,0.5887511404871456,1
sample_01850,Pista Afuera - Epstein,FAKE,1,Electronic,songgen,test,2,0.9343810373681058,original,0.5887511404871456,1
sample_01853,Realize Me - Jim Rooster,FAKE,1,Electronic,songgen,test,2,0.9982431049415821,original,0.5887511404871456,1
sample_01854,Resistentialism - Nihilore,FAKE,1,Electronic,songgen,test,2,0.9889543762394188,original,0.5887511404871456,1
sample_01861,Set Fire to Creation - Nihilore,FAKE,1,Electronic,songgen,test,2,0.9996372897200492,original,0.5887511404871456,1
sample_01868,Support Me in This Moment That I'm About To Lose Heart - Nihilore,FAKE,1,Electronic,songgen,test,2,0.993616058726315,original,0.5887511404871456,1
sample_01872,The Adventures Of Roderick Random - Maps And Diagrams,FAKE,1,Electronic,songgen,test,2,0.8871032857804512,original,0.5887511404871456,1
sample_01878,The Secret Garden - Barbarix,FAKE,1,Electronic,songgen,test,2,0.8569713829195289,original,0.5887511404871456,1
sample_01885,Ugh! Humans Can Join - Mystery Mammal,FAKE,1,Electronic,songgen,test,2,0.9840852230421633,original,0.5887511404871456,1
sample_01893,Yurtology - Michett,FAKE,1,Electronic,songgen,test,2,0.8874354748698872,original,0.5887511404871456,1
sample_01902,Different Day - First,FAKE,1,Pop,songgen,test,2,0.9859221489327723,original,0.5887511404871456,1
sample_01903,El Burrito - Malaventura,FAKE,1,Pop,songgen,test,2,0.8375116938733806,original,0.5887511404871456,1
sample_01908,"Hungry - Oh Yeah, the Future",FAKE,1,Pop,songgen,test,2,0.980688387201063,original,0.5887511404871456,1
sample_01921,Motocross Mania - Monroeville Music Center,FAKE,1,Pop,songgen,test,2,0.9906545553192949,original,0.5887511404871456,1
sample_01922,Music For an Underground Circu - Ergo Phizmiz,FAKE,1,Pop,songgen,test,2,0.9829273866880954,original,0.5887511404871456,1
sample_01933,Production - Bird Names,FAKE,1,Pop,songgen,test,2,0.9856059549480719,original,0.5887511404871456,1
sample_01938,She Works / Tepid Waters - Bird Names,FAKE,1,Pop,songgen,test,2,0.9946603180891675,original,0.5887511404871456,1
sample_01942,Something Dirty - Ergo Phizmiz,FAKE,1,Pop,songgen,test,2,0.9975684032095958,original,0.5887511404871456,1
sample_01950,"The Pursuit of Unintentional Humor - Oh Yeah, the Future",FAKE,1,Pop,songgen,test,2,0.9823457702324285,original,0.5887511404871456,1
sample_01956,Troubles I've seen - Malaventura,FAKE,1,Pop,songgen,test,2,0.9494365386641093,original,0.5887511404871456,1
sample_01966,5 (Lexington) - Isle of Pine,FAKE,1,Rock,songgen,test,2,0.9962337985146886,original,0.5887511404871456,1
sample_01969,Attention - Pete Prodoehl,FAKE,1,Rock,songgen,test,2,0.9854831908895714,original,0.5887511404871456,1
sample_01999,"Head of Ancante, Talking Tree - Ak'chamel, The Giver of Illness",FAKE,1,Rock,songgen,test,2,0.9865651474826576,original,0.5887511404871456,1
sample_02008,I - Inflammator,FAKE,1,Rock,songgen,test,2,0.9960631247668948,original,0.5887511404871456,1
sample_02014,L'arbre - Salmo,FAKE,1,Rock,songgen,test,2,0.9399809623980298,original,0.5887511404871456,1
sample_02015,Leaving Here - Mod Fun,FAKE,1,Rock,songgen,test,2,0.9975207326646229,original,0.5887511404871456,1
sample_02018,LIQUID SKULLS - voyageurs,FAKE,1,Rock,songgen,test,2,0.9788312175878786,original,0.5887511404871456,1
sample_02020,Love Dream - The Zombie Dandies,FAKE,1,Rock,songgen,test,2,0.9995899553559395,original,0.5887511404871456,1
sample_02024,Moja Krypta - AmortE,FAKE,1,Rock,songgen,test,2,0.9856636629250266,original,0.5887511404871456,1
sample_02032,Puertas de Fuego - Guerra de Cerdos,FAKE,1,Rock,songgen,test,2,0.9985400554531678,original,0.5887511404871456,1
sample_02041,Sfogare Il Dissenso - Deiezione HC,FAKE,1,Rock,songgen,test,2,0.9988096860156619,original,0.5887511404871456,1
sample_02045,Sonzis FM - Pipe Choir,FAKE,1,Rock,songgen,test,2,0.9949380493727935,original,0.5887511404871456,1
sample_02048,Stuttgart - Portrayal,FAKE,1,Rock,songgen,test,2,0.9801427447911175,original,0.5887511404871456,1
sample_02050,Terve Teille - Чокнутый Пропеллер,FAKE,1,Rock,songgen,test,2,0.9956199039712661,original,0.5887511404871456,1
sample_02057,Untitled - Fatal Injection,FAKE,1,Rock,songgen,test,2,0.9842486144860518,original,0.5887511404871456,1
sample_02064,Where Is Everything - The Moi Non Plus,FAKE,1,Rock,songgen,test,2,0.9998785939683013,original,0.5887511404871456,1
sample_02065,Who Loves You Dear - Mink Lungs,FAKE,1,Rock,songgen,test,2,0.9281494023312535,original,0.5887511404871456,1
sample_02089,Dance Harder - Three Chain Links,FAKE,1,Electronic,suno,test,3,0.7746530621025712,original,0.5887511404871456,1
sample_02090,Dance Harder - Three Chain Links,FAKE,1,Electronic,suno,test,3,0.9114431231824526,original,0.5887511404871456,1
sample_02101,Fuckaboing - RoccoW,FAKE,1,Electronic,suno,test,3,0.2588753660530782,original,0.5887511404871456,0
sample_02102,Fuckaboing - RoccoW,FAKE,1,Electronic,suno,test,3,0.928602418188805,original,0.5887511404871456,1
sample_02117,Night Owl - Broke For Free,FAKE,1,Electronic,suno,test,3,0.9837780102821528,original,0.5887511404871456,1
sample_02118,Night Owl - Broke For Free,FAKE,1,Electronic,suno,test,3,0.9946568056662949,original,0.5887511404871456,1
sample_02137,Pista Afuera - Epstein,FAKE,1,Electronic,suno,test,3,0.8275035726714703,original,0.5887511404871456,1
sample_02138,Pista Afuera - Epstein,FAKE,1,Electronic,suno,test,3,0.8622953635306932,original,0.5887511404871456,1
sample_02141,Realize Me - Jim Rooster,FAKE,1,Electronic,suno,test,3,0.9958673066152705,original,0.5887511404871456,1
sample_02142,Realize Me - Jim Rooster,FAKE,1,Electronic,suno,test,3,0.9675475632352472,original,0.5887511404871456,1
sample_02143,Resistentialism - Nihilore,FAKE,1,Electronic,suno,test,3,0.8142353628044757,original,0.5887511404871456,1
sample_02144,Resistentialism - Nihilore,FAKE,1,Electronic,suno,test,3,0.9729824949480844,original,0.5887511404871456,1
sample_02165,Ugh! Humans Can Join - Mystery Mammal,FAKE,1,Electronic,suno,test,3,0.6518056164765978,original,0.5887511404871456,1
sample_02166,Ugh! Humans Can Join - Mystery Mammal,FAKE,1,Electronic,suno,test,3,0.8545040903235983,original,0.5887511404871456,1
sample_02183,Different Day - First,FAKE,1,Pop,suno,test,3,0.9791038624800873,original,0.5887511404871456,1
sample_02184,Different Day - First,FAKE,1,Pop,suno,test,3,0.9250378984267885,original,0.5887511404871456,1
sample_02193,"Hungry - Oh Yeah, the Future",FAKE,1,Pop,suno,test,3,0.9139411747176264,original,0.5887511404871456,1
sample_02194,"Hungry - Oh Yeah, the Future",FAKE,1,Pop,suno,test,3,0.9417919126547368,original,0.5887511404871456,1
sample_02215,Motocross Mania - Monroeville Music Center,FAKE,1,Pop,suno,test,3,0.9869242110349101,original,0.5887511404871456,1
sample_02216,Motocross Mania - Monroeville Music Center,FAKE,1,Pop,suno,test,3,0.9796848990647486,original,0.5887511404871456,1
sample_02217,Music For an Underground Circu - Ergo Phizmiz,FAKE,1,Pop,suno,test,3,0.8615847164270823,original,0.5887511404871456,1
sample_02218,Music For an Underground Circu - Ergo Phizmiz,FAKE,1,Pop,suno,test,3,0.4924225791737314,original,0.5887511404871456,0
sample_02237,She Works / Tepid Waters - Bird Names,FAKE,1,Pop,suno,test,3,0.9489487705929355,original,0.5887511404871456,1
sample_02238,She Works / Tepid Waters - Bird Names,FAKE,1,Pop,suno,test,3,0.9953765706330865,original,0.5887511404871456,1
sample_02241,Something Dirty - Ergo Phizmiz,FAKE,1,Pop,suno,test,3,0.8194709459525235,original,0.5887511404871456,1
sample_02242,Something Dirty - Ergo Phizmiz,FAKE,1,Pop,suno,test,3,0.8481508467371824,original,0.5887511404871456,1
sample_02261,Troubles I've seen - Malaventura,FAKE,1,Pop,suno,test,3,0.9547368255973105,original,0.5887511404871456,1
sample_02262,Troubles I've seen - Malaventura,FAKE,1,Pop,suno,test,3,0.9564601363287255,original,0.5887511404871456,1
sample_02275,Attention - Pete Prodoehl,FAKE,1,Rock,suno,test,3,0.9487133224044095,original,0.5887511404871456,1
sample_02276,Attention - Pete Prodoehl,FAKE,1,Rock,suno,test,3,0.996187516123341,original,0.5887511404871456,1
sample_02291,"Head of Ancante, Talking Tree - Ak'chamel, The Giver of Illness",FAKE,1,Rock,suno,test,3,0.9174541149058003,original,0.5887511404871456,1
sample_02292,"Head of Ancante, Talking Tree - Ak'chamel, The Giver of Illness",FAKE,1,Rock,suno,test,3,0.997910820332077,original,0.5887511404871456,1
sample_02299,I - Inflammator,FAKE,1,Rock,suno,test,3,0.7587381773662041,original,0.5887511404871456,1
sample_02300,I - Inflammator,FAKE,1,Rock,suno,test,3,0.79052066311025,original,0.5887511404871456,1
sample_02305,LIQUID SKULLS - voyageurs,FAKE,1,Rock,suno,test,3,0.9367507064285654,original,0.5887511404871456,1
sample_02306,LIQUID SKULLS - voyageurs,FAKE,1,Rock,suno,test,3,0.9152622723365922,original,0.5887511404871456,1
sample_02309,Love Dream - The Zombie Dandies,FAKE,1,Rock,suno,test,3,0.7739509926644184,original,0.5887511404871456,1
sample_02310,Love Dream - The Zombie Dandies,FAKE,1,Rock,suno,test,3,0.8972706524068647,original,0.5887511404871456,1
sample_02335,Sfogare Il Dissenso - Deiezione HC,FAKE,1,Rock,suno,test,3,0.8949434193579348,original,0.5887511404871456,1
sample_02336,Sfogare Il Dissenso - Deiezione HC,FAKE,1,Rock,suno,test,3,0.7442931771070205,original,0.5887511404871456,1
sample_02343,Stuttgart - Portrayal,FAKE,1,Rock,suno,test,3,0.6277710207114638,original,0.5887511404871456,1
sample_02344,Stuttgart - Portrayal,FAKE,1,Rock,suno,test,3,0.9757689924823841,original,0.5887511404871456,1
sample_02345,Terve Teille - Чокнутый Пропеллер,FAKE,1,Rock,suno,test,3,0.8824002883716958,original,0.5887511404871456,1
sample_02346,Terve Teille - Чокнутый Пропеллер,FAKE,1,Rock,suno,test,3,0.823700890858727,original,0.5887511404871456,1
sample_02359,Where Is Everything - The Moi Non Plus,FAKE,1,Rock,suno,test,3,0.8206809848143837,original,0.5887511404871456,1
sample_02360,Where Is Everything - The Moi Non Plus,FAKE,1,Rock,suno,test,3,0.9769846747309862,original,0.5887511404871456,1
sample_02361,Who Loves You Dear - Mink Lungs,FAKE,1,Rock,suno,test,3,0.8413840342751843,original,0.5887511404871456,1
sample_02362,Who Loves You Dear - Mink Lungs,FAKE,1,Rock,suno,test,3,0.9308904177557743,original,0.5887511404871456,1
sample_02389,Dance Harder - Three Chain Links,FAKE,1,Electronic,udio,test,3,0.9829032924079719,original,0.5887511404871456,1
sample_02390,Dance Harder - Three Chain Links,FAKE,1,Electronic,udio,test,3,0.9242743955462664,original,0.5887511404871456,1
sample_02401,Fuckaboing - RoccoW,FAKE,1,Electronic,udio,test,3,0.9991404989236434,original,0.5887511404871456,1
sample_02402,Fuckaboing - RoccoW,FAKE,1,Electronic,udio,test,3,0.8219234961359554,original,0.5887511404871456,1
sample_02417,Night Owl - Broke For Free,FAKE,1,Electronic,udio,test,3,0.9745179473061713,original,0.5887511404871456,1
sample_02418,Night Owl - Broke For Free,FAKE,1,Electronic,udio,test,3,0.9270903150916315,original,0.5887511404871456,1
sample_02437,Pista Afuera - Epstein,FAKE,1,Electronic,udio,test,3,0.7832660929449048,original,0.5887511404871456,1
sample_02438,Pista Afuera - Epstein,FAKE,1,Electronic,udio,test,3,0.6867398857049419,original,0.5887511404871456,1
sample_02441,Realize Me - Jim Rooster,FAKE,1,Electronic,udio,test,3,0.66090518634281,original,0.5887511404871456,1
sample_02442,Realize Me - Jim Rooster,FAKE,1,Electronic,udio,test,3,0.6436257273040309,original,0.5887511404871456,1
sample_02443,Resistentialism - Nihilore,FAKE,1,Electronic,udio,test,3,0.9927167122202659,original,0.5887511404871456,1
sample_02444,Resistentialism - Nihilore,FAKE,1,Electronic,udio,test,3,0.7264986214550472,original,0.5887511404871456,1
sample_02465,Ugh! Humans Can Join - Mystery Mammal,FAKE,1,Electronic,udio,test,3,0.9728378782903094,original,0.5887511404871456,1
sample_02466,Ugh! Humans Can Join - Mystery Mammal,FAKE,1,Electronic,udio,test,3,0.8134833487357569,original,0.5887511404871456,1
sample_02483,Different Day - First,FAKE,1,Pop,udio,test,3,0.8652472269214998,original,0.5887511404871456,1
sample_02484,Different Day - First,FAKE,1,Pop,udio,test,3,0.9401891422371035,original,0.5887511404871456,1
sample_02493,"Hungry - Oh Yeah, the Future",FAKE,1,Pop,udio,test,3,0.6819379944853602,original,0.5887511404871456,1
sample_02494,"Hungry - Oh Yeah, the Future",FAKE,1,Pop,udio,test,3,0.21604617553915892,original,0.5887511404871456,0
sample_02515,Motocross Mania - Monroeville Music Center,FAKE,1,Pop,udio,test,3,0.9599124803701722,original,0.5887511404871456,1
sample_02516,Motocross Mania - Monroeville Music Center,FAKE,1,Pop,udio,test,3,0.9639975393199736,original,0.5887511404871456,1
sample_02517,Music For an Underground Circu - Ergo Phizmiz,FAKE,1,Pop,udio,test,3,0.8459591399824663,original,0.5887511404871456,1
sample_02518,Music For an Underground Circu - Ergo Phizmiz,FAKE,1,Pop,udio,test,3,0.8672796120454276,original,0.5887511404871456,1
sample_02537,She Works / Tepid Waters - Bird Names,FAKE,1,Pop,udio,test,3,0.7562251192686337,original,0.5887511404871456,1
sample_02538,She Works / Tepid Waters - Bird Names,FAKE,1,Pop,udio,test,3,0.3240137641820499,original,0.5887511404871456,0
sample_02541,Something Dirty - Ergo Phizmiz,FAKE,1,Pop,udio,test,3,0.7697139920697375,original,0.5887511404871456,1
sample_02542,Something Dirty - Ergo Phizmiz,FAKE,1,Pop,udio,test,3,0.8200788960818994,original,0.5887511404871456,1
sample_02561,Troubles I've seen - Malaventura,FAKE,1,Pop,udio,test,3,0.9965314111900071,original,0.5887511404871456,1
sample_02562,Troubles I've seen - Malaventura,FAKE,1,Pop,udio,test,3,0.8309218584649486,original,0.5887511404871456,1
sample_02575,Attention - Pete Prodoehl,FAKE,1,Rock,udio,test,3,0.975393402401281,original,0.5887511404871456,1
sample_02576,Attention - Pete Prodoehl,FAKE,1,Rock,udio,test,3,0.6571893619466478,original,0.5887511404871456,1
sample_02591,"Head of Ancante, Talking Tree - Ak'chamel, The Giver of Illness",FAKE,1,Rock,udio,test,3,0.9073010426764784,original,0.5887511404871456,1
sample_02592,"Head of Ancante, Talking Tree - Ak'chamel, The Giver of Illness",FAKE,1,Rock,udio,test,3,0.7754742858901021,original,0.5887511404871456,1
sample_02599,I - Inflammator,FAKE,1,Rock,udio,test,3,0.875991767054238,original,0.5887511404871456,1
sample_02600,I - Inflammator,FAKE,1,Rock,udio,test,3,0.9911699427009255,original,0.5887511404871456,1
sample_02605,LIQUID SKULLS - voyageurs,FAKE,1,Rock,udio,test,3,0.8785519528939819,original,0.5887511404871456,1
sample_02606,LIQUID SKULLS - voyageurs,FAKE,1,Rock,udio,test,3,0.8547229925249722,original,0.5887511404871456,1
sample_02609,Love Dream - The Zombie Dandies,FAKE,1,Rock,udio,test,3,0.8353932596723114,original,0.5887511404871456,1
sample_02610,Love Dream - The Zombie Dandies,FAKE,1,Rock,udio,test,3,0.8641588505846989,original,0.5887511404871456,1
sample_02635,Sfogare Il Dissenso - Deiezione HC,FAKE,1,Rock,udio,test,3,0.8465449923561751,original,0.5887511404871456,1
sample_02636,Sfogare Il Dissenso - Deiezione HC,FAKE,1,Rock,udio,test,3,0.9924949593990083,original,0.5887511404871456,1
sample_02643,Stuttgart - Portrayal,FAKE,1,Rock,udio,test,3,0.6872727851349517,original,0.5887511404871456,1
sample_02644,Stuttgart - Portrayal,FAKE,1,Rock,udio,test,3,0.9743543576889381,original,0.5887511404871456,1
sample_02645,Terve Teille - Чокнутый Пропеллер,FAKE,1,Rock,udio,test,3,0.5968151357489448,original,0.5887511404871456,1
sample_02646,Terve Teille - Чокнутый Пропеллер,FAKE,1,Rock,udio,test,3,0.9188899418700066,original,0.5887511404871456,1
sample_02659,Where Is Everything - The Moi Non Plus,FAKE,1,Rock,udio,test,3,0.8818893783723625,original,0.5887511404871456,1
sample_02660,Where Is Everything - The Moi Non Plus,FAKE,1,Rock,udio,test,3,0.9948783402864874,original,0.5887511404871456,1
sample_02661,Who Loves You Dear - Mink Lungs,FAKE,1,Rock,udio,test,3,0.5637123547487598,original,0.5887511404871456,0
sample_02662,Who Loves You Dear - Mink Lungs,FAKE,1,Rock,udio,test,3,0.4922142341874775,original,0.5887511404871456,0
sample_02679,Dance Harder - Three Chain Links,FAKE,1,Electronic,stableaudio,test,3,0.968741853125351,original,0.5887511404871456,1
sample_02683,Fuckaboing - RoccoW,FAKE,1,Electronic,stableaudio,test,3,0.9095475412928519,original,0.5887511404871456,1
sample_02691,Night Owl - Broke For Free,FAKE,1,Electronic,stableaudio,test,3,0.9363534381028282,original,0.5887511404871456,1
sample_02700,Pista Afuera - Epstein,FAKE,1,Electronic,stableaudio,test,3,0.7031168147957473,original,0.5887511404871456,1
sample_02702,Realize Me - Jim Rooster,FAKE,1,Electronic,stableaudio,test,3,0.9355366375317812,original,0.5887511404871456,1
sample_02703,Resistentialism - Nihilore,FAKE,1,Electronic,stableaudio,test,3,0.8597429241343727,original,0.5887511404871456,1
sample_02714,Ugh! Humans Can Join - Mystery Mammal,FAKE,1,Electronic,stableaudio,test,3,0.79512926867563,original,0.5887511404871456,1
sample_02724,El Burrito - Malaventura,FAKE,1,Pop,stableaudio,test,3,0.5856114208880957,original,0.5887511404871456,0
sample_02741,Motocross Mania - Monroeville Music Center,FAKE,1,Pop,stableaudio,test,3,0.8841213580593098,original,0.5887511404871456,1
sample_02742,Music For an Underground Circu - Ergo Phizmiz,FAKE,1,Pop,stableaudio,test,3,0.6581323230558019,original,0.5887511404871456,1
sample_02752,Production - Bird Names,FAKE,1,Pop,stableaudio,test,3,0.7260538282385006,original,0.5887511404871456,1
sample_02756,She Works / Tepid Waters - Bird Names,FAKE,1,Pop,stableaudio,test,3,0.9124985411825817,original,0.5887511404871456,1
sample_02759,Something Dirty - Ergo Phizmiz,FAKE,1,Pop,stableaudio,test,3,0.7386318429256318,original,0.5887511404871456,1
sample_02767,"The Pursuit of Unintentional Humor - Oh Yeah, the Future",FAKE,1,Pop,stableaudio,test,3,0.8276495667356304,original,0.5887511404871456,1
sample_02773,Troubles I've seen - Malaventura,FAKE,1,Pop,stableaudio,test,3,0.7605641948700176,original,0.5887511404871456,1
sample_02782,5 (Lexington) - Isle of Pine,FAKE,1,Rock,stableaudio,test,3,0.8529314845397327,original,0.5887511404871456,1
sample_02785,Attention - Pete Prodoehl,FAKE,1,Rock,stableaudio,test,3,0.9375401161210749,original,0.5887511404871456,1
sample_02808,"Head of Ancante, Talking Tree - Ak'chamel, The Giver of Illness",FAKE,1,Rock,stableaudio,test,3,0.9221380937454403,original,0.5887511404871456,1
sample_02822,LIQUID SKULLS - voyageurs,FAKE,1,Rock,stableaudio,test,3,0.9418197066031633,original,0.5887511404871456,1
sample_02824,Love Dream - The Zombie Dandies,FAKE,1,Rock,stableaudio,test,3,0.8216941630278396,original,0.5887511404871456,1
sample_02832,Puertas de Fuego - Guerra de Cerdos,FAKE,1,Rock,stableaudio,test,3,0.8802462349836445,original,0.5887511404871456,1
sample_02839,Sfogare Il Dissenso - Deiezione HC,FAKE,1,Rock,stableaudio,test,3,0.9551363055862007,original,0.5887511404871456,1
sample_02843,Sonzis FM - Pipe Choir,FAKE,1,Rock,stableaudio,test,3,0.942818724947441,original,0.5887511404871456,1
sample_02846,Stuttgart - Portrayal,FAKE,1,Rock,stableaudio,test,3,0.9037445527748345,original,0.5887511404871456,1
sample_02852,Untitled - Fatal Injection,FAKE,1,Rock,stableaudio,test,3,0.7480320605786711,original,0.5887511404871456,1
sample_02857,Who Loves You Dear - Mink Lungs,FAKE,1,Rock,stableaudio,test,3,0.9334597960348979,original,0.5887511404871456,1
sample_02877,Attention - Pete Prodoehl,FAKE,1,Rock,elevenlabs,test,3,0.972713044813614,original,0.5887511404871456,1
sample_02878,Attention - Pete Prodoehl,FAKE,1,Rock,elevenlabs,test,3,0.9546553586257689,original,0.5887511404871456,1
sample_02903,Dance Harder - Three Chain Links,FAKE,1,Electronic,elevenlabs,test,3,0.9191726852201404,original,0.5887511404871456,1
sample_02904,Dance Harder - Three Chain Links,FAKE,1,Electronic,elevenlabs,test,3,0.9063990985307674,original,0.5887511404871456,1
sample_02907,Different Day - First,FAKE,1,Pop,elevenlabs,test,3,0.9541151893882848,original,0.5887511404871456,1
sample_02908,Different Day - First,FAKE,1,Pop,elevenlabs,test,3,0.8983997086214807,original,0.5887511404871456,1
sample_02931,Fuckaboing - RoccoW,FAKE,1,Electronic,elevenlabs,test,3,0.9835761495837781,original,0.5887511404871456,1
sample_02932,Fuckaboing - RoccoW,FAKE,1,Electronic,elevenlabs,test,3,0.6521444836517657,original,0.5887511404871456,1
sample_02939,"Head of Ancante, Talking Tree - Ak'chamel, The Giver of Illness",FAKE,1,Rock,elevenlabs,test,3,0.6557036615735615,original,0.5887511404871456,1
sample_02940,"Head of Ancante, Talking Tree - Ak'chamel, The Giver of Illness",FAKE,1,Rock,elevenlabs,test,3,0.6507071842951739,original,0.5887511404871456,1
sample_02941,"Hungry - Oh Yeah, the Future",FAKE,1,Pop,elevenlabs,test,3,0.9689151931071409,original,0.5887511404871456,1
sample_02942,"Hungry - Oh Yeah, the Future",FAKE,1,Pop,elevenlabs,test,3,0.9587788843126018,original,0.5887511404871456,1
sample_02947,I - Inflammator,FAKE,1,Rock,elevenlabs,test,3,0.7732434434745493,original,0.5887511404871456,1
sample_02948,I - Inflammator,FAKE,1,Rock,elevenlabs,test,3,0.6219914173660365,original,0.5887511404871456,1
sample_02971,LIQUID SKULLS - voyageurs,FAKE,1,Rock,elevenlabs,test,3,0.9868746789838866,original,0.5887511404871456,1
sample_02972,LIQUID SKULLS - voyageurs,FAKE,1,Rock,elevenlabs,test,3,0.9890320601236899,original,0.5887511404871456,1
sample_02977,Love Dream - The Zombie Dandies,FAKE,1,Rock,elevenlabs,test,3,0.8386046933570067,original,0.5887511404871456,1
sample_02978,Love Dream - The Zombie Dandies,FAKE,1,Rock,elevenlabs,test,3,0.872167506134829,original,0.5887511404871456,1
sample_02991,Motocross Mania - Monroeville Music Center,FAKE,1,Pop,elevenlabs,test,3,0.9818468105852887,original,0.5887511404871456,1
sample_02992,Motocross Mania - Monroeville Music Center,FAKE,1,Pop,elevenlabs,test,3,0.9965739818832401,original,0.5887511404871456,1
sample_02995,Music For an Underground Circu - Ergo Phizmiz,FAKE,1,Pop,elevenlabs,test,3,0.7158945067639166,original,0.5887511404871456,1
sample_02996,Music For an Underground Circu - Ergo Phizmiz,FAKE,1,Pop,elevenlabs,test,3,0.9881354267532773,original,0.5887511404871456,1
sample_03003,Night Owl - Broke For Free,FAKE,1,Electronic,elevenlabs,test,3,0.9881336210959909,original,0.5887511404871456,1
sample_03004,Night Owl - Broke For Free,FAKE,1,Electronic,elevenlabs,test,3,0.9546714215586376,original,0.5887511404871456,1
sample_03031,Pista Afuera - Epstein,FAKE,1,Electronic,elevenlabs,test,3,0.8850061643360033,original,0.5887511404871456,1
sample_03032,Pista Afuera - Epstein,FAKE,1,Electronic,elevenlabs,test,3,0.8814798498231026,original,0.5887511404871456,1
sample_03035,Realize Me - Jim Rooster,FAKE,1,Electronic,elevenlabs,test,3,0.986646896500282,original,0.5887511404871456,1
sample_03036,Realize Me - Jim Rooster,FAKE,1,Electronic,elevenlabs,test,3,0.9048226880704968,original,0.5887511404871456,1
sample_03037,Resistentialism - Nihilore,FAKE,1,Electronic,elevenlabs,test,3,0.9640042155821384,original,0.5887511404871456,1
sample_03038,Resistentialism - Nihilore,FAKE,1,Electronic,elevenlabs,test,3,0.9596316479442645,original,0.5887511404871456,1
sample_03061,Sfogare Il Dissenso - Deiezione HC,FAKE,1,Rock,elevenlabs,test,3,0.9099155380917391,original,0.5887511404871456,1
sample_03062,Sfogare Il Dissenso - Deiezione HC,FAKE,1,Rock,elevenlabs,test,3,0.7779460690571859,original,0.5887511404871456,1
sample_03065,She Works / Tepid Waters - Bird Names,FAKE,1,Pop,elevenlabs,test,3,0.7747749328862951,original,0.5887511404871456,1
sample_03066,She Works / Tepid Waters - Bird Names,FAKE,1,Pop,elevenlabs,test,3,0.8873930351951241,original,0.5887511404871456,1
sample_03071,Something Dirty - Ergo Phizmiz,FAKE,1,Pop,elevenlabs,test,3,0.8780443042009697,original,0.5887511404871456,1
sample_03072,Something Dirty - Ergo Phizmiz,FAKE,1,Pop,elevenlabs,test,3,0.7952304622456375,original,0.5887511404871456,1
sample_03083,Stuttgart - Portrayal,FAKE,1,Rock,elevenlabs,test,3,0.6729691660140104,original,0.5887511404871456,1
sample_03084,Stuttgart - Portrayal,FAKE,1,Rock,elevenlabs,test,3,0.9240074956178832,original,0.5887511404871456,1
sample_03089,Terve Teille - Чокнутый Пропеллер,FAKE,1,Rock,elevenlabs,test,3,0.6839288872902677,original,0.5887511404871456,1
sample_03090,Terve Teille - Чокнутый Пропеллер,FAKE,1,Rock,elevenlabs,test,3,0.3915584536670533,original,0.5887511404871456,0
sample_03119,Troubles I've seen - Malaventura,FAKE,1,Pop,elevenlabs,test,3,0.9192871796223213,original,0.5887511404871456,1
sample_03120,Troubles I've seen - Malaventura,FAKE,1,Pop,elevenlabs,test,3,0.8069610234906057,original,0.5887511404871456,1
sample_03121,Ugh! Humans Can Join - Mystery Mammal,FAKE,1,Electronic,elevenlabs,test,3,0.742965171395848,original,0.5887511404871456,1
sample_03122,Ugh! Humans Can Join - Mystery Mammal,FAKE,1,Electronic,elevenlabs,test,3,0.8817879267522685,original,0.5887511404871456,1
sample_03133,Where Is Everything - The Moi Non Plus,FAKE,1,Rock,elevenlabs,test,3,0.651061002607059,original,0.5887511404871456,1
sample_03134,Where Is Everything - The Moi Non Plus,FAKE,1,Rock,elevenlabs,test,3,0.7955586630382653,original,0.5887511404871456,1
sample_03135,Who Loves You Dear - Mink Lungs,FAKE,1,Rock,elevenlabs,test,3,0.6117060437849319,original,0.5887511404871456,1
sample_03136,Who Loves You Dear - Mink Lungs,FAKE,1,Rock,elevenlabs,test,3,0.4888622674703164,original,0.5887511404871456,0
sample_03167,2Much (Andy Spinelli & Alex Sánchez House Edit) - Tentacles,FAKE,1,Electronic,musicgen,test,3,0.9828507875217322,original,0.5887511404871456,1
sample_03169,3 am West End - statusq,FAKE,1,Electronic,musicgen,test,3,0.9746821008311436,original,0.5887511404871456,1
sample_03171,5 (Lexington) - Isle of Pine,FAKE,1,Rock,musicgen,test,3,0.9580574101164547,original,0.5887511404871456,1
sample_03183,Attention - Pete Prodoehl,FAKE,1,Rock,musicgen,test,3,0.7972069546035119,original,0.5887511404871456,1
sample_03193,Bizzy - The Tleilaxu Music Machine,FAKE,1,Electronic,musicgen,test,3,0.9812529597715534,original,0.5887511404871456,1
sample_03209,Dance Harder - Three Chain Links,FAKE,1,Electronic,musicgen,test,3,0.9939303157918666,original,0.5887511404871456,1
sample_03214,Different Day - First,FAKE,1,Pop,musicgen,test,3,0.9495815664862203,original,0.5887511404871456,1
sample_03222,El Burrito - Malaventura,FAKE,1,Pop,musicgen,test,3,0.9985586185577819,original,0.5887511404871456,1
sample_03227,End titles - Itsensäsyöjät,FAKE,1,Electronic,musicgen,test,3,0.9975086122040872,original,0.5887511404871456,1
sample_03244,Fuckaboing - RoccoW,FAKE,1,Electronic,musicgen,test,3,0.8171082887226527,original,0.5887511404871456,1
sample_03253,"Head of Ancante, Talking Tree - Ak'chamel, The Giver of Illness",FAKE,1,Rock,musicgen,test,3,0.9181562526662491,original,0.5887511404871456,1
sample_03255,"Hungry - Oh Yeah, the Future",FAKE,1,Pop,musicgen,test,3,0.9966400431905732,original,0.5887511404871456,1
sample_03267,I - Inflammator,FAKE,1,Rock,musicgen,test,3,0.999603702540718,original,0.5887511404871456,1
sample_03287,Leaving Here - Mod Fun,FAKE,1,Rock,musicgen,test,3,0.9491300112104694,original,0.5887511404871456,1
sample_03288,Let's Start Out Slow - RoccoW,FAKE,1,Electronic,musicgen,test,3,0.9734982624895524,original,0.5887511404871456,1
sample_03290,Let You're Body Move - D SMILEZ,FAKE,1,Electronic,musicgen,test,3,0.9978942619653051,original,0.5887511404871456,1
sample_03295,LIQUID SKULLS - voyageurs,FAKE,1,Rock,musicgen,test,3,0.9937532883443895,original,0.5887511404871456,1
sample_03301,Love Dream - The Zombie Dandies,FAKE,1,Rock,musicgen,test,3,0.6827792631192052,original,0.5887511404871456,1
sample_03302,L'arbre - Salmo,FAKE,1,Rock,musicgen,test,3,0.951885071321099,original,0.5887511404871456,1
sample_03308,Moja Krypta - AmortE,FAKE,1,Rock,musicgen,test,3,0.7348208848384329,original,0.5887511404871456,1
sample_03313,Motocross Mania - Monroeville Music Center,FAKE,1,Pop,musicgen,test,3,0.9857434566694726,original,0.5887511404871456,1
sample_03315,Music For an Underground Circu - Ergo Phizmiz,FAKE,1,Pop,musicgen,test,3,0.8839489742897356,original,0.5887511404871456,1
sample_03324,Night Owl - Broke For Free,FAKE,1,Electronic,musicgen,test,3,0.9842598199552824,original,0.5887511404871456,1
sample_03342,Pista Afuera - Epstein,FAKE,1,Electronic,musicgen,test,3,0.9701642697248233,original,0.5887511404871456,1
sample_03345,Production - Bird Names,FAKE,1,Pop,musicgen,test,3,0.9910698685121676,original,0.5887511404871456,1
sample_03347,Puertas de Fuego - Guerra de Cerdos,FAKE,1,Rock,musicgen,test,3,0.9949690449022356,original,0.5887511404871456,1
sample_03350,Realize Me - Jim Rooster,FAKE,1,Electronic,musicgen,test,3,0.9934145680006483,original,0.5887511404871456,1
sample_03352,Resistentialism - Nihilore,FAKE,1,Electronic,musicgen,test,3,0.9432757820754808,original,0.5887511404871456,1
sample_03367,Set Fire to Creation - Nihilore,FAKE,1,Electronic,musicgen,test,3,0.9822154666526012,original,0.5887511404871456,1
sample_03368,Sfogare Il Dissenso - Deiezione HC,FAKE,1,Rock,musicgen,test,3,0.9996230286036804,original,0.5887511404871456,1
sample_03371,She Works / Tepid Waters - Bird Names,FAKE,1,Pop,musicgen,test,3,0.9355706874000297,original,0.5887511404871456,1
sample_03379,Something Dirty - Ergo Phizmiz,FAKE,1,Pop,musicgen,test,3,0.9879660746867344,original,0.5887511404871456,1
sample_03381,Sonzis FM - Pipe Choir,FAKE,1,Rock,musicgen,test,3,0.9275546898759717,original,0.5887511404871456,1
sample_03390,Stuttgart - Portrayal,FAKE,1,Rock,musicgen,test,3,0.9755736631713012,original,0.5887511404871456,1
sample_03391,Support Me in This Moment That I'm About To Lose Heart - Nihilore,FAKE,1,Electronic,musicgen,test,3,0.9910918009095551,original,0.5887511404871456,1
sample_03396,Terve Teille - Чокнутый Пропеллер,FAKE,1,Rock,musicgen,test,3,0.9863684452513121,original,0.5887511404871456,1
sample_03397,The Adventures Of Roderick Random - Maps And Diagrams,FAKE,1,Electronic,musicgen,test,3,0.9933540049987127,original,0.5887511404871456,1
sample_03411,"The Pursuit of Unintentional Humor - Oh Yeah, the Future",FAKE,1,Pop,musicgen,test,3,0.8242929029966528,original,0.5887511404871456,1
sample_03416,The Secret Garden - Barbarix,FAKE,1,Electronic,musicgen,test,3,0.9563596856764378,original,0.5887511404871456,1
sample_03425,Troubles I've seen - Malaventura,FAKE,1,Pop,musicgen,test,3,0.9872910701975357,original,0.5887511404871456,1
sample_03427,Ugh! Humans Can Join - Mystery Mammal,FAKE,1,Electronic,musicgen,test,3,0.9624364913376601,original,0.5887511404871456,1
sample_03431,Untitled - Fatal Injection,FAKE,1,Rock,musicgen,test,3,0.9906684460764069,original,0.5887511404871456,1
sample_03443,Where Is Everything - The Moi Non Plus,FAKE,1,Rock,musicgen,test,3,0.9748841150509504,original,0.5887511404871456,1
sample_03444,Who Loves You Dear - Mink Lungs,FAKE,1,Rock,musicgen,test,3,0.9470060203970466,original,0.5887511404871456,1
sample_03451,Yurtology - Michett,FAKE,1,Electronic,musicgen,test,3,0.9481056196862631,original,0.5887511404871456,1
sample_00003,2Much (Andy Spinelli & Alex Sánchez House Edit) - Tentacles,REAL,0,Electronic,,test,3,0.7056063255215683,mp3_128,0.5887511404871456,1
sample_00004,3 am West End - statusq,REAL,0,Electronic,,test,3,0.44074846739201856,mp3_128,0.5887511404871456,0
sample_00005,5 (Lexington) - Isle of Pine,REAL,0,Rock,,test,3,0.4409688121851736,mp3_128,0.5887511404871456,0
sample_00021,Attention - Pete Prodoehl,REAL,0,Rock,,test,3,0.24976937230507246,mp3_128,0.5887511404871456,0
sample_00028,Bizzy - The Tleilaxu Music Machine,REAL,0,Electronic,,test,3,0.10245002018085773,mp3_128,0.5887511404871456,0
sample_00045,Dance Harder - Three Chain Links,REAL,0,Electronic,,test,3,0.4447319634826314,mp3_128,0.5887511404871456,0
sample_00049,Different Day - First,REAL,0,Pop,,test,3,0.9344379350662398,mp3_128,0.5887511404871456,1
sample_00056,El Burrito - Malaventura,REAL,0,Pop,,test,3,0.10053165999825893,mp3_128,0.5887511404871456,0
sample_00061,End titles - Itsensäsyöjät,REAL,0,Electronic,,test,3,0.02519261083505069,mp3_128,0.5887511404871456,0
sample_00079,Fuckaboing - RoccoW,REAL,0,Electronic,,test,3,0.042528776059540176,mp3_128,0.5887511404871456,0
sample_00087,"Head of Ancante, Talking Tree - Ak'chamel, The Giver of Illness",REAL,0,Rock,,test,3,0.010769307338631516,mp3_128,0.5887511404871456,0
sample_00089,"Hungry - Oh Yeah, the Future",REAL,0,Pop,,test,3,0.11096203695670026,mp3_128,0.5887511404871456,0
sample_00090,I - Inflammator,REAL,0,Rock,,test,3,0.11520542897572365,mp3_128,0.5887511404871456,0
sample_00115,L'arbre - Salmo,REAL,0,Rock,,test,3,0.14509505260936212,mp3_128,0.5887511404871456,0
sample_00116,LIQUID SKULLS - voyageurs,REAL,0,Rock,,test,3,0.024311703484075877,mp3_128,0.5887511404871456,0
sample_00121,Leaving Here - Mod Fun,REAL,0,Rock,,test,3,0.03826634194817396,mp3_128,0.5887511404871456,0
sample_00122,Let You're Body Move - D SMILEZ,REAL,0,Electronic,,test,3,0.09500501617325441,mp3_128,0.5887511404871456,0
sample_00123,Let's Start Out Slow - RoccoW,REAL,0,Electronic,,test,3,0.48472874703742796,mp3_128,0.5887511404871456,0
sample_00132,Love Dream - The Zombie Dandies,REAL,0,Rock,,test,3,0.00609010617236289,mp3_128,0.5887511404871456,0
sample_00139,Moja Krypta - AmortE,REAL,0,Rock,,test,3,0.7314844280952766,mp3_128,0.5887511404871456,1
sample_00144,Motocross Mania - Monroeville Music Center,REAL,0,Pop,,test,3,0.16066745091270646,mp3_128,0.5887511404871456,0
sample_00146,Music For an Underground Circu - Ergo Phizmiz,REAL,0,Pop,,test,3,0.08193970013129465,mp3_128,0.5887511404871456,0
sample_00154,Night Owl - Broke For Free,REAL,0,Electronic,,test,3,0.1545603453984675,mp3_128,0.5887511404871456,0
sample_00171,Pista Afuera - Epstein,REAL,0,Electronic,,test,3,0.009371663455203239,mp3_128,0.5887511404871456,0
sample_00174,Production - Bird Names,REAL,0,Pop,,test,3,0.04668154388334117,mp3_128,0.5887511404871456,0
sample_00176,Puertas de Fuego - Guerra de Cerdos,REAL,0,Rock,,test,3,0.10668865465600812,mp3_128,0.5887511404871456,0
sample_00178,Realize Me - Jim Rooster,REAL,0,Electronic,,test,3,0.6197569638549921,mp3_128,0.5887511404871456,1
sample_00180,Resistentialism - Nihilore,REAL,0,Electronic,,test,3,0.1464799248884138,mp3_128,0.5887511404871456,0
sample_00195,Set Fire to Creation - Nihilore,REAL,0,Electronic,,test,3,0.04788727455736059,mp3_128,0.5887511404871456,0
sample_00196,Sfogare Il Dissenso - Deiezione HC,REAL,0,Rock,,test,3,0.03235977300200179,mp3_128,0.5887511404871456,0
sample_00198,She Works / Tepid Waters - Bird Names,REAL,0,Pop,,test,3,0.16228393416722017,mp3_128,0.5887511404871456,0
sample_00206,Something Dirty - Ergo Phizmiz,REAL,0,Pop,,test,3,0.028740235303709644,mp3_128,0.5887511404871456,0
sample_00207,Sonzis FM - Pipe Choir,REAL,0,Rock,,test,3,0.0672765599572226,mp3_128,0.5887511404871456,0
sample_00216,Stuttgart - Portrayal,REAL,0,Rock,,test,3,0.5641238420117162,mp3_128,0.5887511404871456,0
sample_00217,Support Me in This Moment That I'm About To Lose Heart - Nihilore,REAL,0,Electronic,,test,3,0.23040800716083018,mp3_128,0.5887511404871456,0
sample_00223,Terve Teille - Чокнутый Пропеллер,REAL,0,Rock,,test,3,0.07960776307018201,mp3_128,0.5887511404871456,0
sample_00224,The Adventures Of Roderick Random - Maps And Diagrams,REAL,0,Electronic,,test,3,0.0623050627852491,mp3_128,0.5887511404871456,0
sample_00236,"The Pursuit of Unintentional Humor - Oh Yeah, the Future",REAL,0,Pop,,test,3,0.008402644294808435,mp3_128,0.5887511404871456,0
sample_00241,The Secret Garden - Barbarix,REAL,0,Electronic,,test,3,0.025148866714735194,mp3_128,0.5887511404871456,0
sample_00252,Troubles I've seen - Malaventura,REAL,0,Pop,,test,3,0.30887191298195177,mp3_128,0.5887511404871456,0
sample_00253,Ugh! Humans Can Join - Mystery Mammal,REAL,0,Electronic,,test,3,0.25986064935086767,mp3_128,0.5887511404871456,0
sample_00257,Untitled - Fatal Injection,REAL,0,Rock,,test,3,0.06291218746679143,mp3_128,0.5887511404871456,0
sample_00270,Where Is Everything - The Moi Non Plus,REAL,0,Rock,,test,3,0.014513430357434737,mp3_128,0.5887511404871456,0
sample_00271,Who Loves You Dear - Mink Lungs,REAL,0,Rock,,test,3,0.01902236409142045,mp3_128,0.5887511404871456,0
sample_00279,Yurtology - Michett,REAL,0,Electronic,,test,3,0.44870985490462983,mp3_128,0.5887511404871456,0
sample_00298,2Much (Andy Spinelli & Alex Sánchez House Edit) - Tentacles,FAKE,1,Electronic,acestep,test,3,0.9404581065549772,mp3_128,0.5887511404871456,1
sample_00300,3 am West End - statusq,FAKE,1,Electronic,acestep,test,3,0.9800680087128563,mp3_128,0.5887511404871456,1
sample_00302,5 (Lexington) - Isle of Pine,FAKE,1,Rock,acestep,test,3,0.9385328089927105,mp3_128,0.5887511404871456,1
sample_00314,Attention - Pete Prodoehl,FAKE,1,Rock,acestep,test,3,0.8775458798892736,mp3_128,0.5887511404871456,1
sample_00324,Bizzy - The Tleilaxu Music Machine,FAKE,1,Electronic,acestep,test,3,0.8522288931503116,mp3_128,0.5887511404871456,1
sample_00340,Dance Harder - Three Chain Links,FAKE,1,Electronic,acestep,test,3,0.9421352492109588,mp3_128,0.5887511404871456,1
sample_00345,Different Day - First,FAKE,1,Pop,acestep,test,3,0.9554774795238051,mp3_128,0.5887511404871456,1
sample_00353,El Burrito - Malaventura,FAKE,1,Pop,acestep,test,3,0.9787407386735195,mp3_128,0.5887511404871456,1
sample_00358,End titles - Itsensäsyöjät,FAKE,1,Electronic,acestep,test,3,0.9317386237406717,mp3_128,0.5887511404871456,1
sample_00375,Fuckaboing - RoccoW,FAKE,1,Electronic,acestep,test,3,0.9939643771152542,mp3_128,0.5887511404871456,1
sample_00384,"Head of Ancante, Talking Tree - Ak'chamel, The Giver of Illness",FAKE,1,Rock,acestep,test,3,0.7774767875149099,mp3_128,0.5887511404871456,1
sample_00386,"Hungry - Oh Yeah, the Future",FAKE,1,Pop,acestep,test,3,0.9638169572460922,mp3_128,0.5887511404871456,1
sample_00398,I - Inflammator,FAKE,1,Rock,acestep,test,3,0.9795149967924068,mp3_128,0.5887511404871456,1
sample_00418,Leaving Here - Mod Fun,FAKE,1,Rock,acestep,test,3,0.9584719235185718,mp3_128,0.5887511404871456,1
sample_00419,Let's Start Out Slow - RoccoW,FAKE,1,Electronic,acestep,test,3,0.9866105380026206,mp3_128,0.5887511404871456,1
sample_00421,Let You're Body Move - D SMILEZ,FAKE,1,Electronic,acestep,test,3,0.8396677998831515,mp3_128,0.5887511404871456,1
sample_00426,LIQUID SKULLS - voyageurs,FAKE,1,Rock,acestep,test,3,0.9680916214969592,mp3_128,0.5887511404871456,1
sample_00432,Love Dream - The Zombie Dandies,FAKE,1,Rock,acestep,test,3,0.8495996396045508,mp3_128,0.5887511404871456,1
sample_00433,L'arbre - Salmo,FAKE,1,Rock,acestep,test,3,0.6786424053386627,mp3_128,0.5887511404871456,1
sample_00439,Moja Krypta - AmortE,FAKE,1,Rock,acestep,test,3,0.9913208283334534,mp3_128,0.5887511404871456,1
sample_00444,Motocross Mania - Monroeville Music Center,FAKE,1,Pop,acestep,test,3,0.9843678611862815,mp3_128,0.5887511404871456,1
sample_00446,Music For an Underground Circu - Ergo Phizmiz,FAKE,1,Pop,acestep,test,3,0.9897314595101308,mp3_128,0.5887511404871456,1
sample_00455,Night Owl - Broke For Free,FAKE,1,Electronic,acestep,test,3,0.999947267810577,mp3_128,0.5887511404871456,1
sample_00473,Pista Afuera - Epstein,FAKE,1,Electronic,acestep,test,3,0.9897720297880745,mp3_128,0.5887511404871456,1
sample_00476,Production - Bird Names,FAKE,1,Pop,acestep,test,3,0.9933005409457843,mp3_128,0.5887511404871456,1
sample_00478,Puertas de Fuego - Guerra de Cerdos,FAKE,1,Rock,acestep,test,3,0.7382189781570158,mp3_128,0.5887511404871456,1
sample_00481,Realize Me - Jim Rooster,FAKE,1,Electronic,acestep,test,3,0.9834148504710858,mp3_128,0.5887511404871456,1
sample_00483,Resistentialism - Nihilore,FAKE,1,Electronic,acestep,test,3,0.9995689592331155,mp3_128,0.5887511404871456,1
sample_00498,Set Fire to Creation - Nihilore,FAKE,1,Electronic,acestep,test,3,0.9832144793614263,mp3_128,0.5887511404871456,1
sample_00499,Sfogare Il Dissenso - Deiezione HC,FAKE,1,Rock,acestep,test,3,0.6798647880307116,mp3_128,0.5887511404871456,1
sample_00502,She Works / Tepid Waters - Bird Names,FAKE,1,Pop,acestep,test,3,0.9714468829667311,mp3_128,0.5887511404871456,1
sample_00510,Something Dirty - Ergo Phizmiz,FAKE,1,Pop,acestep,test,3,0.9875701558273248,mp3_128,0.5887511404871456,1
sample_00512,Sonzis FM - Pipe Choir,FAKE,1,Rock,acestep,test,3,0.952022600399494,mp3_128,0.5887511404871456,1
sample_00521,Stuttgart - Portrayal,FAKE,1,Rock,acestep,test,3,0.9997078775977455,mp3_128,0.5887511404871456,1
sample_00522,Support Me in This Moment That I'm About To Lose Heart - Nihilore,FAKE,1,Electronic,acestep,test,3,0.9863918153628387,mp3_128,0.5887511404871456,1
sample_00527,Terve Teille - Чокнутый Пропеллер,FAKE,1,Rock,acestep,test,3,0.950548467829249,mp3_128,0.5887511404871456,1
sample_00528,The Adventures Of Roderick Random - Maps And Diagrams,FAKE,1,Electronic,acestep,test,3,0.9609640589027149,mp3_128,0.5887511404871456,1
sample_00542,"The Pursuit of Unintentional Humor - Oh Yeah, the Future",FAKE,1,Pop,acestep,test,3,0.9144271900782095,mp3_128,0.5887511404871456,1
sample_00547,The Secret Garden - Barbarix,FAKE,1,Electronic,acestep,test,3,0.9307333885455265,mp3_128,0.5887511404871456,1
sample_00556,Troubles I've seen - Malaventura,FAKE,1,Pop,acestep,test,3,0.9657239069907909,mp3_128,0.5887511404871456,1
sample_00558,Ugh! Humans Can Join - Mystery Mammal,FAKE,1,Electronic,acestep,test,3,0.9358961787945664,mp3_128,0.5887511404871456,1
sample_00562,Untitled - Fatal Injection,FAKE,1,Rock,acestep,test,3,0.9942319915356731,mp3_128,0.5887511404871456,1
sample_00574,Where Is Everything - The Moi Non Plus,FAKE,1,Rock,acestep,test,3,0.9849784088110369,mp3_128,0.5887511404871456,1
sample_00575,Who Loves You Dear - Mink Lungs,FAKE,1,Rock,acestep,test,3,0.9151493199975328,mp3_128,0.5887511404871456,1
sample_00583,Yurtology - Michett,FAKE,1,Electronic,acestep,test,3,0.9893164282364778,mp3_128,0.5887511404871456,1
sample_00600,Pista Afuera - Epstein,FAKE,1,Electronic,audioldm,test,3,0.9922556804004604,mp3_128,0.5887511404871456,1
sample_00601,Let You're Body Move - D SMILEZ,FAKE,1,Electronic,audioldm,test,3,0.9023181617124632,mp3_128,0.5887511404871456,1
sample_00606,The Secret Garden - Barbarix,FAKE,1,Electronic,audioldm,test,3,0.8166366296671428,mp3_128,0.5887511404871456,1
sample_00608,Resistentialism - Nihilore,FAKE,1,Electronic,audioldm,test,3,0.9925894824602796,mp3_128,0.5887511404871456,1
sample_00611,Fuckaboing - RoccoW,FAKE,1,Electronic,audioldm,test,3,0.9971876273364266,mp3_128,0.5887511404871456,1
sample_00612,Ugh! Humans Can Join - Mystery Mammal,FAKE,1,Electronic,audioldm,test,3,0.9989505571908409,mp3_128,0.5887511404871456,1
sample_00620,Realize Me - Jim Rooster,FAKE,1,Electronic,audioldm,test,3,0.9639435460990143,mp3_128,0.5887511404871456,1
sample_00627,Support Me in This Moment That I'm About To Lose Heart - Nihilore,FAKE,1,Electronic,audioldm,test,3,0.9934714748458298,mp3_128,0.5887511404871456,1
sample_00637,Dance Harder - Three Chain Links,FAKE,1,Electronic,audioldm,test,3,0.9933883456705845,mp3_128,0.5887511404871456,1
sample_00638,Yurtology - Michett,FAKE,1,Electronic,audioldm,test,3,0.9678401627237397,mp3_128,0.5887511404871456,1
sample_00644,The Adventures Of Roderick Random - Maps And Diagrams,FAKE,1,Electronic,audioldm,test,3,0.994846335804688,mp3_128,0.5887511404871456,1
sample_00654,Night Owl - Broke For Free,FAKE,1,Electronic,audioldm,test,3,0.9935482397546568,mp3_128,0.5887511404871456,1
sample_00672,2Much (Andy Spinelli & Alex Sánchez House Edit) - Tentacles,FAKE,1,Electronic,audioldm,test,3,0.9887306789638787,mp3_128,0.5887511404871456,1
sample_00675,Let's Start Out Slow - RoccoW,FAKE,1,Electronic,audioldm,test,3,0.9954080310872703,mp3_128,0.5887511404871456,1
sample_00686,Bizzy - The Tleilaxu Music Machine,FAKE,1,Electronic,audioldm,test,3,0.9991751363005038,mp3_128,0.5887511404871456,1
sample_00687,3 am West End - statusq,FAKE,1,Electronic,audioldm,test,3,0.9990360947206671,mp3_128,0.5887511404871456,1
sample_00690,Set Fire to Creation - Nihilore,FAKE,1,Electronic,audioldm,test,3,0.9974370364879287,mp3_128,0.5887511404871456,1
sample_00697,End titles - Itsensäsyöjät,FAKE,1,Electronic,audioldm,test,3,0.9902656653200496,mp3_128,0.5887511404871456,1
sample_00705,Something Dirty - Ergo Phizmiz,FAKE,1,Pop,audioldm,test,3,0.9152470931649361,mp3_128,0.5887511404871456,1
sample_00709,"Hungry - Oh Yeah, the Future",FAKE,1,Pop,audioldm,test,3,0.9467780526435555,mp3_128,0.5887511404871456,1
sample_00712,Music For an Underground Circu - Ergo Phizmiz,FAKE,1,Pop,audioldm,test,3,0.881054388821787,mp3_128,0.5887511404871456,1
sample_00715,Motocross Mania - Monroeville Music Center,FAKE,1,Pop,audioldm,test,3,0.9666614756624362,mp3_128,0.5887511404871456,1
sample_00723,Troubles I've seen - Malaventura,FAKE,1,Pop,audioldm,test,3,0.9741709109842756,mp3_128,0.5887511404871456,1
sample_00730,Different Day - First,FAKE,1,Pop,audioldm,test,3,0.9991597544491024,mp3_128,0.5887511404871456,1
sample_00746,She Works / Tepid Waters - Bird Names,FAKE,1,Pop,audioldm,test,3,0.9916111688614709,mp3_128,0.5887511404871456,1
sample_00752,Production - Bird Names,FAKE,1,Pop,audioldm,test,3,0.9952240108661695,mp3_128,0.5887511404871456,1
sample_00758,"The Pursuit of Unintentional Humor - Oh Yeah, the Future",FAKE,1,Pop,audioldm,test,3,0.9892273328602611,mp3_128,0.5887511404871456,1
sample_00763,El Burrito - Malaventura,FAKE,1,Pop,audioldm,test,3,0.996997149434869,mp3_128,0.5887511404871456,1
sample_00766,Where Is Everything - The Moi Non Plus,FAKE,1,Rock,audioldm,test,3,0.9801352302900582,mp3_128,0.5887511404871456,1
sample_00767,Terve Teille - Чокнутый Пропеллер,FAKE,1,Rock,audioldm,test,3,0.87995096809614,mp3_128,0.5887511404871456,1
sample_00780,Stuttgart - Portrayal,FAKE,1,Rock,audioldm,test,3,0.9772011707114873,mp3_128,0.5887511404871456,1
sample_00787,Love Dream - The Zombie Dandies,FAKE,1,Rock,audioldm,test,3,0.9991615993537478,mp3_128,0.5887511404871456,1
sample_00794,"Head of Ancante, Talking Tree - Ak'chamel, The Giver of Illness",FAKE,1,Rock,audioldm,test,3,0.9908935938073906,mp3_128,0.5887511404871456,1
sample_00797,Who Loves You Dear - Mink Lungs,FAKE,1,Rock,audioldm,test,3,0.9949139213396675,mp3_128,0.5887511404871456,1
sample_00798,LIQUID SKULLS - voyageurs,FAKE,1,Rock,audioldm,test,3,0.9978887205475493,mp3_128,0.5887511404871456,1
sample_00804,I - Inflammator,FAKE,1,Rock,audioldm,test,3,0.9994357389059978,mp3_128,0.5887511404871456,1
sample_00805,Sfogare Il Dissenso - Deiezione HC,FAKE,1,Rock,audioldm,test,3,0.967082541315433,mp3_128,0.5887511404871456,1
sample_00809,Attention - Pete Prodoehl,FAKE,1,Rock,audioldm,test,3,0.9993341777069475,mp3_128,0.5887511404871456,1
sample_00823,L'arbre - Salmo,FAKE,1,Rock,audioldm,test,3,0.9960148009708805,mp3_128,0.5887511404871456,1
sample_00854,Leaving Here - Mod Fun,FAKE,1,Rock,audioldm,test,3,0.9936334100070296,mp3_128,0.5887511404871456,1
sample_00860,Puertas de Fuego - Guerra de Cerdos,FAKE,1,Rock,audioldm,test,3,0.9998828504899047,mp3_128,0.5887511404871456,1
sample_00861,Sonzis FM - Pipe Choir,FAKE,1,Rock,audioldm,test,3,0.9781103161596566,mp3_128,0.5887511404871456,1
sample_00863,5 (Lexington) - Isle of Pine,FAKE,1,Rock,audioldm,test,3,0.9965538151209897,mp3_128,0.5887511404871456,1
sample_00867,Moja Krypta - AmortE,FAKE,1,Rock,audioldm,test,3,0.983633690314209,mp3_128,0.5887511404871456,1
sample_00873,Untitled - Fatal Injection,FAKE,1,Rock,audioldm,test,3,0.9991451874490472,mp3_128,0.5887511404871456,1
sample_00900,Dance Harder - Three Chain Links,FAKE,1,Electronic,brev,test,3,0.9786556216450674,mp3_128,0.5887511404871456,1
sample_00901,Dance Harder - Three Chain Links,FAKE,1,Electronic,brev,test,3,0.8316008144755996,mp3_128,0.5887511404871456,1
sample_00910,Fuckaboing - RoccoW,FAKE,1,Electronic,brev,test,3,0.8580907176626956,mp3_128,0.5887511404871456,1
sample_00911,Fuckaboing - RoccoW,FAKE,1,Electronic,brev,test,3,0.9254177759786059,mp3_128,0.5887511404871456,1
sample_00926,Night Owl - Broke For Free,FAKE,1,Electronic,brev,test,3,0.987905874398777,mp3_128,0.5887511404871456,1
sample_00927,Night Owl - Broke For Free,FAKE,1,Electronic,brev,test,3,0.9919634512044522,mp3_128,0.5887511404871456,1
sample_00946,Pista Afuera - Epstein,FAKE,1,Electronic,brev,test,3,0.9987033323044541,mp3_128,0.5887511404871456,1
sample_00947,Pista Afuera - Epstein,FAKE,1,Electronic,brev,test,3,0.9987620700351281,mp3_128,0.5887511404871456,1
sample_00950,Realize Me - Jim Rooster,FAKE,1,Electronic,brev,test,3,0.9785220120583573,mp3_128,0.5887511404871456,1
sample_00951,Realize Me - Jim Rooster,FAKE,1,Electronic,brev,test,3,0.9907865611902915,mp3_128,0.5887511404871456,1
sample_00952,Resistentialism - Nihilore,FAKE,1,Electronic,brev,test,3,0.988018962812259,mp3_128,0.5887511404871456,1
sample_00953,Resistentialism - Nihilore,FAKE,1,Electronic,brev,test,3,0.9929410163436522,mp3_128,0.5887511404871456,1
sample_00974,Ugh! Humans Can Join - Mystery Mammal,FAKE,1,Electronic,brev,test,3,0.9593990305882892,mp3_128,0.5887511404871456,1
sample_00975,Ugh! Humans Can Join - Mystery Mammal,FAKE,1,Electronic,brev,test,3,0.9931475531869564,mp3_128,0.5887511404871456,1
sample_00992,Different Day - First,FAKE,1,Pop,brev,test,3,0.9844131588134699,mp3_128,0.5887511404871456,1
sample_00993,Different Day - First,FAKE,1,Pop,brev,test,3,0.9508101059641022,mp3_128,0.5887511404871456,1
sample_01002,"Hungry - Oh Yeah, the Future",FAKE,1,Pop,brev,test,3,0.7195867396393694,mp3_128,0.5887511404871456,1
sample_01003,"Hungry - Oh Yeah, the Future",FAKE,1,Pop,brev,test,3,0.9452010093854653,mp3_128,0.5887511404871456,1
sample_01024,Motocross Mania - Monroeville Music Center,FAKE,1,Pop,brev,test,3,0.9644673287493447,mp3_128,0.5887511404871456,1
sample_01025,Motocross Mania - Monroeville Music Center,FAKE,1,Pop,brev,test,3,0.8501170673850672,mp3_128,0.5887511404871456,1
sample_01026,Music For an Underground Circu - Ergo Phizmiz,FAKE,1,Pop,brev,test,3,0.7290684397408344,mp3_128,0.5887511404871456,1
sample_01027,Music For an Underground Circu - Ergo Phizmiz,FAKE,1,Pop,brev,test,3,0.940854457941127,mp3_128,0.5887511404871456,1
sample_01046,She Works / Tepid Waters - Bird Names,FAKE,1,Pop,brev,test,3,0.9903551383246437,mp3_128,0.5887511404871456,1
sample_01047,She Works / Tepid Waters - Bird Names,FAKE,1,Pop,brev,test,3,0.906272349074292,mp3_128,0.5887511404871456,1
sample_01050,Something Dirty - Ergo Phizmiz,FAKE,1,Pop,brev,test,3,0.896711208329592,mp3_128,0.5887511404871456,1
sample_01051,Something Dirty - Ergo Phizmiz,FAKE,1,Pop,brev,test,3,0.8978987408161424,mp3_128,0.5887511404871456,1
sample_01070,Troubles I've seen - Malaventura,FAKE,1,Pop,brev,test,3,0.9261831425715948,mp3_128,0.5887511404871456,1
sample_01071,Troubles I've seen - Malaventura,FAKE,1,Pop,brev,test,3,0.9725011587013764,mp3_128,0.5887511404871456,1
sample_01084,Attention - Pete Prodoehl,FAKE,1,Rock,brev,test,3,0.995488699586922,mp3_128,0.5887511404871456,1
sample_01085,Attention - Pete Prodoehl,FAKE,1,Rock,brev,test,3,0.9927605767285952,mp3_128,0.5887511404871456,1
sample_01100,"Head of Ancante, Talking Tree - Ak'chamel, The Giver of Illness",FAKE,1,Rock,brev,test,3,0.8705092891517178,mp3_128,0.5887511404871456,1
sample_01101,"Head of Ancante, Talking Tree - Ak'chamel, The Giver of Illness",FAKE,1,Rock,brev,test,3,0.9689685803131359,mp3_128,0.5887511404871456,1
sample_01108,I - Inflammator,FAKE,1,Rock,brev,test,3,0.9795149238249489,mp3_128,0.5887511404871456,1
sample_01109,I - Inflammator,FAKE,1,Rock,brev,test,3,0.786942708026185,mp3_128,0.5887511404871456,1
sample_01114,LIQUID SKULLS - voyageurs,FAKE,1,Rock,brev,test,3,0.9557104981474241,mp3_128,0.5887511404871456,1
sample_01115,LIQUID SKULLS - voyageurs,FAKE,1,Rock,brev,test,3,0.9289851643472892,mp3_128,0.5887511404871456,1
sample_01118,Love Dream - The Zombie Dandies,FAKE,1,Rock,brev,test,3,0.6601257972037347,mp3_128,0.5887511404871456,1
sample_01119,Love Dream - The Zombie Dandies,FAKE,1,Rock,brev,test,3,0.917407863017834,mp3_128,0.5887511404871456,1
sample_01144,Sfogare Il Dissenso - Deiezione HC,FAKE,1,Rock,brev,test,3,0.935898595673296,mp3_128,0.5887511404871456,1
sample_01145,Sfogare Il Dissenso - Deiezione HC,FAKE,1,Rock,brev,test,3,0.9309920981857811,mp3_128,0.5887511404871456,1
sample_01152,Stuttgart - Portrayal,FAKE,1,Rock,brev,test,3,0.982840104406062,mp3_128,0.5887511404871456,1
sample_01153,Stuttgart - Portrayal,FAKE,1,Rock,brev,test,3,0.8101716696952513,mp3_128,0.5887511404871456,1
sample_01154,Terve Teille - Чокнутый Пропеллер,FAKE,1,Rock,brev,test,3,0.9327188498212854,mp3_128,0.5887511404871456,1
sample_01155,Terve Teille - Чокнутый Пропеллер,FAKE,1,Rock,brev,test,3,0.9751547533803816,mp3_128,0.5887511404871456,1
sample_01168,Where Is Everything - The Moi Non Plus,FAKE,1,Rock,brev,test,3,0.9667668059020783,mp3_128,0.5887511404871456,1
sample_01169,Where Is Everything - The Moi Non Plus,FAKE,1,Rock,brev,test,3,0.8686916968395221,mp3_128,0.5887511404871456,1
sample_01170,Who Loves You Dear - Mink Lungs,FAKE,1,Rock,brev,test,3,0.818685645240644,mp3_128,0.5887511404871456,1
sample_01171,Who Loves You Dear - Mink Lungs,FAKE,1,Rock,brev,test,3,0.886511591794089,mp3_128,0.5887511404871456,1
sample_01181,2Much (Andy Spinelli & Alex Sánchez House Edit) - Tentacles,FAKE,1,Electronic,diffrhythm,test,3,0.9920352649319795,mp3_128,0.5887511404871456,1
sample_01182,3 am West End - statusq,FAKE,1,Electronic,diffrhythm,test,3,0.8970360685171538,mp3_128,0.5887511404871456,1
sample_01194,Bizzy - The Tleilaxu Music Machine,FAKE,1,Electronic,diffrhythm,test,3,0.9719094421438186,mp3_128,0.5887511404871456,1
sample_01200,Dance Harder - Three Chain Links,FAKE,1,Electronic,diffrhythm,test,3,0.9931773223130028,mp3_128,0.5887511404871456,1
sample_01209,End titles - Itsensäsyöjät,FAKE,1,Electronic,diffrhythm,test,3,0.9928119948131747,mp3_128,0.5887511404871456,1
sample_01216,Fuckaboing - RoccoW,FAKE,1,Electronic,diffrhythm,test,3,0.9533248277562484,mp3_128,0.5887511404871456,1
sample_01230,Let's Start Out Slow - RoccoW,FAKE,1,Electronic,diffrhythm,test,3,0.9683764241887142,mp3_128,0.5887511404871456,1
sample_01231,Let You're Body Move - D SMILEZ,FAKE,1,Electronic,diffrhythm,test,3,0.9848528993413529,mp3_128,0.5887511404871456,1
sample_01240,Night Owl - Broke For Free,FAKE,1,Electronic,diffrhythm,test,3,0.9988504725317678,mp3_128,0.5887511404871456,1
sample_01251,Pista Afuera - Epstein,FAKE,1,Electronic,diffrhythm,test,3,0.9315973850568882,mp3_128,0.5887511404871456,1
sample_01254,Realize Me - Jim Rooster,FAKE,1,Electronic,diffrhythm,test,3,0.9844302179242831,mp3_128,0.5887511404871456,1
sample_01255,Resistentialism - Nihilore,FAKE,1,Electronic,diffrhythm,test,3,0.9921741829422387,mp3_128,0.5887511404871456,1
sample_01262,Set Fire to Creation - Nihilore,FAKE,1,Electronic,diffrhythm,test,3,0.996503717433069,mp3_128,0.5887511404871456,1
sample_01269,Support Me in This Moment That I'm About To Lose Heart - Nihilore,FAKE,1,Electronic,diffrhythm,test,3,0.8432764977046948,mp3_128,0.5887511404871456,1
sample_01273,The Adventures Of Roderick Random - Maps And Diagrams,FAKE,1,Electronic,diffrhythm,test,3,0.9041177347659423,mp3_128,0.5887511404871456,1
sample_01279,The Secret Garden - Barbarix,FAKE,1,Electronic,diffrhythm,test,3,0.9963454053182286,mp3_128,0.5887511404871456,1
sample_01286,Ugh! Humans Can Join - Mystery Mammal,FAKE,1,Electronic,diffrhythm,test,3,0.9845767711471171,mp3_128,0.5887511404871456,1
sample_01294,Yurtology - Michett,FAKE,1,Electronic,diffrhythm,test,3,0.9786464568234239,mp3_128,0.5887511404871456,1
sample_01302,Different Day - First,FAKE,1,Pop,diffrhythm,test,3,0.9958085920914822,mp3_128,0.5887511404871456,1
sample_01303,El Burrito - Malaventura,FAKE,1,Pop,diffrhythm,test,3,0.9633902199659881,mp3_128,0.5887511404871456,1
sample_01308,"Hungry - Oh Yeah, the Future",FAKE,1,Pop,diffrhythm,test,3,0.9954294737163017,mp3_128,0.5887511404871456,1
sample_01322,Motocross Mania - Monroeville Music Center,FAKE,1,Pop,diffrhythm,test,3,0.9821571048879547,mp3_128,0.5887511404871456,1
sample_01323,Music For an Underground Circu - Ergo Phizmiz,FAKE,1,Pop,diffrhythm,test,3,0.9790243653930782,mp3_128,0.5887511404871456,1
sample_01337,Production - Bird Names,FAKE,1,Pop,diffrhythm,test,3,0.8803021459855297,mp3_128,0.5887511404871456,1
sample_01343,She Works / Tepid Waters - Bird Names,FAKE,1,Pop,diffrhythm,test,3,0.9943177893454368,mp3_128,0.5887511404871456,1
sample_01344,She Works / Tepid Waters - Bird Names,FAKE,1,Pop,diffrhythm,test,3,0.9677663721194292,mp3_128,0.5887511404871456,1
sample_01348,Something Dirty - Ergo Phizmiz,FAKE,1,Pop,diffrhythm,test,3,0.8465877850876335,mp3_128,0.5887511404871456,1
sample_01357,"The Pursuit of Unintentional Humor - Oh Yeah, the Future",FAKE,1,Pop,diffrhythm,test,3,0.9955922453872464,mp3_128,0.5887511404871456,1
sample_01363,Troubles I've seen - Malaventura,FAKE,1,Pop,diffrhythm,test,3,0.9033443384429575,mp3_128,0.5887511404871456,1
sample_01364,Troubles I've seen - Malaventura,FAKE,1,Pop,diffrhythm,test,3,0.9893891879770598,mp3_128,0.5887511404871456,1
sample_01374,5 (Lexington) - Isle of Pine,FAKE,1,Rock,diffrhythm,test,3,0.9942104137792654,mp3_128,0.5887511404871456,1
sample_01377,Attention - Pete Prodoehl,FAKE,1,Rock,diffrhythm,test,3,0.9919469779747825,mp3_128,0.5887511404871456,1
sample_01407,"Head of Ancante, Talking Tree - Ak'chamel, The Giver of Illness",FAKE,1,Rock,diffrhythm,test,3,0.9510787433236053,mp3_128,0.5887511404871456,1
sample_01416,I - Inflammator,FAKE,1,Rock,diffrhythm,test,3,0.9986996699097898,mp3_128,0.5887511404871456,1
sample_01422,L'arbre - Salmo,FAKE,1,Rock,diffrhythm,test,3,0.964981842154414,mp3_128,0.5887511404871456,1
sample_01423,Leaving Here - Mod Fun,FAKE,1,Rock,diffrhythm,test,3,0.9934754398736391,mp3_128,0.5887511404871456,1
sample_01426,LIQUID SKULLS - voyageurs,FAKE,1,Rock,diffrhythm,test,3,0.9825534918485014,mp3_128,0.5887511404871456,1
sample_01428,Love Dream - The Zombie Dandies,FAKE,1,Rock,diffrhythm,test,3,0.8948363414286536,mp3_128,0.5887511404871456,1
sample_01432,Moja Krypta - AmortE,FAKE,1,Rock,diffrhythm,test,3,0.9875610239172535,mp3_128,0.5887511404871456,1
sample_01440,Puertas de Fuego - Guerra de Cerdos,FAKE,1,Rock,diffrhythm,test,3,0.9728668543239684,mp3_128,0.5887511404871456,1
sample_01449,Sfogare Il Dissenso - Deiezione HC,FAKE,1,Rock,diffrhythm,test,3,0.9874373177567248,mp3_128,0.5887511404871456,1
sample_01453,Sonzis FM - Pipe Choir,FAKE,1,Rock,diffrhythm,test,3,0.9928439744905493,mp3_128,0.5887511404871456,1
sample_01456,Stuttgart - Portrayal,FAKE,1,Rock,diffrhythm,test,3,0.9355191490095537,mp3_128,0.5887511404871456,1
sample_01458,Terve Teille - Чокнутый Пропеллер,FAKE,1,Rock,diffrhythm,test,3,0.9487404717121435,mp3_128,0.5887511404871456,1
sample_01465,Untitled - Fatal Injection,FAKE,1,Rock,diffrhythm,test,3,0.9611408391398109,mp3_128,0.5887511404871456,1
sample_01472,Where Is Everything - The Moi Non Plus,FAKE,1,Rock,diffrhythm,test,3,0.6888213119372528,mp3_128,0.5887511404871456,1
sample_01473,Who Loves You Dear - Mink Lungs,FAKE,1,Rock,diffrhythm,test,3,0.8020405917156438,mp3_128,0.5887511404871456,1
sample_01481,Night Owl - Broke For Free,FAKE,1,Electronic,mubert,test,3,0.9767323370410388,mp3_128,0.5887511404871456,1
sample_01484,Fuckaboing - RoccoW,FAKE,1,Electronic,mubert,test,3,0.8258016026839702,mp3_128,0.5887511404871456,1
sample_01492,Resistentialism - Nihilore,FAKE,1,Electronic,mubert,test,3,0.9834174117462591,mp3_128,0.5887511404871456,1
sample_01495,Dance Harder - Three Chain Links,FAKE,1,Electronic,mubert,test,3,0.9541004678507109,mp3_128,0.5887511404871456,1
sample_01499,Realize Me - Jim Rooster,FAKE,1,Electronic,mubert,test,3,0.5511013975286606,mp3_128,0.5887511404871456,0
sample_01511,Pista Afuera - Epstein,FAKE,1,Electronic,mubert,test,3,0.9286043369138466,mp3_128,0.5887511404871456,1
sample_01516,Ugh! Humans Can Join - Mystery Mammal,FAKE,1,Electronic,mubert,test,3,0.6523567633638662,mp3_128,0.5887511404871456,1
sample_01531,Troubles I've seen - Malaventura,FAKE,1,Pop,mubert,test,3,0.7111967383093089,mp3_128,0.5887511404871456,1
sample_01535,Motocross Mania - Monroeville Music Center,FAKE,1,Pop,mubert,test,3,0.8444358994137021,mp3_128,0.5887511404871456,1
sample_01539,Different Day - First,FAKE,1,Pop,mubert,test,3,0.9136088560033279,mp3_128,0.5887511404871456,1
sample_01546,"Hungry - Oh Yeah, the Future",FAKE,1,Pop,mubert,test,3,0.5980103712174524,mp3_128,0.5887511404871456,1
sample_01550,She Works / Tepid Waters - Bird Names,FAKE,1,Pop,mubert,test,3,0.30548354629015634,mp3_128,0.5887511404871456,0
sample_01553,Something Dirty - Ergo Phizmiz,FAKE,1,Pop,mubert,test,3,0.8712738470903499,mp3_128,0.5887511404871456,1
sample_01559,Music For an Underground Circu - Ergo Phizmiz,FAKE,1,Pop,mubert,test,3,0.9105389867989345,mp3_128,0.5887511404871456,1
sample_01581,Where Is Everything - The Moi Non Plus,FAKE,1,Rock,mubert,test,3,0.7777152733753869,mp3_128,0.5887511404871456,1
sample_01586,Stuttgart - Portrayal,FAKE,1,Rock,mubert,test,3,0.698694698122226,mp3_128,0.5887511404871456,1
sample_01587,I - Inflammator,FAKE,1,Rock,mubert,test,3,0.5634363423595378,mp3_128,0.5887511404871456,0
sample_01597,Sfogare Il Dissenso - Deiezione HC,FAKE,1,Rock,mubert,test,3,0.6053575894375193,mp3_128,0.5887511404871456,1
sample_01604,Who Loves You Dear - Mink Lungs,FAKE,1,Rock,mubert,test,3,0.49326627453585054,mp3_128,0.5887511404871456,0
sample_01609,Attention - Pete Prodoehl,FAKE,1,Rock,mubert,test,3,0.797405730255362,mp3_128,0.5887511404871456,1
sample_01614,Love Dream - The Zombie Dandies,FAKE,1,Rock,mubert,test,3,0.9196634061590712,mp3_128,0.5887511404871456,1
sample_01623,"Head of Ancante, Talking Tree - Ak'chamel, The Giver of Illness",FAKE,1,Rock,mubert,test,3,0.8868775693901504,mp3_128,0.5887511404871456,1
sample_01625,Terve Teille - Чокнутый Пропеллер,FAKE,1,Rock,mubert,test,3,0.6095946993335032,mp3_128,0.5887511404871456,1
sample_01626,LIQUID SKULLS - voyageurs,FAKE,1,Rock,mubert,test,3,0.8237646002350695,mp3_128,0.5887511404871456,1
sample_01637,Dance Harder - Three Chain Links,FAKE,1,Electronic,producer,test,3,0.9961333368190899,mp3_128,0.5887511404871456,1
sample_01643,Fuckaboing - RoccoW,FAKE,1,Electronic,producer,test,3,0.9901770145910894,mp3_128,0.5887511404871456,1
sample_01651,Night Owl - Broke For Free,FAKE,1,Electronic,producer,test,3,0.9632531302420432,mp3_128,0.5887511404871456,1
sample_01661,Pista Afuera - Epstein,FAKE,1,Electronic,producer,test,3,0.9787288988678541,mp3_128,0.5887511404871456,1
sample_01663,Realize Me - Jim Rooster,FAKE,1,Electronic,producer,test,3,0.8547776290770114,mp3_128,0.5887511404871456,1
sample_01664,Resistentialism - Nihilore,FAKE,1,Electronic,producer,test,3,0.6154190397352503,mp3_128,0.5887511404871456,1
sample_01675,Ugh! Humans Can Join - Mystery Mammal,FAKE,1,Electronic,producer,test,3,0.9770157299718196,mp3_128,0.5887511404871456,1
sample_01684,Different Day - First,FAKE,1,Pop,producer,test,3,0.9659798465633819,mp3_128,0.5887511404871456,1
sample_01689,"Hungry - Oh Yeah, the Future",FAKE,1,Pop,producer,test,3,0.9971125232246217,mp3_128,0.5887511404871456,1
sample_01700,Motocross Mania - Monroeville Music Center,FAKE,1,Pop,producer,test,3,0.9692873064092481,mp3_128,0.5887511404871456,1
sample_01701,Music For an Underground Circu - Ergo Phizmiz,FAKE,1,Pop,producer,test,3,0.9355273237982077,mp3_128,0.5887511404871456,1
sample_01702,Music For an Underground Circu - Ergo Phizmiz,FAKE,1,Pop,producer,test,3,0.9634997896721279,mp3_128,0.5887511404871456,1
sample_01712,She Works / Tepid Waters - Bird Names,FAKE,1,Pop,producer,test,3,0.9863715939627992,mp3_128,0.5887511404871456,1
sample_01714,Something Dirty - Ergo Phizmiz,FAKE,1,Pop,producer,test,3,0.9925011203702102,mp3_128,0.5887511404871456,1
sample_01724,Troubles I've seen - Malaventura,FAKE,1,Pop,producer,test,3,0.9885744935751931,mp3_128,0.5887511404871456,1
sample_01731,Attention - Pete Prodoehl,FAKE,1,Rock,producer,test,3,0.9746295774858457,mp3_128,0.5887511404871456,1
sample_01739,"Head of Ancante, Talking Tree - Ak'chamel, The Giver of Illness",FAKE,1,Rock,producer,test,3,0.9940676837898067,mp3_128,0.5887511404871456,1
sample_01743,I - Inflammator,FAKE,1,Rock,producer,test,3,0.9774949552883473,mp3_128,0.5887511404871456,1
sample_01746,LIQUID SKULLS - voyageurs,FAKE,1,Rock,producer,test,3,0.9438625821593748,mp3_128,0.5887511404871456,1
sample_01748,Love Dream - The Zombie Dandies,FAKE,1,Rock,producer,test,3,0.9847800364689684,mp3_128,0.5887511404871456,1
sample_01761,Sfogare Il Dissenso - Deiezione HC,FAKE,1,Rock,producer,test,3,0.9764458248853133,mp3_128,0.5887511404871456,1
sample_01765,Stuttgart - Portrayal,FAKE,1,Rock,producer,test,3,0.9219352968946192,mp3_128,0.5887511404871456,1
sample_01766,Terve Teille - Чокнутый Пропеллер,FAKE,1,Rock,producer,test,3,0.9659112657989524,mp3_128,0.5887511404871456,1
sample_01773,Where Is Everything - The Moi Non Plus,FAKE,1,Rock,producer,test,3,0.6830260674425727,mp3_128,0.5887511404871456,1
sample_01774,Who Loves You Dear - Mink Lungs,FAKE,1,Rock,producer,test,3,0.9835279297817007,mp3_128,0.5887511404871456,1
sample_01780,2Much (Andy Spinelli & Alex Sánchez House Edit) - Tentacles,FAKE,1,Electronic,songgen,test,2,0.9135957400585062,mp3_128,0.5887511404871456,1
sample_01781,3 am West End - statusq,FAKE,1,Electronic,songgen,test,2,0.9648209763016815,mp3_128,0.5887511404871456,1
sample_01793,Bizzy - The Tleilaxu Music Machine,FAKE,1,Electronic,songgen,test,2,0.8216989053755939,mp3_128,0.5887511404871456,1
sample_01799,Dance Harder - Three Chain Links,FAKE,1,Electronic,songgen,test,2,0.9604415119293097,mp3_128,0.5887511404871456,1
sample_01808,End titles - Itsensäsyöjät,FAKE,1,Electronic,songgen,test,2,0.9839149452987701,mp3_128,0.5887511404871456,1
sample_01815,Fuckaboing - RoccoW,FAKE,1,Electronic,songgen,test,2,0.975977102815645,mp3_128,0.5887511404871456,1
sample_01829,Let's Start Out Slow - RoccoW,FAKE,1,Electronic,songgen,test,2,0.9727025007182033,mp3_128,0.5887511404871456,1
sample_01830,Let You're Body Move - D SMILEZ,FAKE,1,Electronic,songgen,test,2,0.9968861589415607,mp3_128,0.5887511404871456,1
sample_01839,Night Owl - Broke For Free,FAKE,1,Electronic,songgen,test,2,0.9962983734689668,mp3_128,0.5887511404871456,1
sample_01850,Pista Afuera - Epstein,FAKE,1,Electronic,songgen,test,2,0.9333621353864054,mp3_128,0.5887511404871456,1
sample_01853,Realize Me - Jim Rooster,FAKE,1,Electronic,songgen,test,2,0.9982717991379311,mp3_128,0.5887511404871456,1
sample_01854,Resistentialism - Nihilore,FAKE,1,Electronic,songgen,test,2,0.9891042388154312,mp3_128,0.5887511404871456,1
sample_01861,Set Fire to Creation - Nihilore,FAKE,1,Electronic,songgen,test,2,0.9996421405950756,mp3_128,0.5887511404871456,1
sample_01868,Support Me in This Moment That I'm About To Lose Heart - Nihilore,FAKE,1,Electronic,songgen,test,2,0.9937605991635737,mp3_128,0.5887511404871456,1
sample_01872,The Adventures Of Roderick Random - Maps And Diagrams,FAKE,1,Electronic,songgen,test,2,0.8895762262031068,mp3_128,0.5887511404871456,1
sample_01878,The Secret Garden - Barbarix,FAKE,1,Electronic,songgen,test,2,0.8618872299870369,mp3_128,0.5887511404871456,1
sample_01885,Ugh! Humans Can Join - Mystery Mammal,FAKE,1,Electronic,songgen,test,2,0.9843327736833376,mp3_128,0.5887511404871456,1
sample_01893,Yurtology - Michett,FAKE,1,Electronic,songgen,test,2,0.8885248166925719,mp3_128,0.5887511404871456,1
sample_01902,Different Day - First,FAKE,1,Pop,songgen,test,2,0.986177179266193,mp3_128,0.5887511404871456,1
sample_01903,El Burrito - Malaventura,FAKE,1,Pop,songgen,test,2,0.841615055636991,mp3_128,0.5887511404871456,1
sample_01908,"Hungry - Oh Yeah, the Future",FAKE,1,Pop,songgen,test,2,0.9808630698554395,mp3_128,0.5887511404871456,1
sample_01921,Motocross Mania - Monroeville Music Center,FAKE,1,Pop,songgen,test,2,0.9906804302315455,mp3_128,0.5887511404871456,1
sample_01922,Music For an Underground Circu - Ergo Phizmiz,FAKE,1,Pop,songgen,test,2,0.983089167398562,mp3_128,0.5887511404871456,1
sample_01933,Production - Bird Names,FAKE,1,Pop,songgen,test,2,0.9856491269292975,mp3_128,0.5887511404871456,1
sample_01938,She Works / Tepid Waters - Bird Names,FAKE,1,Pop,songgen,test,2,0.9947235189637293,mp3_128,0.5887511404871456,1
sample_01942,Something Dirty - Ergo Phizmiz,FAKE,1,Pop,songgen,test,2,0.9975993796750499,mp3_128,0.5887511404871456,1
sample_01950,"The Pursuit of Unintentional Humor - Oh Yeah, the Future",FAKE,1,Pop,songgen,test,2,0.9826496255623889,mp3_128,0.5887511404871456,1
sample_01956,Troubles I've seen - Malaventura,FAKE,1,Pop,songgen,test,2,0.9498397409268091,mp3_128,0.5887511404871456,1
sample_01966,5 (Lexington) - Isle of Pine,FAKE,1,Rock,songgen,test,2,0.9962570349642894,mp3_128,0.5887511404871456,1
sample_01969,Attention - Pete Prodoehl,FAKE,1,Rock,songgen,test,2,0.9856959306924452,mp3_128,0.5887511404871456,1
sample_01999,"Head of Ancante, Talking Tree - Ak'chamel, The Giver of Illness",FAKE,1,Rock,songgen,test,2,0.9867391902953271,mp3_128,0.5887511404871456,1
sample_02008,I - Inflammator,FAKE,1,Rock,songgen,test,2,0.9960633901958815,mp3_128,0.5887511404871456,1
sample_02014,L'arbre - Salmo,FAKE,1,Rock,songgen,test,2,0.9405472620590782,mp3_128,0.5887511404871456,1
sample_02015,Leaving Here - Mod Fun,FAKE,1,Rock,songgen,test,2,0.9975262496363284,mp3_128,0.5887511404871456,1
sample_02018,LIQUID SKULLS - voyageurs,FAKE,1,Rock,songgen,test,2,0.9789697184294506,mp3_128,0.5887511404871456,1
sample_02020,Love Dream - The Zombie Dandies,FAKE,1,Rock,songgen,test,2,0.9995978412685145,mp3_128,0.5887511404871456,1
sample_02024,Moja Krypta - AmortE,FAKE,1,Rock,songgen,test,2,0.9861169540968426,mp3_128,0.5887511404871456,1
sample_02032,Puertas de Fuego - Guerra de Cerdos,FAKE,1,Rock,songgen,test,2,0.9985642405588044,mp3_128,0.5887511404871456,1
sample_02041,Sfogare Il Dissenso - Deiezione HC,FAKE,1,Rock,songgen,test,2,0.998835195067302,mp3_128,0.5887511404871456,1
sample_02045,Sonzis FM - Pipe Choir,FAKE,1,Rock,songgen,test,2,0.9950787553348961,mp3_128,0.5887511404871456,1
sample_02048,Stuttgart - Portrayal,FAKE,1,Rock,songgen,test,2,0.9804726381928082,mp3_128,0.5887511404871456,1
sample_02050,Terve Teille - Чокнутый Пропеллер,FAKE,1,Rock,songgen,test,2,0.995694960833005,mp3_128,0.5887511404871456,1
sample_02057,Untitled - Fatal Injection,FAKE,1,Rock,songgen,test,2,0.9846313733299907,mp3_128,0.5887511404871456,1
sample_02064,Where Is Everything - The Moi Non Plus,FAKE,1,Rock,songgen,test,2,0.9998812279030824,mp3_128,0.5887511404871456,1
sample_02065,Who Loves You Dear - Mink Lungs,FAKE,1,Rock,songgen,test,2,0.929334981921506,mp3_128,0.5887511404871456,1
sample_02089,Dance Harder - Three Chain Links,FAKE,1,Electronic,suno,test,3,0.8267729467208609,mp3_128,0.5887511404871456,1
sample_02090,Dance Harder - Three Chain Links,FAKE,1,Electronic,suno,test,3,0.9334621144061378,mp3_128,0.5887511404871456,1
sample_02101,Fuckaboing - RoccoW,FAKE,1,Electronic,suno,test,3,0.2826980849308055,mp3_128,0.5887511404871456,0
sample_02102,Fuckaboing - RoccoW,FAKE,1,Electronic,suno,test,3,0.9471032231698143,mp3_128,0.5887511404871456,1
sample_02117,Night Owl - Broke For Free,FAKE,1,Electronic,suno,test,3,0.9909921500166963,mp3_128,0.5887511404871456,1
sample_02118,Night Owl - Broke For Free,FAKE,1,Electronic,suno,test,3,0.9960722436780118,mp3_128,0.5887511404871456,1
sample_02137,Pista Afuera - Epstein,FAKE,1,Electronic,suno,test,3,0.8485666188536513,mp3_128,0.5887511404871456,1
sample_02138,Pista Afuera - Epstein,FAKE,1,Electronic,suno,test,3,0.8835949452637094,mp3_128,0.5887511404871456,1
sample_02141,Realize Me - Jim Rooster,FAKE,1,Electronic,suno,test,3,0.9970422934282296,mp3_128,0.5887511404871456,1
sample_02142,Realize Me - Jim Rooster,FAKE,1,Electronic,suno,test,3,0.9741530889191363,mp3_128,0.5887511404871456,1
sample_02143,Resistentialism - Nihilore,FAKE,1,Electronic,suno,test,3,0.885666055845963,mp3_128,0.5887511404871456,1
sample_02144,Resistentialism - Nihilore,FAKE,1,Electronic,suno,test,3,0.9853304303693804,mp3_128,0.5887511404871456,1
sample_02165,Ugh! Humans Can Join - Mystery Mammal,FAKE,1,Electronic,suno,test,3,0.7444329857577291,mp3_128,0.5887511404871456,1
sample_02166,Ugh! Humans Can Join - Mystery Mammal,FAKE,1,Electronic,suno,test,3,0.8816637992739059,mp3_128,0.5887511404871456,1
sample_02183,Different Day - First,FAKE,1,Pop,suno,test,3,0.9890566290053844,mp3_128,0.5887511404871456,1
sample_02184,Different Day - First,FAKE,1,Pop,suno,test,3,0.9365324166681533,mp3_128,0.5887511404871456,1
sample_02193,"Hungry - Oh Yeah, the Future",FAKE,1,Pop,suno,test,3,0.9309624145688115,mp3_128,0.5887511404871456,1
sample_02194,"Hungry - Oh Yeah, the Future",FAKE,1,Pop,suno,test,3,0.9517481334341428,mp3_128,0.5887511404871456,1
sample_02215,Motocross Mania - Monroeville Music Center,FAKE,1,Pop,suno,test,3,0.9884232790540053,mp3_128,0.5887511404871456,1
sample_02216,Motocross Mania - Monroeville Music Center,FAKE,1,Pop,suno,test,3,0.9839231957318649,mp3_128,0.5887511404871456,1
sample_02217,Music For an Underground Circu - Ergo Phizmiz,FAKE,1,Pop,suno,test,3,0.88915006269894,mp3_128,0.5887511404871456,1
sample_02218,Music For an Underground Circu - Ergo Phizmiz,FAKE,1,Pop,suno,test,3,0.5778272915089384,mp3_128,0.5887511404871456,0
sample_02237,She Works / Tepid Waters - Bird Names,FAKE,1,Pop,suno,test,3,0.9604127549733867,mp3_128,0.5887511404871456,1
sample_02238,She Works / Tepid Waters - Bird Names,FAKE,1,Pop,suno,test,3,0.99701445571842,mp3_128,0.5887511404871456,1
sample_02241,Something Dirty - Ergo Phizmiz,FAKE,1,Pop,suno,test,3,0.863955744577645,mp3_128,0.5887511404871456,1
sample_02242,Something Dirty - Ergo Phizmiz,FAKE,1,Pop,suno,test,3,0.8883122914599896,mp3_128,0.5887511404871456,1
sample_02261,Troubles I've seen - Malaventura,FAKE,1,Pop,suno,test,3,0.9661028850386512,mp3_128,0.5887511404871456,1
sample_02262,Troubles I've seen - Malaventura,FAKE,1,Pop,suno,test,3,0.9807922941555555,mp3_128,0.5887511404871456,1
sample_02275,Attention - Pete Prodoehl,FAKE,1,Rock,suno,test,3,0.9535280907042781,mp3_128,0.5887511404871456,1
sample_02276,Attention - Pete Prodoehl,FAKE,1,Rock,suno,test,3,0.9973012546126894,mp3_128,0.5887511404871456,1
sample_02291,"Head of Ancante, Talking Tree - Ak'chamel, The Giver of Illness",FAKE,1,Rock,suno,test,3,0.9146341093664502,mp3_128,0.5887511404871456,1
sample_02292,"Head of Ancante, Talking Tree - Ak'chamel, The Giver of Illness",FAKE,1,Rock,suno,test,3,0.9979257887564278,mp3_128,0.5887511404871456,1
sample_02299,I - Inflammator,FAKE,1,Rock,suno,test,3,0.7872205481377241,mp3_128,0.5887511404871456,1
sample_02300,I - Inflammator,FAKE,1,Rock,suno,test,3,0.8503347694959006,mp3_128,0.5887511404871456,1
sample_02305,LIQUID SKULLS - voyageurs,FAKE,1,Rock,suno,test,3,0.958084418185677,mp3_128,0.5887511404871456,1
sample_02306,LIQUID SKULLS - voyageurs,FAKE,1,Rock,suno,test,3,0.9318802357380219,mp3_128,0.5887511404871456,1
sample_02309,Love Dream - The Zombie Dandies,FAKE,1,Rock,suno,test,3,0.8276970917100958,mp3_128,0.5887511404871456,1
sample_02310,Love Dream - The Zombie Dandies,FAKE,1,Rock,suno,test,3,0.9028361245083607,mp3_128,0.5887511404871456,1
sample_02335,Sfogare Il Dissenso - Deiezione HC,FAKE,1,Rock,suno,test,3,0.9039056773550627,mp3_128,0.5887511404871456,1
sample_02336,Sfogare Il Dissenso - Deiezione HC,FAKE,1,Rock,suno,test,3,0.7983822639204853,mp3_128,0.5887511404871456,1
sample_02343,Stuttgart - Portrayal,FAKE,1,Rock,suno,test,3,0.6558910152208602,mp3_128,0.5887511404871456,1
sample_02344,Stuttgart - Portrayal,FAKE,1,Rock,suno,test,3,0.9785593761121262,mp3_128,0.5887511404871456,1
sample_02345,Terve Teille - Чокнутый Пропеллер,FAKE,1,Rock,suno,test,3,0.9274582734600333,mp3_128,0.5887511404871456,1
sample_02346,Terve Teille - Чокнутый Пропеллер,FAKE,1,Rock,suno,test,3,0.8443649038429313,mp3_128,0.5887511404871456,1
sample_02359,Where Is Everything - The Moi Non Plus,FAKE,1,Rock,suno,test,3,0.8670595430768788,mp3_128,0.5887511404871456,1
sample_02360,Where Is Everything - The Moi Non Plus,FAKE,1,Rock,suno,test,3,0.9830183296213475,mp3_128,0.5887511404871456,1
sample_02361,Who Loves You Dear - Mink Lungs,FAKE,1,Rock,suno,test,3,0.8984230704654301,mp3_128,0.5887511404871456,1
sample_02362,Who Loves You Dear - Mink Lungs,FAKE,1,Rock,suno,test,3,0.9511170424764975,mp3_128,0.5887511404871456,1
sample_02389,Dance Harder - Three Chain Links,FAKE,1,Electronic,udio,test,3,0.986695737946104,mp3_128,0.5887511404871456,1
sample_02390,Dance Harder - Three Chain Links,FAKE,1,Electronic,udio,test,3,0.9383817567328195,mp3_128,0.5887511404871456,1
sample_02401,Fuckaboing - RoccoW,FAKE,1,Electronic,udio,test,3,0.9995106567454352,mp3_128,0.5887511404871456,1
sample_02402,Fuckaboing - RoccoW,FAKE,1,Electronic,udio,test,3,0.8383909574888818,mp3_128,0.5887511404871456,1
sample_02417,Night Owl - Broke For Free,FAKE,1,Electronic,udio,test,3,0.9745668360720424,mp3_128,0.5887511404871456,1
sample_02418,Night Owl - Broke For Free,FAKE,1,Electronic,udio,test,3,0.9235953011909791,mp3_128,0.5887511404871456,1
sample_02437,Pista Afuera - Epstein,FAKE,1,Electronic,udio,test,3,0.8099368415851055,mp3_128,0.5887511404871456,1
sample_02438,Pista Afuera - Epstein,FAKE,1,Electronic,udio,test,3,0.6910236600051944,mp3_128,0.5887511404871456,1
sample_02441,Realize Me - Jim Rooster,FAKE,1,Electronic,udio,test,3,0.682060129108418,mp3_128,0.5887511404871456,1
sample_02442,Realize Me - Jim Rooster,FAKE,1,Electronic,udio,test,3,0.651061182824805,mp3_128,0.5887511404871456,1
sample_02443,Resistentialism - Nihilore,FAKE,1,Electronic,udio,test,3,0.9938422895604176,mp3_128,0.5887511404871456,1
sample_02444,Resistentialism - Nihilore,FAKE,1,Electronic,udio,test,3,0.7315259887956583,mp3_128,0.5887511404871456,1
sample_02465,Ugh! Humans Can Join - Mystery Mammal,FAKE,1,Electronic,udio,test,3,0.9877372104090122,mp3_128,0.5887511404871456,1
sample_02466,Ugh! Humans Can Join - Mystery Mammal,FAKE,1,Electronic,udio,test,3,0.8274385905274508,mp3_128,0.5887511404871456,1
sample_02483,Different Day - First,FAKE,1,Pop,udio,test,3,0.8775467852477988,mp3_128,0.5887511404871456,1
sample_02484,Different Day - First,FAKE,1,Pop,udio,test,3,0.9479188325897829,mp3_128,0.5887511404871456,1
sample_02493,"Hungry - Oh Yeah, the Future",FAKE,1,Pop,udio,test,3,0.7059642176791626,mp3_128,0.5887511404871456,1
sample_02494,"Hungry - Oh Yeah, the Future",FAKE,1,Pop,udio,test,3,0.29445479637404587,mp3_128,0.5887511404871456,0
sample_02515,Motocross Mania - Monroeville Music Center,FAKE,1,Pop,udio,test,3,0.9687728609449721,mp3_128,0.5887511404871456,1
sample_02516,Motocross Mania - Monroeville Music Center,FAKE,1,Pop,udio,test,3,0.9565519449968395,mp3_128,0.5887511404871456,1
sample_02517,Music For an Underground Circu - Ergo Phizmiz,FAKE,1,Pop,udio,test,3,0.8825163205280432,mp3_128,0.5887511404871456,1
sample_02518,Music For an Underground Circu - Ergo Phizmiz,FAKE,1,Pop,udio,test,3,0.8963713628952442,mp3_128,0.5887511404871456,1
sample_02537,She Works / Tepid Waters - Bird Names,FAKE,1,Pop,udio,test,3,0.7560461192045379,mp3_128,0.5887511404871456,1
sample_02538,She Works / Tepid Waters - Bird Names,FAKE,1,Pop,udio,test,3,0.35103229421381354,mp3_128,0.5887511404871456,0
sample_02541,Something Dirty - Ergo Phizmiz,FAKE,1,Pop,udio,test,3,0.800575111606873,mp3_128,0.5887511404871456,1
sample_02542,Something Dirty - Ergo Phizmiz,FAKE,1,Pop,udio,test,3,0.8429615312332568,mp3_128,0.5887511404871456,1
sample_02561,Troubles I've seen - Malaventura,FAKE,1,Pop,udio,test,3,0.9975333393492193,mp3_128,0.5887511404871456,1
sample_02562,Troubles I've seen - Malaventura,FAKE,1,Pop,udio,test,3,0.82063847205058,mp3_128,0.5887511404871456,1
sample_02575,Attention - Pete Prodoehl,FAKE,1,Rock,udio,test,3,0.9744745503764521,mp3_128,0.5887511404871456,1
sample_02576,Attention - Pete Prodoehl,FAKE,1,Rock,udio,test,3,0.7132932187457882,mp3_128,0.5887511404871456,1
sample_02591,"Head of Ancante, Talking Tree - Ak'chamel, The Giver of Illness",FAKE,1,Rock,udio,test,3,0.9215149319041195,mp3_128,0.5887511404871456,1
sample_02592,"Head of Ancante, Talking Tree - Ak'chamel, The Giver of Illness",FAKE,1,Rock,udio,test,3,0.8177718316202401,mp3_128,0.5887511404871456,1
sample_02599,I - Inflammator,FAKE,1,Rock,udio,test,3,0.9018608882744547,mp3_128,0.5887511404871456,1
sample_02600,I - Inflammator,FAKE,1,Rock,udio,test,3,0.9914375570118845,mp3_128,0.5887511404871456,1
sample_02605,LIQUID SKULLS - voyageurs,FAKE,1,Rock,udio,test,3,0.888967975994194,mp3_128,0.5887511404871456,1
sample_02606,LIQUID SKULLS - voyageurs,FAKE,1,Rock,udio,test,3,0.8553049721099241,mp3_128,0.5887511404871456,1
sample_02609,Love Dream - The Zombie Dandies,FAKE,1,Rock,udio,test,3,0.8857929060881444,mp3_128,0.5887511404871456,1
sample_02610,Love Dream - The Zombie Dandies,FAKE,1,Rock,udio,test,3,0.8987790373205745,mp3_128,0.5887511404871456,1
sample_02635,Sfogare Il Dissenso - Deiezione HC,FAKE,1,Rock,udio,test,3,0.8606917456964975,mp3_128,0.5887511404871456,1
sample_02636,Sfogare Il Dissenso - Deiezione HC,FAKE,1,Rock,udio,test,3,0.9934398158199097,mp3_128,0.5887511404871456,1
sample_02643,Stuttgart - Portrayal,FAKE,1,Rock,udio,test,3,0.7423794875267463,mp3_128,0.5887511404871456,1
sample_02644,Stuttgart - Portrayal,FAKE,1,Rock,udio,test,3,0.9844921120301464,mp3_128,0.5887511404871456,1
sample_02645,Terve Teille - Чокнутый Пропеллер,FAKE,1,Rock,udio,test,3,0.6637237112955031,mp3_128,0.5887511404871456,1
sample_02646,Terve Teille - Чокнутый Пропеллер,FAKE,1,Rock,udio,test,3,0.9246784911640263,mp3_128,0.5887511404871456,1
sample_02659,Where Is Everything - The Moi Non Plus,FAKE,1,Rock,udio,test,3,0.893184348763327,mp3_128,0.5887511404871456,1
sample_02660,Where Is Everything - The Moi Non Plus,FAKE,1,Rock,udio,test,3,0.9961399598529034,mp3_128,0.5887511404871456,1
sample_02661,Who Loves You Dear - Mink Lungs,FAKE,1,Rock,udio,test,3,0.6160146253430606,mp3_128,0.5887511404871456,1
sample_02662,Who Loves You Dear - Mink Lungs,FAKE,1,Rock,udio,test,3,0.5532360328301563,mp3_128,0.5887511404871456,0
sample_02679,Dance Harder - Three Chain Links,FAKE,1,Electronic,stableaudio,test,3,0.9724370632555089,mp3_128,0.5887511404871456,1
sample_02683,Fuckaboing - RoccoW,FAKE,1,Electronic,stableaudio,test,3,0.9037170624121508,mp3_128,0.5887511404871456,1
sample_02691,Night Owl - Broke For Free,FAKE,1,Electronic,stableaudio,test,3,0.9536882010290855,mp3_128,0.5887511404871456,1
sample_02700,Pista Afuera - Epstein,FAKE,1,Electronic,stableaudio,test,3,0.7092608578324141,mp3_128,0.5887511404871456,1
sample_02702,Realize Me - Jim Rooster,FAKE,1,Electronic,stableaudio,test,3,0.9460373383886048,mp3_128,0.5887511404871456,1
sample_02703,Resistentialism - Nihilore,FAKE,1,Electronic,stableaudio,test,3,0.8715443042481388,mp3_128,0.5887511404871456,1
sample_02714,Ugh! Humans Can Join - Mystery Mammal,FAKE,1,Electronic,stableaudio,test,3,0.8189550894814213,mp3_128,0.5887511404871456,1
sample_02724,El Burrito - Malaventura,FAKE,1,Pop,stableaudio,test,3,0.6683989851344107,mp3_128,0.5887511404871456,1
sample_02741,Motocross Mania - Monroeville Music Center,FAKE,1,Pop,stableaudio,test,3,0.8896508129162565,mp3_128,0.5887511404871456,1
sample_02742,Music For an Underground Circu - Ergo Phizmiz,FAKE,1,Pop,stableaudio,test,3,0.6832904404180716,mp3_128,0.5887511404871456,1
sample_02752,Production - Bird Names,FAKE,1,Pop,stableaudio,test,3,0.8030669272278784,mp3_128,0.5887511404871456,1
sample_02756,She Works / Tepid Waters - Bird Names,FAKE,1,Pop,stableaudio,test,3,0.9448395463337295,mp3_128,0.5887511404871456,1
sample_02759,Something Dirty - Ergo Phizmiz,FAKE,1,Pop,stableaudio,test,3,0.7518058787371805,mp3_128,0.5887511404871456,1
sample_02767,"The Pursuit of Unintentional Humor - Oh Yeah, the Future",FAKE,1,Pop,stableaudio,test,3,0.8807963781182776,mp3_128,0.5887511404871456,1
sample_02773,Troubles I've seen - Malaventura,FAKE,1,Pop,stableaudio,test,3,0.8176764320139522,mp3_128,0.5887511404871456,1
sample_02782,5 (Lexington) - Isle of Pine,FAKE,1,Rock,stableaudio,test,3,0.8596018957362519,mp3_128,0.5887511404871456,1
sample_02785,Attention - Pete Prodoehl,FAKE,1,Rock,stableaudio,test,3,0.9382093574393956,mp3_128,0.5887511404871456,1
sample_02808,"Head of Ancante, Talking Tree - Ak'chamel, The Giver of Illness",FAKE,1,Rock,stableaudio,test,3,0.9363526102892128,mp3_128,0.5887511404871456,1
sample_02822,LIQUID SKULLS - voyageurs,FAKE,1,Rock,stableaudio,test,3,0.9506529484401858,mp3_128,0.5887511404871456,1
sample_02824,Love Dream - The Zombie Dandies,FAKE,1,Rock,stableaudio,test,3,0.8830662928532783,mp3_128,0.5887511404871456,1
sample_02832,Puertas de Fuego - Guerra de Cerdos,FAKE,1,Rock,stableaudio,test,3,0.9063765249448917,mp3_128,0.5887511404871456,1
sample_02839,Sfogare Il Dissenso - Deiezione HC,FAKE,1,Rock,stableaudio,test,3,0.9591081571234691,mp3_128,0.5887511404871456,1
sample_02843,Sonzis FM - Pipe Choir,FAKE,1,Rock,stableaudio,test,3,0.9561969013810517,mp3_128,0.5887511404871456,1
sample_02846,Stuttgart - Portrayal,FAKE,1,Rock,stableaudio,test,3,0.9219034369453456,mp3_128,0.5887511404871456,1
sample_02852,Untitled - Fatal Injection,FAKE,1,Rock,stableaudio,test,3,0.7913070615938657,mp3_128,0.5887511404871456,1
sample_02857,Who Loves You Dear - Mink Lungs,FAKE,1,Rock,stableaudio,test,3,0.9466926502161822,mp3_128,0.5887511404871456,1
sample_02877,Attention - Pete Prodoehl,FAKE,1,Rock,elevenlabs,test,3,0.9771363724963678,mp3_128,0.5887511404871456,1
sample_02878,Attention - Pete Prodoehl,FAKE,1,Rock,elevenlabs,test,3,0.9580293193976092,mp3_128,0.5887511404871456,1
sample_02903,Dance Harder - Three Chain Links,FAKE,1,Electronic,elevenlabs,test,3,0.9281177102183319,mp3_128,0.5887511404871456,1
sample_02904,Dance Harder - Three Chain Links,FAKE,1,Electronic,elevenlabs,test,3,0.9121315114315222,mp3_128,0.5887511404871456,1
sample_02907,Different Day - First,FAKE,1,Pop,elevenlabs,test,3,0.9651518570253662,mp3_128,0.5887511404871456,1
sample_02908,Different Day - First,FAKE,1,Pop,elevenlabs,test,3,0.9124641853877759,mp3_128,0.5887511404871456,1
sample_02931,Fuckaboing - RoccoW,FAKE,1,Electronic,elevenlabs,test,3,0.9853760996980666,mp3_128,0.5887511404871456,1
sample_02932,Fuckaboing - RoccoW,FAKE,1,Electronic,elevenlabs,test,3,0.7091403951769655,mp3_128,0.5887511404871456,1
sample_02939,"Head of Ancante, Talking Tree - Ak'chamel, The Giver of Illness",FAKE,1,Rock,elevenlabs,test,3,0.6863884246741391,mp3_128,0.5887511404871456,1
sample_02940,"Head of Ancante, Talking Tree - Ak'chamel, The Giver of Illness",FAKE,1,Rock,elevenlabs,test,3,0.697375825756685,mp3_128,0.5887511404871456,1
sample_02941,"Hungry - Oh Yeah, the Future",FAKE,1,Pop,elevenlabs,test,3,0.9737200839440113,mp3_128,0.5887511404871456,1
sample_02942,"Hungry - Oh Yeah, the Future",FAKE,1,Pop,elevenlabs,test,3,0.967212802047932,mp3_128,0.5887511404871456,1
sample_02947,I - Inflammator,FAKE,1,Rock,elevenlabs,test,3,0.8420291721821429,mp3_128,0.5887511404871456,1
sample_02948,I - Inflammator,FAKE,1,Rock,elevenlabs,test,3,0.6427832622008791,mp3_128,0.5887511404871456,1
sample_02971,LIQUID SKULLS - voyageurs,FAKE,1,Rock,elevenlabs,test,3,0.9901616932018534,mp3_128,0.5887511404871456,1
sample_02972,LIQUID SKULLS - voyageurs,FAKE,1,Rock,elevenlabs,test,3,0.9896858389080098,mp3_128,0.5887511404871456,1
sample_02977,Love Dream - The Zombie Dandies,FAKE,1,Rock,elevenlabs,test,3,0.8609813760267165,mp3_128,0.5887511404871456,1
sample_02978,Love Dream - The Zombie Dandies,FAKE,1,Rock,elevenlabs,test,3,0.8963432099784424,mp3_128,0.5887511404871456,1
sample_02991,Motocross Mania - Monroeville Music Center,FAKE,1,Pop,elevenlabs,test,3,0.9837099736616732,mp3_128,0.5887511404871456,1
sample_02992,Motocross Mania - Monroeville Music Center,FAKE,1,Pop,elevenlabs,test,3,0.9976439541011763,mp3_128,0.5887511404871456,1
sample_02995,Music For an Underground Circu - Ergo Phizmiz,FAKE,1,Pop,elevenlabs,test,3,0.7455722648644582,mp3_128,0.5887511404871456,1
sample_02996,Music For an Underground Circu - Ergo Phizmiz,FAKE,1,Pop,elevenlabs,test,3,0.9902754471200873,mp3_128,0.5887511404871456,1
sample_03003,Night Owl - Broke For Free,FAKE,1,Electronic,elevenlabs,test,3,0.9905087692216198,mp3_128,0.5887511404871456,1
sample_03004,Night Owl - Broke For Free,FAKE,1,Electronic,elevenlabs,test,3,0.9609805510582987,mp3_128,0.5887511404871456,1
sample_03031,Pista Afuera - Epstein,FAKE,1,Electronic,elevenlabs,test,3,0.920516232136397,mp3_128,0.5887511404871456,1
sample_03032,Pista Afuera - Epstein,FAKE,1,Electronic,elevenlabs,test,3,0.9090988971054834,mp3_128,0.5887511404871456,1
sample_03035,Realize Me - Jim Rooster,FAKE,1,Electronic,elevenlabs,test,3,0.988314953494695,mp3_128,0.5887511404871456,1
sample_03036,Realize Me - Jim Rooster,FAKE,1,Electronic,elevenlabs,test,3,0.917517114469979,mp3_128,0.5887511404871456,1
sample_03037,Resistentialism - Nihilore,FAKE,1,Electronic,elevenlabs,test,3,0.9666949755161983,mp3_128,0.5887511404871456,1
sample_03038,Resistentialism - Nihilore,FAKE,1,Electronic,elevenlabs,test,3,0.965835185216013,mp3_128,0.5887511404871456,1
sample_03061,Sfogare Il Dissenso - Deiezione HC,FAKE,1,Rock,elevenlabs,test,3,0.9122119283295302,mp3_128,0.5887511404871456,1
sample_03062,Sfogare Il Dissenso - Deiezione HC,FAKE,1,Rock,elevenlabs,test,3,0.8323378023306365,mp3_128,0.5887511404871456,1
sample_03065,She Works / Tepid Waters - Bird Names,FAKE,1,Pop,elevenlabs,test,3,0.7993430536277465,mp3_128,0.5887511404871456,1
sample_03066,She Works / Tepid Waters - Bird Names,FAKE,1,Pop,elevenlabs,test,3,0.9107037851778826,mp3_128,0.5887511404871456,1
sample_03071,Something Dirty - Ergo Phizmiz,FAKE,1,Pop,elevenlabs,test,3,0.9065763003584856,mp3_128,0.5887511404871456,1
sample_03072,Something Dirty - Ergo Phizmiz,FAKE,1,Pop,elevenlabs,test,3,0.8099138385192557,mp3_128,0.5887511404871456,1
sample_03083,Stuttgart - Portrayal,FAKE,1,Rock,elevenlabs,test,3,0.6827673348318729,mp3_128,0.5887511404871456,1
sample_03084,Stuttgart - Portrayal,FAKE,1,Rock,elevenlabs,test,3,0.9380279367262604,mp3_128,0.5887511404871456,1
sample_03089,Terve Teille - Чокнутый Пропеллер,FAKE,1,Rock,elevenlabs,test,3,0.7047481923303804,mp3_128,0.5887511404871456,1
sample_03090,Terve Teille - Чокнутый Пропеллер,FAKE,1,Rock,elevenlabs,test,3,0.4252389844315423,mp3_128,0.5887511404871456,0
sample_03119,Troubles I've seen - Malaventura,FAKE,1,Pop,elevenlabs,test,3,0.9298708109347631,mp3_128,0.5887511404871456,1
sample_03120,Troubles I've seen - Malaventura,FAKE,1,Pop,elevenlabs,test,3,0.8672984477197522,mp3_128,0.5887511404871456,1
sample_03121,Ugh! Humans Can Join - Mystery Mammal,FAKE,1,Electronic,elevenlabs,test,3,0.7470414997791331,mp3_128,0.5887511404871456,1
sample_03122,Ugh! Humans Can Join - Mystery Mammal,FAKE,1,Electronic,elevenlabs,test,3,0.8994458457700749,mp3_128,0.5887511404871456,1
sample_03133,Where Is Everything - The Moi Non Plus,FAKE,1,Rock,elevenlabs,test,3,0.7162795187232028,mp3_128,0.5887511404871456,1
sample_03134,Where Is Everything - The Moi Non Plus,FAKE,1,Rock,elevenlabs,test,3,0.7990091242656114,mp3_128,0.5887511404871456,1
sample_03135,Who Loves You Dear - Mink Lungs,FAKE,1,Rock,elevenlabs,test,3,0.6303291062802195,mp3_128,0.5887511404871456,1
sample_03136,Who Loves You Dear - Mink Lungs,FAKE,1,Rock,elevenlabs,test,3,0.5454530404185346,mp3_128,0.5887511404871456,0
sample_03167,2Much (Andy Spinelli & Alex Sánchez House Edit) - Tentacles,FAKE,1,Electronic,musicgen,test,3,0.9831083407144744,mp3_128,0.5887511404871456,1
sample_03169,3 am West End - statusq,FAKE,1,Electronic,musicgen,test,3,0.9762678337971585,mp3_128,0.5887511404871456,1
sample_03171,5 (Lexington) - Isle of Pine,FAKE,1,Rock,musicgen,test,3,0.9580278499025954,mp3_128,0.5887511404871456,1
sample_03183,Attention - Pete Prodoehl,FAKE,1,Rock,musicgen,test,3,0.7982568895341747,mp3_128,0.5887511404871456,1
sample_03193,Bizzy - The Tleilaxu Music Machine,FAKE,1,Electronic,musicgen,test,3,0.9808664310453108,mp3_128,0.5887511404871456,1
sample_03209,Dance Harder - Three Chain Links,FAKE,1,Electronic,musicgen,test,3,0.9936276272463448,mp3_128,0.5887511404871456,1
sample_03214,Different Day - First,FAKE,1,Pop,musicgen,test,3,0.9488564168438911,mp3_128,0.5887511404871456,1
sample_03222,El Burrito - Malaventura,FAKE,1,Pop,musicgen,test,3,0.9987014191499993,mp3_128,0.5887511404871456,1
sample_03227,End titles - Itsensäsyöjät,FAKE,1,Electronic,musicgen,test,3,0.997255537315608,mp3_128,0.5887511404871456,1
sample_03244,Fuckaboing - RoccoW,FAKE,1,Electronic,musicgen,test,3,0.8196374145783856,mp3_128,0.5887511404871456,1
sample_03253,"Head of Ancante, Talking Tree - Ak'chamel, The Giver of Illness",FAKE,1,Rock,musicgen,test,3,0.9175681444835467,mp3_128,0.5887511404871456,1
sample_03255,"Hungry - Oh Yeah, the Future",FAKE,1,Pop,musicgen,test,3,0.9966053977859642,mp3_128,0.5887511404871456,1
sample_03267,I - Inflammator,FAKE,1,Rock,musicgen,test,3,0.999605822016921,mp3_128,0.5887511404871456,1
sample_03287,Leaving Here - Mod Fun,FAKE,1,Rock,musicgen,test,3,0.9474094013266132,mp3_128,0.5887511404871456,1
sample_03288,Let's Start Out Slow - RoccoW,FAKE,1,Electronic,musicgen,test,3,0.9739073291036862,mp3_128,0.5887511404871456,1
sample_03290,Let You're Body Move - D SMILEZ,FAKE,1,Electronic,musicgen,test,3,0.9980835269351894,mp3_128,0.5887511404871456,1
sample_03295,LIQUID SKULLS - voyageurs,FAKE,1,Rock,musicgen,test,3,0.9946472367681004,mp3_128,0.5887511404871456,1
sample_03301,Love Dream - The Zombie Dandies,FAKE,1,Rock,musicgen,test,3,0.6916434254199538,mp3_128,0.5887511404871456,1
sample_03302,L'arbre - Salmo,FAKE,1,Rock,musicgen,test,3,0.9523558334576528,mp3_128,0.5887511404871456,1
sample_03308,Moja Krypta - AmortE,FAKE,1,Rock,musicgen,test,3,0.7375911122353066,mp3_128,0.5887511404871456,1
sample_03313,Motocross Mania - Monroeville Music Center,FAKE,1,Pop,musicgen,test,3,0.9856570660047245,mp3_128,0.5887511404871456,1
sample_03315,Music For an Underground Circu - Ergo Phizmiz,FAKE,1,Pop,musicgen,test,3,0.8892927041588322,mp3_128,0.5887511404871456,1
sample_03324,Night Owl - Broke For Free,FAKE,1,Electronic,musicgen,test,3,0.9846882982901177,mp3_128,0.5887511404871456,1
sample_03342,Pista Afuera - Epstein,FAKE,1,Electronic,musicgen,test,3,0.9706682522924851,mp3_128,0.5887511404871456,1
sample_03345,Production - Bird Names,FAKE,1,Pop,musicgen,test,3,0.9911051565294834,mp3_128,0.5887511404871456,1
sample_03347,Puertas de Fuego - Guerra de Cerdos,FAKE,1,Rock,musicgen,test,3,0.9950300787401788,mp3_128,0.5887511404871456,1
sample_03350,Realize Me - Jim Rooster,FAKE,1,Electronic,musicgen,test,3,0.9935039574044423,mp3_128,0.5887511404871456,1
sample_03352,Resistentialism - Nihilore,FAKE,1,Electronic,musicgen,test,3,0.9417330779598574,mp3_128,0.5887511404871456,1
sample_03367,Set Fire to Creation - Nihilore,FAKE,1,Electronic,musicgen,test,3,0.9829168249481844,mp3_128,0.5887511404871456,1
sample_03368,Sfogare Il Dissenso - Deiezione HC,FAKE,1,Rock,musicgen,test,3,0.999620716718094,mp3_128,0.5887511404871456,1
sample_03371,She Works / Tepid Waters - Bird Names,FAKE,1,Pop,musicgen,test,3,0.939032642725142,mp3_128,0.5887511404871456,1
sample_03379,Something Dirty - Ergo Phizmiz,FAKE,1,Pop,musicgen,test,3,0.9911264232805213,mp3_128,0.5887511404871456,1
sample_03381,Sonzis FM - Pipe Choir,FAKE,1,Rock,musicgen,test,3,0.9267428207771204,mp3_128,0.5887511404871456,1
sample_03390,Stuttgart - Portrayal,FAKE,1,Rock,musicgen,test,3,0.9776371014789579,mp3_128,0.5887511404871456,1
sample_03391,Support Me in This Moment That I'm About To Lose Heart - Nihilore,FAKE,1,Electronic,musicgen,test,3,0.9914041858416868,mp3_128,0.5887511404871456,1
sample_03396,Terve Teille - Чокнутый Пропеллер,FAKE,1,Rock,musicgen,test,3,0.9860796750395838,mp3_128,0.5887511404871456,1
sample_03397,The Adventures Of Roderick Random - Maps And Diagrams,FAKE,1,Electronic,musicgen,test,3,0.9935508457504327,mp3_128,0.5887511404871456,1
sample_03411,"The Pursuit of Unintentional Humor - Oh Yeah, the Future",FAKE,1,Pop,musicgen,test,3,0.8230621878716468,mp3_128,0.5887511404871456,1
sample_03416,The Secret Garden - Barbarix,FAKE,1,Electronic,musicgen,test,3,0.9620374361990317,mp3_128,0.5887511404871456,1
sample_03425,Troubles I've seen - Malaventura,FAKE,1,Pop,musicgen,test,3,0.9869706981783772,mp3_128,0.5887511404871456,1
sample_03427,Ugh! Humans Can Join - Mystery Mammal,FAKE,1,Electronic,musicgen,test,3,0.9651471542001583,mp3_128,0.5887511404871456,1
sample_03431,Untitled - Fatal Injection,FAKE,1,Rock,musicgen,test,3,0.9907931508380465,mp3_128,0.5887511404871456,1
sample_03443,Where Is Everything - The Moi Non Plus,FAKE,1,Rock,musicgen,test,3,0.9758564073242773,mp3_128,0.5887511404871456,1
sample_03444,Who Loves You Dear - Mink Lungs,FAKE,1,Rock,musicgen,test,3,0.9553849175976973,mp3_128,0.5887511404871456,1
sample_03451,Yurtology - Michett,FAKE,1,Electronic,musicgen,test,3,0.9494662256219267,mp3_128,0.5887511404871456,1
sample_00003,2Much (Andy Spinelli & Alex Sánchez House Edit) - Tentacles,REAL,0,Electronic,,test,3,0.8742691684799685,mp3_64,0.5887511404871456,1
sample_00004,3 am West End - statusq,REAL,0,Electronic,,test,3,0.630617033976354,mp3_64,0.5887511404871456,1
sample_00005,5 (Lexington) - Isle of Pine,REAL,0,Rock,,test,3,0.6507857209351703,mp3_64,0.5887511404871456,1
sample_00021,Attention - Pete Prodoehl,REAL,0,Rock,,test,3,0.30880549202933666,mp3_64,0.5887511404871456,0
sample_00028,Bizzy - The Tleilaxu Music Machine,REAL,0,Electronic,,test,3,0.18884164178150645,mp3_64,0.5887511404871456,0
sample_00045,Dance Harder - Three Chain Links,REAL,0,Electronic,,test,3,0.47257130671622205,mp3_64,0.5887511404871456,0
sample_00049,Different Day - First,REAL,0,Pop,,test,3,0.9636929296240205,mp3_64,0.5887511404871456,1
sample_00056,El Burrito - Malaventura,REAL,0,Pop,,test,3,0.6696187461027346,mp3_64,0.5887511404871456,1
sample_00061,End titles - Itsensäsyöjät,REAL,0,Electronic,,test,3,0.0405724026427748,mp3_64,0.5887511404871456,0
sample_00079,Fuckaboing - RoccoW,REAL,0,Electronic,,test,3,0.06643548531652672,mp3_64,0.5887511404871456,0
sample_00087,"Head of Ancante, Talking Tree - Ak'chamel, The Giver of Illness",REAL,0,Rock,,test,3,0.015318385989336497,mp3_64,0.5887511404871456,0
sample_00089,"Hungry - Oh Yeah, the Future",REAL,0,Pop,,test,3,0.40942362306533503,mp3_64,0.5887511404871456,0
sample_00090,I - Inflammator,REAL,0,Rock,,test,3,0.19067741144610265,mp3_64,0.5887511404871456,0
sample_00115,L'arbre - Salmo,REAL,0,Rock,,test,3,0.39161290243729124,mp3_64,0.5887511404871456,0
sample_00116,LIQUID SKULLS - voyageurs,REAL,0,Rock,,test,3,0.16107956461903492,mp3_64,0.5887511404871456,0
sample_00121,Leaving Here - Mod Fun,REAL,0,Rock,,test,3,0.2036340780059991,mp3_64,0.5887511404871456,0
sample_00122,Let You're Body Move - D SMILEZ,REAL,0,Electronic,,test,3,0.38945904820384536,mp3_64,0.5887511404871456,0
sample_00123,Let's Start Out Slow - RoccoW,REAL,0,Electronic,,test,3,0.803340563384031,mp3_64,0.5887511404871456,1
sample_00132,Love Dream - The Zombie Dandies,REAL,0,Rock,,test,3,0.1194858449132609,mp3_64,0.5887511404871456,0
sample_00139,Moja Krypta - AmortE,REAL,0,Rock,,test,3,0.7527697240911012,mp3_64,0.5887511404871456,1
sample_00144,Motocross Mania - Monroeville Music Center,REAL,0,Pop,,test,3,0.17542658135232844,mp3_64,0.5887511404871456,0
sample_00146,Music For an Underground Circu - Ergo Phizmiz,REAL,0,Pop,,test,3,0.0954735310041423,mp3_64,0.5887511404871456,0
sample_00154,Night Owl - Broke For Free,REAL,0,Electronic,,test,3,0.5563716070020511,mp3_64,0.5887511404871456,0
sample_00171,Pista Afuera - Epstein,REAL,0,Electronic,,test,3,0.07909155668467928,mp3_64,0.5887511404871456,0
sample_00174,Production - Bird Names,REAL,0,Pop,,test,3,0.3749435415084193,mp3_64,0.5887511404871456,0
sample_00176,Puertas de Fuego - Guerra de Cerdos,REAL,0,Rock,,test,3,0.4630542082846218,mp3_64,0.5887511404871456,0
sample_00178,Realize Me - Jim Rooster,REAL,0,Electronic,,test,3,0.6371308486209727,mp3_64,0.5887511404871456,1
sample_00180,Resistentialism - Nihilore,REAL,0,Electronic,,test,3,0.2800180904707452,mp3_64,0.5887511404871456,0
sample_00195,Set Fire to Creation - Nihilore,REAL,0,Electronic,,test,3,0.26240581474504626,mp3_64,0.5887511404871456,0
sample_00196,Sfogare Il Dissenso - Deiezione HC,REAL,0,Rock,,test,3,0.08648327478575861,mp3_64,0.5887511404871456,0
sample_00198,She Works / Tepid Waters - Bird Names,REAL,0,Pop,,test,3,0.7014355255714007,mp3_64,0.5887511404871456,1
sample_00206,Something Dirty - Ergo Phizmiz,REAL,0,Pop,,test,3,0.05559147269565257,mp3_64,0.5887511404871456,0
sample_00207,Sonzis FM - Pipe Choir,REAL,0,Rock,,test,3,0.26618436462922396,mp3_64,0.5887511404871456,0
sample_00216,Stuttgart - Portrayal,REAL,0,Rock,,test,3,0.8217956859591345,mp3_64,0.5887511404871456,1
sample_00217,Support Me in This Moment That I'm About To Lose Heart - Nihilore,REAL,0,Electronic,,test,3,0.8440488194426221,mp3_64,0.5887511404871456,1
sample_00223,Terve Teille - Чокнутый Пропеллер,REAL,0,Rock,,test,3,0.29147920619446016,mp3_64,0.5887511404871456,0
sample_00224,The Adventures Of Roderick Random - Maps And Diagrams,REAL,0,Electronic,,test,3,0.21765334864368616,mp3_64,0.5887511404871456,0
sample_00236,"The Pursuit of Unintentional Humor - Oh Yeah, the Future",REAL,0,Pop,,test,3,0.05218752118264675,mp3_64,0.5887511404871456,0
sample_00241,The Secret Garden - Barbarix,REAL,0,Electronic,,test,3,0.1243414796965527,mp3_64,0.5887511404871456,0
sample_00252,Troubles I've seen - Malaventura,REAL,0,Pop,,test,3,0.5965262403824374,mp3_64,0.5887511404871456,1
sample_00253,Ugh! Humans Can Join - Mystery Mammal,REAL,0,Electronic,,test,3,0.2947918653234541,mp3_64,0.5887511404871456,0
sample_00257,Untitled - Fatal Injection,REAL,0,Rock,,test,3,0.3583581026071497,mp3_64,0.5887511404871456,0
sample_00270,Where Is Everything - The Moi Non Plus,REAL,0,Rock,,test,3,0.05711592751696997,mp3_64,0.5887511404871456,0
sample_00271,Who Loves You Dear - Mink Lungs,REAL,0,Rock,,test,3,0.10977005410757294,mp3_64,0.5887511404871456,0
sample_00279,Yurtology - Michett,REAL,0,Electronic,,test,3,0.9462208770038343,mp3_64,0.5887511404871456,1
sample_00298,2Much (Andy Spinelli & Alex Sánchez House Edit) - Tentacles,FAKE,1,Electronic,acestep,test,3,0.9499167966869301,mp3_64,0.5887511404871456,1
sample_00300,3 am West End - statusq,FAKE,1,Electronic,acestep,test,3,0.9522258252522738,mp3_64,0.5887511404871456,1
sample_00302,5 (Lexington) - Isle of Pine,FAKE,1,Rock,acestep,test,3,0.9679977316250543,mp3_64,0.5887511404871456,1
sample_00314,Attention - Pete Prodoehl,FAKE,1,Rock,acestep,test,3,0.8682460912836928,mp3_64,0.5887511404871456,1
sample_00324,Bizzy - The Tleilaxu Music Machine,FAKE,1,Electronic,acestep,test,3,0.7721699096646718,mp3_64,0.5887511404871456,1
sample_00340,Dance Harder - Three Chain Links,FAKE,1,Electronic,acestep,test,3,0.8679394052461674,mp3_64,0.5887511404871456,1
sample_00345,Different Day - First,FAKE,1,Pop,acestep,test,3,0.9457290265133587,mp3_64,0.5887511404871456,1
sample_00353,El Burrito - Malaventura,FAKE,1,Pop,acestep,test,3,0.9739681947583638,mp3_64,0.5887511404871456,1
sample_00358,End titles - Itsensäsyöjät,FAKE,1,Electronic,acestep,test,3,0.8959475590287725,mp3_64,0.5887511404871456,1
sample_00375,Fuckaboing - RoccoW,FAKE,1,Electronic,acestep,test,3,0.9923860534350598,mp3_64,0.5887511404871456,1
sample_00384,"Head of Ancante, Talking Tree - Ak'chamel, The Giver of Illness",FAKE,1,Rock,acestep,test,3,0.8236405057332307,mp3_64,0.5887511404871456,1
sample_00386,"Hungry - Oh Yeah, the Future",FAKE,1,Pop,acestep,test,3,0.9813456641376428,mp3_64,0.5887511404871456,1
sample_00398,I - Inflammator,FAKE,1,Rock,acestep,test,3,0.922885074066648,mp3_64,0.5887511404871456,1
sample_00418,Leaving Here - Mod Fun,FAKE,1,Rock,acestep,test,3,0.9624177532802624,mp3_64,0.5887511404871456,1
sample_00419,Let's Start Out Slow - RoccoW,FAKE,1,Electronic,acestep,test,3,0.9716703384667372,mp3_64,0.5887511404871456,1
sample_00421,Let You're Body Move - D SMILEZ,FAKE,1,Electronic,acestep,test,3,0.7319632844801204,mp3_64,0.5887511404871456,1
sample_00426,LIQUID SKULLS - voyageurs,FAKE,1,Rock,acestep,test,3,0.939258556628273,mp3_64,0.5887511404871456,1
sample_00432,Love Dream - The Zombie Dandies,FAKE,1,Rock,acestep,test,3,0.7490171315976905,mp3_64,0.5887511404871456,1
sample_00433,L'arbre - Salmo,FAKE,1,Rock,acestep,test,3,0.8089780418366942,mp3_64,0.5887511404871456,1
sample_00439,Moja Krypta - AmortE,FAKE,1,Rock,acestep,test,3,0.9811204918243025,mp3_64,0.5887511404871456,1
sample_00444,Motocross Mania - Monroeville Music Center,FAKE,1,Pop,acestep,test,3,0.993614714246536,mp3_64,0.5887511404871456,1
sample_00446,Music For an Underground Circu - Ergo Phizmiz,FAKE,1,Pop,acestep,test,3,0.9937811685621316,mp3_64,0.5887511404871456,1
sample_00455,Night Owl - Broke For Free,FAKE,1,Electronic,acestep,test,3,0.999876392617357,mp3_64,0.5887511404871456,1
sample_00473,Pista Afuera - Epstein,FAKE,1,Electronic,acestep,test,3,0.9844846191178221,mp3_64,0.5887511404871456,1
sample_00476,Production - Bird Names,FAKE,1,Pop,acestep,test,3,0.9839674100031709,mp3_64,0.5887511404871456,1
sample_00478,Puertas de Fuego - Guerra de Cerdos,FAKE,1,Rock,acestep,test,3,0.9795989040836041,mp3_64,0.5887511404871456,1
sample_00481,Realize Me - Jim Rooster,FAKE,1,Electronic,acestep,test,3,0.9383483610210689,mp3_64,0.5887511404871456,1
sample_00483,Resistentialism - Nihilore,FAKE,1,Electronic,acestep,test,3,0.9972431964774268,mp3_64,0.5887511404871456,1
sample_00498,Set Fire to Creation - Nihilore,FAKE,1,Electronic,acestep,test,3,0.9589379185598106,mp3_64,0.5887511404871456,1
sample_00499,Sfogare Il Dissenso - Deiezione HC,FAKE,1,Rock,acestep,test,3,0.6259115623794437,mp3_64,0.5887511404871456,1
sample_00502,She Works / Tepid Waters - Bird Names,FAKE,1,Pop,acestep,test,3,0.9886020864172651,mp3_64,0.5887511404871456,1
sample_00510,Something Dirty - Ergo Phizmiz,FAKE,1,Pop,acestep,test,3,0.9742590301549384,mp3_64,0.5887511404871456,1
sample_00512,Sonzis FM - Pipe Choir,FAKE,1,Rock,acestep,test,3,0.9882415875463487,mp3_64,0.5887511404871456,1
sample_00521,Stuttgart - Portrayal,FAKE,1,Rock,acestep,test,3,0.9966327637584996,mp3_64,0.5887511404871456,1
sample_00522,Support Me in This Moment That I'm About To Lose Heart - Nihilore,FAKE,1,Electronic,acestep,test,3,0.9865187831041037,mp3_64,0.5887511404871456,1
sample_00527,Terve Teille - Чокнутый Пропеллер,FAKE,1,Rock,acestep,test,3,0.9651876596742969,mp3_64,0.5887511404871456,1
sample_00528,The Adventures Of Roderick Random - Maps And Diagrams,FAKE,1,Electronic,acestep,test,3,0.8634567046954885,mp3_64,0.5887511404871456,1
sample_00542,"The Pursuit of Unintentional Humor - Oh Yeah, the Future",FAKE,1,Pop,acestep,test,3,0.9033050507582794,mp3_64,0.5887511404871456,1
sample_00547,The Secret Garden - Barbarix,FAKE,1,Electronic,acestep,test,3,0.9302101556259693,mp3_64,0.5887511404871456,1
sample_00556,Troubles I've seen - Malaventura,FAKE,1,Pop,acestep,test,3,0.9494771172012649,mp3_64,0.5887511404871456,1
sample_00558,Ugh! Humans Can Join - Mystery Mammal,FAKE,1,Electronic,acestep,test,3,0.8202887620937339,mp3_64,0.5887511404871456,1
sample_00562,Untitled - Fatal Injection,FAKE,1,Rock,acestep,test,3,0.996763770075559,mp3_64,0.5887511404871456,1
sample_00574,Where Is Everything - The Moi Non Plus,FAKE,1,Rock,acestep,test,3,0.9929608557559737,mp3_64,0.5887511404871456,1
sample_00575,Who Loves You Dear - Mink Lungs,FAKE,1,Rock,acestep,test,3,0.8097701552655314,mp3_64,0.5887511404871456,1
sample_00583,Yurtology - Michett,FAKE,1,Electronic,acestep,test,3,0.916117225608842,mp3_64,0.5887511404871456,1
sample_00600,Pista Afuera - Epstein,FAKE,1,Electronic,audioldm,test,3,0.9917700832821049,mp3_64,0.5887511404871456,1
sample_00601,Let You're Body Move - D SMILEZ,FAKE,1,Electronic,audioldm,test,3,0.9063399021078572,mp3_64,0.5887511404871456,1
sample_00606,The Secret Garden - Barbarix,FAKE,1,Electronic,audioldm,test,3,0.8271314256654706,mp3_64,0.5887511404871456,1
sample_00608,Resistentialism - Nihilore,FAKE,1,Electronic,audioldm,test,3,0.9934274042474222,mp3_64,0.5887511404871456,1
sample_00611,Fuckaboing - RoccoW,FAKE,1,Electronic,audioldm,test,3,0.9972113133174542,mp3_64,0.5887511404871456,1
sample_00612,Ugh! Humans Can Join - Mystery Mammal,FAKE,1,Electronic,audioldm,test,3,0.998985920768907,mp3_64,0.5887511404871456,1
sample_00620,Realize Me - Jim Rooster,FAKE,1,Electronic,audioldm,test,3,0.9694361267956434,mp3_64,0.5887511404871456,1
sample_00627,Support Me in This Moment That I'm About To Lose Heart - Nihilore,FAKE,1,Electronic,audioldm,test,3,0.9932387788740087,mp3_64,0.5887511404871456,1
sample_00637,Dance Harder - Three Chain Links,FAKE,1,Electronic,audioldm,test,3,0.9934117157096344,mp3_64,0.5887511404871456,1
sample_00638,Yurtology - Michett,FAKE,1,Electronic,audioldm,test,3,0.9706196205223382,mp3_64,0.5887511404871456,1
sample_00644,The Adventures Of Roderick Random - Maps And Diagrams,FAKE,1,Electronic,audioldm,test,3,0.9957232133839155,mp3_64,0.5887511404871456,1
sample_00654,Night Owl - Broke For Free,FAKE,1,Electronic,audioldm,test,3,0.9943346021685094,mp3_64,0.5887511404871456,1
sample_00672,2Much (Andy Spinelli & Alex Sánchez House Edit) - Tentacles,FAKE,1,Electronic,audioldm,test,3,0.9903723868499693,mp3_64,0.5887511404871456,1
sample_00675,Let's Start Out Slow - RoccoW,FAKE,1,Electronic,audioldm,test,3,0.9958218899650003,mp3_64,0.5887511404871456,1
sample_00686,Bizzy - The Tleilaxu Music Machine,FAKE,1,Electronic,audioldm,test,3,0.9993855548732659,mp3_64,0.5887511404871456,1
sample_00687,3 am West End - statusq,FAKE,1,Electronic,audioldm,test,3,0.9990601680626319,mp3_64,0.5887511404871456,1
sample_00690,Set Fire to Creation - Nihilore,FAKE,1,Electronic,audioldm,test,3,0.9976779953595508,mp3_64,0.5887511404871456,1
sample_00697,End titles - Itsensäsyöjät,FAKE,1,Electronic,audioldm,test,3,0.9905070770810408,mp3_64,0.5887511404871456,1
sample_00705,Something Dirty - Ergo Phizmiz,FAKE,1,Pop,audioldm,test,3,0.9275403037765643,mp3_64,0.5887511404871456,1
sample_00709,"Hungry - Oh Yeah, the Future",FAKE,1,Pop,audioldm,test,3,0.9482582012250536,mp3_64,0.5887511404871456,1
sample_00712,Music For an Underground Circu - Ergo Phizmiz,FAKE,1,Pop,audioldm,test,3,0.8783745135026212,mp3_64,0.5887511404871456,1
sample_00715,Motocross Mania - Monroeville Music Center,FAKE,1,Pop,audioldm,test,3,0.9650590541454275,mp3_64,0.5887511404871456,1
sample_00723,Troubles I've seen - Malaventura,FAKE,1,Pop,audioldm,test,3,0.9769531909921904,mp3_64,0.5887511404871456,1
sample_00730,Different Day - First,FAKE,1,Pop,audioldm,test,3,0.9991779417768716,mp3_64,0.5887511404871456,1
sample_00746,She Works / Tepid Waters - Bird Names,FAKE,1,Pop,audioldm,test,3,0.9928654339286304,mp3_64,0.5887511404871456,1
sample_00752,Production - Bird Names,FAKE,1,Pop,audioldm,test,3,0.9962192076599653,mp3_64,0.5887511404871456,1
sample_00758,"The Pursuit of Unintentional Humor - Oh Yeah, the Future",FAKE,1,Pop,audioldm,test,3,0.9903578396435005,mp3_64,0.5887511404871456,1
sample_00763,El Burrito - Malaventura,FAKE,1,Pop,audioldm,test,3,0.9973282665929931,mp3_64,0.5887511404871456,1
sample_00766,Where Is Everything - The Moi Non Plus,FAKE,1,Rock,audioldm,test,3,0.9813084739777751,mp3_64,0.5887511404871456,1
sample_00767,Terve Teille - Чокнутый Пропеллер,FAKE,1,Rock,audioldm,test,3,0.8839967687431068,mp3_64,0.5887511404871456,1
sample_00780,Stuttgart - Portrayal,FAKE,1,Rock,audioldm,test,3,0.9779111324860047,mp3_64,0.5887511404871456,1
sample_00787,Love Dream - The Zombie Dandies,FAKE,1,Rock,audioldm,test,3,0.9992205075214474,mp3_64,0.5887511404871456,1
sample_00794,"Head of Ancante, Talking Tree - Ak'chamel, The Giver of Illness",FAKE,1,Rock,audioldm,test,3,0.9916185315064552,mp3_64,0.5887511404871456,1
sample_00797,Who Loves You Dear - Mink Lungs,FAKE,1,Rock,audioldm,test,3,0.9946890708710031,mp3_64,0.5887511404871456,1
sample_00798,LIQUID SKULLS - voyageurs,FAKE,1,Rock,audioldm,test,3,0.9980347908804944,mp3_64,0.5887511404871456,1
sample_00804,I - Inflammator,FAKE,1,Rock,audioldm,test,3,0.9994630844813358,mp3_64,0.5887511404871456,1
sample_00805,Sfogare Il Dissenso - Deiezione HC,FAKE,1,Rock,audioldm,test,3,0.9680929737300383,mp3_64,0.5887511404871456,1
sample_00809,Attention - Pete Prodoehl,FAKE,1,Rock,audioldm,test,3,0.9993772368401411,mp3_64,0.5887511404871456,1
sample_00823,L'arbre - Salmo,FAKE,1,Rock,audioldm,test,3,0.9962601107996018,mp3_64,0.5887511404871456,1
sample_00854,Leaving Here - Mod Fun,FAKE,1,Rock,audioldm,test,3,0.9937359860982712,mp3_64,0.5887511404871456,1
sample_00860,Puertas de Fuego - Guerra de Cerdos,FAKE,1,Rock,audioldm,test,3,0.9998796436632714,mp3_64,0.5887511404871456,1
sample_00861,Sonzis FM - Pipe Choir,FAKE,1,Rock,audioldm,test,3,0.9778617508452262,mp3_64,0.5887511404871456,1
sample_00863,5 (Lexington) - Isle of Pine,FAKE,1,Rock,audioldm,test,3,0.9968367534753124,mp3_64,0.5887511404871456,1
sample_00867,Moja Krypta - AmortE,FAKE,1,Rock,audioldm,test,3,0.9850147927642615,mp3_64,0.5887511404871456,1
sample_00873,Untitled - Fatal Injection,FAKE,1,Rock,audioldm,test,3,0.9992203831101912,mp3_64,0.5887511404871456,1
sample_00900,Dance Harder - Three Chain Links,FAKE,1,Electronic,brev,test,3,0.9654278644893287,mp3_64,0.5887511404871456,1
sample_00901,Dance Harder - Three Chain Links,FAKE,1,Electronic,brev,test,3,0.9598467034718127,mp3_64,0.5887511404871456,1
sample_00910,Fuckaboing - RoccoW,FAKE,1,Electronic,brev,test,3,0.9345430762384718,mp3_64,0.5887511404871456,1
sample_00911,Fuckaboing - RoccoW,FAKE,1,Electronic,brev,test,3,0.9752846501891134,mp3_64,0.5887511404871456,1
sample_00926,Night Owl - Broke For Free,FAKE,1,Electronic,brev,test,3,0.8675379179166315,mp3_64,0.5887511404871456,1
sample_00927,Night Owl - Broke For Free,FAKE,1,Electronic,brev,test,3,0.9796792296721818,mp3_64,0.5887511404871456,1
sample_00946,Pista Afuera - Epstein,FAKE,1,Electronic,brev,test,3,0.985067530010098,mp3_64,0.5887511404871456,1
sample_00947,Pista Afuera - Epstein,FAKE,1,Electronic,brev,test,3,0.9813588909956003,mp3_64,0.5887511404871456,1
sample_00950,Realize Me - Jim Rooster,FAKE,1,Electronic,brev,test,3,0.9189938067272312,mp3_64,0.5887511404871456,1
sample_00951,Realize Me - Jim Rooster,FAKE,1,Electronic,brev,test,3,0.9769909713369133,mp3_64,0.5887511404871456,1
sample_00952,Resistentialism - Nihilore,FAKE,1,Electronic,brev,test,3,0.9709671363070917,mp3_64,0.5887511404871456,1
sample_00953,Resistentialism - Nihilore,FAKE,1,Electronic,brev,test,3,0.9857155831108573,mp3_64,0.5887511404871456,1
sample_00974,Ugh! Humans Can Join - Mystery Mammal,FAKE,1,Electronic,brev,test,3,0.8447426619979991,mp3_64,0.5887511404871456,1
sample_00975,Ugh! Humans Can Join - Mystery Mammal,FAKE,1,Electronic,brev,test,3,0.984910326531677,mp3_64,0.5887511404871456,1
sample_00992,Different Day - First,FAKE,1,Pop,brev,test,3,0.9923036340259035,mp3_64,0.5887511404871456,1
sample_00993,Different Day - First,FAKE,1,Pop,brev,test,3,0.954898719821149,mp3_64,0.5887511404871456,1
sample_01002,"Hungry - Oh Yeah, the Future",FAKE,1,Pop,brev,test,3,0.8127111938552677,mp3_64,0.5887511404871456,1
sample_01003,"Hungry - Oh Yeah, the Future",FAKE,1,Pop,brev,test,3,0.9576766436860537,mp3_64,0.5887511404871456,1
sample_01024,Motocross Mania - Monroeville Music Center,FAKE,1,Pop,brev,test,3,0.9646305407795251,mp3_64,0.5887511404871456,1
sample_01025,Motocross Mania - Monroeville Music Center,FAKE,1,Pop,brev,test,3,0.9427112555040206,mp3_64,0.5887511404871456,1
sample_01026,Music For an Underground Circu - Ergo Phizmiz,FAKE,1,Pop,brev,test,3,0.9283988619754862,mp3_64,0.5887511404871456,1
sample_01027,Music For an Underground Circu - Ergo Phizmiz,FAKE,1,Pop,brev,test,3,0.9669230719285634,mp3_64,0.5887511404871456,1
sample_01046,She Works / Tepid Waters - Bird Names,FAKE,1,Pop,brev,test,3,0.9943427106087791,mp3_64,0.5887511404871456,1
sample_01047,She Works / Tepid Waters - Bird Names,FAKE,1,Pop,brev,test,3,0.902582594148015,mp3_64,0.5887511404871456,1
sample_01050,Something Dirty - Ergo Phizmiz,FAKE,1,Pop,brev,test,3,0.9579137865668207,mp3_64,0.5887511404871456,1
sample_01051,Something Dirty - Ergo Phizmiz,FAKE,1,Pop,brev,test,3,0.9246976825508325,mp3_64,0.5887511404871456,1
sample_01070,Troubles I've seen - Malaventura,FAKE,1,Pop,brev,test,3,0.9186677619723866,mp3_64,0.5887511404871456,1
sample_01071,Troubles I've seen - Malaventura,FAKE,1,Pop,brev,test,3,0.9659316131356444,mp3_64,0.5887511404871456,1
sample_01084,Attention - Pete Prodoehl,FAKE,1,Rock,brev,test,3,0.9928775165439694,mp3_64,0.5887511404871456,1
sample_01085,Attention - Pete Prodoehl,FAKE,1,Rock,brev,test,3,0.9780160685478402,mp3_64,0.5887511404871456,1
sample_01100,"Head of Ancante, Talking Tree - Ak'chamel, The Giver of Illness",FAKE,1,Rock,brev,test,3,0.912771702780597,mp3_64,0.5887511404871456,1
sample_01101,"Head of Ancante, Talking Tree - Ak'chamel, The Giver of Illness",FAKE,1,Rock,brev,test,3,0.960319762815739,mp3_64,0.5887511404871456,1
sample_01108,I - Inflammator,FAKE,1,Rock,brev,test,3,0.972520587649872,mp3_64,0.5887511404871456,1
sample_01109,I - Inflammator,FAKE,1,Rock,brev,test,3,0.8211685401892034,mp3_64,0.5887511404871456,1
sample_01114,LIQUID SKULLS - voyageurs,FAKE,1,Rock,brev,test,3,0.923852109939904,mp3_64,0.5887511404871456,1
sample_01115,LIQUID SKULLS - voyageurs,FAKE,1,Rock,brev,test,3,0.9816520724164323,mp3_64,0.5887511404871456,1
sample_01118,Love Dream - The Zombie Dandies,FAKE,1,Rock,brev,test,3,0.8869061917077198,mp3_64,0.5887511404871456,1
sample_01119,Love Dream - The Zombie Dandies,FAKE,1,Rock,brev,test,3,0.9797166207653714,mp3_64,0.5887511404871456,1
sample_01144,Sfogare Il Dissenso - Deiezione HC,FAKE,1,Rock,brev,test,3,0.9316208825063331,mp3_64,0.5887511404871456,1
sample_01145,Sfogare Il Dissenso - Deiezione HC,FAKE,1,Rock,brev,test,3,0.8910676426019091,mp3_64,0.5887511404871456,1
sample_01152,Stuttgart - Portrayal,FAKE,1,Rock,brev,test,3,0.9901697170065455,mp3_64,0.5887511404871456,1
sample_01153,Stuttgart - Portrayal,FAKE,1,Rock,brev,test,3,0.8055757211015337,mp3_64,0.5887511404871456,1
sample_01154,Terve Teille - Чокнутый Пропеллер,FAKE,1,Rock,brev,test,3,0.8997474159895509,mp3_64,0.5887511404871456,1
sample_01155,Terve Teille - Чокнутый Пропеллер,FAKE,1,Rock,brev,test,3,0.9309586095379911,mp3_64,0.5887511404871456,1
sample_01168,Where Is Everything - The Moi Non Plus,FAKE,1,Rock,brev,test,3,0.9334444338719838,mp3_64,0.5887511404871456,1
sample_01169,Where Is Everything - The Moi Non Plus,FAKE,1,Rock,brev,test,3,0.7890448768228927,mp3_64,0.5887511404871456,1
sample_01170,Who Loves You Dear - Mink Lungs,FAKE,1,Rock,brev,test,3,0.9388200822742411,mp3_64,0.5887511404871456,1
sample_01171,Who Loves You Dear - Mink Lungs,FAKE,1,Rock,brev,test,3,0.8921845196267345,mp3_64,0.5887511404871456,1
sample_01181,2Much (Andy Spinelli & Alex Sánchez House Edit) - Tentacles,FAKE,1,Electronic,diffrhythm,test,3,0.9919259515437385,mp3_64,0.5887511404871456,1
sample_01182,3 am West End - statusq,FAKE,1,Electronic,diffrhythm,test,3,0.9317516863839609,mp3_64,0.5887511404871456,1
sample_01194,Bizzy - The Tleilaxu Music Machine,FAKE,1,Electronic,diffrhythm,test,3,0.9725228309187922,mp3_64,0.5887511404871456,1
sample_01200,Dance Harder - Three Chain Links,FAKE,1,Electronic,diffrhythm,test,3,0.993225583317822,mp3_64,0.5887511404871456,1
sample_01209,End titles - Itsensäsyöjät,FAKE,1,Electronic,diffrhythm,test,3,0.9931972949563724,mp3_64,0.5887511404871456,1
sample_01216,Fuckaboing - RoccoW,FAKE,1,Electronic,diffrhythm,test,3,0.9857641362902235,mp3_64,0.5887511404871456,1
sample_01230,Let's Start Out Slow - RoccoW,FAKE,1,Electronic,diffrhythm,test,3,0.985717724753392,mp3_64,0.5887511404871456,1
sample_01231,Let You're Body Move - D SMILEZ,FAKE,1,Electronic,diffrhythm,test,3,0.970824731532978,mp3_64,0.5887511404871456,1
sample_01240,Night Owl - Broke For Free,FAKE,1,Electronic,diffrhythm,test,3,0.9977018033966726,mp3_64,0.5887511404871456,1
sample_01251,Pista Afuera - Epstein,FAKE,1,Electronic,diffrhythm,test,3,0.9301287821330404,mp3_64,0.5887511404871456,1
sample_01254,Realize Me - Jim Rooster,FAKE,1,Electronic,diffrhythm,test,3,0.9964233630873242,mp3_64,0.5887511404871456,1
sample_01255,Resistentialism - Nihilore,FAKE,1,Electronic,diffrhythm,test,3,0.9958314143556463,mp3_64,0.5887511404871456,1
sample_01262,Set Fire to Creation - Nihilore,FAKE,1,Electronic,diffrhythm,test,3,0.9963047866604816,mp3_64,0.5887511404871456,1
sample_01269,Support Me in This Moment That I'm About To Lose Heart - Nihilore,FAKE,1,Electronic,diffrhythm,test,3,0.7268954417052002,mp3_64,0.5887511404871456,1
sample_01273,The Adventures Of Roderick Random - Maps And Diagrams,FAKE,1,Electronic,diffrhythm,test,3,0.8093777201035173,mp3_64,0.5887511404871456,1
sample_01279,The Secret Garden - Barbarix,FAKE,1,Electronic,diffrhythm,test,3,0.997262940379314,mp3_64,0.5887511404871456,1
sample_01286,Ugh! Humans Can Join - Mystery Mammal,FAKE,1,Electronic,diffrhythm,test,3,0.9889432826208487,mp3_64,0.5887511404871456,1
sample_01294,Yurtology - Michett,FAKE,1,Electronic,diffrhythm,test,3,0.940132167275307,mp3_64,0.5887511404871456,1
sample_01302,Different Day - First,FAKE,1,Pop,diffrhythm,test,3,0.9968262032913606,mp3_64,0.5887511404871456,1
sample_01303,El Burrito - Malaventura,FAKE,1,Pop,diffrhythm,test,3,0.990694307718273,mp3_64,0.5887511404871456,1
sample_01308,"Hungry - Oh Yeah, the Future",FAKE,1,Pop,diffrhythm,test,3,0.9936552461617517,mp3_64,0.5887511404871456,1
sample_01322,Motocross Mania - Monroeville Music Center,FAKE,1,Pop,diffrhythm,test,3,0.9827638354717999,mp3_64,0.5887511404871456,1
sample_01323,Music For an Underground Circu - Ergo Phizmiz,FAKE,1,Pop,diffrhythm,test,3,0.9895295685241283,mp3_64,0.5887511404871456,1
sample_01337,Production - Bird Names,FAKE,1,Pop,diffrhythm,test,3,0.9524123765635913,mp3_64,0.5887511404871456,1
sample_01343,She Works / Tepid Waters - Bird Names,FAKE,1,Pop,diffrhythm,test,3,0.9978766289022319,mp3_64,0.5887511404871456,1
sample_01344,She Works / Tepid Waters - Bird Names,FAKE,1,Pop,diffrhythm,test,3,0.9931781278227385,mp3_64,0.5887511404871456,1
sample_01348,Something Dirty - Ergo Phizmiz,FAKE,1,Pop,diffrhythm,test,3,0.9093655318595532,mp3_64,0.5887511404871456,1
sample_01357,"The Pursuit of Unintentional Humor - Oh Yeah, the Future",FAKE,1,Pop,diffrhythm,test,3,0.9975861391461365,mp3_64,0.5887511404871456,1
sample_01363,Troubles I've seen - Malaventura,FAKE,1,Pop,diffrhythm,test,3,0.9534073745536937,mp3_64,0.5887511404871456,1
sample_01364,Troubles I've seen - Malaventura,FAKE,1,Pop,diffrhythm,test,3,0.9936687409686619,mp3_64,0.5887511404871456,1
sample_01374,5 (Lexington) - Isle of Pine,FAKE,1,Rock,diffrhythm,test,3,0.9935058492495386,mp3_64,0.5887511404871456,1
sample_01377,Attention - Pete Prodoehl,FAKE,1,Rock,diffrhythm,test,3,0.9913048946430262,mp3_64,0.5887511404871456,1
sample_01407,"Head of Ancante, Talking Tree - Ak'chamel, The Giver of Illness",FAKE,1,Rock,diffrhythm,test,3,0.9849071657093922,mp3_64,0.5887511404871456,1
sample_01416,I - Inflammator,FAKE,1,Rock,diffrhythm,test,3,0.9973466797295556,mp3_64,0.5887511404871456,1
sample_01422,L'arbre - Salmo,FAKE,1,Rock,diffrhythm,test,3,0.9859624710969638,mp3_64,0.5887511404871456,1
sample_01423,Leaving Here - Mod Fun,FAKE,1,Rock,diffrhythm,test,3,0.9858905631613745,mp3_64,0.5887511404871456,1
sample_01426,LIQUID SKULLS - voyageurs,FAKE,1,Rock,diffrhythm,test,3,0.9639224009022521,mp3_64,0.5887511404871456,1
sample_01428,Love Dream - The Zombie Dandies,FAKE,1,Rock,diffrhythm,test,3,0.9857846715335853,mp3_64,0.5887511404871456,1
sample_01432,Moja Krypta - AmortE,FAKE,1,Rock,diffrhythm,test,3,0.9950282083691854,mp3_64,0.5887511404871456,1
sample_01440,Puertas de Fuego - Guerra de Cerdos,FAKE,1,Rock,diffrhythm,test,3,0.9842063255134472,mp3_64,0.5887511404871456,1
sample_01449,Sfogare Il Dissenso - Deiezione HC,FAKE,1,Rock,diffrhythm,test,3,0.9764632282967335,mp3_64,0.5887511404871456,1
sample_01453,Sonzis FM - Pipe Choir,FAKE,1,Rock,diffrhythm,test,3,0.9894058852297191,mp3_64,0.5887511404871456,1
sample_01456,Stuttgart - Portrayal,FAKE,1,Rock,diffrhythm,test,3,0.9518139959854137,mp3_64,0.5887511404871456,1
sample_01458,Terve Teille - Чокнутый Пропеллер,FAKE,1,Rock,diffrhythm,test,3,0.9959009652896126,mp3_64,0.5887511404871456,1
sample_01465,Untitled - Fatal Injection,FAKE,1,Rock,diffrhythm,test,3,0.9885737320191518,mp3_64,0.5887511404871456,1
sample_01472,Where Is Everything - The Moi Non Plus,FAKE,1,Rock,diffrhythm,test,3,0.7366412130435899,mp3_64,0.5887511404871456,1
sample_01473,Who Loves You Dear - Mink Lungs,FAKE,1,Rock,diffrhythm,test,3,0.9232697735010391,mp3_64,0.5887511404871456,1
sample_01481,Night Owl - Broke For Free,FAKE,1,Electronic,mubert,test,3,0.9537049052572696,mp3_64,0.5887511404871456,1
sample_01484,Fuckaboing - RoccoW,FAKE,1,Electronic,mubert,test,3,0.8554934955956375,mp3_64,0.5887511404871456,1
sample_01492,Resistentialism - Nihilore,FAKE,1,Electronic,mubert,test,3,0.942057936142045,mp3_64,0.5887511404871456,1
sample_01495,Dance Harder - Three Chain Links,FAKE,1,Electronic,mubert,test,3,0.8952485751625687,mp3_64,0.5887511404871456,1
sample_01499,Realize Me - Jim Rooster,FAKE,1,Electronic,mubert,test,3,0.5834593689591862,mp3_64,0.5887511404871456,0
sample_01511,Pista Afuera - Epstein,FAKE,1,Electronic,mubert,test,3,0.7959809550988365,mp3_64,0.5887511404871456,1
sample_01516,Ugh! Humans Can Join - Mystery Mammal,FAKE,1,Electronic,mubert,test,3,0.9593599164961043,mp3_64,0.5887511404871456,1
sample_01531,Troubles I've seen - Malaventura,FAKE,1,Pop,mubert,test,3,0.6874561062227033,mp3_64,0.5887511404871456,1
sample_01535,Motocross Mania - Monroeville Music Center,FAKE,1,Pop,mubert,test,3,0.9485882522604934,mp3_64,0.5887511404871456,1
sample_01539,Different Day - First,FAKE,1,Pop,mubert,test,3,0.8746203102367378,mp3_64,0.5887511404871456,1
sample_01546,"Hungry - Oh Yeah, the Future",FAKE,1,Pop,mubert,test,3,0.6709178347273999,mp3_64,0.5887511404871456,1
sample_01550,She Works / Tepid Waters - Bird Names,FAKE,1,Pop,mubert,test,3,0.3286040601636729,mp3_64,0.5887511404871456,0
sample_01553,Something Dirty - Ergo Phizmiz,FAKE,1,Pop,mubert,test,3,0.8478738854172284,mp3_64,0.5887511404871456,1
sample_01559,Music For an Underground Circu - Ergo Phizmiz,FAKE,1,Pop,mubert,test,3,0.7997048355414037,mp3_64,0.5887511404871456,1
sample_01581,Where Is Everything - The Moi Non Plus,FAKE,1,Rock,mubert,test,3,0.8328068151352506,mp3_64,0.5887511404871456,1
sample_01586,Stuttgart - Portrayal,FAKE,1,Rock,mubert,test,3,0.7198279519220172,mp3_64,0.5887511404871456,1
sample_01587,I - Inflammator,FAKE,1,Rock,mubert,test,3,0.6997249289266424,mp3_64,0.5887511404871456,1
sample_01597,Sfogare Il Dissenso - Deiezione HC,FAKE,1,Rock,mubert,test,3,0.5691791241696054,mp3_64,0.5887511404871456,0
sample_01604,Who Loves You Dear - Mink Lungs,FAKE,1,Rock,mubert,test,3,0.33417139179177785,mp3_64,0.5887511404871456,0
sample_01609,Attention - Pete Prodoehl,FAKE,1,Rock,mubert,test,3,0.7647943102695,mp3_64,0.5887511404871456,1
sample_01614,Love Dream - The Zombie Dandies,FAKE,1,Rock,mubert,test,3,0.8264876084676746,mp3_64,0.5887511404871456,1
sample_01623,"Head of Ancante, Talking Tree - Ak'chamel, The Giver of Illness",FAKE,1,Rock,mubert,test,3,0.8182976963602119,mp3_64,0.5887511404871456,1
sample_01625,Terve Teille - Чокнутый Пропеллер,FAKE,1,Rock,mubert,test,3,0.927053665451144,mp3_64,0.5887511404871456,1
sample_01626,LIQUID SKULLS - voyageurs,FAKE,1,Rock,mubert,test,3,0.9395430318957515,mp3_64,0.5887511404871456,1
sample_01637,Dance Harder - Three Chain Links,FAKE,1,Electronic,producer,test,3,0.9935989932318474,mp3_64,0.5887511404871456,1
sample_01643,Fuckaboing - RoccoW,FAKE,1,Electronic,producer,test,3,0.9944370670040764,mp3_64,0.5887511404871456,1
sample_01651,Night Owl - Broke For Free,FAKE,1,Electronic,producer,test,3,0.8988240015313135,mp3_64,0.5887511404871456,1
sample_01661,Pista Afuera - Epstein,FAKE,1,Electronic,producer,test,3,0.7380998124460146,mp3_64,0.5887511404871456,1
sample_01663,Realize Me - Jim Rooster,FAKE,1,Electronic,producer,test,3,0.7942229766297859,mp3_64,0.5887511404871456,1
sample_01664,Resistentialism - Nihilore,FAKE,1,Electronic,producer,test,3,0.48857232955611735,mp3_64,0.5887511404871456,0
sample_01675,Ugh! Humans Can Join - Mystery Mammal,FAKE,1,Electronic,producer,test,3,0.843175874124786,mp3_64,0.5887511404871456,1
sample_01684,Different Day - First,FAKE,1,Pop,producer,test,3,0.9558744038978363,mp3_64,0.5887511404871456,1
sample_01689,"Hungry - Oh Yeah, the Future",FAKE,1,Pop,producer,test,3,0.9952566052897055,mp3_64,0.5887511404871456,1
sample_01700,Motocross Mania - Monroeville Music Center,FAKE,1,Pop,producer,test,3,0.956555419119865,mp3_64,0.5887511404871456,1
sample_01701,Music For an Underground Circu - Ergo Phizmiz,FAKE,1,Pop,producer,test,3,0.9725478454439259,mp3_64,0.5887511404871456,1
sample_01702,Music For an Underground Circu - Ergo Phizmiz,FAKE,1,Pop,producer,test,3,0.9831194623528469,mp3_64,0.5887511404871456,1
sample_01712,She Works / Tepid Waters - Bird Names,FAKE,1,Pop,producer,test,3,0.9532396592860443,mp3_64,0.5887511404871456,1
sample_01714,Something Dirty - Ergo Phizmiz,FAKE,1,Pop,producer,test,3,0.958549385772729,mp3_64,0.5887511404871456,1
sample_01724,Troubles I've seen - Malaventura,FAKE,1,Pop,producer,test,3,0.9860017385658505,mp3_64,0.5887511404871456,1
sample_01731,Attention - Pete Prodoehl,FAKE,1,Rock,producer,test,3,0.969608128355858,mp3_64,0.5887511404871456,1
sample_01739,"Head of Ancante, Talking Tree - Ak'chamel, The Giver of Illness",FAKE,1,Rock,producer,test,3,0.9592124835977042,mp3_64,0.5887511404871456,1
sample_01743,I - Inflammator,FAKE,1,Rock,producer,test,3,0.9788504903519737,mp3_64,0.5887511404871456,1
sample_01746,LIQUID SKULLS - voyageurs,FAKE,1,Rock,producer,test,3,0.9222149533739287,mp3_64,0.5887511404871456,1
sample_01748,Love Dream - The Zombie Dandies,FAKE,1,Rock,producer,test,3,0.9371816861511543,mp3_64,0.5887511404871456,1
sample_01761,Sfogare Il Dissenso - Deiezione HC,FAKE,1,Rock,producer,test,3,0.9835210441267872,mp3_64,0.5887511404871456,1
sample_01765,Stuttgart - Portrayal,FAKE,1,Rock,producer,test,3,0.9129151101876363,mp3_64,0.5887511404871456,1
sample_01766,Terve Teille - Чокнутый Пропеллер,FAKE,1,Rock,producer,test,3,0.9701596101016213,mp3_64,0.5887511404871456,1
sample_01773,Where Is Everything - The Moi Non Plus,FAKE,1,Rock,producer,test,3,0.9076459804656176,mp3_64,0.5887511404871456,1
sample_01774,Who Loves You Dear - Mink Lungs,FAKE,1,Rock,producer,test,3,0.9617571839320501,mp3_64,0.5887511404871456,1
sample_01780,2Much (Andy Spinelli & Alex Sánchez House Edit) - Tentacles,FAKE,1,Electronic,songgen,test,2,0.9164763979057502,mp3_64,0.5887511404871456,1
sample_01781,3 am West End - statusq,FAKE,1,Electronic,songgen,test,2,0.965358813261703,mp3_64,0.5887511404871456,1
sample_01793,Bizzy - The Tleilaxu Music Machine,FAKE,1,Electronic,songgen,test,2,0.8292976970084251,mp3_64,0.5887511404871456,1
sample_01799,Dance Harder - Three Chain Links,FAKE,1,Electronic,songgen,test,2,0.9677037378806301,mp3_64,0.5887511404871456,1
sample_01808,End titles - Itsensäsyöjät,FAKE,1,Electronic,songgen,test,2,0.9853189568981509,mp3_64,0.5887511404871456,1
sample_01815,Fuckaboing - RoccoW,FAKE,1,Electronic,songgen,test,2,0.9778502712505519,mp3_64,0.5887511404871456,1
sample_01829,Let's Start Out Slow - RoccoW,FAKE,1,Electronic,songgen,test,2,0.9740524989606358,mp3_64,0.5887511404871456,1
sample_01830,Let You're Body Move - D SMILEZ,FAKE,1,Electronic,songgen,test,2,0.9968936003210629,mp3_64,0.5887511404871456,1
sample_01839,Night Owl - Broke For Free,FAKE,1,Electronic,songgen,test,2,0.9963689029486623,mp3_64,0.5887511404871456,1
sample_01850,Pista Afuera - Epstein,FAKE,1,Electronic,songgen,test,2,0.9383954395405374,mp3_64,0.5887511404871456,1
sample_01853,Realize Me - Jim Rooster,FAKE,1,Electronic,songgen,test,2,0.9983694767887916,mp3_64,0.5887511404871456,1
sample_01854,Resistentialism - Nihilore,FAKE,1,Electronic,songgen,test,2,0.9903627417236865,mp3_64,0.5887511404871456,1
sample_01861,Set Fire to Creation - Nihilore,FAKE,1,Electronic,songgen,test,2,0.999632086320589,mp3_64,0.5887511404871456,1
sample_01868,Support Me in This Moment That I'm About To Lose Heart - Nihilore,FAKE,1,Electronic,songgen,test,2,0.9938626628291073,mp3_64,0.5887511404871456,1
sample_01872,The Adventures Of Roderick Random - Maps And Diagrams,FAKE,1,Electronic,songgen,test,2,0.900816612699023,mp3_64,0.5887511404871456,1
sample_01878,The Secret Garden - Barbarix,FAKE,1,Electronic,songgen,test,2,0.870786601281442,mp3_64,0.5887511404871456,1
sample_01885,Ugh! Humans Can Join - Mystery Mammal,FAKE,1,Electronic,songgen,test,2,0.9845572930478292,mp3_64,0.5887511404871456,1
sample_01893,Yurtology - Michett,FAKE,1,Electronic,songgen,test,2,0.8973597831785001,mp3_64,0.5887511404871456,1
sample_01902,Different Day - First,FAKE,1,Pop,songgen,test,2,0.9864211075181751,mp3_64,0.5887511404871456,1
sample_01903,El Burrito - Malaventura,FAKE,1,Pop,songgen,test,2,0.8461802912247497,mp3_64,0.5887511404871456,1
sample_01908,"Hungry - Oh Yeah, the Future",FAKE,1,Pop,songgen,test,2,0.9811709281917818,mp3_64,0.5887511404871456,1
sample_01921,Motocross Mania - Monroeville Music Center,FAKE,1,Pop,songgen,test,2,0.9907836147885827,mp3_64,0.5887511404871456,1
sample_01922,Music For an Underground Circu - Ergo Phizmiz,FAKE,1,Pop,songgen,test,2,0.983650072100287,mp3_64,0.5887511404871456,1
sample_01933,Production - Bird Names,FAKE,1,Pop,songgen,test,2,0.9864515224439604,mp3_64,0.5887511404871456,1
sample_01938,She Works / Tepid Waters - Bird Names,FAKE,1,Pop,songgen,test,2,0.9944661250804174,mp3_64,0.5887511404871456,1
sample_01942,Something Dirty - Ergo Phizmiz,FAKE,1,Pop,songgen,test,2,0.997576398535229,mp3_64,0.5887511404871456,1
sample_01950,"The Pursuit of Unintentional Humor - Oh Yeah, the Future",FAKE,1,Pop,songgen,test,2,0.9847514096840468,mp3_64,0.5887511404871456,1
sample_01956,Troubles I've seen - Malaventura,FAKE,1,Pop,songgen,test,2,0.9510068031609755,mp3_64,0.5887511404871456,1
sample_01966,5 (Lexington) - Isle of Pine,FAKE,1,Rock,songgen,test,2,0.9964213840000438,mp3_64,0.5887511404871456,1
sample_01969,Attention - Pete Prodoehl,FAKE,1,Rock,songgen,test,2,0.9878774809892341,mp3_64,0.5887511404871456,1
sample_01999,"Head of Ancante, Talking Tree - Ak'chamel, The Giver of Illness",FAKE,1,Rock,songgen,test,2,0.9876437922250412,mp3_64,0.5887511404871456,1
sample_02008,I - Inflammator,FAKE,1,Rock,songgen,test,2,0.9964511717115632,mp3_64,0.5887511404871456,1
sample_02014,L'arbre - Salmo,FAKE,1,Rock,songgen,test,2,0.9400536883188815,mp3_64,0.5887511404871456,1
sample_02015,Leaving Here - Mod Fun,FAKE,1,Rock,songgen,test,2,0.9975314687295607,mp3_64,0.5887511404871456,1
sample_02018,LIQUID SKULLS - voyageurs,FAKE,1,Rock,songgen,test,2,0.9811203413358469,mp3_64,0.5887511404871456,1
sample_02020,Love Dream - The Zombie Dandies,FAKE,1,Rock,songgen,test,2,0.9996311917864891,mp3_64,0.5887511404871456,1
sample_02024,Moja Krypta - AmortE,FAKE,1,Rock,songgen,test,2,0.988074186476162,mp3_64,0.5887511404871456,1
sample_02032,Puertas de Fuego - Guerra de Cerdos,FAKE,1,Rock,songgen,test,2,0.9985817280960871,mp3_64,0.5887511404871456,1
sample_02041,Sfogare Il Dissenso - Deiezione HC,FAKE,1,Rock,songgen,test,2,0.9989135264811067,mp3_64,0.5887511404871456,1
sample_02045,Sonzis FM - Pipe Choir,FAKE,1,Rock,songgen,test,2,0.9951253723972605,mp3_64,0.5887511404871456,1
sample_02048,Stuttgart - Portrayal,FAKE,1,Rock,songgen,test,2,0.9808932121540035,mp3_64,0.5887511404871456,1
sample_02050,Terve Teille - Чокнутый Пропеллер,FAKE,1,Rock,songgen,test,2,0.9960864803282251,mp3_64,0.5887511404871456,1
sample_02057,Untitled - Fatal Injection,FAKE,1,Rock,songgen,test,2,0.985879291860849,mp3_64,0.5887511404871456,1
sample_02064,Where Is Everything - The Moi Non Plus,FAKE,1,Rock,songgen,test,2,0.9998900774524231,mp3_64,0.5887511404871456,1
sample_02065,Who Loves You Dear - Mink Lungs,FAKE,1,Rock,songgen,test,2,0.9285551619745664,mp3_64,0.5887511404871456,1
sample_02089,Dance Harder - Three Chain Links,FAKE,1,Electronic,suno,test,3,0.9431504222863962,mp3_64,0.5887511404871456,1
sample_02090,Dance Harder - Three Chain Links,FAKE,1,Electronic,suno,test,3,0.935645885870421,mp3_64,0.5887511404871456,1
sample_02101,Fuckaboing - RoccoW,FAKE,1,Electronic,suno,test,3,0.5597219182445777,mp3_64,0.5887511404871456,0
sample_02102,Fuckaboing - RoccoW,FAKE,1,Electronic,suno,test,3,0.9902926620394606,mp3_64,0.5887511404871456,1
sample_02117,Night Owl - Broke For Free,FAKE,1,Electronic,suno,test,3,0.9676537760707511,mp3_64,0.5887511404871456,1
sample_02118,Night Owl - Broke For Free,FAKE,1,Electronic,suno,test,3,0.9873447376744381,mp3_64,0.5887511404871456,1
sample_02137,Pista Afuera - Epstein,FAKE,1,Electronic,suno,test,3,0.8665026376395,mp3_64,0.5887511404871456,1
sample_02138,Pista Afuera - Epstein,FAKE,1,Electronic,suno,test,3,0.823006115050101,mp3_64,0.5887511404871456,1
sample_02141,Realize Me - Jim Rooster,FAKE,1,Electronic,suno,test,3,0.9922996712494966,mp3_64,0.5887511404871456,1
sample_02142,Realize Me - Jim Rooster,FAKE,1,Electronic,suno,test,3,0.9588230418347686,mp3_64,0.5887511404871456,1
sample_02143,Resistentialism - Nihilore,FAKE,1,Electronic,suno,test,3,0.8919948519930655,mp3_64,0.5887511404871456,1
sample_02144,Resistentialism - Nihilore,FAKE,1,Electronic,suno,test,3,0.9817401284518333,mp3_64,0.5887511404871456,1
sample_02165,Ugh! Humans Can Join - Mystery Mammal,FAKE,1,Electronic,suno,test,3,0.7989818228887735,mp3_64,0.5887511404871456,1
sample_02166,Ugh! Humans Can Join - Mystery Mammal,FAKE,1,Electronic,suno,test,3,0.7788083065202627,mp3_64,0.5887511404871456,1
sample_02183,Different Day - First,FAKE,1,Pop,suno,test,3,0.9917229425617377,mp3_64,0.5887511404871456,1
sample_02184,Different Day - First,FAKE,1,Pop,suno,test,3,0.9276682671547709,mp3_64,0.5887511404871456,1
sample_02193,"Hungry - Oh Yeah, the Future",FAKE,1,Pop,suno,test,3,0.9657947705206634,mp3_64,0.5887511404871456,1
sample_02194,"Hungry - Oh Yeah, the Future",FAKE,1,Pop,suno,test,3,0.9645936938213914,mp3_64,0.5887511404871456,1
sample_02215,Motocross Mania - Monroeville Music Center,FAKE,1,Pop,suno,test,3,0.9809307572536078,mp3_64,0.5887511404871456,1
sample_02216,Motocross Mania - Monroeville Music Center,FAKE,1,Pop,suno,test,3,0.9936141521441734,mp3_64,0.5887511404871456,1
sample_02217,Music For an Underground Circu - Ergo Phizmiz,FAKE,1,Pop,suno,test,3,0.9214596491093792,mp3_64,0.5887511404871456,1
sample_02218,Music For an Underground Circu - Ergo Phizmiz,FAKE,1,Pop,suno,test,3,0.8064873004690919,mp3_64,0.5887511404871456,1
sample_02237,She Works / Tepid Waters - Bird Names,FAKE,1,Pop,suno,test,3,0.9808770203366876,mp3_64,0.5887511404871456,1
sample_02238,She Works / Tepid Waters - Bird Names,FAKE,1,Pop,suno,test,3,0.9984974631784848,mp3_64,0.5887511404871456,1
sample_02241,Something Dirty - Ergo Phizmiz,FAKE,1,Pop,suno,test,3,0.8990142010691368,mp3_64,0.5887511404871456,1
sample_02242,Something Dirty - Ergo Phizmiz,FAKE,1,Pop,suno,test,3,0.8831767618680684,mp3_64,0.5887511404871456,1
sample_02261,Troubles I've seen - Malaventura,FAKE,1,Pop,suno,test,3,0.9779600029402755,mp3_64,0.5887511404871456,1
sample_02262,Troubles I've seen - Malaventura,FAKE,1,Pop,suno,test,3,0.9881400654441109,mp3_64,0.5887511404871456,1
sample_02275,Attention - Pete Prodoehl,FAKE,1,Rock,suno,test,3,0.9456443369317613,mp3_64,0.5887511404871456,1
sample_02276,Attention - Pete Prodoehl,FAKE,1,Rock,suno,test,3,0.9874340082080408,mp3_64,0.5887511404871456,1
sample_02291,"Head of Ancante, Talking Tree - Ak'chamel, The Giver of Illness",FAKE,1,Rock,suno,test,3,0.9754053574456524,mp3_64,0.5887511404871456,1
sample_02292,"Head of Ancante, Talking Tree - Ak'chamel, The Giver of Illness",FAKE,1,Rock,suno,test,3,0.995733989776194,mp3_64,0.5887511404871456,1
sample_02299,I - Inflammator,FAKE,1,Rock,suno,test,3,0.8347453738379427,mp3_64,0.5887511404871456,1
sample_02300,I - Inflammator,FAKE,1,Rock,suno,test,3,0.9121074895647453,mp3_64,0.5887511404871456,1
sample_02305,LIQUID SKULLS - voyageurs,FAKE,1,Rock,suno,test,3,0.9742286353869254,mp3_64,0.5887511404871456,1
sample_02306,LIQUID SKULLS - voyageurs,FAKE,1,Rock,suno,test,3,0.9696157719373808,mp3_64,0.5887511404871456,1
sample_02309,Love Dream - The Zombie Dandies,FAKE,1,Rock,suno,test,3,0.9426602703705153,mp3_64,0.5887511404871456,1
sample_02310,Love Dream - The Zombie Dandies,FAKE,1,Rock,suno,test,3,0.9350908146528295,mp3_64,0.5887511404871456,1
sample_02335,Sfogare Il Dissenso - Deiezione HC,FAKE,1,Rock,suno,test,3,0.8791625088157442,mp3_64,0.5887511404871456,1
sample_02336,Sfogare Il Dissenso - Deiezione HC,FAKE,1,Rock,suno,test,3,0.8968580635120711,mp3_64,0.5887511404871456,1
sample_02343,Stuttgart - Portrayal,FAKE,1,Rock,suno,test,3,0.861904055780145,mp3_64,0.5887511404871456,1
sample_02344,Stuttgart - Portrayal,FAKE,1,Rock,suno,test,3,0.9097048917325609,mp3_64,0.5887511404871456,1
sample_02345,Terve Teille - Чокнутый Пропеллер,FAKE,1,Rock,suno,test,3,0.9650862561232275,mp3_64,0.5887511404871456,1
sample_02346,Terve Teille - Чокнутый Пропеллер,FAKE,1,Rock,suno,test,3,0.8040690031328276,mp3_64,0.5887511404871456,1
sample_02359,Where Is Everything - The Moi Non Plus,FAKE,1,Rock,suno,test,3,0.9071836211292936,mp3_64,0.5887511404871456,1
sample_02360,Where Is Everything - The Moi Non Plus,FAKE,1,Rock,suno,test,3,0.968758488066654,mp3_64,0.5887511404871456,1
sample_02361,Who Loves You Dear - Mink Lungs,FAKE,1,Rock,suno,test,3,0.9513444940904513,mp3_64,0.5887511404871456,1
sample_02362,Who Loves You Dear - Mink Lungs,FAKE,1,Rock,suno,test,3,0.9822475863161481,mp3_64,0.5887511404871456,1
sample_02389,Dance Harder - Three Chain Links,FAKE,1,Electronic,udio,test,3,0.9758206988279157,mp3_64,0.5887511404871456,1
sample_02390,Dance Harder - Three Chain Links,FAKE,1,Electronic,udio,test,3,0.9387841722451983,mp3_64,0.5887511404871456,1
sample_02401,Fuckaboing - RoccoW,FAKE,1,Electronic,udio,test,3,0.9982499605408907,mp3_64,0.5887511404871456,1
sample_02402,Fuckaboing - RoccoW,FAKE,1,Electronic,udio,test,3,0.8769483596024449,mp3_64,0.5887511404871456,1
sample_02417,Night Owl - Broke For Free,FAKE,1,Electronic,udio,test,3,0.9729569366338843,mp3_64,0.5887511404871456,1
sample_02418,Night Owl - Broke For Free,FAKE,1,Electronic,udio,test,3,0.9785307441263228,mp3_64,0.5887511404871456,1
sample_02437,Pista Afuera - Epstein,FAKE,1,Electronic,udio,test,3,0.8938107375828322,mp3_64,0.5887511404871456,1
sample_02438,Pista Afuera - Epstein,FAKE,1,Electronic,udio,test,3,0.7224345876542065,mp3_64,0.5887511404871456,1
sample_02441,Realize Me - Jim Rooster,FAKE,1,Electronic,udio,test,3,0.6210909316175498,mp3_64,0.5887511404871456,1
sample_02442,Realize Me - Jim Rooster,FAKE,1,Electronic,udio,test,3,0.6605487631241189,mp3_64,0.5887511404871456,1
sample_02443,Resistentialism - Nihilore,FAKE,1,Electronic,udio,test,3,0.9975499492932401,mp3_64,0.5887511404871456,1
sample_02444,Resistentialism - Nihilore,FAKE,1,Electronic,udio,test,3,0.7066790049924366,mp3_64,0.5887511404871456,1
sample_02465,Ugh! Humans Can Join - Mystery Mammal,FAKE,1,Electronic,udio,test,3,0.9602498905131339,mp3_64,0.5887511404871456,1
sample_02466,Ugh! Humans Can Join - Mystery Mammal,FAKE,1,Electronic,udio,test,3,0.9283085086860056,mp3_64,0.5887511404871456,1
sample_02483,Different Day - First,FAKE,1,Pop,udio,test,3,0.8836796965315559,mp3_64,0.5887511404871456,1
sample_02484,Different Day - First,FAKE,1,Pop,udio,test,3,0.9534736211513805,mp3_64,0.5887511404871456,1
sample_02493,"Hungry - Oh Yeah, the Future",FAKE,1,Pop,udio,test,3,0.8474522333503036,mp3_64,0.5887511404871456,1
sample_02494,"Hungry - Oh Yeah, the Future",FAKE,1,Pop,udio,test,3,0.7165186795003863,mp3_64,0.5887511404871456,1
sample_02515,Motocross Mania - Monroeville Music Center,FAKE,1,Pop,udio,test,3,0.9544572858600516,mp3_64,0.5887511404871456,1
sample_02516,Motocross Mania - Monroeville Music Center,FAKE,1,Pop,udio,test,3,0.9864866083062939,mp3_64,0.5887511404871456,1
sample_02517,Music For an Underground Circu - Ergo Phizmiz,FAKE,1,Pop,udio,test,3,0.9605671555242811,mp3_64,0.5887511404871456,1
sample_02518,Music For an Underground Circu - Ergo Phizmiz,FAKE,1,Pop,udio,test,3,0.9696691666236751,mp3_64,0.5887511404871456,1
sample_02537,She Works / Tepid Waters - Bird Names,FAKE,1,Pop,udio,test,3,0.7094747147044355,mp3_64,0.5887511404871456,1
sample_02538,She Works / Tepid Waters - Bird Names,FAKE,1,Pop,udio,test,3,0.29157097945910465,mp3_64,0.5887511404871456,0
sample_02541,Something Dirty - Ergo Phizmiz,FAKE,1,Pop,udio,test,3,0.8536505575169038,mp3_64,0.5887511404871456,1
sample_02542,Something Dirty - Ergo Phizmiz,FAKE,1,Pop,udio,test,3,0.8979532968792188,mp3_64,0.5887511404871456,1
sample_02561,Troubles I've seen - Malaventura,FAKE,1,Pop,udio,test,3,0.997132302911575,mp3_64,0.5887511404871456,1
sample_02562,Troubles I've seen - Malaventura,FAKE,1,Pop,udio,test,3,0.8920239440607061,mp3_64,0.5887511404871456,1
sample_02575,Attention - Pete Prodoehl,FAKE,1,Rock,udio,test,3,0.9653182248707131,mp3_64,0.5887511404871456,1
sample_02576,Attention - Pete Prodoehl,FAKE,1,Rock,udio,test,3,0.6764058146460269,mp3_64,0.5887511404871456,1
sample_02591,"Head of Ancante, Talking Tree - Ak'chamel, The Giver of Illness",FAKE,1,Rock,udio,test,3,0.959406720754532,mp3_64,0.5887511404871456,1
sample_02592,"Head of Ancante, Talking Tree - Ak'chamel, The Giver of Illness",FAKE,1,Rock,udio,test,3,0.792815533289449,mp3_64,0.5887511404871456,1
sample_02599,I - Inflammator,FAKE,1,Rock,udio,test,3,0.9691654770488546,mp3_64,0.5887511404871456,1
sample_02600,I - Inflammator,FAKE,1,Rock,udio,test,3,0.9931372425305143,mp3_64,0.5887511404871456,1
sample_02605,LIQUID SKULLS - voyageurs,FAKE,1,Rock,udio,test,3,0.8253957120856769,mp3_64,0.5887511404871456,1
sample_02606,LIQUID SKULLS - voyageurs,FAKE,1,Rock,udio,test,3,0.7609125671835485,mp3_64,0.5887511404871456,1
sample_02609,Love Dream - The Zombie Dandies,FAKE,1,Rock,udio,test,3,0.9931573255748943,mp3_64,0.5887511404871456,1
sample_02610,Love Dream - The Zombie Dandies,FAKE,1,Rock,udio,test,3,0.949153886610782,mp3_64,0.5887511404871456,1
sample_02635,Sfogare Il Dissenso - Deiezione HC,FAKE,1,Rock,udio,test,3,0.9623901250751873,mp3_64,0.5887511404871456,1
sample_02636,Sfogare Il Dissenso - Deiezione HC,FAKE,1,Rock,udio,test,3,0.9971387403507602,mp3_64,0.5887511404871456,1
sample_02643,Stuttgart - Portrayal,FAKE,1,Rock,udio,test,3,0.9067285494263123,mp3_64,0.5887511404871456,1
sample_02644,Stuttgart - Portrayal,FAKE,1,Rock,udio,test,3,0.9836922421936244,mp3_64,0.5887511404871456,1
sample_02645,Terve Teille - Чокнутый Пропеллер,FAKE,1,Rock,udio,test,3,0.7773259169499935,mp3_64,0.5887511404871456,1
sample_02646,Terve Teille - Чокнутый Пропеллер,FAKE,1,Rock,udio,test,3,0.9431828968713866,mp3_64,0.5887511404871456,1
sample_02659,Where Is Everything - The Moi Non Plus,FAKE,1,Rock,udio,test,3,0.9391772299527364,mp3_64,0.5887511404871456,1
sample_02660,Where Is Everything - The Moi Non Plus,FAKE,1,Rock,udio,test,3,0.9988993636253708,mp3_64,0.5887511404871456,1
sample_02661,Who Loves You Dear - Mink Lungs,FAKE,1,Rock,udio,test,3,0.6779167015650769,mp3_64,0.5887511404871456,1
sample_02662,Who Loves You Dear - Mink Lungs,FAKE,1,Rock,udio,test,3,0.8328283318097957,mp3_64,0.5887511404871456,1
sample_02679,Dance Harder - Three Chain Links,FAKE,1,Electronic,stableaudio,test,3,0.9767313315434749,mp3_64,0.5887511404871456,1
sample_02683,Fuckaboing - RoccoW,FAKE,1,Electronic,stableaudio,test,3,0.9156672001624436,mp3_64,0.5887511404871456,1
sample_02691,Night Owl - Broke For Free,FAKE,1,Electronic,stableaudio,test,3,0.9733311506483101,mp3_64,0.5887511404871456,1
sample_02700,Pista Afuera - Epstein,FAKE,1,Electronic,stableaudio,test,3,0.7655469589653147,mp3_64,0.5887511404871456,1
sample_02702,Realize Me - Jim Rooster,FAKE,1,Electronic,stableaudio,test,3,0.9442149933636478,mp3_64,0.5887511404871456,1
sample_02703,Resistentialism - Nihilore,FAKE,1,Electronic,stableaudio,test,3,0.8586244423667919,mp3_64,0.5887511404871456,1
sample_02714,Ugh! Humans Can Join - Mystery Mammal,FAKE,1,Electronic,stableaudio,test,3,0.7622898289919258,mp3_64,0.5887511404871456,1
sample_02724,El Burrito - Malaventura,FAKE,1,Pop,stableaudio,test,3,0.7734133739861604,mp3_64,0.5887511404871456,1
sample_02741,Motocross Mania - Monroeville Music Center,FAKE,1,Pop,stableaudio,test,3,0.8602327518583905,mp3_64,0.5887511404871456,1
sample_02742,Music For an Underground Circu - Ergo Phizmiz,FAKE,1,Pop,stableaudio,test,3,0.9049887434417415,mp3_64,0.5887511404871456,1
sample_02752,Production - Bird Names,FAKE,1,Pop,stableaudio,test,3,0.7174396899414001,mp3_64,0.5887511404871456,1
sample_02756,She Works / Tepid Waters - Bird Names,FAKE,1,Pop,stableaudio,test,3,0.9865964488874382,mp3_64,0.5887511404871456,1
sample_02759,Something Dirty - Ergo Phizmiz,FAKE,1,Pop,stableaudio,test,3,0.8643367445003328,mp3_64,0.5887511404871456,1
sample_02767,"The Pursuit of Unintentional Humor - Oh Yeah, the Future",FAKE,1,Pop,stableaudio,test,3,0.9532104275753127,mp3_64,0.5887511404871456,1
sample_02773,Troubles I've seen - Malaventura,FAKE,1,Pop,stableaudio,test,3,0.8663936956182657,mp3_64,0.5887511404871456,1
sample_02782,5 (Lexington) - Isle of Pine,FAKE,1,Rock,stableaudio,test,3,0.8680033181904053,mp3_64,0.5887511404871456,1
sample_02785,Attention - Pete Prodoehl,FAKE,1,Rock,stableaudio,test,3,0.9446051644697677,mp3_64,0.5887511404871456,1
sample_02808,"Head of Ancante, Talking Tree - Ak'chamel, The Giver of Illness",FAKE,1,Rock,stableaudio,test,3,0.9529838769522643,mp3_64,0.5887511404871456,1
sample_02822,LIQUID SKULLS - voyageurs,FAKE,1,Rock,stableaudio,test,3,0.9631585820938682,mp3_64,0.5887511404871456,1
sample_02824,Love Dream - The Zombie Dandies,FAKE,1,Rock,stableaudio,test,3,0.8586460578405539,mp3_64,0.5887511404871456,1
sample_02832,Puertas de Fuego - Guerra de Cerdos,FAKE,1,Rock,stableaudio,test,3,0.955722834478676,mp3_64,0.5887511404871456,1
sample_02839,Sfogare Il Dissenso - Deiezione HC,FAKE,1,Rock,stableaudio,test,3,0.9808327517600941,mp3_64,0.5887511404871456,1
sample_02843,Sonzis FM - Pipe Choir,FAKE,1,Rock,stableaudio,test,3,0.9747395418558864,mp3_64,0.5887511404871456,1
sample_02846,Stuttgart - Portrayal,FAKE,1,Rock,stableaudio,test,3,0.941529192639726,mp3_64,0.5887511404871456,1
sample_02852,Untitled - Fatal Injection,FAKE,1,Rock,stableaudio,test,3,0.7421350530282673,mp3_64,0.5887511404871456,1
sample_02857,Who Loves You Dear - Mink Lungs,FAKE,1,Rock,stableaudio,test,3,0.9728247816199264,mp3_64,0.5887511404871456,1
sample_02877,Attention - Pete Prodoehl,FAKE,1,Rock,elevenlabs,test,3,0.9754956813621835,mp3_64,0.5887511404871456,1
sample_02878,Attention - Pete Prodoehl,FAKE,1,Rock,elevenlabs,test,3,0.9721539308217472,mp3_64,0.5887511404871456,1
sample_02903,Dance Harder - Three Chain Links,FAKE,1,Electronic,elevenlabs,test,3,0.9277995875351209,mp3_64,0.5887511404871456,1
sample_02904,Dance Harder - Three Chain Links,FAKE,1,Electronic,elevenlabs,test,3,0.877157025229497,mp3_64,0.5887511404871456,1
sample_02907,Different Day - First,FAKE,1,Pop,elevenlabs,test,3,0.9323758996229233,mp3_64,0.5887511404871456,1
sample_02908,Different Day - First,FAKE,1,Pop,elevenlabs,test,3,0.9327074889252013,mp3_64,0.5887511404871456,1
sample_02931,Fuckaboing - RoccoW,FAKE,1,Electronic,elevenlabs,test,3,0.987671437241334,mp3_64,0.5887511404871456,1
sample_02932,Fuckaboing - RoccoW,FAKE,1,Electronic,elevenlabs,test,3,0.8125811393204665,mp3_64,0.5887511404871456,1
sample_02939,"Head of Ancante, Talking Tree - Ak'chamel, The Giver of Illness",FAKE,1,Rock,elevenlabs,test,3,0.6003999472782935,mp3_64,0.5887511404871456,1
sample_02940,"Head of Ancante, Talking Tree - Ak'chamel, The Giver of Illness",FAKE,1,Rock,elevenlabs,test,3,0.76262769811398,mp3_64,0.5887511404871456,1
sample_02941,"Hungry - Oh Yeah, the Future",FAKE,1,Pop,elevenlabs,test,3,0.9577425154161782,mp3_64,0.5887511404871456,1
sample_02942,"Hungry - Oh Yeah, the Future",FAKE,1,Pop,elevenlabs,test,3,0.9622382667367481,mp3_64,0.5887511404871456,1
sample_02947,I - Inflammator,FAKE,1,Rock,elevenlabs,test,3,0.9725133624688681,mp3_64,0.5887511404871456,1
sample_02948,I - Inflammator,FAKE,1,Rock,elevenlabs,test,3,0.9326326968000526,mp3_64,0.5887511404871456,1
sample_02971,LIQUID SKULLS - voyageurs,FAKE,1,Rock,elevenlabs,test,3,0.9806465635132561,mp3_64,0.5887511404871456,1
sample_02972,LIQUID SKULLS - voyageurs,FAKE,1,Rock,elevenlabs,test,3,0.9267973687084311,mp3_64,0.5887511404871456,1
sample_02977,Love Dream - The Zombie Dandies,FAKE,1,Rock,elevenlabs,test,3,0.9314939094362679,mp3_64,0.5887511404871456,1
sample_02978,Love Dream - The Zombie Dandies,FAKE,1,Rock,elevenlabs,test,3,0.9321334795280288,mp3_64,0.5887511404871456,1
sample_02991,Motocross Mania - Monroeville Music Center,FAKE,1,Pop,elevenlabs,test,3,0.9924893207663249,mp3_64,0.5887511404871456,1
sample_02992,Motocross Mania - Monroeville Music Center,FAKE,1,Pop,elevenlabs,test,3,0.997807625043665,mp3_64,0.5887511404871456,1
sample_02995,Music For an Underground Circu - Ergo Phizmiz,FAKE,1,Pop,elevenlabs,test,3,0.7717848295304818,mp3_64,0.5887511404871456,1
sample_02996,Music For an Underground Circu - Ergo Phizmiz,FAKE,1,Pop,elevenlabs,test,3,0.9863229252593202,mp3_64,0.5887511404871456,1
sample_03003,Night Owl - Broke For Free,FAKE,1,Electronic,elevenlabs,test,3,0.984638733629016,mp3_64,0.5887511404871456,1
sample_03004,Night Owl - Broke For Free,FAKE,1,Electronic,elevenlabs,test,3,0.9027359380271992,mp3_64,0.5887511404871456,1
sample_03031,Pista Afuera - Epstein,FAKE,1,Electronic,elevenlabs,test,3,0.7999585730169465,mp3_64,0.5887511404871456,1
sample_03032,Pista Afuera - Epstein,FAKE,1,Electronic,elevenlabs,test,3,0.9558106762348711,mp3_64,0.5887511404871456,1
sample_03035,Realize Me - Jim Rooster,FAKE,1,Electronic,elevenlabs,test,3,0.983408927441713,mp3_64,0.5887511404871456,1
sample_03036,Realize Me - Jim Rooster,FAKE,1,Electronic,elevenlabs,test,3,0.9449867723840613,mp3_64,0.5887511404871456,1
sample_03037,Resistentialism - Nihilore,FAKE,1,Electronic,elevenlabs,test,3,0.9123215483464279,mp3_64,0.5887511404871456,1
sample_03038,Resistentialism - Nihilore,FAKE,1,Electronic,elevenlabs,test,3,0.9669770138409292,mp3_64,0.5887511404871456,1
sample_03061,Sfogare Il Dissenso - Deiezione HC,FAKE,1,Rock,elevenlabs,test,3,0.9617544568655173,mp3_64,0.5887511404871456,1
sample_03062,Sfogare Il Dissenso - Deiezione HC,FAKE,1,Rock,elevenlabs,test,3,0.7048994684475077,mp3_64,0.5887511404871456,1
sample_03065,She Works / Tepid Waters - Bird Names,FAKE,1,Pop,elevenlabs,test,3,0.8491361756091559,mp3_64,0.5887511404871456,1
sample_03066,She Works / Tepid Waters - Bird Names,FAKE,1,Pop,elevenlabs,test,3,0.9155016959369684,mp3_64,0.5887511404871456,1
sample_03071,Something Dirty - Ergo Phizmiz,FAKE,1,Pop,elevenlabs,test,3,0.8334979855208492,mp3_64,0.5887511404871456,1
sample_03072,Something Dirty - Ergo Phizmiz,FAKE,1,Pop,elevenlabs,test,3,0.906224369649466,mp3_64,0.5887511404871456,1
sample_03083,Stuttgart - Portrayal,FAKE,1,Rock,elevenlabs,test,3,0.6456785397754005,mp3_64,0.5887511404871456,1
sample_03084,Stuttgart - Portrayal,FAKE,1,Rock,elevenlabs,test,3,0.8754083320988175,mp3_64,0.5887511404871456,1
sample_03089,Terve Teille - Чокнутый Пропеллер,FAKE,1,Rock,elevenlabs,test,3,0.7528409641322625,mp3_64,0.5887511404871456,1
sample_03090,Terve Teille - Чокнутый Пропеллер,FAKE,1,Rock,elevenlabs,test,3,0.9261457306627378,mp3_64,0.5887511404871456,1
sample_03119,Troubles I've seen - Malaventura,FAKE,1,Pop,elevenlabs,test,3,0.9656593892767011,mp3_64,0.5887511404871456,1
sample_03120,Troubles I've seen - Malaventura,FAKE,1,Pop,elevenlabs,test,3,0.816526595383956,mp3_64,0.5887511404871456,1
sample_03121,Ugh! Humans Can Join - Mystery Mammal,FAKE,1,Electronic,elevenlabs,test,3,0.7662250889770563,mp3_64,0.5887511404871456,1
sample_03122,Ugh! Humans Can Join - Mystery Mammal,FAKE,1,Electronic,elevenlabs,test,3,0.8663064283346028,mp3_64,0.5887511404871456,1
sample_03133,Where Is Everything - The Moi Non Plus,FAKE,1,Rock,elevenlabs,test,3,0.7975518678112571,mp3_64,0.5887511404871456,1
sample_03134,Where Is Everything - The Moi Non Plus,FAKE,1,Rock,elevenlabs,test,3,0.8981160550253877,mp3_64,0.5887511404871456,1
sample_03135,Who Loves You Dear - Mink Lungs,FAKE,1,Rock,elevenlabs,test,3,0.8019092816539639,mp3_64,0.5887511404871456,1
sample_03136,Who Loves You Dear - Mink Lungs,FAKE,1,Rock,elevenlabs,test,3,0.6759374193974885,mp3_64,0.5887511404871456,1
sample_03167,2Much (Andy Spinelli & Alex Sánchez House Edit) - Tentacles,FAKE,1,Electronic,musicgen,test,3,0.987845908527973,mp3_64,0.5887511404871456,1
sample_03169,3 am West End - statusq,FAKE,1,Electronic,musicgen,test,3,0.9790912025750617,mp3_64,0.5887511404871456,1
sample_03171,5 (Lexington) - Isle of Pine,FAKE,1,Rock,musicgen,test,3,0.9563225432662802,mp3_64,0.5887511404871456,1
sample_03183,Attention - Pete Prodoehl,FAKE,1,Rock,musicgen,test,3,0.8073804036059508,mp3_64,0.5887511404871456,1
sample_03193,Bizzy - The Tleilaxu Music Machine,FAKE,1,Electronic,musicgen,test,3,0.9873147673256236,mp3_64,0.5887511404871456,1
sample_03209,Dance Harder - Three Chain Links,FAKE,1,Electronic,musicgen,test,3,0.9962977325659184,mp3_64,0.5887511404871456,1
sample_03214,Different Day - First,FAKE,1,Pop,musicgen,test,3,0.9621859602469472,mp3_64,0.5887511404871456,1
sample_03222,El Burrito - Malaventura,FAKE,1,Pop,musicgen,test,3,0.9990516462880662,mp3_64,0.5887511404871456,1
sample_03227,End titles - Itsensäsyöjät,FAKE,1,Electronic,musicgen,test,3,0.9978046913980817,mp3_64,0.5887511404871456,1
sample_03244,Fuckaboing - RoccoW,FAKE,1,Electronic,musicgen,test,3,0.8237828991791382,mp3_64,0.5887511404871456,1
sample_03253,"Head of Ancante, Talking Tree - Ak'chamel, The Giver of Illness",FAKE,1,Rock,musicgen,test,3,0.9325070285039647,mp3_64,0.5887511404871456,1
sample_03255,"Hungry - Oh Yeah, the Future",FAKE,1,Pop,musicgen,test,3,0.996160462804584,mp3_64,0.5887511404871456,1
sample_03267,I - Inflammator,FAKE,1,Rock,musicgen,test,3,0.9996996237383865,mp3_64,0.5887511404871456,1
sample_03287,Leaving Here - Mod Fun,FAKE,1,Rock,musicgen,test,3,0.9576426910798629,mp3_64,0.5887511404871456,1
sample_03288,Let's Start Out Slow - RoccoW,FAKE,1,Electronic,musicgen,test,3,0.9783968240487558,mp3_64,0.5887511404871456,1
sample_03290,Let You're Body Move - D SMILEZ,FAKE,1,Electronic,musicgen,test,3,0.9982193878419973,mp3_64,0.5887511404871456,1
sample_03295,LIQUID SKULLS - voyageurs,FAKE,1,Rock,musicgen,test,3,0.9948684745749463,mp3_64,0.5887511404871456,1
sample_03301,Love Dream - The Zombie Dandies,FAKE,1,Rock,musicgen,test,3,0.7527014167088416,mp3_64,0.5887511404871456,1
sample_03302,L'arbre - Salmo,FAKE,1,Rock,musicgen,test,3,0.9586272133076816,mp3_64,0.5887511404871456,1
sample_03308,Moja Krypta - AmortE,FAKE,1,Rock,musicgen,test,3,0.7985187427159262,mp3_64,0.5887511404871456,1
sample_03313,Motocross Mania - Monroeville Music Center,FAKE,1,Pop,musicgen,test,3,0.9881537483699764,mp3_64,0.5887511404871456,1
sample_03315,Music For an Underground Circu - Ergo Phizmiz,FAKE,1,Pop,musicgen,test,3,0.891969975530774,mp3_64,0.5887511404871456,1
sample_03324,Night Owl - Broke For Free,FAKE,1,Electronic,musicgen,test,3,0.9889250067664347,mp3_64,0.5887511404871456,1
sample_03342,Pista Afuera - Epstein,FAKE,1,Electronic,musicgen,test,3,0.9697627046979437,mp3_64,0.5887511404871456,1
sample_03345,Production - Bird Names,FAKE,1,Pop,musicgen,test,3,0.992387350741413,mp3_64,0.5887511404871456,1
sample_03347,Puertas de Fuego - Guerra de Cerdos,FAKE,1,Rock,musicgen,test,3,0.9955878898803414,mp3_64,0.5887511404871456,1
sample_03350,Realize Me - Jim Rooster,FAKE,1,Electronic,musicgen,test,3,0.99390455788861,mp3_64,0.5887511404871456,1
sample_03352,Resistentialism - Nihilore,FAKE,1,Electronic,musicgen,test,3,0.959650928715449,mp3_64,0.5887511404871456,1
sample_03367,Set Fire to Creation - Nihilore,FAKE,1,Electronic,musicgen,test,3,0.9847234210488581,mp3_64,0.5887511404871456,1
sample_03368,Sfogare Il Dissenso - Deiezione HC,FAKE,1,Rock,musicgen,test,3,0.9997528445478586,mp3_64,0.5887511404871456,1
sample_03371,She Works / Tepid Waters - Bird Names,FAKE,1,Pop,musicgen,test,3,0.9590865607748439,mp3_64,0.5887511404871456,1
sample_03379,Something Dirty - Ergo Phizmiz,FAKE,1,Pop,musicgen,test,3,0.9946976160294669,mp3_64,0.5887511404871456,1
sample_03381,Sonzis FM - Pipe Choir,FAKE,1,Rock,musicgen,test,3,0.9298632647628811,mp3_64,0.5887511404871456,1
sample_03390,Stuttgart - Portrayal,FAKE,1,Rock,musicgen,test,3,0.9751078120560953,mp3_64,0.5887511404871456,1
sample_03391,Support Me in This Moment That I'm About To Lose Heart - Nihilore,FAKE,1,Electronic,musicgen,test,3,0.9903019302028153,mp3_64,0.5887511404871456,1
sample_03396,Terve Teille - Чокнутый Пропеллер,FAKE,1,Rock,musicgen,test,3,0.9863672670679353,mp3_64,0.5887511404871456,1
sample_03397,The Adventures Of Roderick Random - Maps And Diagrams,FAKE,1,Electronic,musicgen,test,3,0.9945055999922371,mp3_64,0.5887511404871456,1
sample_03411,"The Pursuit of Unintentional Humor - Oh Yeah, the Future",FAKE,1,Pop,musicgen,test,3,0.8359124431704074,mp3_64,0.5887511404871456,1
sample_03416,The Secret Garden - Barbarix,FAKE,1,Electronic,musicgen,test,3,0.9766795348861742,mp3_64,0.5887511404871456,1
sample_03425,Troubles I've seen - Malaventura,FAKE,1,Pop,musicgen,test,3,0.9890250683381133,mp3_64,0.5887511404871456,1
sample_03427,Ugh! Humans Can Join - Mystery Mammal,FAKE,1,Electronic,musicgen,test,3,0.965475501515329,mp3_64,0.5887511404871456,1
sample_03431,Untitled - Fatal Injection,FAKE,1,Rock,musicgen,test,3,0.9937936755785884,mp3_64,0.5887511404871456,1
sample_03443,Where Is Everything - The Moi Non Plus,FAKE,1,Rock,musicgen,test,3,0.9846789064745037,mp3_64,0.5887511404871456,1
sample_03444,Who Loves You Dear - Mink Lungs,FAKE,1,Rock,musicgen,test,3,0.9656387317294026,mp3_64,0.5887511404871456,1
sample_03451,Yurtology - Michett,FAKE,1,Electronic,musicgen,test,3,0.9388808470053789,mp3_64,0.5887511404871456,1
