audio_path,duration_ok,actual_duration_sec,duration_error
data/raw/FMA/selected_30s/140/140932.mp3,True,29.988571,
data/raw/FMA/selected_30s/149/149410.mp3,True,30.014694,
data/raw/FMA/selected_30s/066/066449.mp3,True,30.014694,
data/raw/FMA/selected_30s/114/114244.mp3,True,29.988571,
data/raw/FMA/selected_30s/112/112378.mp3,True,29.988571,
data/raw/FMA/selected_30s/066/066445.mp3,True,30.014694,
data/raw/FMA/selected_30s/130/130401.mp3,True,30.014694,
data/raw/FMA/selected_30s/066/066446.mp3,True,29.988571,
data/raw/FMA/selected_30s/129/129963.mp3,True,30.014694,
data/raw/FMA/selected_30s/140/140926.mp3,True,29.988571,
data/raw/FMA/selected_30s/074/074910.mp3,True,30.014694,
data/raw/FMA/selected_30s/141/141875.mp3,True,29.988571,
data/raw/FMA/selected_30s/111/111819.mp3,True,29.988571,
data/raw/FMA/selected_30s/113/113019.mp3,True,30.014694,
data/raw/FMA/selected_30s/047/047071.mp3,True,29.988571,
data/raw/FMA/selected_30s/111/111821.mp3,True,30.014694,
data/raw/FMA/selected_30s/144/144723.mp3,True,29.988571,
data/raw/FMA/selected_30s/113/113526.mp3,True,29.988571,
data/raw/FMA/selected_30s/134/134150.mp3,True,29.988571,
data/raw/FMA/selected_30s/130/130129.mp3,True,29.988571,
data/raw/FMA/selected_30s/134/134148.mp3,True,30.014694,
data/raw/FMA/selected_30s/118/118048.mp3,True,29.988571,
data/raw/FMA/selected_30s/140/140924.mp3,True,29.988571,
data/raw/FMA/selected_30s/137/137049.mp3,True,29.988571,
data/raw/FMA/selected_30s/127/127294.mp3,True,29.988571,
data/raw/FMA/selected_30s/138/138061.mp3,True,29.988571,
data/raw/FMA/selected_30s/003/003956.mp3,True,30.014694,
data/raw/FMA/selected_30s/004/004003.mp3,True,30.014694,
data/raw/FMA/selected_30s/001/001881.mp3,True,29.988571,
data/raw/FMA/selected_30s/131/131153.mp3,True,30.014694,
data/raw/FMA/selected_30s/114/114396.mp3,True,29.988571,
data/raw/FMA/selected_30s/113/113025.mp3,True,30.014694,
data/raw/FMA/selected_30s/061/061491.mp3,True,29.988571,
data/raw/FMA/selected_30s/022/022472.mp3,True,30.014694,
data/raw/FMA/selected_30s/147/147384.mp3,True,30.014694,
data/raw/FMA/selected_30s/022/022480.mp3,True,29.988571,
data/raw/FMA/selected_30s/074/074900.mp3,True,29.988571,
data/raw/FMA/selected_30s/145/145816.mp3,True,30.014694,
data/raw/FMA/selected_30s/071/071506.mp3,True,30.014694,
data/raw/FMA/selected_30s/114/114004.mp3,True,30.014694,
data/raw/FMA/selected_30s/033/033636.mp3,True,30.014694,
data/raw/FMA/selected_30s/114/114404.mp3,True,30.014694,
data/raw/FMA/selected_30s/113/113028.mp3,True,29.988571,
data/raw/FMA/selected_30s/107/107429.mp3,True,29.988571,
data/raw/FMA/selected_30s/028/028753.mp3,True,29.988571,
data/raw/FMA/selected_30s/123/123920.mp3,True,29.988571,
data/raw/FMA/selected_30s/136/136338.mp3,True,29.988571,
data/raw/FMA/selected_30s/117/117280.mp3,True,30.014694,
data/raw/FMA/selected_30s/130/130608.mp3,True,30.014694,
data/raw/FMA/selected_30s/013/013197.mp3,True,30.014694,
data/raw/FMA/selected_30s/112/112315.mp3,True,30.014694,
data/raw/FMA/selected_30s/005/005289.mp3,True,29.988571,
data/raw/FMA/selected_30s/074/074363.mp3,True,29.988571,
data/raw/FMA/selected_30s/003/003988.mp3,True,29.988571,
data/raw/FMA/selected_30s/089/089814.mp3,True,30.014694,
data/raw/FMA/selected_30s/143/143051.mp3,True,30.014694,
data/raw/FMA/selected_30s/113/113021.mp3,True,30.014694,
data/raw/FMA/selected_30s/147/147380.mp3,True,29.988571,
data/raw/FMA/selected_30s/071/071505.mp3,True,30.014694,
data/raw/FMA/selected_30s/118/118055.mp3,True,29.988571,
data/raw/FMA/selected_30s/145/145916.mp3,True,29.988571,
data/raw/FMA/selected_30s/154/154926.mp3,True,30.014694,
data/raw/FMA/selected_30s/150/150311.mp3,True,30.014694,
data/raw/FMA/selected_30s/003/003976.mp3,True,29.988571,
data/raw/FMA/selected_30s/108/108855.mp3,True,30.014694,
data/raw/FMA/selected_30s/135/135341.mp3,True,29.988571,
data/raw/FMA/selected_30s/003/003966.mp3,True,29.988571,
data/raw/FMA/selected_30s/003/003857.mp3,True,29.988571,
data/raw/FMA/selected_30s/060/060834.mp3,True,30.014694,
data/raw/FMA/selected_30s/127/127296.mp3,True,30.014694,
data/raw/FMA/selected_30s/131/131164.mp3,True,29.988571,
data/raw/FMA/selected_30s/140/140324.mp3,True,30.014694,
data/raw/FMA/selected_30s/145/145801.mp3,True,29.988571,
data/raw/FMA/selected_30s/152/152326.mp3,True,29.988571,
data/raw/FMA/selected_30s/022/022473.mp3,True,30.014694,
data/raw/FMA/selected_30s/149/149695.mp3,True,29.988571,
data/raw/FMA/selected_30s/149/149414.mp3,True,30.014694,
data/raw/FMA/selected_30s/132/132442.mp3,True,30.014694,
data/raw/FMA/selected_30s/094/094342.mp3,True,30.014694,
data/raw/FMA/selected_30s/106/106336.mp3,True,30.014694,
data/raw/FMA/selected_30s/131/131168.mp3,True,29.988571,
data/raw/FMA/selected_30s/036/036708.mp3,True,29.988571,
data/raw/FMA/selected_30s/121/121722.mp3,True,29.988571,
data/raw/FMA/selected_30s/004/004385.mp3,True,29.988571,
data/raw/FMA/selected_30s/127/127558.mp3,True,29.988571,
data/raw/FMA/selected_30s/147/147303.mp3,True,29.988571,
data/raw/FMA/selected_30s/135/135370.mp3,True,30.014694,
data/raw/FMA/selected_30s/135/135209.mp3,True,30.014694,
data/raw/FMA/selected_30s/067/067162.mp3,True,30.014694,
data/raw/FMA/selected_30s/127/127295.mp3,True,30.014694,
data/raw/FMA/selected_30s/141/141892.mp3,True,29.988571,
data/raw/FMA/selected_30s/141/141877.mp3,True,29.988571,
data/raw/FMA/selected_30s/003/003961.mp3,True,30.014694,
data/raw/FMA/selected_30s/003/003959.mp3,True,29.988571,
data/raw/FMA/selected_30s/005/005148.mp3,True,29.988571,
data/raw/FMA/selected_30s/003/003962.mp3,True,29.988571,
data/raw/FMA/selected_30s/107/107616.mp3,True,29.988571,
data/raw/FMA/selected_30s/135/135339.mp3,True,29.988571,
data/raw/FMA/selected_30s/028/028763.mp3,True,29.988571,
data/raw/FMA/selected_30s/024/024925.mp3,True,29.988571,
data/raw/FMA/selected_30s/033/033630.mp3,True,29.988571,
data/raw/FMA/selected_30s/129/129968.mp3,True,29.988571,
data/raw/FMA/selected_30s/149/149413.mp3,True,29.988571,
data/raw/FMA/selected_30s/154/154920.mp3,True,30.014694,
data/raw/FMA/selected_30s/091/091160.mp3,True,30.014694,
data/raw/FMA/selected_30s/123/123918.mp3,True,30.014694,
data/raw/FMA/selected_30s/107/107435.mp3,True,30.014694,
data/raw/FMA/selected_30s/022/022474.mp3,True,30.014694,
data/raw/FMA/selected_30s/004/004383.mp3,True,29.988571,
data/raw/FMA/selected_30s/147/147416.mp3,True,29.988571,
data/raw/FMA/selected_30s/042/042772.mp3,True,30.014694,
data/raw/FMA/selected_30s/023/023573.mp3,True,29.988571,
data/raw/FMA/selected_30s/116/116881.mp3,True,29.988571,
data/raw/FMA/selected_30s/135/135340.mp3,True,30.014694,
data/raw/FMA/selected_30s/024/024921.mp3,True,29.988571,
data/raw/FMA/selected_30s/122/122680.mp3,True,29.988571,
data/raw/FMA/selected_30s/042/042787.mp3,True,29.988571,
data/raw/FMA/selected_30s/107/107617.mp3,True,30.014694,
data/raw/FMA/selected_30s/127/127300.mp3,True,29.988571,
data/raw/FMA/selected_30s/001/001382.mp3,True,29.988571,
data/raw/FMA/selected_30s/033/033629.mp3,True,30.014694,
data/raw/FMA/selected_30s/003/003971.mp3,True,29.988571,
data/raw/FMA/selected_30s/136/136017.mp3,True,30.014694,
data/raw/FMA/selected_30s/058/058483.mp3,True,30.014694,
data/raw/FMA/selected_30s/113/113022.mp3,True,29.988571,
data/raw/FMA/selected_30s/147/147299.mp3,True,30.014694,
data/raw/FMA/selected_30s/005/005285.mp3,True,29.988571,
data/raw/FMA/selected_30s/132/132445.mp3,True,30.014694,
data/raw/FMA/selected_30s/129/129962.mp3,True,29.988571,
data/raw/FMA/selected_30s/107/107483.mp3,True,30.014694,
data/raw/FMA/selected_30s/136/136016.mp3,True,29.988571,
data/raw/FMA/selected_30s/149/149488.mp3,True,30.014694,
data/raw/FMA/selected_30s/147/147377.mp3,True,29.988571,
data/raw/FMA/selected_30s/148/148802.mp3,True,29.988571,
data/raw/FMA/selected_30s/127/127298.mp3,True,30.014694,
data/raw/FMA/selected_30s/022/022479.mp3,True,29.988571,
data/raw/FMA/selected_30s/149/149755.mp3,True,30.014694,
data/raw/FMA/selected_30s/129/129972.mp3,True,30.014694,
data/raw/FMA/selected_30s/149/149416.mp3,True,29.988571,
data/raw/FMA/selected_30s/036/036707.mp3,True,30.014694,
data/raw/FMA/selected_30s/022/022477.mp3,True,30.014694,
data/raw/FMA/selected_30s/129/129265.mp3,True,29.988571,
data/raw/FMA/selected_30s/140/140922.mp3,True,29.988571,
data/raw/FMA/selected_30s/113/113660.mp3,True,30.014694,
data/raw/FMA/selected_30s/091/091162.mp3,True,29.988571,
data/raw/FMA/selected_30s/003/003974.mp3,True,29.988571,
data/raw/FMA/selected_30s/022/022476.mp3,True,29.988571,
data/raw/FMA/selected_30s/068/068666.mp3,True,29.988571,
data/raw/FMA/selected_30s/036/036706.mp3,True,29.988571,
data/raw/FMA/selected_30s/006/006792.mp3,True,29.988571,
data/raw/FMA/selected_30s/127/127301.mp3,True,29.988571,
data/raw/FMA/selected_30s/006/006789.mp3,True,30.014694,
data/raw/FMA/selected_30s/075/075787.mp3,True,30.014694,
data/raw/FMA/selected_30s/072/072075.mp3,True,29.988571,
data/raw/FMA/selected_30s/042/042377.mp3,True,29.988571,
data/raw/FMA/selected_30s/071/071512.mp3,True,29.988571,
data/raw/FMA/selected_30s/006/006791.mp3,True,29.988571,
data/raw/FMA/selected_30s/026/026730.mp3,True,30.014694,
data/raw/FMA/selected_30s/113/113017.mp3,True,29.988571,
data/raw/FMA/selected_30s/024/024922.mp3,True,29.988571,
data/raw/FMA/selected_30s/031/031561.mp3,True,30.014694,
data/raw/FMA/selected_30s/142/142080.mp3,True,30.014694,
data/raw/FMA/selected_30s/142/142081.mp3,True,29.988571,
data/raw/FMA/selected_30s/115/115814.mp3,True,29.988571,
data/raw/FMA/selected_30s/140/140344.mp3,True,30.014694,
data/raw/FMA/selected_30s/022/022457.mp3,True,30.014694,
data/raw/FMA/selected_30s/022/022475.mp3,True,30.014694,
data/raw/FMA/selected_30s/131/131160.mp3,True,29.988571,
data/raw/FMA/selected_30s/042/042372.mp3,True,30.014694,
data/raw/FMA/selected_30s/135/135342.mp3,True,29.988571,
data/raw/FMA/selected_30s/145/145803.mp3,True,29.988571,
data/raw/FMA/selected_30s/024/024919.mp3,True,30.014694,
data/raw/FMA/selected_30s/113/113020.mp3,True,30.014694,
data/raw/FMA/selected_30s/117/117288.mp3,True,29.988571,
data/raw/FMA/selected_30s/006/006796.mp3,True,29.988571,
data/raw/FMA/selected_30s/064/064331.mp3,True,29.988571,
data/raw/FMA/selected_30s/121/121253.mp3,True,29.988571,
data/raw/FMA/selected_30s/149/149406.mp3,True,29.988571,
data/raw/FMA/selected_30s/121/121726.mp3,True,29.988571,
data/raw/FMA/selected_30s/061/061493.mp3,True,29.988571,
data/raw/FMA/selected_30s/132/132443.mp3,True,30.014694,
data/raw/FMA/selected_30s/149/149405.mp3,True,30.014694,
data/raw/FMA/selected_30s/130/130403.mp3,True,30.014694,
data/raw/FMA/selected_30s/143/143055.mp3,True,30.014694,
data/raw/FMA/selected_30s/115/115761.mp3,True,30.014694,
data/raw/FMA/selected_30s/091/091164.mp3,True,30.014694,
data/raw/FMA/selected_30s/112/112373.mp3,True,29.988571,
data/raw/FMA/selected_30s/127/127302.mp3,True,29.988571,
data/raw/FMA/selected_30s/094/094338.mp3,True,30.014694,
data/raw/FMA/selected_30s/131/131965.mp3,True,29.988571,
data/raw/FMA/selected_30s/145/145918.mp3,True,30.014694,
data/raw/FMA/selected_30s/091/091622.mp3,True,29.988571,
data/raw/FMA/selected_30s/126/126300.mp3,True,29.988571,
data/raw/FMA/selected_30s/131/131122.mp3,True,30.014694,
data/raw/FMA/selected_30s/087/087842.mp3,True,29.988571,
data/raw/FMA/selected_30s/140/140925.mp3,True,30.014694,
data/raw/FMA/selected_30s/148/148889.mp3,True,30.014694,
data/raw/FMA/selected_30s/006/006790.mp3,True,29.988571,
data/raw/FMA/selected_30s/006/006793.mp3,True,29.988571,
data/raw/FMA/selected_30s/126/126294.mp3,True,29.988571,
data/raw/FMA/selected_30s/118/118053.mp3,True,30.014694,
data/raw/FMA/selected_30s/033/033601.mp3,True,29.988571,
data/raw/FMA/selected_30s/135/135336.mp3,True,29.988571,
data/raw/FMA/selected_30s/028/028756.mp3,True,29.988571,
data/raw/FMA/selected_30s/127/127303.mp3,True,30.014694,
data/raw/FMA/selected_30s/113/113024.mp3,True,29.988571,
data/raw/FMA/selected_30s/022/022478.mp3,True,30.014694,
data/raw/FMA/selected_30s/129/129969.mp3,True,30.014694,
data/raw/FMA/selected_30s/037/037147.mp3,True,29.988571,
data/raw/FMA/selected_30s/113/113026.mp3,True,29.988571,
data/raw/FMA/selected_30s/113/113016.mp3,True,29.988571,
data/raw/FMA/selected_30s/006/006795.mp3,True,29.988571,
data/raw/FMA/selected_30s/005/005287.mp3,True,30.014694,
data/raw/FMA/selected_30s/045/045101.mp3,True,29.988571,
data/raw/FMA/selected_30s/148/148804.mp3,True,29.988571,
data/raw/FMA/selected_30s/145/145818.mp3,True,30.014694,
data/raw/FMA/selected_30s/147/147951.mp3,True,30.014694,
data/raw/FMA/selected_30s/132/132439.mp3,True,30.014694,
data/raw/FMA/selected_30s/143/143129.mp3,True,29.988571,
data/raw/FMA/selected_30s/003/003963.mp3,True,30.014694,
data/raw/FMA/selected_30s/033/033594.mp3,True,30.014694,
data/raw/FMA/selected_30s/116/116878.mp3,True,30.014694,
data/raw/FMA/selected_30s/031/031566.mp3,True,30.014694,
data/raw/FMA/selected_30s/102/102190.mp3,True,29.988571,
data/raw/FMA/selected_30s/033/033625.mp3,True,30.014694,
data/raw/FMA/selected_30s/052/052649.mp3,True,29.988571,
data/raw/FMA/selected_30s/015/015770.mp3,True,29.988571,
data/raw/FMA/selected_30s/091/091157.mp3,True,29.988571,
data/raw/FMA/selected_30s/135/135338.mp3,True,30.014694,
data/raw/FMA/selected_30s/129/129262.mp3,True,29.988571,
data/raw/FMA/selected_30s/071/071821.mp3,True,29.988571,
data/raw/FMA/selected_30s/145/145607.mp3,True,30.014694,
data/raw/FMA/selected_30s/135/135337.mp3,True,30.014694,
data/raw/FMA/selected_30s/015/015769.mp3,True,29.988571,
data/raw/FMA/selected_30s/071/071801.mp3,True,30.014694,
data/raw/FMA/selected_30s/131/131178.mp3,True,29.988571,
data/raw/FMA/selected_30s/127/127297.mp3,True,29.988571,
data/raw/FMA/selected_30s/113/113027.mp3,True,30.014694,
data/raw/FMA/selected_30s/091/091159.mp3,True,30.014694,
data/raw/FMA/selected_30s/091/091161.mp3,True,30.014694,
data/raw/FMA/selected_30s/022/022481.mp3,True,29.988571,
data/raw/FMA/selected_30s/141/141617.mp3,True,30.014694,
data/raw/FMA/selected_30s/071/071807.mp3,True,29.988571,
data/raw/FMA/selected_30s/028/028752.mp3,True,29.988571,
data/raw/FMA/selected_30s/113/113023.mp3,True,29.988571,
data/raw/FMA/selected_30s/117/117282.mp3,True,29.988571,
data/raw/FMA/selected_30s/097/097023.mp3,True,29.988571,
data/raw/FMA/selected_30s/089/089816.mp3,True,29.988571,
data/raw/FMA/selected_30s/052/052650.mp3,True,30.014694,
data/raw/FMA/selected_30s/143/143126.mp3,True,29.988571,
data/raw/FMA/selected_30s/003/003836.mp3,True,30.014694,
data/raw/FMA/selected_30s/147/147709.mp3,True,29.988571,
data/raw/FMA/selected_30s/113/113018.mp3,True,30.014694,
data/raw/FMA/selected_30s/143/143059.mp3,True,29.988571,
data/raw/FMA/selected_30s/107/107613.mp3,True,29.988571,
data/raw/FMA/selected_30s/060/060833.mp3,True,30.014694,
data/raw/FMA/selected_30s/039/039607.mp3,True,29.988571,
data/raw/FMA/selected_30s/140/140149.mp3,True,30.014694,
data/raw/FMA/selected_30s/052/052628.mp3,True,29.988571,
data/raw/FMA/selected_30s/072/072070.mp3,True,29.988571,
data/raw/FMA/selected_30s/121/121769.mp3,True,29.988571,
data/raw/FMA/selected_30s/126/126296.mp3,True,29.988571,
data/raw/FMA/selected_30s/042/042770.mp3,True,29.988571,
data/raw/FMA/selected_30s/004/004389.mp3,True,29.988571,
data/raw/FMA/selected_30s/086/086634.mp3,True,29.988571,
data/raw/FMA/selected_30s/005/005149.mp3,True,29.988571,
data/raw/FMA/selected_30s/003/003984.mp3,True,29.988571,
data/raw/FMA/selected_30s/118/118921.mp3,True,30.014694,
data/raw/FMA/selected_30s/004/004701.mp3,True,30.014694,
data/raw/FMA/selected_30s/033/033595.mp3,True,29.988571,
data/raw/FMA/selected_30s/004/004384.mp3,True,30.014694,
data/raw/FMA/selected_30s/003/003936.mp3,True,29.988571,
data/raw/FMA/selected_30s/113/113529.mp3,True,30.014694,
data/raw/FMA/selected_30s/113/113524.mp3,True,29.988571,
data/raw/FMA/selected_30s/006/006777.mp3,True,29.988571,
data/raw/FMA/selected_30s/127/127299.mp3,True,30.014694,
data/raw/FMA/selected_30s/149/149711.mp3,True,30.014694,
data/raw/FMA/selected_30s/063/063082.mp3,True,30.014694,
data/raw/FMA/selected_30s/091/091163.mp3,True,29.988571,
data/raw/FMA/selected_30s/130/130137.mp3,True,29.988571,
data/raw/FMA/selected_30s/072/072073.mp3,True,29.988571,
data/raw/FMA/selected_30s/021/021999.mp3,True,29.988571,
data/raw/FMA/selected_30s/021/021996.mp3,True,29.988571,
data/raw/FMA/selected_30s/021/021998.mp3,True,30.014694,
data/raw/FMA/selected_30s/022/022000.mp3,True,29.988571,
data/raw/FMA/selected_30s/026/026231.mp3,True,29.988571,
data/raw/FMA/selected_30s/040/040485.mp3,True,29.988571,
data/raw/FMA/selected_30s/022/022001.mp3,True,30.014694,
data/raw/FMA/selected_30s/021/021997.mp3,True,29.988571,
data/raw/FMA/selected_30s/114/114545.mp3,True,30.0,
data/raw/FMA/selected_30s/012/012121.mp3,True,29.988571,
data/raw/FMA/selected_30s/021/021995.mp3,True,29.988571,
data/raw/FMA/selected_30s/102/102183.mp3,True,30.014694,
data/raw/FMA/selected_30s/098/098077.mp3,True,30.014694,
data/raw/FMA/selected_30s/102/102188.mp3,True,29.988571,
data/raw/FMA/selected_30s/102/102179.mp3,True,30.014694,
data/raw/Echoes/Echoes/TTA/acestep/10000_People_Chanting_Im_an_Individual_Nihilore_acestep_TTA_001.mp3,True,45.696979,
data/raw/Echoes/Echoes/TTA/acestep/1984_Punk_Rock_Opera_acestep_TTA_001.mp3,True,54.799104,
data/raw/Echoes/Echoes/TTA/acestep/2Much_Andy_Spinelli_Alex_Sánchez_House_Edit_Tentacles_acestep_TTA_001.mp3,True,80.712979,
data/raw/Echoes/Echoes/TTA/acestep/2_Wasnt_There_Isle_of_Pine_acestep_TTA_001.mp3,True,86.74975,
data/raw/Echoes/Echoes/TTA/acestep/3_am_West_End_statusq_acestep_TTA_001.mp3,True,80.898333,
data/raw/Echoes/Echoes/TTA/acestep/50000_Volts_of_Democracy_mp3_Legally_Blind_acestep_TTA_001.mp3,True,91.300875,
data/raw/Echoes/Echoes/TTA/acestep/5_Lexington_Isle_of_Pine_acestep_TTA_001.mp3,True,49.319188,
data/raw/Echoes/Echoes/TTA/acestep/6_Coat_of_Arms_Close_Isle_of_Pine_acestep_TTA_001.mp3,True,91.022229,
data/raw/Echoes/Echoes/TTA/acestep/Acoustic_Unleashed_Remain_acestep_TTA_001.mp3,True,97.059417,
data/raw/Echoes/Echoes/TTA/acestep/Ad_Astra_P_C_III_acestep_TTA_001.mp3,True,97.430938,
data/raw/Echoes/Echoes/TTA/acestep/Agora_Malaventura_acestep_TTA_001.mp3,True,83.406083,
data/raw/Echoes/Echoes/TTA/acestep/All_of_Us_Eric_Skiff_acestep_TTA_001.mp3,True,54.148938,
data/raw/Echoes/Echoes/TTA/acestep/Ancient_Whispers_I_P_C_III_acestep_TTA_001.mp3,True,84.242,
data/raw/Echoes/Echoes/TTA/acestep/And_Over_The_Rainbows_milky-chu_acestep_TTA_001.mp3,True,59.443083,
data/raw/Echoes/Echoes/TTA/acestep/Apparitions_Under_Glass_Sarin_acestep_TTA_001.mp3,True,45.882646,
data/raw/Echoes/Echoes/TTA/acestep/Aquamarine_My_Distant_Blue_Nihilore_acestep_TTA_001.mp3,True,96.780771,
data/raw/Echoes/Echoes/TTA/acestep/Artificial_anxiety_Michett_acestep_TTA_001.mp3,True,42.910479,
data/raw/Echoes/Echoes/TTA/acestep/As_Nihilism_Gives_Way_To_Existentialism_Nihilore_acestep_TTA_001.mp3,True,54.613333,
data/raw/Echoes/Echoes/TTA/acestep/Attention_Pete_Prodoehl_acestep_TTA_001.mp3,True,89.536146,
data/raw/Echoes/Echoes/TTA/acestep/Authenticity_Nihilore_acestep_TTA_001.mp3,True,56.563813,
data/raw/Echoes/Echoes/TTA/acestep/Autobahn_S-B-J_acestep_TTA_001.mp3,True,38.916646,
data/raw/Echoes/Echoes/TTA/acestep/Autopsy_Oh_Yeah_the_Future_acestep_TTA_001.mp3,True,91.300875,
data/raw/Echoes/Echoes/TTA/acestep/A_Dark_Blue_Arc_Pipe_Choir_acestep_TTA_001.mp3,True,79.783771,
data/raw/Echoes/Echoes/TTA/acestep/A_Different_World_By_Night_Nihilore_acestep_TTA_001.mp3,True,66.594833,
data/raw/Echoes/Echoes/TTA/acestep/A_Lady_In_Red_With_A_Plan_To_Steal_Did_You_Just_Hex_Me_acestep_TTA_001.mp3,True,62.601,
data/raw/Echoes/Echoes/TTA/acestep/Bergwald_Bergwald_Every_Now_and_Every_Then_acestep_TTA_001.mp3,True,35.665854,
data/raw/Echoes/Echoes/TTA/acestep/Better_Run_Away_From_Me_Miss_Derringer_acestep_TTA_001.mp3,True,39.845458,
data/raw/Echoes/Echoes/TTA/acestep/Beyond_Luxury_Mors_Ontologica_acestep_TTA_001.mp3,True,38.638021,
data/raw/Echoes/Echoes/TTA/acestep/Bizzy_The_Tleilaxu_Music_Machine_acestep_TTA_001.mp3,True,30.000979,
data/raw/Echoes/Echoes/TTA/acestep/Black_Panda_The_Crypts_acestep_TTA_001.mp3,True,75.789938,
data/raw/Echoes/Echoes/TTA/acestep/Breathe_New_Life_Scott_Holmes_acestep_TTA_001.mp3,True,96.873646,
data/raw/Echoes/Echoes/TTA/acestep/Breeze_Funk_Malaventura_acestep_TTA_001.mp3,True,96.966542,
data/raw/Echoes/Echoes/TTA/acestep/Burn_Room_For_A_Ghost_acestep_TTA_001.mp3,True,50.712979,
data/raw/Echoes/Echoes/TTA/acestep/Busby_Berkeley_Ergo_Phizmiz_acestep_TTA_001.mp3,True,96.687896,
data/raw/Echoes/Echoes/TTA/acestep/Cassie_Lace_The_Zombie_Dandies_acestep_TTA_001.mp3,True,75.604188,
data/raw/Echoes/Echoes/TTA/acestep/Celia_Ergo_Phizmiz_acestep_TTA_001.mp3,True,70.867313,
data/raw/Echoes/Echoes/TTA/acestep/Clay_Heart_Nihilore_acestep_TTA_001.mp3,True,82.012896,
data/raw/Echoes/Echoes/TTA/acestep/Cloudy_Subway_Sonicbeat_acestep_TTA_001.mp3,True,59.164458,
data/raw/Echoes/Echoes/TTA/acestep/Cold_Chains_Rolemusic_acestep_TTA_001.mp3,True,73.003542,
data/raw/Echoes/Echoes/TTA/acestep/Coliidae_K.D._Expression_acestep_TTA_001.mp3,True,99.009896,
data/raw/Echoes/Echoes/TTA/acestep/Colossal_Stillness_Scott_Holmes_acestep_TTA_001.mp3,True,74.861146,
data/raw/Echoes/Echoes/TTA/acestep/Convicted_Jazz_Drones_Malaventura_acestep_TTA_001.mp3,True,45.418229,
data/raw/Echoes/Echoes/TTA/acestep/CopperNickle_UncleBibby_acestep_TTA_001.mp3,True,79.876646,
data/raw/Echoes/Echoes/TTA/acestep/Crossing_Los_Llamarada_acestep_TTA_001.mp3,True,56.749583,
data/raw/Echoes/Echoes/TTA/acestep/Dance_Harder_Three_Chain_Links_acestep_TTA_001.mp3,True,48.947667,
data/raw/Echoes/Echoes/TTA/acestep/Dance_of_the_Martians_SynthStep_Edit_Maxim_Kornyshev_acestep_TTA_001.mp3,True,86.006729,
data/raw/Echoes/Echoes/TTA/acestep/danse_macabre_Katapulto_acestep_TTA_001.mp3,True,89.721917,
data/raw/Echoes/Echoes/TTA/acestep/Daylight_Savings_My_brother_Daniel_acestep_TTA_001.mp3,True,52.662875,
data/raw/Echoes/Echoes/TTA/acestep/Demolition_Michett_acestep_TTA_001.mp3,True,41.795938,
data/raw/Echoes/Echoes/TTA/acestep/Different_Day_First_acestep_TTA_001.mp3,True,55.170625,
data/raw/Echoes/Echoes/TTA/acestep/Digital_Lightning_Cloudkicker_acestep_TTA_001.mp3,True,52.105583,
data/raw/Echoes/Echoes/TTA/acestep/Dont_want_to_be_your_man_Frigg_A_Go_Go_F.A.G.G._acestep_TTA_001.mp3,True,78.947854,
data/raw/Echoes/Echoes/TTA/acestep/Dreams_ENDRUDARK_acestep_TTA_001.mp3,True,86.378229,
data/raw/Echoes/Echoes/TTA/acestep/Dr._Bodysnatcher_Modey_Lemon_acestep_TTA_001.mp3,True,61.486438,
data/raw/Echoes/Echoes/TTA/acestep/Dr_Deimos-Scribble_Mizukis_Last_ChanceDr_Deimos_acestep_TTA_001.mp3,True,94.644542,
data/raw/Echoes/Echoes/TTA/acestep/Edge_Mystery_Mammal_acestep_TTA_001.mp3,True,49.226313,
data/raw/Echoes/Echoes/TTA/acestep/Electric_Girlfriend_The_Zombie_Dandies_acestep_TTA_001.mp3,True,81.084083,
data/raw/Echoes/Echoes/TTA/acestep/El_Burrito_Malaventura_acestep_TTA_001.mp3,True,60.000979,
data/raw/Echoes/Echoes/TTA/acestep/Empower_Thee_vargero_acestep_TTA_001.mp3,True,52.012708,
data/raw/Echoes/Echoes/TTA/acestep/Empty_Pockets_Pete_Prodoehl_acestep_TTA_001.mp3,True,49.319188,
data/raw/Echoes/Echoes/TTA/acestep/Endless_The_Birth_and_Death_of_Silence_acestep_TTA_001.mp3,True,70.402917,
data/raw/Echoes/Echoes/TTA/acestep/End_of_the_Line_H-LR_acestep_TTA_001.mp3,True,39.938333,
data/raw/Echoes/Echoes/TTA/acestep/End_titles_Itsensäsyöjät_acestep_TTA_001.mp3,True,30.093063,
data/raw/Echoes/Echoes/TTA/acestep/Enemy_Modey_Lemon_acestep_TTA_001.mp3,True,75.139771,
data/raw/Echoes/Echoes/TTA/acestep/Enthalpy_Rolemusic_acestep_TTA_001.mp3,True,52.198458,
data/raw/Echoes/Echoes/TTA/acestep/Evil_Cannot_Create_Caleb_Lemond_acestep_TTA_001.mp3,True,86.74975,
data/raw/Echoes/Echoes/TTA/acestep/Eyes_Getting_Louder_Mod_Fun_acestep_TTA_001.mp3,True,84.427771,
data/raw/Echoes/Echoes/TTA/acestep/Fear_Los_Fancy_Free_acestep_TTA_001.mp3,True,85.356563,
data/raw/Echoes/Echoes/TTA/acestep/Fifth_Ramble_-_From_the_album_Keith_RSVP007_My_brother_Daniel_acestep_TTA_001.mp3,True,69.659875,
data/raw/Echoes/Echoes/TTA/acestep/First_Glance_Oh_Yeah_the_Future_acestep_TTA_001.mp3,True,43.839292,
data/raw/Echoes/Echoes/TTA/acestep/Five_40_DerbySlow_Whistle_The_Crypts_acestep_TTA_001.mp3,True,36.316021,
data/raw/Echoes/Echoes/TTA/acestep/Flashback_Seclorance_acestep_TTA_001.mp3,True,69.381229,
data/raw/Echoes/Echoes/TTA/acestep/Fleslit_Fleslit_acestep_TTA_001.mp3,True,82.291521,
data/raw/Echoes/Echoes/TTA/acestep/Fly_2_Andre_Jetson_acestep_TTA_001.mp3,True,93.71575,
data/raw/Echoes/Echoes/TTA/acestep/Food_and_War_Ergo_Phizmiz_acestep_TTA_001.mp3,True,61.579333,
data/raw/Echoes/Echoes/TTA/acestep/Forest_Silence_Serpentarivm_acestep_TTA_001.mp3,True,32.879458,
data/raw/Echoes/Echoes/TTA/acestep/Formic_Acid_for_Blood_Punk_Rock_Opera_acestep_TTA_001.mp3,True,60.371896,
data/raw/Echoes/Echoes/TTA/acestep/Four_and_a_Half_Tatami_Nihilore_acestep_TTA_001.mp3,True,34.922813,
data/raw/Echoes/Echoes/TTA/acestep/Fridge_Railkid_Station_acestep_TTA_001.mp3,True,87.399917,
data/raw/Echoes/Echoes/TTA/acestep/Fuckaboing_RoccoW_acestep_TTA_001.mp3,True,56.749583,
data/raw/Echoes/Echoes/TTA/acestep/Gila_Monster_FlopMusic_History_LessonThe_Sonics_The_Crypts_acestep_TTA_001.mp3,True,70.960188,
data/raw/Echoes/Echoes/TTA/acestep/Gloomy_Sunday_AmortE_acestep_TTA_001.mp3,True,41.331521,
data/raw/Echoes/Echoes/TTA/acestep/gospellioza_Katapulto_acestep_TTA_001.mp3,True,80.619688,
data/raw/Echoes/Echoes/TTA/acestep/Go_On_Then_Jim_Rooster_acestep_TTA_001.mp3,True,71.053063,
data/raw/Echoes/Echoes/TTA/acestep/Hahaha_The_Moi_Non_Plus_acestep_TTA_001.mp3,True,89.443271,
data/raw/Echoes/Echoes/TTA/acestep/Half_a_Doubt_Droopies_acestep_TTA_001.mp3,True,62.043729,
data/raw/Echoes/Echoes/TTA/acestep/Hammer_and_a_Nail_Vienna_Ditto_acestep_TTA_001.mp3,True,44.210792,
data/raw/Echoes/Echoes/TTA/acestep/Happy_Lamprey_acestep_TTA_001.mp3,True,68.916833,
data/raw/Echoes/Echoes/TTA/acestep/Head_of_Ancante_Talking_Tree_Akchamel_The_Giver_of_Illness_acestep_TTA_001.mp3,True,70.867313,
data/raw/Echoes/Echoes/TTA/acestep/Hisko_Detria_Hisko_Detria_acestep_TTA_001.mp3,True,67.709396,
data/raw/Echoes/Echoes/TTA/acestep/Hungry_Oh_Yeah_the_Future_acestep_TTA_001.mp3,True,34.644188,
data/raw/Echoes/Echoes/TTA/acestep/If_Youre_Ther_Nicola_Ratti_acestep_TTA_001.mp3,True,43.839292,
data/raw/Echoes/Echoes/TTA/acestep/Improvisation_Broken_Chord_acestep_TTA_001.mp3,True,77.461771,
data/raw/Echoes/Echoes/TTA/acestep/Infinite_Light_Pipe_Choir_acestep_TTA_001.mp3,True,52.477104,
data/raw/Echoes/Echoes/TTA/acestep/Insectlaration_of_Independence_Punk_Rock_Opera_acestep_TTA_001.mp3,True,81.92,
data/raw/Echoes/Echoes/TTA/acestep/Introduction_beats_Itsensäsyöjät_acestep_TTA_001.mp3,True,39.102417,
data/raw/Echoes/Echoes/TTA/acestep/Invaders_From_Within_Monroeville_Music_Center_acestep_TTA_001.mp3,True,46.532792,
data/raw/Echoes/Echoes/TTA/acestep/It_Cant_Be_Bargained_With_Three_Chain_Links_acestep_TTA_001.mp3,True,69.938521,
data/raw/Echoes/Echoes/TTA/acestep/I_Can_See_Everything_Mod_Fun_acestep_TTA_001.mp3,True,74.39675,
data/raw/Echoes/Echoes/TTA/acestep/I_Close_My_Eyes_Miss_Derringer_acestep_TTA_001.mp3,True,68.266667,
data/raw/Echoes/Echoes/TTA/acestep/I_Dream_So_Vividly_Uninhabitable_Mansions_acestep_TTA_001.mp3,True,84.334875,
data/raw/Echoes/Echoes/TTA/acestep/I_Fell_Mod_Fun_acestep_TTA_001.mp3,True,90.929354,
data/raw/Echoes/Echoes/TTA/acestep/I_Inflammator_acestep_TTA_001.mp3,True,83.591854,
data/raw/Echoes/Echoes/TTA/acestep/I_Know_His_Blood_Vienna_Ditto_acestep_TTA_001.mp3,True,52.9415,
data/raw/Echoes/Echoes/TTA/acestep/Im_gonna_try_to_reach_Los_Llamarada_acestep_TTA_001.mp3,True,85.449438,
data/raw/Echoes/Echoes/TTA/acestep/I_Nocturnal_Mayhem_acestep_TTA_001.mp3,True,90.743583,
data/raw/Echoes/Echoes/TTA/acestep/I_Think_From_Now_On_Caleb_Lemond_acestep_TTA_001.mp3,True,84.613521,
data/raw/Echoes/Echoes/TTA/acestep/Jangus_inspired_by_ToeJam_and_Earl_UncleBibby_acestep_TTA_001.mp3,True,37.244813,
data/raw/Echoes/Echoes/TTA/acestep/Johnny_I_Lie_The_Moi_Non_Plus_acestep_TTA_001.mp3,True,49.040542,
data/raw/Echoes/Echoes/TTA/acestep/John_the_Baby_Ergo_Phizmiz_acestep_TTA_001.mp3,True,61.022042,
data/raw/Echoes/Echoes/TTA/acestep/karaoke_megablast_Katapulto_acestep_TTA_001.mp3,True,49.969354,
data/raw/Echoes/Echoes/TTA/acestep/Key_trick_Krisa_acestep_TTA_001.mp3,True,36.873292,
data/raw/Echoes/Echoes/TTA/acestep/Killing_Bosses_Gumbel_acestep_TTA_001.mp3,True,71.888979,
data/raw/Echoes/Echoes/TTA/acestep/Kissing_Scars_Caleb_Lemond_acestep_TTA_001.mp3,True,39.009542,
data/raw/Echoes/Echoes/TTA/acestep/KISS_my_Boots_The_Zombie_Dandies_acestep_TTA_001.mp3,True,59.257333,
data/raw/Echoes/Echoes/TTA/acestep/kolorowe_wody_Katapulto_acestep_TTA_001.mp3,True,99.938688,
data/raw/Echoes/Echoes/TTA/acestep/KOMFORT_voyageurs_acestep_TTA_001.mp3,True,39.938333,
data/raw/Echoes/Echoes/TTA/acestep/Kumorizoranohajimarutokoro_Hosomi_acestep_TTA_001.mp3,True,51.734063,
data/raw/Echoes/Echoes/TTA/acestep/Lackadaisical_Oh_Yeah_the_Future_acestep_TTA_001.mp3,True,54.056063,
data/raw/Echoes/Echoes/TTA/acestep/Lady_Love_Parsley_Flakes_acestep_TTA_001.mp3,True,33.715375,
data/raw/Echoes/Echoes/TTA/acestep/Laika_NGC_1365_acestep_TTA_001.mp3,True,55.820771,
data/raw/Echoes/Echoes/TTA/acestep/La_Nina_Blanca_Vienna_Ditto_acestep_TTA_001.mp3,True,61.114938,
data/raw/Echoes/Echoes/TTA/acestep/Leaving_Here_Mod_Fun_acestep_TTA_001.mp3,True,54.056063,
data/raw/Echoes/Echoes/TTA/acestep/Lets_Start_Out_Slow_RoccoW_acestep_TTA_001.mp3,True,96.780771,
data/raw/Echoes/Echoes/TTA/acestep/Lets_the_kids_play_Malaventura_acestep_TTA_001.mp3,True,83.591854,
data/raw/Echoes/Echoes/TTA/acestep/Let_Youre_Body_Move_D_SMILEZ_acestep_TTA_001.mp3,True,51.269667,
data/raw/Echoes/Echoes/TTA/acestep/Liar_Liar_Quietly_Vienna_Ditto_acestep_TTA_001.mp3,True,60.000979,
data/raw/Echoes/Echoes/TTA/acestep/Liberation_is_not_Easy_Frigg_A_Go_Go_F.A.G.G._acestep_TTA_001.mp3,True,88.978875,
data/raw/Echoes/Echoes/TTA/acestep/Liberosis_Nihilore_acestep_TTA_001.mp3,True,78.297688,
data/raw/Echoes/Echoes/TTA/acestep/Lights_Up_Pipe_Choir_acestep_TTA_001.mp3,True,68.359563,
data/raw/Echoes/Echoes/TTA/acestep/LIQUID_SKULLS_voyageurs_acestep_TTA_001.mp3,True,48.018875,
data/raw/Echoes/Echoes/TTA/acestep/Little_Fingers_Vienna_Ditto_acestep_TTA_001.mp3,True,93.437104,
data/raw/Echoes/Echoes/TTA/acestep/Lost_In_The_Music_D-Smilez_Mix_D_SMILEZ_acestep_TTA_001.mp3,True,37.337688,
data/raw/Echoes/Echoes/TTA/acestep/Lost_Paradise_Autumn_Interlude_acestep_TTA_001.mp3,True,33.6225,
data/raw/Echoes/Echoes/TTA/acestep/Lovedreams_Oh_Yeah_the_Future_acestep_TTA_001.mp3,True,93.9015,
data/raw/Echoes/Echoes/TTA/acestep/Loved_Ones_Rowan_Box_acestep_TTA_001.mp3,True,91.115104,
data/raw/Echoes/Echoes/TTA/acestep/Love_Dream_The_Zombie_Dandies_acestep_TTA_001.mp3,True,44.210792,
data/raw/Echoes/Echoes/TTA/acestep/Larbre_Salmo_acestep_TTA_001.mp3,True,69.195479,
data/raw/Echoes/Echoes/TTA/acestep/Mandrill_Ergo_Phizmiz_acestep_TTA_001.mp3,True,35.851625,
data/raw/Echoes/Echoes/TTA/acestep/March_of_the_GPA_Mechanics_tghost_acestep_TTA_001.mp3,True,52.848979,
data/raw/Echoes/Echoes/TTA/acestep/mc_trabalenguas_Volumina_acestep_TTA_001.mp3,True,78.483458,
data/raw/Echoes/Echoes/TTA/acestep/Mettle_Pipe_Choir_acestep_TTA_001.mp3,True,95.294708,
data/raw/Echoes/Echoes/TTA/acestep/Millitary_Industrial_Complex_Punk_Rock_Opera_acestep_TTA_001.mp3,True,84.520646,
data/raw/Echoes/Echoes/TTA/acestep/Moja_Krypta_AmortE_acestep_TTA_001.mp3,True,92.694063,
data/raw/Echoes/Echoes/TTA/acestep/Monkeystage_Ergo_Phizmiz_acestep_TTA_001.mp3,True,62.972521,
data/raw/Echoes/Echoes/TTA/acestep/Moontime_The_IMG_acestep_TTA_001.mp3,True,38.2665,
data/raw/Echoes/Echoes/TTA/acestep/Morning_Bell_Nihilore_acestep_TTA_001.mp3,True,41.610167,
data/raw/Echoes/Echoes/TTA/acestep/Mosque_Sarin_acestep_TTA_001.mp3,True,93.158458,
data/raw/Echoes/Echoes/TTA/acestep/Motocross_Mania_Monroeville_Music_Center_acestep_TTA_001.mp3,True,67.616521,
data/raw/Echoes/Echoes/TTA/acestep/Mountain_Mist_Modey_Lemon_acestep_TTA_001.mp3,True,99.660042,
data/raw/Echoes/Echoes/TTA/acestep/Music_For_an_Underground_Circu_Ergo_Phizmiz_acestep_TTA_001.mp3,True,99.567167,
data/raw/Echoes/Echoes/TTA/acestep/mystery_team_2090_Jesse_Futerman_acestep_TTA_001.mp3,True,67.43075,
data/raw/Echoes/Echoes/TTA/acestep/My_Body_Is_A_Weapon_Compromise_Edit_Silence_is_full_of_birds_acestep_TTA_001.mp3,True,90.650708,
data/raw/Echoes/Echoes/TTA/acestep/Natron_Queen_AmortE_acestep_TTA_001.mp3,True,31.672021,
data/raw/Echoes/Echoes/TTA/acestep/Nature_Is_Over_Defined_Bird_Names_acestep_TTA_001.mp3,True,59.535979,
data/raw/Echoes/Echoes/TTA/acestep/New_Brave_Face_Oh_Yeah_the_Future_acestep_TTA_001.mp3,True,41.424979,
data/raw/Echoes/Echoes/TTA/acestep/New_Life_take_1_Bird_Names_acestep_TTA_001.mp3,True,36.966167,
data/raw/Echoes/Echoes/TTA/acestep/Niche_Dreams_Square_People_acestep_TTA_001.mp3,True,99.195646,
data/raw/Echoes/Echoes/TTA/acestep/Night_Drive_Decktonic_acestep_TTA_001.mp3,True,90.093438,
data/raw/Echoes/Echoes/TTA/acestep/Night_Owl_Broke_For_Free_acestep_TTA_001.mp3,True,95.294708,
data/raw/Echoes/Echoes/TTA/acestep/Noam_Chomskys_Corporate_Carbohydrate_Surprise_Quelle_Fromage_acestep_TTA_001.mp3,True,52.012708,
data/raw/Echoes/Echoes/TTA/acestep/Norweigian_Wood_II_Bird_Names_acestep_TTA_001.mp3,True,84.613521,
data/raw/Echoes/Echoes/TTA/acestep/Nose_DUSTdevils_acestep_TTA_001.mp3,True,81.455604,
data/raw/Echoes/Echoes/TTA/acestep/Nostalgia_Malaventura_acestep_TTA_001.mp3,True,94.365896,
data/raw/Echoes/Echoes/TTA/acestep/November_25_2007_Kenneth_Kirschner_acestep_TTA_001.mp3,True,69.659875,
data/raw/Echoes/Echoes/TTA/acestep/Nuo_Maisemat_Paavoharju_acestep_TTA_001.mp3,True,52.477104,
data/raw/Echoes/Echoes/TTA/acestep/Ohtli_Seclorance_acestep_TTA_001.mp3,True,46.997188,
data/raw/Echoes/Echoes/TTA/acestep/Okiirobo_Navigation_System_Henry_Homesweet_acestep_TTA_001.mp3,True,37.151938,
data/raw/Echoes/Echoes/TTA/acestep/One_Eyed_GhostThis_is_gonna_be_a_rough_show_The_Crypts_acestep_TTA_001.mp3,True,53.127271,
data/raw/Echoes/Echoes/TTA/acestep/Only_Instrumental_Broke_For_Free_acestep_TTA_001.mp3,True,81.176979,
data/raw/Echoes/Echoes/TTA/acestep/On_My_Mind_Ergo_Phizmiz_acestep_TTA_001.mp3,True,86.935521,
data/raw/Echoes/Echoes/TTA/acestep/OOOTHERSIDE_-_Liquid_Paper_Mike_B._Fort_acestep_TTA_001.mp3,True,97.988208,
data/raw/Echoes/Echoes/TTA/acestep/OOOTHERSIDE_-_This_Time_Mike_B._Fort_acestep_TTA_001.mp3,True,35.201458,
data/raw/Echoes/Echoes/TTA/acestep/OST_04_Ship_under_attack_sawsquarenoise_acestep_TTA_001.mp3,True,31.207625,
data/raw/Echoes/Echoes/TTA/acestep/Outro_Caleb_Lemond_acestep_TTA_001.mp3,True,96.40925,
data/raw/Echoes/Echoes/TTA/acestep/Paris_Fleslit_acestep_TTA_001.mp3,True,54.520458,
data/raw/Echoes/Echoes/TTA/acestep/philcollins_takes_your_hand_Katapulto_acestep_TTA_001.mp3,True,86.842646,
data/raw/Echoes/Echoes/TTA/acestep/Pista_Afuera_Epstein_acestep_TTA_001.mp3,True,66.130438,
data/raw/Echoes/Echoes/TTA/acestep/Polinesia_Malaventura_acestep_TTA_001.mp3,True,61.857958,
data/raw/Echoes/Echoes/TTA/acestep/Ponky_McFonky_My_brother_Daniel_acestep_TTA_001.mp3,True,78.854979,
data/raw/Echoes/Echoes/TTA/acestep/Production_Bird_Names_acestep_TTA_001.mp3,True,82.291521,
data/raw/Echoes/Echoes/TTA/acestep/Promo_Mix_Vocal_Edit_Luv_Dub_Mix_Pierlo_acestep_TTA_001.mp3,True,37.244813,
data/raw/Echoes/Echoes/TTA/acestep/Puertas_de_Fuego_Guerra_de_Cerdos_acestep_TTA_001.mp3,True,57.864979,
data/raw/Echoes/Echoes/TTA/acestep/purity_danger_Katapulto_acestep_TTA_001.mp3,True,68.266667,
data/raw/Echoes/Echoes/TTA/acestep/Reagan_Shut_Down_the_Asylums_Punk_Rock_Opera_acestep_TTA_001.mp3,True,84.149125,
data/raw/Echoes/Echoes/TTA/acestep/Realize_Me_Jim_Rooster_acestep_TTA_001.mp3,True,64.830125,
data/raw/Echoes/Echoes/TTA/acestep/Redlight_Room_For_A_Ghost_acestep_TTA_001.mp3,True,65.015875,
data/raw/Echoes/Echoes/TTA/acestep/Resistentialism_Nihilore_acestep_TTA_001.mp3,True,32.879458,
data/raw/Echoes/Echoes/TTA/acestep/Roach-Man_Punk_Rock_Opera_acestep_TTA_001.mp3,True,67.616521,
data/raw/Echoes/Echoes/TTA/acestep/Robocall_Legally_Blind_acestep_TTA_001.mp3,True,98.173979,
data/raw/Echoes/Echoes/TTA/acestep/Robot_Heart_Mystery_Mammal_acestep_TTA_001.mp3,True,82.105771,
data/raw/Echoes/Echoes/TTA/acestep/Roland_Garros_2048_Zoliborz_acestep_TTA_001.mp3,True,63.901333,
data/raw/Echoes/Echoes/TTA/acestep/Roller_Star_Monroeville_Music_Center_acestep_TTA_001.mp3,True,94.830292,
data/raw/Echoes/Echoes/TTA/acestep/Rolling_On_Avaren_acestep_TTA_001.mp3,True,76.9045,
data/raw/Echoes/Echoes/TTA/acestep/Roundtrip_Oh_Yeah_the_Future_acestep_TTA_001.mp3,True,31.021875,
data/raw/Echoes/Echoes/TTA/acestep/Rumble_Railkid_Station_acestep_TTA_001.mp3,True,82.570167,
data/raw/Echoes/Echoes/TTA/acestep/Running_Free_Michett_featuring_Kalipluche_acestep_TTA_001.mp3,True,67.709396,
data/raw/Echoes/Echoes/TTA/acestep/Scape_from_the_city_Rolemusic_acestep_TTA_001.mp3,True,79.690896,
data/raw/Echoes/Echoes/TTA/acestep/Scramby_Eggs_Andy_G._Cohen_acestep_TTA_001.mp3,True,71.238833,
data/raw/Echoes/Echoes/TTA/acestep/SD_Ill_Mix_H-LR_acestep_TTA_001.mp3,True,98.73125,
data/raw/Echoes/Echoes/TTA/acestep/Sea_Monster_The_Crypts_acestep_TTA_001.mp3,True,96.316375,
data/raw/Echoes/Echoes/TTA/acestep/Seppuku_Bot_Decktonic_acestep_TTA_001.mp3,True,66.873479,
data/raw/Echoes/Echoes/TTA/acestep/Set_Fire_to_Creation_Nihilore_acestep_TTA_001.mp3,True,84.427771,
data/raw/Echoes/Echoes/TTA/acestep/Sfogare_Il_Dissenso_Deiezione_HC_acestep_TTA_001.mp3,True,41.424979,
data/raw/Echoes/Echoes/TTA/acestep/Shadow_Government_Bird_Names_acestep_TTA_001.mp3,True,78.669208,
data/raw/Echoes/Echoes/TTA/acestep/Sheffield_Hall_Andy_G._Cohen_acestep_TTA_001.mp3,True,75.325542,
data/raw/Echoes/Echoes/TTA/acestep/She_Works_Tepid_Waters_Bird_Names_acestep_TTA_001.mp3,True,59.350208,
data/raw/Echoes/Echoes/TTA/acestep/Shipwrecked_Crew_Pete_Prodoehl_acestep_TTA_001.mp3,True,87.585667,
data/raw/Echoes/Echoes/TTA/acestep/shmoove_epsilon_not_acestep_TTA_001.mp3,True,72.910667,
data/raw/Echoes/Echoes/TTA/acestep/Slot_Neotnas_acestep_TTA_001.mp3,True,50.898146,
data/raw/Echoes/Echoes/TTA/acestep/Slow_and_Steady_Caleb_Lemond_acestep_TTA_001.mp3,True,39.102417,
data/raw/Echoes/Echoes/TTA/acestep/Snakefirewalking_Los_Llamarada_acestep_TTA_001.mp3,True,40.867125,
data/raw/Echoes/Echoes/TTA/acestep/Snowday_Oh_Yeah_the_Future_acestep_TTA_001.mp3,True,90.650708,
data/raw/Echoes/Echoes/TTA/acestep/Solearesbeats_Malaventura_acestep_TTA_001.mp3,True,58.142771,
data/raw/Echoes/Echoes/TTA/acestep/Something_Dirty_Ergo_Phizmiz_acestep_TTA_001.mp3,True,55.2635,
data/raw/Echoes/Echoes/TTA/acestep/some_dextromethorphan_Jeva_acestep_TTA_001.mp3,True,93.158458,
data/raw/Echoes/Echoes/TTA/acestep/Sonzis_FM_Pipe_Choir_acestep_TTA_001.mp3,True,35.665854,
data/raw/Echoes/Echoes/TTA/acestep/Soul_of_the_Demon_Zombie_Raiders_acestep_TTA_001.mp3,True,59.628854,
data/raw/Echoes/Echoes/TTA/acestep/Space_is_my_pace_Malaventura_acestep_TTA_001.mp3,True,55.542146,
data/raw/Echoes/Echoes/TTA/acestep/Spanish_BEEEYYAAACHHH_Malaventura_acestep_TTA_001.mp3,True,32.415063,
data/raw/Echoes/Echoes/TTA/acestep/Stockholm_Syndrome_People_Should_Be_More_Aware_Bird_Names_acestep_TTA_001.mp3,True,64.458604,
data/raw/Echoes/Echoes/TTA/acestep/Stranger_Frigg_A_Go_Go_F.A.G.G._acestep_TTA_001.mp3,True,50.805271,
data/raw/Echoes/Echoes/TTA/acestep/Straw_Fields_Rolemusic_acestep_TTA_001.mp3,True,83.777604,
data/raw/Echoes/Echoes/TTA/acestep/Strongbreeze_Rowan_Box_acestep_TTA_001.mp3,True,98.5455,
data/raw/Echoes/Echoes/TTA/acestep/Sturgeons_Law_Nihilore_acestep_TTA_001.mp3,True,50.991021,
data/raw/Echoes/Echoes/TTA/acestep/Stuttgart_Portrayal_acestep_TTA_001.mp3,True,93.529979,
data/raw/Echoes/Echoes/TTA/acestep/Support_Me_in_This_Moment_That_Im_About_To_Lose_Heart_Nihilore_acestep_TTA_001.mp3,True,92.601188,
data/raw/Echoes/Echoes/TTA/acestep/Take_It_All_Mod_Fun_acestep_TTA_001.mp3,True,32.879458,
data/raw/Echoes/Echoes/TTA/acestep/Take_Your_Fingers_Michael_Fakesch_acestep_TTA_001.mp3,True,94.644542,
data/raw/Echoes/Echoes/TTA/acestep/Tapes_Gumbel_acestep_TTA_001.mp3,True,45.975521,
data/raw/Echoes/Echoes/TTA/acestep/Tartu_Tähän_Hetkeen_Paavoharju_acestep_TTA_001.mp3,True,65.851792,
data/raw/Echoes/Echoes/TTA/acestep/Terve_Teille_Чокнутый_Пропеллер_acestep_TTA_001.mp3,True,78.019063,
data/raw/Echoes/Echoes/TTA/acestep/The_Adventures_Of_Roderick_Random_Maps_And_Diagrams_acestep_TTA_001.mp3,True,41.145771,
data/raw/Echoes/Echoes/TTA/acestep/The_Big_House_Jason_Shaw_acestep_TTA_001.mp3,True,54.148938,
data/raw/Echoes/Echoes/TTA/acestep/The_Boss_Multifaros_acestep_TTA_001.mp3,True,67.337875,
data/raw/Echoes/Echoes/TTA/acestep/The_Cave_of_Time_Monroeville_Music_Center_acestep_TTA_001.mp3,True,56.563813,
data/raw/Echoes/Echoes/TTA/acestep/The_Coldest_Winter_Caleb_Lemond_acestep_TTA_001.mp3,True,91.486625,
data/raw/Echoes/Echoes/TTA/acestep/The_Contract_The_IMG_acestep_TTA_001.mp3,True,41.888813,
data/raw/Echoes/Echoes/TTA/acestep/The_Courtyard_Uncle_Bibby_acestep_TTA_001.mp3,True,75.789938,
data/raw/Echoes/Echoes/TTA/acestep/The_Dawn_The_One_They_Fear_acestep_TTA_001.mp3,True,43.467771,
data/raw/Echoes/Echoes/TTA/acestep/The_Dream_and_the_Dreamer_Caleb_Lemond_acestep_TTA_001.mp3,True,80.805458,
data/raw/Echoes/Echoes/TTA/acestep/The_Factory_Multifaros_acestep_TTA_001.mp3,True,41.517292,
data/raw/Echoes/Echoes/TTA/acestep/The_Front_Yard_HarleyLikesMusic_acestep_TTA_001.mp3,True,34.086896,
data/raw/Echoes/Echoes/TTA/acestep/The_girl_just_faded_Los_Llamarada_acestep_TTA_001.mp3,True,52.569979,
data/raw/Echoes/Echoes/TTA/acestep/The_Monster_MashYa_Look_Fantastic_The_Crypts_acestep_TTA_001.mp3,True,34.737063,
data/raw/Echoes/Echoes/TTA/acestep/The_plot_Malaventura_acestep_TTA_001.mp3,True,66.687708,
data/raw/Echoes/Echoes/TTA/acestep/The_Pursuit_of_Unintentional_Humor_Oh_Yeah_the_Future_acestep_TTA_001.mp3,True,50.805271,
data/raw/Echoes/Echoes/TTA/acestep/The_Queen_Malaventura_acestep_TTA_001.mp3,True,68.731083,
data/raw/Echoes/Echoes/TTA/acestep/The_Race_Forever_Monroeville_Music_Center_acestep_TTA_001.mp3,True,71.145958,
data/raw/Echoes/Echoes/TTA/acestep/The_Reality_Machine_Monroeville_Music_Center_acestep_TTA_001.mp3,True,54.148938,
data/raw/Echoes/Echoes/TTA/acestep/The_Sandman_Ergo_Phizmiz_acestep_TTA_001.mp3,True,46.347042,
data/raw/Echoes/Echoes/TTA/acestep/The_Secret_Garden_Barbarix_acestep_TTA_001.mp3,True,98.824125,
data/raw/Echoes/Echoes/TTA/acestep/The_Stairway_WarpToken_acestep_TTA_001.mp3,True,44.768083,
data/raw/Echoes/Echoes/TTA/acestep/Three_Bird_My_brother_Daniel_acestep_TTA_001.mp3,True,90.372063,
data/raw/Echoes/Echoes/TTA/acestep/Timen_Passing_By_Jason_Shaw_acestep_TTA_001.mp3,True,73.653708,
data/raw/Echoes/Echoes/TTA/acestep/Time_Is_Love_Silence_is_full_of_birds_acestep_TTA_001.mp3,True,62.229479,
data/raw/Echoes/Echoes/TTA/acestep/Time_Up_ENDRUDARK_acestep_TTA_001.mp3,True,32.043542,
data/raw/Echoes/Echoes/TTA/acestep/Topam_Twin_Heads_acestep_TTA_001.mp3,True,82.941688,
data/raw/Echoes/Echoes/TTA/acestep/Track_04_Lightning_Bolt_acestep_TTA_001.mp3,True,90.000979,
data/raw/Echoes/Echoes/TTA/acestep/Transmit_Lamprey_acestep_TTA_001.mp3,True,91.207979,
data/raw/Echoes/Echoes/TTA/acestep/Troubles_Ive_seen_Malaventura_acestep_TTA_001.mp3,True,40.031208,
data/raw/Echoes/Echoes/TTA/acestep/TTL_Twin_Heads_acestep_TTA_001.mp3,True,47.740229,
data/raw/Echoes/Echoes/TTA/acestep/Ugh_Humans_Can_Join_Mystery_Mammal_acestep_TTA_001.mp3,True,38.45225,
data/raw/Echoes/Echoes/TTA/acestep/Ugly_Vienna_Ditto_acestep_TTA_001.mp3,True,86.656875,
data/raw/Echoes/Echoes/TTA/acestep/Understand_That_This_Is_A_Dream_-_From_the_album_Modulating_Coil_RSVP008_Forrest_James_acestep_TTA_001.mp3,True,59.443083,
data/raw/Echoes/Echoes/TTA/acestep/Unexpected_Little_Happenings_UltraCat_acestep_TTA_001.mp3,True,61.950854,
data/raw/Echoes/Echoes/TTA/acestep/Untitled_Fatal_Injection_acestep_TTA_001.mp3,True,77.276021,
data/raw/Echoes/Echoes/TTA/acestep/Vanishing_Horizon_Jason_Shaw_acestep_TTA_001.mp3,True,52.477104,
data/raw/Echoes/Echoes/TTA/acestep/Versailles_Pierce_Murphy_acestep_TTA_001.mp3,True,97.616688,
data/raw/Echoes/Echoes/TTA/acestep/Voxel_Andy_G._Cohen_acestep_TTA_001.mp3,True,32.972354,
data/raw/Echoes/Echoes/TTA/acestep/Wake_Up_The_Moi_Non_Plus_acestep_TTA_001.mp3,True,41.795938,
data/raw/Echoes/Echoes/TTA/acestep/Westside_Chillers_Little_Glass_Men_acestep_TTA_001.mp3,True,48.576979,
data/raw/Echoes/Echoes/TTA/acestep/WET_DREAMS_voyageurs_acestep_TTA_001.mp3,True,58.235646,
data/raw/Echoes/Echoes/TTA/acestep/We_Are_Canucks_David_Blair_acestep_TTA_001.mp3,True,68.080917,
data/raw/Echoes/Echoes/TTA/acestep/We_Misplaced_A_Cobra_In_the_Uninhabitable_Mansions_Uninhabitable_Mansions_acestep_TTA_001.mp3,True,67.245,
data/raw/Echoes/Echoes/TTA/acestep/We_Move_in_Waves_Modey_Lemon_acestep_TTA_001.mp3,True,53.591667,
data/raw/Echoes/Echoes/TTA/acestep/When_I_Was_Taller_Dan_Deacon_acestep_TTA_001.mp3,True,72.446271,
data/raw/Echoes/Echoes/TTA/acestep/When_Will_We_Ever_Learn_Ontayso_acestep_TTA_001.mp3,True,96.2235,
data/raw/Echoes/Echoes/TTA/acestep/Where_Is_Everything_The_Moi_Non_Plus_acestep_TTA_001.mp3,True,63.529813,
data/raw/Echoes/Echoes/TTA/acestep/Who_Loves_You_Dear_Mink_Lungs_acestep_TTA_001.mp3,True,78.483458,
data/raw/Echoes/Echoes/TTA/acestep/Windows_of_the_Skull_Alternate_Version_Sarin_acestep_TTA_001.mp3,True,55.170625,
data/raw/Echoes/Echoes/TTA/acestep/Windows_of_the_Skull_Alternate_Version_Sarin_acestep_TTA_002.mp3,True,67.616521,
data/raw/Echoes/Echoes/TTA/acestep/Wir_Werden_Gott_Japanische_Kampfhorspiele_acestep_TTA_001.mp3,True,70.031396,
data/raw/Echoes/Echoes/TTA/acestep/With_the_Summer_Oh_Yeah_the_Future_acestep_TTA_001.mp3,True,53.684542,
data/raw/Echoes/Echoes/TTA/acestep/Ynkelig_Die_Morgendammerung_Des_Valhalla_acestep_TTA_001.mp3,True,91.672396,
data/raw/Echoes/Echoes/TTA/acestep/Yoko_live_at_FoEG_Emma_Acs_acestep_TTA_001.mp3,True,97.802458,
data/raw/Echoes/Echoes/TTA/acestep/You_Are_A_Monster_Monroeville_Music_Center_acestep_TTA_001.mp3,True,91.207979,
data/raw/Echoes/Echoes/TTA/acestep/Yurtology_Michett_acestep_TTA_001.mp3,True,92.415417,
data/raw/Echoes/Echoes/TTA/acestep/zero_rhythm_dollar_boy_Katapulto_acestep_TTA_001.mp3,True,33.6225,
data/raw/Echoes/Echoes/TTA/acestep/Z-Saber_feat_Jake_Allison_Decktonic_acestep_TTA_001.mp3,True,32.043542,
data/raw/Echoes/Echoes/TTA/acestep/В_Наших_Сердцах_Чокнутый_Пропеллер_acestep_TTA_001.mp3,True,97.709583,
data/raw/Echoes/Echoes/TTA/acestep/Глазами_Детей_Чокнутый_Пропеллер_acestep_TTA_001.mp3,True,59.257333,
data/raw/Echoes/Echoes/TTA/acestep/Кортни_Лав_Чокнутый_Пропеллер_acestep_TTA_001.mp3,True,88.050083,
data/raw/Echoes/Echoes/TTA/acestep/Новый_Нью-Йорк_2_Чокнутый_Пропеллер_acestep_TTA_001.mp3,True,77.368896,
data/raw/Echoes/Echoes/TTA/audioldm/Paris_Fleslit_audioldm_TTA_001.mp3,True,30.722,
data/raw/Echoes/Echoes/TTA/audioldm/10000_People_Chanting_Im_an_Individual_Nihilore_audioldm_TTA_001.mp3,True,30.722,
data/raw/Echoes/Echoes/TTA/audioldm/Hammer_and_a_Nail_Vienna_Ditto_audioldm_TTA_001.mp3,True,30.722,
data/raw/Echoes/Echoes/TTA/audioldm/Endless_The_Birth_and_Death_of_Silence_audioldm_TTA_001.mp3,True,30.722,
data/raw/Echoes/Echoes/TTA/audioldm/The_Big_House_Jason_Shaw_audioldm_TTA_001.mp3,True,30.722,
data/raw/Echoes/Echoes/TTA/audioldm/Daylight_Savings_My_brother_Daniel_audioldm_TTA_001.mp3,True,30.722,
data/raw/Echoes/Echoes/TTA/audioldm/Three_Bird_My_brother_Daniel_audioldm_TTA_001.mp3,True,30.722,
data/raw/Echoes/Echoes/TTA/audioldm/November_25_2007_Kenneth_Kirschner_audioldm_TTA_001.mp3,True,30.722,
data/raw/Echoes/Echoes/TTA/audioldm/Robot_Heart_Mystery_Mammal_audioldm_TTA_001.mp3,True,30.722,
data/raw/Echoes/Echoes/TTA/audioldm/Take_Your_Fingers_Michael_Fakesch_audioldm_TTA_001.mp3,True,30.722,
data/raw/Echoes/Echoes/TTA/audioldm/Pista_Afuera_Epstein_audioldm_TTA_001.mp3,True,30.722,
data/raw/Echoes/Echoes/TTA/audioldm/Let_Youre_Body_Move_D_SMILEZ_audioldm_TTA_001.mp3,True,30.722,
data/raw/Echoes/Echoes/TTA/audioldm/Strongbreeze_Rowan_Box_audioldm_TTA_001.mp3,True,30.722,
data/raw/Echoes/Echoes/TTA/audioldm/Running_Free_Michett_featuring_Kalipluche_audioldm_TTA_001.mp3,True,30.722,
data/raw/Echoes/Echoes/TTA/audioldm/Acoustic_Unleashed_Remain_audioldm_TTA_001.mp3,True,30.722,
data/raw/Echoes/Echoes/TTA/audioldm/When_Will_We_Ever_Learn_Ontayso_audioldm_TTA_001.mp3,True,30.722,
data/raw/Echoes/Echoes/TTA/audioldm/The_Secret_Garden_Barbarix_audioldm_TTA_001.mp3,True,30.722,
data/raw/Echoes/Echoes/TTA/audioldm/OOOTHERSIDE_-_This_Time_Mike_B._Fort_audioldm_TTA_001.mp3,True,30.722,
data/raw/Echoes/Echoes/TTA/audioldm/Resistentialism_Nihilore_audioldm_TTA_001.mp3,True,30.722,
data/raw/Echoes/Echoes/TTA/audioldm/Timen_Passing_By_Jason_Shaw_audioldm_TTA_001.mp3,True,30.722,
data/raw/Echoes/Echoes/TTA/audioldm/Night_Drive_Decktonic_audioldm_TTA_001.mp3,True,30.722,
data/raw/Echoes/Echoes/TTA/audioldm/Fuckaboing_RoccoW_audioldm_TTA_001.mp3,True,30.722,
data/raw/Echoes/Echoes/TTA/audioldm/Ugh_Humans_Can_Join_Mystery_Mammal_audioldm_TTA_001.mp3,True,30.722,
data/raw/Echoes/Echoes/TTA/audioldm/The_Front_Yard_HarleyLikesMusic_audioldm_TTA_001.mp3,True,30.722,
data/raw/Echoes/Echoes/TTA/audioldm/Ugly_Vienna_Ditto_audioldm_TTA_001.mp3,True,30.722,
data/raw/Echoes/Echoes/TTA/audioldm/Sturgeons_Law_Nihilore_audioldm_TTA_001.mp3,True,30.722,
data/raw/Echoes/Echoes/TTA/audioldm/Improvisation_Broken_Chord_audioldm_TTA_001.mp3,True,30.722,
data/raw/Echoes/Echoes/TTA/audioldm/mystery_team_2090_Jesse_Futerman_audioldm_TTA_001.mp3,True,30.722,
data/raw/Echoes/Echoes/TTA/audioldm/Ad_Astra_P_C_III_audioldm_TTA_001.mp3,True,30.722,
data/raw/Echoes/Echoes/TTA/audioldm/Enthalpy_Rolemusic_audioldm_TTA_001.mp3,True,30.722,
data/raw/Echoes/Echoes/TTA/audioldm/Realize_Me_Jim_Rooster_audioldm_TTA_001.mp3,True,30.722,
data/raw/Echoes/Echoes/TTA/audioldm/As_Nihilism_Gives_Way_To_Existentialism_Nihilore_audioldm_TTA_001.mp3,True,30.722,
data/raw/Echoes/Echoes/TTA/audioldm/Slot_Neotnas_audioldm_TTA_001.mp3,True,30.722,
data/raw/Echoes/Echoes/TTA/audioldm/Dreams_ENDRUDARK_audioldm_TTA_001.mp3,True,30.722,
data/raw/Echoes/Echoes/TTA/audioldm/OST_04_Ship_under_attack_sawsquarenoise_audioldm_TTA_001.mp3,True,30.722,
data/raw/Echoes/Echoes/TTA/audioldm/Loved_Ones_Rowan_Box_audioldm_TTA_001.mp3,True,30.722,
data/raw/Echoes/Echoes/TTA/audioldm/Okiirobo_Navigation_System_Henry_Homesweet_audioldm_TTA_001.mp3,True,30.722,
data/raw/Echoes/Echoes/TTA/audioldm/Support_Me_in_This_Moment_That_Im_About_To_Lose_Heart_Nihilore_audioldm_TTA_001.mp3,True,30.722,
data/raw/Echoes/Echoes/TTA/audioldm/OOOTHERSIDE_-_Liquid_Paper_Mike_B._Fort_audioldm_TTA_001.mp3,True,30.722,
data/raw/Echoes/Echoes/TTA/audioldm/Edge_Mystery_Mammal_audioldm_TTA_001.mp3,True,30.722,
data/raw/Echoes/Echoes/TTA/audioldm/Tapes_Gumbel_audioldm_TTA_001.mp3,True,30.722,
data/raw/Echoes/Echoes/TTA/audioldm/Little_Fingers_Vienna_Ditto_audioldm_TTA_001.mp3,True,30.722,
data/raw/Echoes/Echoes/TTA/audioldm/Promo_Mix_Vocal_Edit_Luv_Dub_Mix_Pierlo_audioldm_TTA_001.mp3,True,30.722,
data/raw/Echoes/Echoes/TTA/audioldm/Coliidae_K.D._Expression_audioldm_TTA_001.mp3,True,30.722,
data/raw/Echoes/Echoes/TTA/audioldm/Vanishing_Horizon_Jason_Shaw_audioldm_TTA_001.mp3,True,30.722,
data/raw/Echoes/Echoes/TTA/audioldm/Empower_Thee_vargero_audioldm_TTA_001.mp3,True,30.722,
data/raw/Echoes/Echoes/TTA/audioldm/Unexpected_Little_Happenings_UltraCat_audioldm_TTA_001.mp3,True,30.722,
data/raw/Echoes/Echoes/TTA/audioldm/Dance_Harder_Three_Chain_Links_audioldm_TTA_001.mp3,True,30.722,
data/raw/Echoes/Echoes/TTA/audioldm/Yurtology_Michett_audioldm_TTA_001.mp3,True,30.722,
data/raw/Echoes/Echoes/TTA/audioldm/CopperNickle_UncleBibby_audioldm_TTA_001.mp3,True,30.722,
data/raw/Echoes/Echoes/TTA/audioldm/Only_Instrumental_Broke_For_Free_audioldm_TTA_001.mp3,True,30.722,
data/raw/Echoes/Echoes/TTA/audioldm/A_Different_World_By_Night_Nihilore_audioldm_TTA_001.mp3,True,30.722,
data/raw/Echoes/Echoes/TTA/audioldm/Cold_Chains_Rolemusic_audioldm_TTA_001.mp3,True,30.722,
data/raw/Echoes/Echoes/TTA/audioldm/Flashback_Seclorance_audioldm_TTA_001.mp3,True,30.722,
data/raw/Echoes/Echoes/TTA/audioldm/The_Adventures_Of_Roderick_Random_Maps_And_Diagrams_audioldm_TTA_001.mp3,True,30.722,
data/raw/Echoes/Echoes/TTA/audioldm/Four_and_a_Half_Tatami_Nihilore_audioldm_TTA_001.mp3,True,30.722,
data/raw/Echoes/Echoes/TTA/audioldm/Aquamarine_My_Distant_Blue_Nihilore_audioldm_TTA_001.mp3,True,30.722,
data/raw/Echoes/Echoes/TTA/audioldm/Topam_Twin_Heads_audioldm_TTA_001.mp3,True,30.722,
data/raw/Echoes/Echoes/TTA/audioldm/Introduction_beats_Itsensäsyöjät_audioldm_TTA_001.mp3,True,30.722,
data/raw/Echoes/Echoes/TTA/audioldm/Dr_Deimos-Scribble_Mizukis_Last_ChanceDr_Deimos_audioldm_TTA_001.mp3,True,30.722,
data/raw/Echoes/Echoes/TTA/audioldm/Noam_Chomskys_Corporate_Carbohydrate_Surprise_Quelle_Fromage_audioldm_TTA_001.mp3,True,30.722,
data/raw/Echoes/Echoes/TTA/audioldm/Nuo_Maisemat_Paavoharju_audioldm_TTA_001.mp3,True,30.722,
data/raw/Echoes/Echoes/TTA/audioldm/Ohtli_Seclorance_audioldm_TTA_001.mp3,True,30.722,
data/raw/Echoes/Echoes/TTA/audioldm/The_Factory_Multifaros_audioldm_TTA_001.mp3,True,30.722,
data/raw/Echoes/Echoes/TTA/audioldm/Night_Owl_Broke_For_Free_audioldm_TTA_001.mp3,True,30.722,
data/raw/Echoes/Echoes/TTA/audioldm/Go_On_Then_Jim_Rooster_audioldm_TTA_001.mp3,True,30.722,
data/raw/Echoes/Echoes/TTA/audioldm/Jangus_inspired_by_ToeJam_and_Earl_UncleBibby_audioldm_TTA_001.mp3,True,30.722,
data/raw/Echoes/Echoes/TTA/audioldm/Liar_Liar_Quietly_Vienna_Ditto_audioldm_TTA_001.mp3,True,30.722,
data/raw/Echoes/Echoes/TTA/audioldm/The_Courtyard_Uncle_Bibby_audioldm_TTA_001.mp3,True,30.722,
data/raw/Echoes/Echoes/TTA/audioldm/Seppuku_Bot_Decktonic_audioldm_TTA_001.mp3,True,30.722,
data/raw/Echoes/Echoes/TTA/audioldm/When_I_Was_Taller_Dan_Deacon_audioldm_TTA_001.mp3,True,30.722,
data/raw/Echoes/Echoes/TTA/audioldm/Clay_Heart_Nihilore_audioldm_TTA_001.mp3,True,30.722,
data/raw/Echoes/Echoes/TTA/audioldm/SD_Ill_Mix_H-LR_audioldm_TTA_001.mp3,True,30.722,
data/raw/Echoes/Echoes/TTA/audioldm/All_of_Us_Eric_Skiff_audioldm_TTA_001.mp3,True,30.722,
data/raw/Echoes/Echoes/TTA/audioldm/Straw_Fields_Rolemusic_audioldm_TTA_001.mp3,True,30.722,
data/raw/Echoes/Echoes/TTA/audioldm/Artificial_anxiety_Michett_audioldm_TTA_001.mp3,True,30.722,
data/raw/Echoes/Echoes/TTA/audioldm/Kumorizoranohajimarutokoro_Hosomi_audioldm_TTA_001.mp3,True,30.722,
data/raw/Echoes/Echoes/TTA/audioldm/Ponky_McFonky_My_brother_Daniel_audioldm_TTA_001.mp3,True,30.722,
data/raw/Echoes/Echoes/TTA/audioldm/Dance_of_the_Martians_SynthStep_Edit_Maxim_Kornyshev_audioldm_TTA_001.mp3,True,30.722,
data/raw/Echoes/Echoes/TTA/audioldm/TTL_Twin_Heads_audioldm_TTA_001.mp3,True,30.722,
data/raw/Echoes/Echoes/TTA/audioldm/shmoove_epsilon_not_audioldm_TTA_001.mp3,True,30.722,
data/raw/Echoes/Echoes/TTA/audioldm/Time_Up_ENDRUDARK_audioldm_TTA_001.mp3,True,30.722,
data/raw/Echoes/Echoes/TTA/audioldm/2Much_Andy_Spinelli_Alex_Sánchez_House_Edit_Tentacles_audioldm_TTA_001.mp3,True,30.722,
data/raw/Echoes/Echoes/TTA/audioldm/some_dextromethorphan_Jeva_audioldm_TTA_001.mp3,True,30.722,
data/raw/Echoes/Echoes/TTA/audioldm/I_Know_His_Blood_Vienna_Ditto_audioldm_TTA_001.mp3,True,30.722,
data/raw/Echoes/Echoes/TTA/audioldm/Lets_Start_Out_Slow_RoccoW_audioldm_TTA_001.mp3,True,30.722,
data/raw/Echoes/Echoes/TTA/audioldm/Fifth_Ramble_-_From_the_album_Keith_RSVP007_My_brother_Daniel_audioldm_TTA_001.mp3,True,30.722,
data/raw/Echoes/Echoes/TTA/audioldm/End_of_the_Line_H-LR_audioldm_TTA_001.mp3,True,30.722,
data/raw/Echoes/Echoes/TTA/audioldm/Variations_Decktonic_audioldm_TTA_001.mp3,True,30.722,
data/raw/Echoes/Echoes/TTA/audioldm/The_Boss_Multifaros_audioldm_TTA_001.mp3,True,30.722,
data/raw/Echoes/Echoes/TTA/audioldm/Ancient_Whispers_I_P_C_III_audioldm_TTA_001.mp3,True,30.722,
data/raw/Echoes/Echoes/TTA/audioldm/Westside_Chillers_Little_Glass_Men_audioldm_TTA_001.mp3,True,30.722,
data/raw/Echoes/Echoes/TTA/audioldm/Killing_Bosses_Gumbel_audioldm_TTA_001.mp3,True,30.722,
data/raw/Echoes/Echoes/TTA/audioldm/Liberosis_Nihilore_audioldm_TTA_001.mp3,True,30.722,
data/raw/Echoes/Echoes/TTA/audioldm/La_Nina_Blanca_Vienna_Ditto_audioldm_TTA_001.mp3,True,30.722,
data/raw/Echoes/Echoes/TTA/audioldm/Scape_from_the_city_Rolemusic_audioldm_TTA_001.mp3,True,30.722,
data/raw/Echoes/Echoes/TTA/audioldm/Bizzy_The_Tleilaxu_Music_Machine_audioldm_TTA_001.mp3,True,30.722,
data/raw/Echoes/Echoes/TTA/audioldm/3_am_West_End_statusq_audioldm_TTA_001.mp3,True,30.722,
data/raw/Echoes/Echoes/TTA/audioldm/Cloudy_Subway_Sonicbeat_audioldm_TTA_001.mp3,True,30.722,
data/raw/Echoes/Echoes/TTA/audioldm/Fleslit_Fleslit_audioldm_TTA_001.mp3,True,30.722,
data/raw/Echoes/Echoes/TTA/audioldm/Set_Fire_to_Creation_Nihilore_audioldm_TTA_001.mp3,True,30.722,
data/raw/Echoes/Echoes/TTA/audioldm/Fly_2_Andre_Jetson_audioldm_TTA_001.mp3,True,30.722,
data/raw/Echoes/Echoes/TTA/audioldm/If_Youre_Ther_Nicola_Ratti_audioldm_TTA_001.mp3,True,30.722,
data/raw/Echoes/Echoes/TTA/audioldm/Understand_That_This_Is_A_Dream_-_From_the_album_Modulating_Coil_RSVP008_Forrest_James_audioldm_TTA_001.mp3,True,30.722,
data/raw/Echoes/Echoes/TTA/audioldm/It_Cant_Be_Bargained_With_Three_Chain_Links_audioldm_TTA_001.mp3,True,30.722,
data/raw/Echoes/Echoes/TTA/audioldm/Key_trick_Krisa_audioldm_TTA_001.mp3,True,30.722,
data/raw/Echoes/Echoes/TTA/audioldm/Laika_NGC_1365_audioldm_TTA_001.mp3,True,30.722,
data/raw/Echoes/Echoes/TTA/audioldm/End_titles_Itsensäsyöjät_audioldm_TTA_001.mp3,True,30.722,
data/raw/Echoes/Echoes/TTA/audioldm/Tartu_Tähän_Hetkeen_Paavoharju_audioldm_TTA_001.mp3,True,30.722,
data/raw/Echoes/Echoes/TTA/audioldm/Authenticity_Nihilore_audioldm_TTA_001.mp3,True,30.722,
data/raw/Echoes/Echoes/TTA/audioldm/The_Stairway_WarpToken_audioldm_TTA_001.mp3,True,30.722,
data/raw/Echoes/Echoes/TTA/audioldm/And_Over_The_Rainbows_milky-chu_audioldm_TTA_001.mp3,True,30.722,
data/raw/Echoes/Echoes/TTA/audioldm/Z-Saber_feat_Jake_Allison_Decktonic_audioldm_TTA_001.mp3,True,30.722,
data/raw/Echoes/Echoes/TTA/audioldm/Invaders_From_Within_Monroeville_Music_Center_audioldm_TTA_001.mp3,True,30.722,
data/raw/Echoes/Echoes/TTA/audioldm/Solearesbeats_Malaventura_audioldm_TTA_001.mp3,True,30.722,
data/raw/Echoes/Echoes/TTA/audioldm/Something_Dirty_Ergo_Phizmiz_audioldm_TTA_001.mp3,True,30.722,
data/raw/Echoes/Echoes/TTA/audioldm/Lovedreams_Oh_Yeah_the_Future_audioldm_TTA_001.mp3,True,30.722,
data/raw/Echoes/Echoes/TTA/audioldm/Busby_Berkeley_Ergo_Phizmiz_audioldm_TTA_001.mp3,True,30.722,
data/raw/Echoes/Echoes/TTA/audioldm/On_My_Mind_Ergo_Phizmiz_audioldm_TTA_001.mp3,True,30.722,
data/raw/Echoes/Echoes/TTA/audioldm/Hungry_Oh_Yeah_the_Future_audioldm_TTA_001.mp3,True,30.722,
data/raw/Echoes/Echoes/TTA/audioldm/The_Race_Forever_Monroeville_Music_Center_audioldm_TTA_001.mp3,True,30.722,
data/raw/Echoes/Echoes/TTA/audioldm/Convicted_Jazz_Drones_Malaventura_audioldm_TTA_001.mp3,True,30.722,
data/raw/Echoes/Echoes/TTA/audioldm/Music_For_an_Underground_Circu_Ergo_Phizmiz_audioldm_TTA_001.mp3,True,30.722,
data/raw/Echoes/Echoes/TTA/audioldm/Breeze_Funk_Malaventura_audioldm_TTA_001.mp3,True,30.722,
data/raw/Echoes/Echoes/TTA/audioldm/philcollins_takes_your_hand_Katapulto_audioldm_TTA_001.mp3,True,30.722,
data/raw/Echoes/Echoes/TTA/audioldm/Motocross_Mania_Monroeville_Music_Center_audioldm_TTA_001.mp3,True,30.722,
data/raw/Echoes/Echoes/TTA/audioldm/Autopsy_Oh_Yeah_the_Future_audioldm_TTA_001.mp3,True,30.722,
data/raw/Echoes/Echoes/TTA/audioldm/Lackadaisical_Oh_Yeah_the_Future_audioldm_TTA_001.mp3,True,30.722,
data/raw/Echoes/Echoes/TTA/audioldm/John_the_Baby_Ergo_Phizmiz_audioldm_TTA_001.mp3,True,30.722,
data/raw/Echoes/Echoes/TTA/audioldm/zero_rhythm_dollar_boy_Katapulto_audioldm_TTA_001.mp3,True,30.722,
data/raw/Echoes/Echoes/TTA/audioldm/Celia_Ergo_Phizmiz_audioldm_TTA_001.mp3,True,30.722,
data/raw/Echoes/Echoes/TTA/audioldm/Monkeystage_Ergo_Phizmiz_audioldm_TTA_001.mp3,True,30.722,
data/raw/Echoes/Echoes/TTA/audioldm/Shadow_Government_Bird_Names_audioldm_TTA_001.mp3,True,30.722,
data/raw/Echoes/Echoes/TTA/audioldm/Troubles_Ive_seen_Malaventura_audioldm_TTA_001.mp3,True,30.722,
data/raw/Echoes/Echoes/TTA/audioldm/gospellioza_Katapulto_audioldm_TTA_001.mp3,True,30.722,
data/raw/Echoes/Echoes/TTA/audioldm/Kissing_Scars_Caleb_Lemond_audioldm_TTA_001.mp3,True,30.722,
data/raw/Echoes/Echoes/TTA/audioldm/Yoko_live_at_FoEG_Emma_Acs_audioldm_TTA_001.mp3,True,30.722,
data/raw/Echoes/Echoes/TTA/audioldm/Mandrill_Ergo_Phizmiz_audioldm_TTA_001.mp3,True,30.722,
data/raw/Echoes/Echoes/TTA/audioldm/Evil_Cannot_Create_Caleb_Lemond_audioldm_TTA_001.mp3,True,30.722,
data/raw/Echoes/Echoes/TTA/audioldm/Spanish_BEEEYYAAACHHH_Malaventura_audioldm_TTA_001.mp3,True,30.722,
data/raw/Echoes/Echoes/TTA/audioldm/Different_Day_First_audioldm_TTA_001.mp3,True,30.722,
data/raw/Echoes/Echoes/TTA/audioldm/danse_macabre_Katapulto_audioldm_TTA_001.mp3,True,30.722,
data/raw/Echoes/Echoes/TTA/audioldm/Norweigian_Wood_II_Bird_Names_audioldm_TTA_001.mp3,True,30.722,
data/raw/Echoes/Echoes/TTA/audioldm/Food_and_War_Ergo_Phizmiz_audioldm_TTA_001.mp3,True,30.722,
data/raw/Echoes/Echoes/TTA/audioldm/kolorowe_wody_Katapulto_audioldm_TTA_001.mp3,True,30.722,
data/raw/Echoes/Echoes/TTA/audioldm/mc_trabalenguas_Volumina_audioldm_TTA_001.mp3,True,30.722,
data/raw/Echoes/Echoes/TTA/audioldm/New_Brave_Face_Oh_Yeah_the_Future_audioldm_TTA_001.mp3,True,30.722,
data/raw/Echoes/Echoes/TTA/audioldm/We_Are_Canucks_David_Blair_audioldm_TTA_001.mp3,True,30.722,
data/raw/Echoes/Echoes/TTA/audioldm/Roller_Star_Monroeville_Music_Center_audioldm_TTA_001.mp3,True,30.722,
data/raw/Echoes/Echoes/TTA/audioldm/I_Think_From_Now_On_Caleb_Lemond_audioldm_TTA_001.mp3,True,30.722,
data/raw/Echoes/Echoes/TTA/audioldm/The_plot_Malaventura_audioldm_TTA_001.mp3,True,30.722,
data/raw/Echoes/Echoes/TTA/audioldm/The_Coldest_Winter_Caleb_Lemond_audioldm_TTA_001.mp3,True,30.722,
data/raw/Echoes/Echoes/TTA/audioldm/Nature_Is_Over_Defined_Bird_Names_audioldm_TTA_001.mp3,True,30.722,
data/raw/Echoes/Echoes/TTA/audioldm/Time_Is_Love_Silence_is_full_of_birds_audioldm_TTA_001.mp3,True,30.722,
data/raw/Echoes/Echoes/TTA/audioldm/Stockholm_Syndrome_People_Should_Be_More_Aware_Bird_Names_audioldm_TTA_001.mp3,True,30.722,
data/raw/Echoes/Echoes/TTA/audioldm/purity_danger_Katapulto_audioldm_TTA_001.mp3,True,30.722,
data/raw/Echoes/Echoes/TTA/audioldm/She_Works_Tepid_Waters_Bird_Names_audioldm_TTA_001.mp3,True,30.722,
data/raw/Echoes/Echoes/TTA/audioldm/The_Dream_and_the_Dreamer_Caleb_Lemond_audioldm_TTA_001.mp3,True,30.722,
data/raw/Echoes/Echoes/TTA/audioldm/Roundtrip_Oh_Yeah_the_Future_audioldm_TTA_001.mp3,True,30.722,
data/raw/Echoes/Echoes/TTA/audioldm/New_Life_take_1_Bird_Names_audioldm_TTA_001.mp3,True,30.722,
data/raw/Echoes/Echoes/TTA/audioldm/The_Queen_Malaventura_audioldm_TTA_001.mp3,True,30.722,
data/raw/Echoes/Echoes/TTA/audioldm/My_Body_Is_A_Weapon_Compromise_Edit_Silence_is_full_of_birds_audioldm_TTA_001.mp3,True,30.722,
data/raw/Echoes/Echoes/TTA/audioldm/Production_Bird_Names_audioldm_TTA_001.mp3,True,30.722,
data/raw/Echoes/Echoes/TTA/audioldm/Nostalgia_Malaventura_audioldm_TTA_001.mp3,True,30.722,
data/raw/Echoes/Echoes/TTA/audioldm/Polinesia_Malaventura_audioldm_TTA_001.mp3,True,30.722,
data/raw/Echoes/Echoes/TTA/audioldm/Slow_and_Steady_Caleb_Lemond_audioldm_TTA_001.mp3,True,30.722,
data/raw/Echoes/Echoes/TTA/audioldm/The_Sandman_Ergo_Phizmiz_audioldm_TTA_001.mp3,True,30.722,
data/raw/Echoes/Echoes/TTA/audioldm/Outro_Caleb_Lemond_audioldm_TTA_001.mp3,True,30.722,
data/raw/Echoes/Echoes/TTA/audioldm/The_Pursuit_of_Unintentional_Humor_Oh_Yeah_the_Future_audioldm_TTA_001.mp3,True,30.722,
data/raw/Echoes/Echoes/TTA/audioldm/With_the_Summer_Oh_Yeah_the_Future_audioldm_TTA_001.mp3,True,30.722,
data/raw/Echoes/Echoes/TTA/audioldm/Agora_Malaventura_audioldm_TTA_001.mp3,True,30.722,
data/raw/Echoes/Echoes/TTA/audioldm/Lets_the_kids_play_Malaventura_audioldm_TTA_001.mp3,True,30.722,
data/raw/Echoes/Echoes/TTA/audioldm/karaoke_megablast_Katapulto_audioldm_TTA_001.mp3,True,30.722,
data/raw/Echoes/Echoes/TTA/audioldm/El_Burrito_Malaventura_audioldm_TTA_001.mp3,True,30.722,
data/raw/Echoes/Echoes/TTA/audioldm/Space_is_my_pace_Malaventura_audioldm_TTA_001.mp3,True,30.722,
data/raw/Echoes/Echoes/TTA/audioldm/Snowday_Oh_Yeah_the_Future_audioldm_TTA_001.mp3,True,30.722,
data/raw/Echoes/Echoes/TTA/audioldm/Where_Is_Everything_The_Moi_Non_Plus_audioldm_TTA_001.mp3,True,30.722,
data/raw/Echoes/Echoes/TTA/audioldm/Terve_Teille_Чокнутый_Пропеллер_audioldm_TTA_001.mp3,True,30.722,
data/raw/Echoes/Echoes/TTA/audioldm/Empty_Pockets_Pete_Prodoehl_audioldm_TTA_001.mp3,True,30.722,
data/raw/Echoes/Echoes/TTA/audioldm/We_Move_in_Waves_Modey_Lemon_audioldm_TTA_001.mp3,True,30.722,
data/raw/Echoes/Echoes/TTA/audioldm/Windows_of_the_Skull_Sarin_audioldm_TTA_001.mp3,True,30.722,
data/raw/Echoes/Echoes/TTA/audioldm/Transmit_Lamprey_audioldm_TTA_001.mp3,True,30.722,
data/raw/Echoes/Echoes/TTA/audioldm/Lost_Paradise_Autumn_Interlude_audioldm_TTA_001.mp3,True,30.722,
data/raw/Echoes/Echoes/TTA/audioldm/Gila_Monster_FlopMusic_History_LessonThe_Sonics_The_Crypts_audioldm_TTA_001.mp3,True,30.722,
data/raw/Echoes/Echoes/TTA/audioldm/Johnny_I_Lie_The_Moi_Non_Plus_audioldm_TTA_001.mp3,True,30.722,
data/raw/Echoes/Echoes/TTA/audioldm/Ynkelig_Die_Morgendammerung_Des_Valhalla_audioldm_TTA_001.mp3,True,30.722,
data/raw/Echoes/Echoes/TTA/audioldm/Soul_of_the_Demon_Zombie_Raiders_audioldm_TTA_001.mp3,True,30.722,
data/raw/Echoes/Echoes/TTA/audioldm/Robocall_Legally_Blind_audioldm_TTA_001.mp3,True,30.722,
data/raw/Echoes/Echoes/TTA/audioldm/Wir_Werden_Gott_Japanische_Kampfhorspiele_audioldm_TTA_001.mp3,True,30.722,
data/raw/Echoes/Echoes/TTA/audioldm/KOMFORT_voyageurs_audioldm_TTA_001.mp3,True,30.722,
data/raw/Echoes/Echoes/TTA/audioldm/Stuttgart_Portrayal_audioldm_TTA_001.mp3,True,30.722,
data/raw/Echoes/Echoes/TTA/audioldm/Voxel_Andy_G._Cohen_audioldm_TTA_001.mp3,True,30.722,
data/raw/Echoes/Echoes/TTA/audioldm/I_Nocturnal_Mayhem_audioldm_TTA_001.mp3,True,30.722,
data/raw/Echoes/Echoes/TTA/audioldm/Track_04_Lightning_Bolt_audioldm_TTA_001.mp3,True,30.722,
data/raw/Echoes/Echoes/TTA/audioldm/Forest_Silence_Serpentarivm_audioldm_TTA_001.mp3,True,30.722,
data/raw/Echoes/Echoes/TTA/audioldm/Mountain_Mist_Modey_Lemon_audioldm_TTA_001.mp3,True,30.722,
data/raw/Echoes/Echoes/TTA/audioldm/Digital_Lightning_Cloudkicker_audioldm_TTA_001.mp3,True,30.722,
data/raw/Echoes/Echoes/TTA/audioldm/Love_Dream_The_Zombie_Dandies_audioldm_TTA_001.mp3,True,30.722,
data/raw/Echoes/Echoes/TTA/audioldm/Scramby_Eggs_Andy_G._Cohen_audioldm_TTA_001.mp3,True,30.722,
data/raw/Echoes/Echoes/TTA/audioldm/Stranger_Frigg_A_Go_Go_F.A.G.G._audioldm_TTA_001.mp3,True,30.722,
data/raw/Echoes/Echoes/TTA/audioldm/Snakefirewalking_Los_Llamarada_audioldm_TTA_001.mp3,True,30.722,
data/raw/Echoes/Echoes/TTA/audioldm/Mettle_Pipe_Choir_audioldm_TTA_001.mp3,True,30.722,
data/raw/Echoes/Echoes/TTA/audioldm/One_Eyed_GhostThis_is_gonna_be_a_rough_show_The_Crypts_audioldm_TTA_001.mp3,True,30.722,
data/raw/Echoes/Echoes/TTA/audioldm/1984_Punk_Rock_Opera_audioldm_TTA_001.mp3,True,30.722,
data/raw/Echoes/Echoes/TTA/audioldm/Head_of_Ancante_Talking_Tree_Akchamel_The_Giver_of_Illness_audioldm_TTA_001.mp3,True,30.722,
data/raw/Echoes/Echoes/TTA/audioldm/I_Dream_So_Vividly_Uninhabitable_Mansions_audioldm_TTA_001.mp3,True,30.722,
data/raw/Echoes/Echoes/TTA/audioldm/Crossing_Los_Llamarada_audioldm_TTA_001.mp3,True,30.722,
data/raw/Echoes/Echoes/TTA/audioldm/Who_Loves_You_Dear_Mink_Lungs_audioldm_TTA_001.mp3,True,30.722,
data/raw/Echoes/Echoes/TTA/audioldm/LIQUID_SKULLS_voyageurs_audioldm_TTA_001.mp3,True,30.722,
data/raw/Echoes/Echoes/TTA/audioldm/Millitary_Industrial_Complex_Punk_Rock_Opera_audioldm_TTA_001.mp3,True,30.722,
data/raw/Echoes/Echoes/TTA/audioldm/Sea_Monster_The_Crypts_audioldm_TTA_001.mp3,True,30.722,
data/raw/Echoes/Echoes/TTA/audioldm/Infinite_Light_Pipe_Choir_audioldm_TTA_001.mp3,True,30.722,
data/raw/Echoes/Echoes/TTA/audioldm/I_Fell_Mod_Fun_audioldm_TTA_001.mp3,True,30.722,
data/raw/Echoes/Echoes/TTA/audioldm/Новый_Нью-Йорк_2_Чокнутый_Пропеллер_audioldm_TTA_001.mp3,True,30.722,
data/raw/Echoes/Echoes/TTA/audioldm/I_Inflammator_audioldm_TTA_001.mp3,True,30.722,
data/raw/Echoes/Echoes/TTA/audioldm/Sfogare_Il_Dissenso_Deiezione_HC_audioldm_TTA_001.mp3,True,30.722,
data/raw/Echoes/Echoes/TTA/audioldm/Nose_DUSTdevils_audioldm_TTA_001.mp3,True,30.722,
data/raw/Echoes/Echoes/TTA/audioldm/March_of_the_GPA_Mechanics_tghost_audioldm_TTA_001.mp3,True,30.722,
data/raw/Echoes/Echoes/TTA/audioldm/Roland_Garros_2048_Zoliborz_audioldm_TTA_001.mp3,True,30.722,
data/raw/Echoes/Echoes/TTA/audioldm/Attention_Pete_Prodoehl_audioldm_TTA_001.mp3,True,30.722,
data/raw/Echoes/Echoes/TTA/audioldm/Roach-Man_Punk_Rock_Opera_audioldm_TTA_001.mp3,True,30.722,
data/raw/Echoes/Echoes/TTA/audioldm/Colossal_Stillness_Scott_Holmes_audioldm_TTA_001.mp3,True,30.722,
data/raw/Echoes/Echoes/TTA/audioldm/2_Wasnt_There_Isle_of_Pine_audioldm_TTA_001.mp3,True,30.722,
data/raw/Echoes/Echoes/TTA/audioldm/The_girl_just_faded_Los_Llamarada_audioldm_TTA_001.mp3,True,30.722,
data/raw/Echoes/Echoes/TTA/audioldm/The_Contract_The_IMG_audioldm_TTA_001.mp3,True,30.722,
data/raw/Echoes/Echoes/TTA/audioldm/Formic_Acid_for_Blood_Punk_Rock_Opera_audioldm_TTA_001.mp3,True,30.722,
data/raw/Echoes/Echoes/TTA/audioldm/Hahaha_The_Moi_Non_Plus_audioldm_TTA_001.mp3,True,30.722,
data/raw/Echoes/Echoes/TTA/audioldm/Lady_Love_Parsley_Flakes_audioldm_TTA_001.mp3,True,30.722,
data/raw/Echoes/Echoes/TTA/audioldm/The_Monster_MashYa_Look_Fantastic_The_Crypts_audioldm_TTA_001.mp3,True,30.722,
data/raw/Echoes/Echoes/TTA/audioldm/В_Наших_Сердцах_Чокнутый_Пропеллер_audioldm_TTA_001.mp3,True,30.722,
data/raw/Echoes/Echoes/TTA/audioldm/Lights_Up_Pipe_Choir_audioldm_TTA_001.mp3,True,30.722,
data/raw/Echoes/Echoes/TTA/audioldm/Electric_Girlfriend_The_Zombie_Dandies_audioldm_TTA_001.mp3,True,30.722,
data/raw/Echoes/Echoes/TTA/audioldm/Beyond_Luxury_Mors_Ontologica_audioldm_TTA_001.mp3,True,30.722,
data/raw/Echoes/Echoes/TTA/audioldm/Larbre_Salmo_audioldm_TTA_001.mp3,True,30.722,
data/raw/Echoes/Echoes/TTA/audioldm/Natron_Queen_AmortE_audioldm_TTA_001.mp3,True,30.722,
data/raw/Echoes/Echoes/TTA/audioldm/Gloomy_Sunday_AmortE_audioldm_TTA_001.mp3,True,30.722,
data/raw/Echoes/Echoes/TTA/audioldm/Im_gonna_try_to_reach_Los_Llamarada_audioldm_TTA_001.mp3,True,30.722,
data/raw/Echoes/Echoes/TTA/audioldm/Eyes_Getting_Louder_Mod_Fun_audioldm_TTA_001.mp3,True,30.722,
data/raw/Echoes/Echoes/TTA/audioldm/Apparitions_Under_Glass_Sarin_audioldm_TTA_001.mp3,True,30.722,
data/raw/Echoes/Echoes/TTA/audioldm/KISS_my_Boots_The_Zombie_Dandies_audioldm_TTA_001.mp3,True,30.722,
data/raw/Echoes/Echoes/TTA/audioldm/We_Misplaced_A_Cobra_In_the_Uninhabitable_Mansions_Uninhabitable_Mansions_audioldm_TTA_001.mp3,True,30.722,
data/raw/Echoes/Echoes/TTA/audioldm/Fridge_Railkid_Station_audioldm_TTA_001.mp3,True,30.722,
data/raw/Echoes/Echoes/TTA/audioldm/I_Can_See_Everything_Mod_Fun_audioldm_TTA_001.mp3,True,30.722,
data/raw/Echoes/Echoes/TTA/audioldm/Windows_of_the_Skull_Alternate_Version_Sarin_audioldm_TTA_001.mp3,True,30.722,
data/raw/Echoes/Echoes/TTA/audioldm/Niche_Dreams_Square_People_audioldm_TTA_001.mp3,True,30.722,
data/raw/Echoes/Echoes/TTA/audioldm/Bergwald_Bergwald_Every_Now_and_Every_Then_audioldm_TTA_001.mp3,True,30.722,
data/raw/Echoes/Echoes/TTA/audioldm/Moontime_The_IMG_audioldm_TTA_001.mp3,True,30.722,
data/raw/Echoes/Echoes/TTA/audioldm/Breathe_New_Life_Scott_Holmes_audioldm_TTA_001.mp3,True,30.722,
data/raw/Echoes/Echoes/TTA/audioldm/Cassie_Lace_The_Zombie_Dandies_audioldm_TTA_001.mp3,True,30.722,
data/raw/Echoes/Echoes/TTA/audioldm/50000_Volts_of_Democracy_mp3_Legally_Blind_audioldm_TTA_001.mp3,True,30.722,
data/raw/Echoes/Echoes/TTA/audioldm/Dont_want_to_be_your_man_Frigg_A_Go_Go_F.A.G.G._audioldm_TTA_001.mp3,True,30.722,
data/raw/Echoes/Echoes/TTA/audioldm/Hisko_Detria_Hisko_Detria_audioldm_TTA_001.mp3,True,30.722,
data/raw/Echoes/Echoes/TTA/audioldm/Sheffield_Hall_Andy_G._Cohen_audioldm_TTA_001.mp3,True,30.722,
data/raw/Echoes/Echoes/TTA/audioldm/Fear_Los_Fancy_Free_audioldm_TTA_001.mp3,True,30.722,
data/raw/Echoes/Echoes/TTA/audioldm/Dr._Bodysnatcher_Modey_Lemon_audioldm_TTA_001.mp3,True,30.722,
data/raw/Echoes/Echoes/TTA/audioldm/A_Lady_In_Red_With_A_Plan_To_Steal_Did_You_Just_Hex_Me_audioldm_TTA_001.mp3,True,30.722,
data/raw/Echoes/Echoes/TTA/audioldm/Demolition_Michett_audioldm_TTA_001.mp3,True,30.722,
data/raw/Echoes/Echoes/TTA/audioldm/Insectlaration_of_Independence_Punk_Rock_Opera_audioldm_TTA_001.mp3,True,30.722,
data/raw/Echoes/Echoes/TTA/audioldm/Mosque_Sarin_audioldm_TTA_001.mp3,True,30.722,
data/raw/Echoes/Echoes/TTA/audioldm/I_Close_My_Eyes_Miss_Derringer_audioldm_TTA_001.mp3,True,30.722,
data/raw/Echoes/Echoes/TTA/audioldm/The_Dawn_The_One_They_Fear_audioldm_TTA_001.mp3,True,30.722,
data/raw/Echoes/Echoes/TTA/audioldm/WET_DREAMS_voyageurs_audioldm_TTA_001.mp3,True,30.722,
data/raw/Echoes/Echoes/TTA/audioldm/Happy_Lamprey_audioldm_TTA_001.mp3,True,30.722,
data/raw/Echoes/Echoes/TTA/audioldm/Five_40_DerbySlow_Whistle_The_Crypts_audioldm_TTA_001.mp3,True,30.722,
data/raw/Echoes/Echoes/TTA/audioldm/Leaving_Here_Mod_Fun_audioldm_TTA_001.mp3,True,30.722,
data/raw/Echoes/Echoes/TTA/audioldm/Wake_Up_The_Moi_Non_Plus_audioldm_TTA_001.mp3,True,30.722,
data/raw/Echoes/Echoes/TTA/audioldm/Half_a_Doubt_Droopies_audioldm_TTA_001.mp3,True,30.722,
data/raw/Echoes/Echoes/TTA/audioldm/Black_Panda_The_Crypts_audioldm_TTA_001.mp3,True,30.722,
data/raw/Echoes/Echoes/TTA/audioldm/Take_It_All_Mod_Fun_audioldm_TTA_001.mp3,True,30.722,
data/raw/Echoes/Echoes/TTA/audioldm/A_Dark_Blue_Arc_Pipe_Choir_audioldm_TTA_001.mp3,True,30.722,
data/raw/Echoes/Echoes/TTA/audioldm/Puertas_de_Fuego_Guerra_de_Cerdos_audioldm_TTA_001.mp3,True,30.722,
data/raw/Echoes/Echoes/TTA/audioldm/Sonzis_FM_Pipe_Choir_audioldm_TTA_001.mp3,True,30.722,
data/raw/Echoes/Echoes/TTA/audioldm/Burn_Room_For_A_Ghost_audioldm_TTA_001.mp3,True,30.722,
data/raw/Echoes/Echoes/TTA/audioldm/5_Lexington_Isle_of_Pine_audioldm_TTA_001.mp3,True,30.722,
data/raw/Echoes/Echoes/TTA/audioldm/Reagan_Shut_Down_the_Asylums_Punk_Rock_Opera_audioldm_TTA_001.mp3,True,30.722,
data/raw/Echoes/Echoes/TTA/audioldm/Versailles_Pierce_Murphy_audioldm_TTA_001.mp3,True,30.722,
data/raw/Echoes/Echoes/TTA/audioldm/Liberation_is_not_Easy_Frigg_A_Go_Go_F.A.G.G._audioldm_TTA_001.mp3,True,30.722,
data/raw/Echoes/Echoes/TTA/audioldm/Moja_Krypta_AmortE_audioldm_TTA_001.mp3,True,30.722,
data/raw/Echoes/Echoes/TTA/audioldm/Enemy_Modey_Lemon_audioldm_TTA_001.mp3,True,30.722,
data/raw/Echoes/Echoes/TTA/audioldm/Rumble_Railkid_Station_audioldm_TTA_001.mp3,True,30.722,
data/raw/Echoes/Echoes/TTA/audioldm/Глазами_Детей_Чокнутый_Пропеллер_audioldm_TTA_001.mp3,True,30.722,
data/raw/Echoes/Echoes/TTA/audioldm/6_Coat_of_Arms_Close_Isle_of_Pine_audioldm_TTA_001.mp3,True,30.722,
data/raw/Echoes/Echoes/TTA/audioldm/Better_Run_Away_From_Me_Miss_Derringer_audioldm_TTA_001.mp3,True,30.722,
data/raw/Echoes/Echoes/TTA/audioldm/Untitled_Fatal_Injection_audioldm_TTA_001.mp3,True,30.722,
data/raw/Echoes/Echoes/TTA/audioldm/Redlight_Room_For_A_Ghost_audioldm_TTA_001.mp3,True,30.722,
data/raw/Echoes/Echoes/TTA/audioldm/Shipwrecked_Crew_Pete_Prodoehl_audioldm_TTA_001.mp3,True,30.722,
data/raw/Echoes/Echoes/TTA/audioldm/Кортни_Лав_Чокнутый_Пропеллер_audioldm_TTA_001.mp3,True,30.722,
data/raw/Echoes/Echoes/TTA/audioldm/You_Are_A_Monster_Monroeville_Music_Center_audioldm_TTA_001.mp3,True,30.722,
data/raw/Echoes/Echoes/TTA/audioldm/Rolling_On_Avaren_audioldm_TTA_001.mp3,True,30.722,
data/raw/Echoes/Echoes/TTA/audioldm/The_Reality_Machine_Monroeville_Music_Center_audioldm_TTA_001.mp3,True,30.722,
data/raw/Echoes/Echoes/TTA/audioldm/Morning_Bell_Nihilore_audioldm_TTA_001.mp3,True,30.722,
data/raw/Echoes/Echoes/TTA/audioldm/Autobahn_S-B-J_audioldm_TTA_001.mp3,True,30.722,
data/raw/Echoes/Echoes/TTA/brev/Acoustic_Unleashed_Remain_brev_TTA_001.mp3,True,172.039979,
data/raw/Echoes/Echoes/TTA/brev/Acoustic_Unleashed_Remain_brev_TTA_002.mp3,True,189.839979,
data/raw/Echoes/Echoes/TTA/brev/Ad_Astra_P_C_III_brev_TTA_001.mp3,True,313.719979,
data/raw/Echoes/Echoes/TTA/brev/Ad_Astra_P_C_III_brev_TTA_002.mp3,True,267.079979,
data/raw/Echoes/Echoes/TTA/brev/All_of_Us_Eric_Skiff_brev_TTA_001.mp3,True,167.639979,
data/raw/Echoes/Echoes/TTA/brev/All_of_Us_Eric_Skiff_brev_TTA_002.mp3,True,164.559979,
data/raw/Echoes/Echoes/TTA/brev/Aquamarine_My_Distant_Blue_Nihilore_brev_TTA_001.mp3,True,229.839979,
data/raw/Echoes/Echoes/TTA/brev/Aquamarine_My_Distant_Blue_Nihilore_brev_TTA_002.mp3,True,189.919979,
data/raw/Echoes/Echoes/TTA/brev/Autobahn_S-B-J_brev_TTA_001.mp3,True,197.559979,
data/raw/Echoes/Echoes/TTA/brev/Autobahn_S-B-J_brev_TTA_002.mp3,True,208.039979,
data/raw/Echoes/Echoes/TTA/brev/Clay_Heart_Nihilore_brev_TTA_001.mp3,True,173.239979,
data/raw/Echoes/Echoes/TTA/brev/Clay_Heart_Nihilore_brev_TTA_002.mp3,True,149.959979,
data/raw/Echoes/Echoes/TTA/brev/Cold_Chains_Rolemusic_brev_TTA_001.mp3,True,187.519979,
data/raw/Echoes/Echoes/TTA/brev/Cold_Chains_Rolemusic_brev_TTA_002.mp3,True,224.959979,
data/raw/Echoes/Echoes/TTA/brev/Coliidae_K.D._Expression_brev_TTA_001.mp3,True,237.439979,
data/raw/Echoes/Echoes/TTA/brev/Coliidae_K.D._Expression_brev_TTA_002.mp3,True,233.959979,
data/raw/Echoes/Echoes/TTA/brev/CopperNickle_UncleBibby_brev_TTA_001.mp3,True,136.879979,
data/raw/Echoes/Echoes/TTA/brev/CopperNickle_UncleBibby_brev_TTA_002.mp3,True,169.919979,
data/raw/Echoes/Echoes/TTA/brev/Dance_Harder_Three_Chain_Links_brev_TTA_001.mp3,True,212.279979,
data/raw/Echoes/Echoes/TTA/brev/Dance_Harder_Three_Chain_Links_brev_TTA_002.mp3,True,209.919979,
data/raw/Echoes/Echoes/TTA/brev/Edge_Mystery_Mammal_brev_TTA_001.mp3,True,160.639979,
data/raw/Echoes/Echoes/TTA/brev/Edge_Mystery_Mammal_brev_TTA_002.mp3,True,255.719979,
data/raw/Echoes/Echoes/TTA/brev/Empower_Thee_vargero_brev_TTA_001.mp3,True,175.119979,
data/raw/Echoes/Echoes/TTA/brev/Empower_Thee_vargero_brev_TTA_002.mp3,True,207.879979,
data/raw/Echoes/Echoes/TTA/brev/Endless_The_Birth_and_Death_of_Silence_brev_TTA_001.mp3,True,283.239979,
data/raw/Echoes/Echoes/TTA/brev/Endless_The_Birth_and_Death_of_Silence_brev_TTA_002.mp3,True,236.599979,
data/raw/Echoes/Echoes/TTA/brev/Flashback_Seclorance_brev_TTA_001.mp3,True,198.839979,
data/raw/Echoes/Echoes/TTA/brev/Flashback_Seclorance_brev_TTA_002.mp3,True,187.879979,
data/raw/Echoes/Echoes/TTA/brev/Fuckaboing_RoccoW_brev_TTA_001.mp3,True,178.439979,
data/raw/Echoes/Echoes/TTA/brev/Fuckaboing_RoccoW_brev_TTA_002.mp3,True,175.999979,
data/raw/Echoes/Echoes/TTA/brev/Go_On_Then_Jim_Rooster_brev_TTA_001.mp3,True,224.479979,
data/raw/Echoes/Echoes/TTA/brev/Go_On_Then_Jim_Rooster_brev_TTA_002.mp3,True,239.999979,
data/raw/Echoes/Echoes/TTA/brev/Hammer_and_a_Nail_Vienna_Ditto_brev_TTA_001.mp3,True,168.319979,
data/raw/Echoes/Echoes/TTA/brev/Hammer_and_a_Nail_Vienna_Ditto_brev_TTA_002.mp3,True,206.399979,
data/raw/Echoes/Echoes/TTA/brev/Improvisation_Broken_Chord_brev_TTA_001.mp3,True,224.719979,
data/raw/Echoes/Echoes/TTA/brev/Improvisation_Broken_Chord_brev_TTA_002.mp3,True,271.719979,
data/raw/Echoes/Echoes/TTA/brev/Introduction_beats_Itsensäsyöjät_brev_TTA_001.mp3,True,199.919979,
data/raw/Echoes/Echoes/TTA/brev/Introduction_beats_Itsensäsyöjät_brev_TTA_002.mp3,True,184.839979,
data/raw/Echoes/Echoes/TTA/brev/Jangus_inspired_by_ToeJam_and_Earl_UncleBibby_brev_TTA_001.mp3,True,166.479979,
data/raw/Echoes/Echoes/TTA/brev/Jangus_inspired_by_ToeJam_and_Earl_UncleBibby_brev_TTA_002.mp3,True,194.839979,
data/raw/Echoes/Echoes/TTA/brev/mystery_team_2090_Jesse_Futerman_brev_TTA_001.mp3,True,132.079979,
data/raw/Echoes/Echoes/TTA/brev/mystery_team_2090_Jesse_Futerman_brev_TTA_002.mp3,True,156.479979,
data/raw/Echoes/Echoes/TTA/brev/Night_Drive_Decktonic_brev_TTA_001.mp3,True,172.639979,
data/raw/Echoes/Echoes/TTA/brev/Night_Drive_Decktonic_brev_TTA_002.mp3,True,185.279979,
data/raw/Echoes/Echoes/TTA/brev/Night_Owl_Broke_For_Free_brev_TTA_001.mp3,True,137.959979,
data/raw/Echoes/Echoes/TTA/brev/Night_Owl_Broke_For_Free_brev_TTA_002.mp3,True,143.999979,
data/raw/Echoes/Echoes/TTA/brev/Noam_Chomskys_Corporate_Carbohydrate_Surprise_Quelle_Fromage_brev_TTA_001.mp3,True,188.999979,
data/raw/Echoes/Echoes/TTA/brev/Noam_Chomskys_Corporate_Carbohydrate_Surprise_Quelle_Fromage_brev_TTA_002.mp3,True,167.239979,
data/raw/Echoes/Echoes/TTA/brev/Nuo_Maisemat_Paavoharju_brev_TTA_001.mp3,True,231.039979,
data/raw/Echoes/Echoes/TTA/brev/Nuo_Maisemat_Paavoharju_brev_TTA_002.mp3,True,184.639979,
data/raw/Echoes/Echoes/TTA/brev/Ohtli_Seclorance_brev_TTA_001.mp3,True,164.879979,
data/raw/Echoes/Echoes/TTA/brev/Ohtli_Seclorance_brev_TTA_002.mp3,True,204.359979,
data/raw/Echoes/Echoes/TTA/brev/Okiirobo_Navigation_System_Henry_Homesweet_brev_TTA_001.mp3,True,90.559979,
data/raw/Echoes/Echoes/TTA/brev/Okiirobo_Navigation_System_Henry_Homesweet_brev_TTA_002.mp3,True,138.879979,
data/raw/Echoes/Echoes/TTA/brev/Only_Instrumental_Broke_For_Free_brev_TTA_001.mp3,True,124.919979,
data/raw/Echoes/Echoes/TTA/brev/Only_Instrumental_Broke_For_Free_brev_TTA_002.mp3,True,152.679979,
data/raw/Echoes/Echoes/TTA/brev/OOOTHERSIDE_-_Liquid_Paper_Mike_B._Fort_brev_TTA_001.mp3,True,194.919979,
data/raw/Echoes/Echoes/TTA/brev/OOOTHERSIDE_-_Liquid_Paper_Mike_B._Fort_brev_TTA_002.mp3,True,164.319979,
data/raw/Echoes/Echoes/TTA/brev/OOOTHERSIDE_-_This_Time_Mike_B._Fort_brev_TTA_001.mp3,True,210.839979,
data/raw/Echoes/Echoes/TTA/brev/OOOTHERSIDE_-_This_Time_Mike_B._Fort_brev_TTA_002.mp3,True,205.239979,
data/raw/Echoes/Echoes/TTA/brev/OST_04_Ship_under_attack_sawsquarenoise_brev_TTA_001.mp3,True,129.959979,
data/raw/Echoes/Echoes/TTA/brev/OST_04_Ship_under_attack_sawsquarenoise_brev_TTA_002.mp3,True,159.999979,
data/raw/Echoes/Echoes/TTA/brev/Paris_Fleslit_brev_TTA_001.mp3,True,99.079979,
data/raw/Echoes/Echoes/TTA/brev/Paris_Fleslit_brev_TTA_002.mp3,True,147.439979,
data/raw/Echoes/Echoes/TTA/brev/Pista_Afuera_Epstein_brev_TTA_001.mp3,True,148.399979,
data/raw/Echoes/Echoes/TTA/brev/Pista_Afuera_Epstein_brev_TTA_002.mp3,True,186.959979,
data/raw/Echoes/Echoes/TTA/brev/Ponky_McFonky_My_brother_Daniel_brev_TTA_001.mp3,True,149.759979,
data/raw/Echoes/Echoes/TTA/brev/Ponky_McFonky_My_brother_Daniel_brev_TTA_002.mp3,True,137.919979,
data/raw/Echoes/Echoes/TTA/brev/Realize_Me_Jim_Rooster_brev_TTA_001.mp3,True,169.919979,
data/raw/Echoes/Echoes/TTA/brev/Realize_Me_Jim_Rooster_brev_TTA_002.mp3,True,162.719979,
data/raw/Echoes/Echoes/TTA/brev/Resistentialism_Nihilore_brev_TTA_001.mp3,True,199.919979,
data/raw/Echoes/Echoes/TTA/brev/Resistentialism_Nihilore_brev_TTA_002.mp3,True,169.679979,
data/raw/Echoes/Echoes/TTA/brev/Robot_Heart_Mystery_Mammal_brev_TTA_001.mp3,True,192.399979,
data/raw/Echoes/Echoes/TTA/brev/Robot_Heart_Mystery_Mammal_brev_TTA_002.mp3,True,228.719979,
data/raw/Echoes/Echoes/TTA/brev/Running_Free_Michett_featuring_Kalipluche_brev_TTA_001.mp3,True,178.879979,
data/raw/Echoes/Echoes/TTA/brev/Running_Free_Michett_featuring_Kalipluche_brev_TTA_002.mp3,True,156.199979,
data/raw/Echoes/Echoes/TTA/brev/SD_Ill_Mix_H-LR_brev_TTA_001.mp3,True,269.039979,
data/raw/Echoes/Echoes/TTA/brev/SD_Ill_Mix_H-LR_brev_TTA_002.mp3,True,247.279979,
data/raw/Echoes/Echoes/TTA/brev/Seppuku_Bot_Decktonic_brev_TTA_001.mp3,True,197.639979,
data/raw/Echoes/Echoes/TTA/brev/Seppuku_Bot_Decktonic_brev_TTA_002.mp3,True,227.599979,
data/raw/Echoes/Echoes/TTA/brev/Straw_Fields_Rolemusic_brev_TTA_001.mp3,True,197.039979,
data/raw/Echoes/Echoes/TTA/brev/Straw_Fields_Rolemusic_brev_TTA_002.mp3,True,199.879979,
data/raw/Echoes/Echoes/TTA/brev/Take_Your_Fingers_Michael_Fakesch_brev_TTA_001.mp3,True,155.079979,
data/raw/Echoes/Echoes/TTA/brev/Take_Your_Fingers_Michael_Fakesch_brev_TTA_002.mp3,True,147.519979,
data/raw/Echoes/Echoes/TTA/brev/Tapes_Gumbel_brev_TTA_001.mp3,True,173.959979,
data/raw/Echoes/Echoes/TTA/brev/Tapes_Gumbel_brev_TTA_002.mp3,True,177.999979,
data/raw/Echoes/Echoes/TTA/brev/The_Big_House_Jason_Shaw_brev_TTA_001.mp3,True,204.879979,
data/raw/Echoes/Echoes/TTA/brev/The_Big_House_Jason_Shaw_brev_TTA_002.mp3,True,188.319979,
data/raw/Echoes/Echoes/TTA/brev/The_Courtyard_Uncle_Bibby_brev_TTA_001.mp3,True,164.999979,
data/raw/Echoes/Echoes/TTA/brev/The_Courtyard_Uncle_Bibby_brev_TTA_002.mp3,True,120.879979,
data/raw/Echoes/Echoes/TTA/brev/The_Front_Yard_HarleyLikesMusic_brev_TTA_001.mp3,True,98.399979,
data/raw/Echoes/Echoes/TTA/brev/The_Front_Yard_HarleyLikesMusic_brev_TTA_002.mp3,True,52.319979,
data/raw/Echoes/Echoes/TTA/brev/Ugh_Humans_Can_Join_Mystery_Mammal_brev_TTA_001.mp3,True,211.839979,
data/raw/Echoes/Echoes/TTA/brev/Ugh_Humans_Can_Join_Mystery_Mammal_brev_TTA_002.mp3,True,214.239979,
data/raw/Echoes/Echoes/TTA/brev/Vanishing_Horizon_Jason_Shaw_brev_TTA_001.mp3,True,168.239979,
data/raw/Echoes/Echoes/TTA/brev/Vanishing_Horizon_Jason_Shaw_brev_TTA_002.mp3,True,154.319979,
data/raw/Echoes/Echoes/TTA/brev/When_I_Was_Taller_Dan_Deacon_brev_TTA_001.mp3,True,139.879979,
data/raw/Echoes/Echoes/TTA/brev/When_I_Was_Taller_Dan_Deacon_brev_TTA_002.mp3,True,85.799979,
data/raw/Echoes/Echoes/TTA/brev/Autopsy_Oh_Yeah_the_Future_brev_TTA_001.mp3,True,214.959979,
data/raw/Echoes/Echoes/TTA/brev/Autopsy_Oh_Yeah_the_Future_brev_TTA_002.mp3,True,214.759979,
data/raw/Echoes/Echoes/TTA/brev/Breeze_Funk_Malaventura_brev_TTA_001.mp3,True,172.999979,
data/raw/Echoes/Echoes/TTA/brev/Breeze_Funk_Malaventura_brev_TTA_002.mp3,True,169.999979,
data/raw/Echoes/Echoes/TTA/brev/Busby_Berkeley_Ergo_Phizmiz_brev_TTA_001.mp3,True,195.759979,
data/raw/Echoes/Echoes/TTA/brev/Busby_Berkeley_Ergo_Phizmiz_brev_TTA_002.mp3,True,169.799979,
data/raw/Echoes/Echoes/TTA/brev/Celia_Ergo_Phizmiz_brev_TTA_001.mp3,True,174.719979,
data/raw/Echoes/Echoes/TTA/brev/Celia_Ergo_Phizmiz_brev_TTA_002.mp3,True,222.279979,
data/raw/Echoes/Echoes/TTA/brev/Convicted_Jazz_Drones_Malaventura_brev_TTA_001.mp3,True,357.079979,
data/raw/Echoes/Echoes/TTA/brev/Convicted_Jazz_Drones_Malaventura_brev_TTA_002.mp3,True,345.999979,
data/raw/Echoes/Echoes/TTA/brev/danse_macabre_Katapulto_brev_TTA_001.mp3,True,147.439979,
data/raw/Echoes/Echoes/TTA/brev/danse_macabre_Katapulto_brev_TTA_002.mp3,True,177.879979,
data/raw/Echoes/Echoes/TTA/brev/Different_Day_First_brev_TTA_001.mp3,True,209.399979,
data/raw/Echoes/Echoes/TTA/brev/Different_Day_First_brev_TTA_002.mp3,True,234.799979,
data/raw/Echoes/Echoes/TTA/brev/Evil_Cannot_Create_Caleb_Lemond_brev_TTA_001.mp3,True,274.439979,
data/raw/Echoes/Echoes/TTA/brev/Evil_Cannot_Create_Caleb_Lemond_brev_TTA_002.mp3,True,293.639979,
data/raw/Echoes/Echoes/TTA/brev/First_Glance_Oh_Yeah_the_Future_brev_TTA_001.mp3,True,224.999979,
data/raw/Echoes/Echoes/TTA/brev/First_Glance_Oh_Yeah_the_Future_brev_TTA_002.mp3,True,228.759979,
data/raw/Echoes/Echoes/TTA/brev/Food_and_War_Ergo_Phizmiz_brev_TTA_001.mp3,True,129.439979,
data/raw/Echoes/Echoes/TTA/brev/Food_and_War_Ergo_Phizmiz_brev_TTA_002.mp3,True,129.999979,
data/raw/Echoes/Echoes/TTA/brev/gospellioza_Katapulto_brev_TTA_001.mp3,True,149.999979,
data/raw/Echoes/Echoes/TTA/brev/gospellioza_Katapulto_brev_TTA_002.mp3,True,130.319979,
data/raw/Echoes/Echoes/TTA/brev/Hungry_Oh_Yeah_the_Future_brev_TTA_001.mp3,True,154.959979,
data/raw/Echoes/Echoes/TTA/brev/Hungry_Oh_Yeah_the_Future_brev_TTA_002.mp3,True,214.719979,
data/raw/Echoes/Echoes/TTA/brev/I_Think_From_Now_On_Caleb_Lemond_brev_TTA_001.mp3,True,239.239979,
data/raw/Echoes/Echoes/TTA/brev/I_Think_From_Now_On_Caleb_Lemond_brev_TTA_002.mp3,True,259.759979,
data/raw/Echoes/Echoes/TTA/brev/Invaders_From_Within_Monroeville_Music_Center_brev_TTA_001.mp3,True,194.999979,
data/raw/Echoes/Echoes/TTA/brev/Invaders_From_Within_Monroeville_Music_Center_brev_TTA_002.mp3,True,214.079979,
data/raw/Echoes/Echoes/TTA/brev/John_the_Baby_Ergo_Phizmiz_brev_TTA_001.mp3,True,151.159979,
data/raw/Echoes/Echoes/TTA/brev/John_the_Baby_Ergo_Phizmiz_brev_TTA_002.mp3,True,97.039979,
data/raw/Echoes/Echoes/TTA/brev/Kissing_Scars_Caleb_Lemond_brev_TTA_001.mp3,True,228.199979,
data/raw/Echoes/Echoes/TTA/brev/Kissing_Scars_Caleb_Lemond_brev_TTA_002.mp3,True,182.519979,
data/raw/Echoes/Echoes/TTA/brev/kolorowe_wody_Katapulto_brev_TTA_001.mp3,True,97.759979,
data/raw/Echoes/Echoes/TTA/brev/kolorowe_wody_Katapulto_brev_TTA_002.mp3,True,107.719979,
data/raw/Echoes/Echoes/TTA/brev/Lackadaisical_Oh_Yeah_the_Future_brev_TTA_001.mp3,True,164.519979,
data/raw/Echoes/Echoes/TTA/brev/Lackadaisical_Oh_Yeah_the_Future_brev_TTA_002.mp3,True,131.999979,
data/raw/Echoes/Echoes/TTA/brev/Lovedreams_Oh_Yeah_the_Future_brev_TTA_001.mp3,True,225.119979,
data/raw/Echoes/Echoes/TTA/brev/Lovedreams_Oh_Yeah_the_Future_brev_TTA_002.mp3,True,218.519979,
data/raw/Echoes/Echoes/TTA/brev/Mandrill_Ergo_Phizmiz_brev_TTA_001.mp3,True,144.999979,
data/raw/Echoes/Echoes/TTA/brev/Mandrill_Ergo_Phizmiz_brev_TTA_002.mp3,True,147.599979,
data/raw/Echoes/Echoes/TTA/brev/mc_trabalenguas_Volumina_brev_TTA_001.mp3,True,72.359979,
data/raw/Echoes/Echoes/TTA/brev/mc_trabalenguas_Volumina_brev_TTA_002.mp3,True,78.599979,
data/raw/Echoes/Echoes/TTA/brev/Monkeystage_Ergo_Phizmiz_brev_TTA_001.mp3,True,127.639979,
data/raw/Echoes/Echoes/TTA/brev/Monkeystage_Ergo_Phizmiz_brev_TTA_002.mp3,True,119.119979,
data/raw/Echoes/Echoes/TTA/brev/Motocross_Mania_Monroeville_Music_Center_brev_TTA_001.mp3,True,143.799979,
data/raw/Echoes/Echoes/TTA/brev/Motocross_Mania_Monroeville_Music_Center_brev_TTA_002.mp3,True,169.999979,
data/raw/Echoes/Echoes/TTA/brev/Music_For_an_Underground_Circu_Ergo_Phizmiz_brev_TTA_001.mp3,True,146.399979,
data/raw/Echoes/Echoes/TTA/brev/Music_For_an_Underground_Circu_Ergo_Phizmiz_brev_TTA_002.mp3,True,166.519979,
data/raw/Echoes/Echoes/TTA/brev/Nature_Is_Over_Defined_Bird_Names_brev_TTA_001.mp3,True,186.279979,
data/raw/Echoes/Echoes/TTA/brev/Nature_Is_Over_Defined_Bird_Names_brev_TTA_002.mp3,True,172.279979,
data/raw/Echoes/Echoes/TTA/brev/New_Life_take_1_Bird_Names_brev_TTA_001.mp3,True,234.159979,
data/raw/Echoes/Echoes/TTA/brev/New_Life_take_1_Bird_Names_brev_TTA_002.mp3,True,203.039979,
data/raw/Echoes/Echoes/TTA/brev/Norweigian_Wood_II_Bird_Names_brev_TTA_001.mp3,True,183.119979,
data/raw/Echoes/Echoes/TTA/brev/Norweigian_Wood_II_Bird_Names_brev_TTA_002.mp3,True,185.439979,
data/raw/Echoes/Echoes/TTA/brev/On_My_Mind_Ergo_Phizmiz_brev_TTA_001.mp3,True,194.999979,
data/raw/Echoes/Echoes/TTA/brev/On_My_Mind_Ergo_Phizmiz_brev_TTA_002.mp3,True,172.719979,
data/raw/Echoes/Echoes/TTA/brev/philcollins_takes_your_hand_Katapulto_brev_TTA_001.mp3,True,124.919979,
data/raw/Echoes/Echoes/TTA/brev/philcollins_takes_your_hand_Katapulto_brev_TTA_002.mp3,True,113.599979,
data/raw/Echoes/Echoes/TTA/brev/purity_danger_Katapulto_brev_TTA_001.mp3,True,200.279979,
data/raw/Echoes/Echoes/TTA/brev/purity_danger_Katapulto_brev_TTA_002.mp3,True,177.839979,
data/raw/Echoes/Echoes/TTA/brev/Roller_Star_Monroeville_Music_Center_brev_TTA_001.mp3,True,200.519979,
data/raw/Echoes/Echoes/TTA/brev/Roller_Star_Monroeville_Music_Center_brev_TTA_002.mp3,True,138.439979,
data/raw/Echoes/Echoes/TTA/brev/Roundtrip_Oh_Yeah_the_Future_brev_TTA_001.mp3,True,219.999979,
data/raw/Echoes/Echoes/TTA/brev/Roundtrip_Oh_Yeah_the_Future_brev_TTA_002.mp3,True,205.639979,
data/raw/Echoes/Echoes/TTA/brev/Shadow_Government_Bird_Names_brev_TTA_001.mp3,True,169.959979,
data/raw/Echoes/Echoes/TTA/brev/Shadow_Government_Bird_Names_brev_TTA_002.mp3,True,186.439979,
data/raw/Echoes/Echoes/TTA/brev/She_Works_Tepid_Waters_Bird_Names_brev_TTA_001.mp3,True,177.959979,
data/raw/Echoes/Echoes/TTA/brev/She_Works_Tepid_Waters_Bird_Names_brev_TTA_002.mp3,True,173.999979,
data/raw/Echoes/Echoes/TTA/brev/Solearesbeats_Malaventura_brev_TTA_001.mp3,True,189.999979,
data/raw/Echoes/Echoes/TTA/brev/Solearesbeats_Malaventura_brev_TTA_002.mp3,True,210.199979,
data/raw/Echoes/Echoes/TTA/brev/Something_Dirty_Ergo_Phizmiz_brev_TTA_001.mp3,True,132.999979,
data/raw/Echoes/Echoes/TTA/brev/Something_Dirty_Ergo_Phizmiz_brev_TTA_002.mp3,True,115.279979,
data/raw/Echoes/Echoes/TTA/brev/Spanish_BEEEYYAAACHHH_Malaventura_brev_TTA_001.mp3,True,127.559979,
data/raw/Echoes/Echoes/TTA/brev/Spanish_BEEEYYAAACHHH_Malaventura_brev_TTA_002.mp3,True,104.679979,
data/raw/Echoes/Echoes/TTA/brev/Stockholm_Syndrome_People_Should_Be_More_Aware_Bird_Names_brev_TTA_001.mp3,True,150.199979,
data/raw/Echoes/Echoes/TTA/brev/Stockholm_Syndrome_People_Should_Be_More_Aware_Bird_Names_brev_TTA_002.mp3,True,189.759979,
data/raw/Echoes/Echoes/TTA/brev/The_Cave_of_Time_Monroeville_Music_Center_brev_TTA_001.mp3,True,215.839979,
data/raw/Echoes/Echoes/TTA/brev/The_Cave_of_Time_Monroeville_Music_Center_brev_TTA_002.mp3,True,271.319979,
data/raw/Echoes/Echoes/TTA/brev/The_Coldest_Winter_Caleb_Lemond_brev_TTA_001.mp3,True,228.279979,
data/raw/Echoes/Echoes/TTA/brev/The_Coldest_Winter_Caleb_Lemond_brev_TTA_002.mp3,True,272.559979,
data/raw/Echoes/Echoes/TTA/brev/The_Dream_and_the_Dreamer_Caleb_Lemond_brev_TTA_001.mp3,True,228.559979,
data/raw/Echoes/Echoes/TTA/brev/The_Dream_and_the_Dreamer_Caleb_Lemond_brev_TTA_002.mp3,True,209.799979,
data/raw/Echoes/Echoes/TTA/brev/The_plot_Malaventura_brev_TTA_001.mp3,True,237.359979,
data/raw/Echoes/Echoes/TTA/brev/The_plot_Malaventura_brev_TTA_002.mp3,True,204.959979,
data/raw/Echoes/Echoes/TTA/brev/The_Race_Forever_Monroeville_Music_Center_brev_TTA_001.mp3,True,173.839979,
data/raw/Echoes/Echoes/TTA/brev/The_Race_Forever_Monroeville_Music_Center_brev_TTA_002.mp3,True,197.879979,
data/raw/Echoes/Echoes/TTA/brev/The_Reality_Machine_Monroeville_Music_Center_brev_TTA_001.mp3,True,274.719979,
data/raw/Echoes/Echoes/TTA/brev/The_Reality_Machine_Monroeville_Music_Center_brev_TTA_002.mp3,True,179.359979,
data/raw/Echoes/Echoes/TTA/brev/Time_Is_Love_Silence_is_full_of_birds_brev_TTA_001.mp3,True,162.559979,
data/raw/Echoes/Echoes/TTA/brev/Time_Is_Love_Silence_is_full_of_birds_brev_TTA_002.mp3,True,153.799979,
data/raw/Echoes/Echoes/TTA/brev/Troubles_Ive_seen_Malaventura_brev_TTA_001.mp3,True,221.719979,
data/raw/Echoes/Echoes/TTA/brev/Troubles_Ive_seen_Malaventura_brev_TTA_002.mp3,True,228.079979,
data/raw/Echoes/Echoes/TTA/brev/We_Are_Canucks_David_Blair_brev_TTA_001.mp3,True,244.679979,
data/raw/Echoes/Echoes/TTA/brev/We_Are_Canucks_David_Blair_brev_TTA_002.mp3,True,184.959979,
data/raw/Echoes/Echoes/TTA/brev/Yoko_live_at_FoEG_Emma_Acs_brev_TTA_001.mp3,True,216.039979,
data/raw/Echoes/Echoes/TTA/brev/Yoko_live_at_FoEG_Emma_Acs_brev_TTA_002.mp3,True,250.839979,
data/raw/Echoes/Echoes/TTA/brev/You_Are_A_Monster_Monroeville_Music_Center_brev_TTA_001.mp3,True,200.439979,
data/raw/Echoes/Echoes/TTA/brev/You_Are_A_Monster_Monroeville_Music_Center_brev_TTA_002.mp3,True,232.039979,
data/raw/Echoes/Echoes/TTA/brev/zero_rhythm_dollar_boy_Katapulto_brev_TTA_001.mp3,True,132.079979,
data/raw/Echoes/Echoes/TTA/brev/zero_rhythm_dollar_boy_Katapulto_brev_TTA_002.mp3,True,137.679979,
data/raw/Echoes/Echoes/TTA/brev/November_25_2007_Kenneth_Kirschner_brev_TTA_001.mp3,True,91.279979,
data/raw/Echoes/Echoes/TTA/brev/1984_Punk_Rock_Opera_brev_TTA_001.mp3,True,132.159979,
data/raw/Echoes/Echoes/TTA/brev/2_Wasnt_There_Isle_of_Pine_brev_TTA_001.mp3,True,438.519979,
data/raw/Echoes/Echoes/TTA/brev/2_Wasnt_There_Isle_of_Pine_brev_TTA_002.mp3,True,461.999979,
data/raw/Echoes/Echoes/TTA/brev/Attention_Pete_Prodoehl_brev_TTA_001.mp3,True,249.599979,
data/raw/Echoes/Echoes/TTA/brev/Attention_Pete_Prodoehl_brev_TTA_002.mp3,True,264.599979,
data/raw/Echoes/Echoes/TTA/brev/Colossal_Stillness_Scott_Holmes_brev_TTA_001.mp3,True,242.719979,
data/raw/Echoes/Echoes/TTA/brev/Colossal_Stillness_Scott_Holmes_brev_TTA_002.mp3,True,349.559979,
data/raw/Echoes/Echoes/TTA/brev/Crossing_Los_Llamarada_brev_TTA_001.mp3,True,258.159979,
data/raw/Echoes/Echoes/TTA/brev/Crossing_Los_Llamarada_brev_TTA_002.mp3,True,244.719979,
data/raw/Echoes/Echoes/TTA/brev/Digital_Lightning_Cloudkicker_brev_TTA_001.mp3,True,479.959979,
data/raw/Echoes/Echoes/TTA/brev/Digital_Lightning_Cloudkicker_brev_TTA_002.mp3,True,479.959979,
data/raw/Echoes/Echoes/TTA/brev/Empty_Pockets_Pete_Prodoehl_brev_TTA_001.mp3,True,327.399979,
data/raw/Echoes/Echoes/TTA/brev/Empty_Pockets_Pete_Prodoehl_brev_TTA_002.mp3,True,353.639979,
data/raw/Echoes/Echoes/TTA/brev/Forest_Silence_Serpentarivm_brev_TTA_001.mp3,True,210.799979,
data/raw/Echoes/Echoes/TTA/brev/Forest_Silence_Serpentarivm_brev_TTA_002.mp3,True,234.439979,
data/raw/Echoes/Echoes/TTA/brev/Formic_Acid_for_Blood_Punk_Rock_Opera_brev_TTA_001.mp3,True,132.639979,
data/raw/Echoes/Echoes/TTA/brev/Formic_Acid_for_Blood_Punk_Rock_Opera_brev_TTA_002.mp3,True,136.959979,
data/raw/Echoes/Echoes/TTA/brev/Gila_Monster_FlopMusic_History_LessonThe_Sonics_The_Crypts_brev_TTA_001.mp3,True,94.399979,
data/raw/Echoes/Echoes/TTA/brev/Gila_Monster_FlopMusic_History_LessonThe_Sonics_The_Crypts_brev_TTA_002.mp3,True,105.159979,
data/raw/Echoes/Echoes/TTA/brev/Head_of_Ancante_Talking_Tree_Akchamel_The_Giver_of_Illness_brev_TTA_001.mp3,True,224.999979,
data/raw/Echoes/Echoes/TTA/brev/Head_of_Ancante_Talking_Tree_Akchamel_The_Giver_of_Illness_brev_TTA_002.mp3,True,186.599979,
data/raw/Echoes/Echoes/TTA/brev/I_Dream_So_Vividly_Uninhabitable_Mansions_brev_TTA_001.mp3,True,196.279979,
data/raw/Echoes/Echoes/TTA/brev/I_Dream_So_Vividly_Uninhabitable_Mansions_brev_TTA_002.mp3,True,187.559979,
data/raw/Echoes/Echoes/TTA/brev/I_Fell_Mod_Fun_brev_TTA_001.mp3,True,164.959979,
data/raw/Echoes/Echoes/TTA/brev/I_Fell_Mod_Fun_brev_TTA_002.mp3,True,157.039979,
data/raw/Echoes/Echoes/TTA/brev/Infinite_Light_Pipe_Choir_brev_TTA_001.mp3,True,305.399979,
data/raw/Echoes/Echoes/TTA/brev/Infinite_Light_Pipe_Choir_brev_TTA_002.mp3,True,208.279979,
data/raw/Echoes/Echoes/TTA/brev/I_Inflammator_brev_TTA_001.mp3,True,167.359979,
data/raw/Echoes/Echoes/TTA/brev/I_Inflammator_brev_TTA_002.mp3,True,164.959979,
data/raw/Echoes/Echoes/TTA/brev/Johnny_I_Lie_The_Moi_Non_Plus_brev_TTA_001.mp3,True,173.119979,
data/raw/Echoes/Echoes/TTA/brev/Johnny_I_Lie_The_Moi_Non_Plus_brev_TTA_002.mp3,True,128.439979,
data/raw/Echoes/Echoes/TTA/brev/KOMFORT_voyageurs_brev_TTA_001.mp3,True,244.399979,
data/raw/Echoes/Echoes/TTA/brev/KOMFORT_voyageurs_brev_TTA_002.mp3,True,209.999979,
data/raw/Echoes/Echoes/TTA/brev/LIQUID_SKULLS_voyageurs_brev_TTA_001.mp3,True,194.399979,
data/raw/Echoes/Echoes/TTA/brev/LIQUID_SKULLS_voyageurs_brev_TTA_002.mp3,True,155.999979,
data/raw/Echoes/Echoes/TTA/brev/Lost_Paradise_Autumn_Interlude_brev_TTA_001.mp3,True,219.999979,
data/raw/Echoes/Echoes/TTA/brev/Lost_Paradise_Autumn_Interlude_brev_TTA_002.mp3,True,233.199979,
data/raw/Echoes/Echoes/TTA/brev/Love_Dream_The_Zombie_Dandies_brev_TTA_001.mp3,True,91.839979,
data/raw/Echoes/Echoes/TTA/brev/Love_Dream_The_Zombie_Dandies_brev_TTA_002.mp3,True,129.559979,
data/raw/Echoes/Echoes/TTA/brev/March_of_the_GPA_Mechanics_tghost_brev_TTA_001.mp3,True,166.799979,
data/raw/Echoes/Echoes/TTA/brev/March_of_the_GPA_Mechanics_tghost_brev_TTA_002.mp3,True,213.359979,
data/raw/Echoes/Echoes/TTA/brev/Mettle_Pipe_Choir_brev_TTA_001.mp3,True,259.799979,
data/raw/Echoes/Echoes/TTA/brev/Mettle_Pipe_Choir_brev_TTA_002.mp3,True,273.399979,
data/raw/Echoes/Echoes/TTA/brev/Millitary_Industrial_Complex_Punk_Rock_Opera_brev_TTA_001.mp3,True,199.919979,
data/raw/Echoes/Echoes/TTA/brev/Millitary_Industrial_Complex_Punk_Rock_Opera_brev_TTA_002.mp3,True,159.879979,
data/raw/Echoes/Echoes/TTA/brev/Mountain_Mist_Modey_Lemon_brev_TTA_001.mp3,True,150.759979,
data/raw/Echoes/Echoes/TTA/brev/Mountain_Mist_Modey_Lemon_brev_TTA_002.mp3,True,186.079979,
data/raw/Echoes/Echoes/TTA/brev/I_Nocturnal_Mayhem_brev_TTA_001.mp3,True,220.959979,
data/raw/Echoes/Echoes/TTA/brev/I_Nocturnal_Mayhem_brev_TTA_002.mp3,True,255.079979,
data/raw/Echoes/Echoes/TTA/brev/Nose_DUSTdevils_brev_TTA_001.mp3,True,189.199979,
data/raw/Echoes/Echoes/TTA/brev/Nose_DUSTdevils_brev_TTA_002.mp3,True,179.759979,
data/raw/Echoes/Echoes/TTA/brev/One_Eyed_GhostThis_is_gonna_be_a_rough_show_The_Crypts_brev_TTA_001.mp3,True,134.959979,
data/raw/Echoes/Echoes/TTA/brev/One_Eyed_GhostThis_is_gonna_be_a_rough_show_The_Crypts_brev_TTA_002.mp3,True,144.519979,
data/raw/Echoes/Echoes/TTA/brev/Roach-Man_Punk_Rock_Opera_brev_TTA_001.mp3,True,169.959979,
data/raw/Echoes/Echoes/TTA/brev/Roach-Man_Punk_Rock_Opera_brev_TTA_002.mp3,True,120.159979,
data/raw/Echoes/Echoes/TTA/brev/Robocall_Legally_Blind_brev_TTA_001.mp3,True,185.119979,
data/raw/Echoes/Echoes/TTA/brev/Robocall_Legally_Blind_brev_TTA_002.mp3,True,140.359979,
data/raw/Echoes/Echoes/TTA/brev/Roland_Garros_2048_Zoliborz_brev_TTA_001.mp3,True,186.919979,
data/raw/Echoes/Echoes/TTA/brev/Roland_Garros_2048_Zoliborz_brev_TTA_002.mp3,True,150.119979,
data/raw/Echoes/Echoes/TTA/brev/Scramby_Eggs_Andy_G._Cohen_brev_TTA_001.mp3,True,194.999979,
data/raw/Echoes/Echoes/TTA/brev/Scramby_Eggs_Andy_G._Cohen_brev_TTA_002.mp3,True,224.999979,
data/raw/Echoes/Echoes/TTA/brev/Sea_Monster_The_Crypts_brev_TTA_001.mp3,True,145.759979,
data/raw/Echoes/Echoes/TTA/brev/Sea_Monster_The_Crypts_brev_TTA_002.mp3,True,163.239979,
data/raw/Echoes/Echoes/TTA/brev/Sfogare_Il_Dissenso_Deiezione_HC_brev_TTA_001.mp3,True,109.479979,
data/raw/Echoes/Echoes/TTA/brev/Sfogare_Il_Dissenso_Deiezione_HC_brev_TTA_002.mp3,True,94.319979,
data/raw/Echoes/Echoes/TTA/brev/Snakefirewalking_Los_Llamarada_brev_TTA_001.mp3,True,313.639979,
data/raw/Echoes/Echoes/TTA/brev/Snakefirewalking_Los_Llamarada_brev_TTA_002.mp3,True,233.439979,
data/raw/Echoes/Echoes/TTA/brev/Soul_of_the_Demon_Zombie_Raiders_brev_TTA_001.mp3,True,129.239979,
data/raw/Echoes/Echoes/TTA/brev/Soul_of_the_Demon_Zombie_Raiders_brev_TTA_002.mp3,True,169.359979,
data/raw/Echoes/Echoes/TTA/brev/Stranger_Frigg_A_Go_Go_F.A.G.G._brev_TTA_001.mp3,True,157.959979,
data/raw/Echoes/Echoes/TTA/brev/Stranger_Frigg_A_Go_Go_F.A.G.G._brev_TTA_002.mp3,True,144.719979,
data/raw/Echoes/Echoes/TTA/brev/Stuttgart_Portrayal_brev_TTA_001.mp3,True,189.679979,
data/raw/Echoes/Echoes/TTA/brev/Stuttgart_Portrayal_brev_TTA_002.mp3,True,229.199979,
data/raw/Echoes/Echoes/TTA/brev/Terve_Teille_Чокнутый_Пропеллер_brev_TTA_001.mp3,True,119.759979,
data/raw/Echoes/Echoes/TTA/brev/Terve_Teille_Чокнутый_Пропеллер_brev_TTA_002.mp3,True,119.959979,
data/raw/Echoes/Echoes/TTA/brev/The_Contract_The_IMG_brev_TTA_001.mp3,True,201.679979,
data/raw/Echoes/Echoes/TTA/brev/The_Contract_The_IMG_brev_TTA_002.mp3,True,198.159979,
data/raw/Echoes/Echoes/TTA/brev/The_girl_just_faded_Los_Llamarada_brev_TTA_001.mp3,True,210.039979,
data/raw/Echoes/Echoes/TTA/brev/The_girl_just_faded_Los_Llamarada_brev_TTA_002.mp3,True,199.919979,
data/raw/Echoes/Echoes/TTA/brev/Track_04_Lightning_Bolt_brev_TTA_001.mp3,True,207.399979,
data/raw/Echoes/Echoes/TTA/brev/Track_04_Lightning_Bolt_brev_TTA_002.mp3,True,181.199979,
data/raw/Echoes/Echoes/TTA/brev/Transmit_Lamprey_brev_TTA_001.mp3,True,199.119979,
data/raw/Echoes/Echoes/TTA/brev/Transmit_Lamprey_brev_TTA_002.mp3,True,252.799979,
data/raw/Echoes/Echoes/TTA/brev/Voxel_Andy_G._Cohen_brev_TTA_001.mp3,True,242.959979,
data/raw/Echoes/Echoes/TTA/brev/Voxel_Andy_G._Cohen_brev_TTA_002.mp3,True,479.959979,
data/raw/Echoes/Echoes/TTA/brev/We_Move_in_Waves_Modey_Lemon_brev_TTA_001.mp3,True,148.519979,
data/raw/Echoes/Echoes/TTA/brev/We_Move_in_Waves_Modey_Lemon_brev_TTA_002.mp3,True,150.599979,
data/raw/Echoes/Echoes/TTA/brev/Where_Is_Everything_The_Moi_Non_Plus_brev_TTA_001.mp3,True,148.039979,
data/raw/Echoes/Echoes/TTA/brev/Where_Is_Everything_The_Moi_Non_Plus_brev_TTA_002.mp3,True,100.879979,
data/raw/Echoes/Echoes/TTA/brev/Who_Loves_You_Dear_Mink_Lungs_brev_TTA_001.mp3,True,153.119979,
data/raw/Echoes/Echoes/TTA/brev/Who_Loves_You_Dear_Mink_Lungs_brev_TTA_002.mp3,True,154.039979,
data/raw/Echoes/Echoes/TTA/brev/Windows_of_the_Skull_Sarin_brev_TTA_001.mp3,True,249.199979,
data/raw/Echoes/Echoes/TTA/brev/Windows_of_the_Skull_Sarin_brev_TTA_002.mp3,True,223.399979,
data/raw/Echoes/Echoes/TTA/brev/Wir_Werden_Gott_Japanische_Kampfhorspiele_brev_TTA_001.mp3,True,190.279979,
data/raw/Echoes/Echoes/TTA/brev/Wir_Werden_Gott_Japanische_Kampfhorspiele_brev_TTA_002.mp3,True,207.479979,
data/raw/Echoes/Echoes/TTA/brev/Ynkelig_Die_Morgendammerung_Des_Valhalla_brev_TTA_001.mp3,True,273.679979,
data/raw/Echoes/Echoes/TTA/brev/Ynkelig_Die_Morgendammerung_Des_Valhalla_brev_TTA_002.mp3,True,184.959979,
data/raw/Echoes/Echoes/TTA/brev/Новый_Нью-Йорк_2_Чокнутый_Пропеллер_brev_TTA_001.mp3,True,99.399979,
data/raw/Echoes/Echoes/TTA/brev/Новый_Нью-Йорк_2_Чокнутый_Пропеллер_brev_TTA_002.mp3,True,87.959979,
data/raw/Echoes/Echoes/TTA/diffrhythm/10000_People_Chanting_Im_an_Individual_Nihilore_diffrhythm_TTA_001.mp3,True,141.966803,
data/raw/Echoes/Echoes/TTA/diffrhythm/2Much_Andy_Spinelli_Alex_Sánchez_House_Edit_Tentacles_diffrhythm_TTA_001.mp3,True,127.98839,
data/raw/Echoes/Echoes/TTA/diffrhythm/3_am_West_End_statusq_diffrhythm_TTA_001.mp3,True,118.979048,
data/raw/Echoes/Echoes/TTA/diffrhythm/Acoustic_Unleashed_Remain_diffrhythm_TTA_001.mp3,True,107.972789,
data/raw/Echoes/Echoes/TTA/diffrhythm/Ad_Astra_P_C_III_diffrhythm_TTA_001.mp3,True,112.988299,
data/raw/Echoes/Echoes/TTA/diffrhythm/All_of_Us_Eric_Skiff_diffrhythm_TTA_001.mp3,True,105.975873,
data/raw/Echoes/Echoes/TTA/diffrhythm/Ancient_Whispers_I_P_C_III_diffrhythm_TTA_001.mp3,True,137.972971,
data/raw/Echoes/Echoes/TTA/diffrhythm/And_Over_The_Rainbows_milky-chu_diffrhythm_TTA_001.mp3,True,107.972789,
data/raw/Echoes/Echoes/TTA/diffrhythm/Aquamarine_My_Distant_Blue_Nihilore_diffrhythm_TTA_001.mp3,True,137.972971,
data/raw/Echoes/Echoes/TTA/diffrhythm/Artificial_anxiety_Michett_diffrhythm_TTA_001.mp3,True,138.994649,
data/raw/Echoes/Echoes/TTA/diffrhythm/As_Nihilism_Gives_Way_To_Existentialism_Nihilore_diffrhythm_TTA_001.mp3,True,119.954286,
data/raw/Echoes/Echoes/TTA/diffrhythm/Authenticity_Nihilore_diffrhythm_TTA_001.mp3,True,140.991565,
data/raw/Echoes/Echoes/TTA/diffrhythm/Autobahn_S-B-J_diffrhythm_TTA_001.mp3,True,134.954376,
data/raw/Echoes/Echoes/TTA/diffrhythm/A_Different_World_By_Night_Nihilore_diffrhythm_TTA_001.mp3,True,105.975873,
data/raw/Echoes/Echoes/TTA/diffrhythm/Bizzy_The_Tleilaxu_Music_Machine_diffrhythm_TTA_001.mp3,True,141.966803,
data/raw/Echoes/Echoes/TTA/diffrhythm/Clay_Heart_Nihilore_diffrhythm_TTA_001.mp3,True,126.966712,
data/raw/Echoes/Echoes/TTA/diffrhythm/Cloudy_Subway_Sonicbeat_diffrhythm_TTA_001.mp3,True,110.991383,
data/raw/Echoes/Echoes/TTA/diffrhythm/Cold_Chains_Rolemusic_diffrhythm_TTA_001.mp3,True,126.966712,
data/raw/Echoes/Echoes/TTA/diffrhythm/Coliidae_K.D._Expression_diffrhythm_TTA_001.mp3,True,103.978957,
data/raw/Echoes/Echoes/TTA/diffrhythm/CopperNickle_UncleBibby_diffrhythm_TTA_001.mp3,True,103.978957,
data/raw/Echoes/Echoes/TTA/diffrhythm/Dance_Harder_Three_Chain_Links_diffrhythm_TTA_001.mp3,True,139.969887,
data/raw/Echoes/Echoes/TTA/diffrhythm/Dance_of_the_Martians_SynthStep_Edit_Maxim_Kornyshev_diffrhythm_TTA_001.mp3,True,131.982222,
data/raw/Echoes/Echoes/TTA/diffrhythm/Daylight_Savings_My_brother_Daniel_diffrhythm_TTA_001.mp3,True,136.997732,
data/raw/Echoes/Echoes/TTA/diffrhythm/Dreams_ENDRUDARK_diffrhythm_TTA_001.mp3,True,99.985125,
data/raw/Echoes/Echoes/TTA/diffrhythm/Dr_Deimos-Scribble_Mizukis_Last_ChanceDr_Deimos_diffrhythm_TTA_001.mp3,True,138.994649,
data/raw/Echoes/Echoes/TTA/diffrhythm/Edge_Mystery_Mammal_diffrhythm_TTA_001.mp3,True,141.966803,
data/raw/Echoes/Echoes/TTA/diffrhythm/Empower_Thee_vargero_diffrhythm_TTA_001.mp3,True,98.963447,
data/raw/Echoes/Echoes/TTA/diffrhythm/Endless_The_Birth_and_Death_of_Silence_diffrhythm_TTA_001.mp3,True,144.985397,
data/raw/Echoes/Echoes/TTA/diffrhythm/End_of_the_Line_H-LR_diffrhythm_TTA_001.mp3,True,120.975964,
data/raw/Echoes/Echoes/TTA/diffrhythm/End_titles_Itsensäsyöjät_diffrhythm_TTA_001.mp3,True,119.954286,
data/raw/Echoes/Echoes/TTA/diffrhythm/Enthalpy_Rolemusic_diffrhythm_TTA_001.mp3,True,139.969887,
data/raw/Echoes/Echoes/TTA/diffrhythm/Fifth_Ramble_-_From_the_album_Keith_RSVP007_My_brother_Daniel_diffrhythm_TTA_001.mp3,True,125.991474,
data/raw/Echoes/Echoes/TTA/diffrhythm/Flashback_Seclorance_diffrhythm_TTA_001.mp3,True,111.966621,
data/raw/Echoes/Echoes/TTA/diffrhythm/Fleslit_Fleslit_diffrhythm_TTA_001.mp3,True,109.969705,
data/raw/Echoes/Echoes/TTA/diffrhythm/Fly_2_Andre_Jetson_diffrhythm_TTA_001.mp3,True,127.98839,
data/raw/Echoes/Echoes/TTA/diffrhythm/Four_and_a_Half_Tatami_Nihilore_diffrhythm_TTA_001.mp3,True,128.963628,
data/raw/Echoes/Echoes/TTA/diffrhythm/Fuckaboing_RoccoW_diffrhythm_TTA_001.mp3,True,138.994649,
data/raw/Echoes/Echoes/TTA/diffrhythm/Go_On_Then_Jim_Rooster_diffrhythm_TTA_001.mp3,True,102.957279,
data/raw/Echoes/Echoes/TTA/diffrhythm/Hammer_and_a_Nail_Vienna_Ditto_diffrhythm_TTA_001.mp3,True,140.991565,
data/raw/Echoes/Echoes/TTA/diffrhythm/If_Youre_Ther_Nicola_Ratti_diffrhythm_TTA_001.mp3,True,126.966712,
data/raw/Echoes/Echoes/TTA/diffrhythm/Improvisation_Broken_Chord_diffrhythm_TTA_001.mp3,True,98.963447,
data/raw/Echoes/Echoes/TTA/diffrhythm/Introduction_beats_Itsensäsyöjät_diffrhythm_TTA_001.mp3,True,135.976054,
data/raw/Echoes/Echoes/TTA/diffrhythm/It_Cant_Be_Bargained_With_Three_Chain_Links_diffrhythm_TTA_001.mp3,True,101.982041,
data/raw/Echoes/Echoes/TTA/diffrhythm/I_Know_His_Blood_Vienna_Ditto_diffrhythm_TTA_001.mp3,True,106.997551,
data/raw/Echoes/Echoes/TTA/diffrhythm/Jangus_inspired_by_ToeJam_and_Earl_UncleBibby_diffrhythm_TTA_001.mp3,True,117.95737,
data/raw/Echoes/Echoes/TTA/diffrhythm/Key_trick_Krisa_diffrhythm_TTA_001.mp3,True,132.95746,
data/raw/Echoes/Echoes/TTA/diffrhythm/Killing_Bosses_Gumbel_diffrhythm_TTA_001.mp3,True,109.969705,
data/raw/Echoes/Echoes/TTA/diffrhythm/Kumorizoranohajimarutokoro_Hosomi_diffrhythm_TTA_001.mp3,True,119.954286,
data/raw/Echoes/Echoes/TTA/diffrhythm/Laika_NGC_1365_diffrhythm_TTA_001.mp3,True,117.95737,
data/raw/Echoes/Echoes/TTA/diffrhythm/La_Nina_Blanca_Vienna_Ditto_diffrhythm_TTA_001.mp3,True,132.95746,
data/raw/Echoes/Echoes/TTA/diffrhythm/Lets_Start_Out_Slow_RoccoW_diffrhythm_TTA_001.mp3,True,120.975964,
data/raw/Echoes/Echoes/TTA/diffrhythm/Let_Youre_Body_Move_D_SMILEZ_diffrhythm_TTA_001.mp3,True,102.957279,
data/raw/Echoes/Echoes/TTA/diffrhythm/Liar_Liar_Quietly_Vienna_Ditto_diffrhythm_TTA_001.mp3,True,144.985397,
data/raw/Echoes/Echoes/TTA/diffrhythm/Liberosis_Nihilore_diffrhythm_TTA_001.mp3,True,122.97288,
data/raw/Echoes/Echoes/TTA/diffrhythm/Little_Fingers_Vienna_Ditto_diffrhythm_TTA_001.mp3,True,119.954286,
data/raw/Echoes/Echoes/TTA/diffrhythm/Lost_In_The_Music_D-Smilez_Mix_D_SMILEZ_diffrhythm_TTA_001.mp3,True,134.954376,
data/raw/Echoes/Echoes/TTA/diffrhythm/Loved_Ones_Rowan_Box_diffrhythm_TTA_001.mp3,True,129.985306,
data/raw/Echoes/Echoes/TTA/diffrhythm/Morning_Bell_Nihilore_diffrhythm_TTA_001.mp3,True,121.997642,
data/raw/Echoes/Echoes/TTA/diffrhythm/mystery_team_2090_Jesse_Futerman_diffrhythm_TTA_001.mp3,True,120.975964,
data/raw/Echoes/Echoes/TTA/diffrhythm/Night_Drive_Decktonic_diffrhythm_TTA_001.mp3,True,136.997732,
data/raw/Echoes/Echoes/TTA/diffrhythm/Night_Owl_Broke_For_Free_diffrhythm_TTA_001.mp3,True,140.991565,
data/raw/Echoes/Echoes/TTA/diffrhythm/Noam_Chomskys_Corporate_Carbohydrate_Surprise_Quelle_Fromage_diffrhythm_TTA_001.mp3,True,127.98839,
data/raw/Echoes/Echoes/TTA/diffrhythm/November_25_2007_Kenneth_Kirschner_diffrhythm_TTA_001.mp3,True,130.960544,
data/raw/Echoes/Echoes/TTA/diffrhythm/Nuo_Maisemat_Paavoharju_diffrhythm_TTA_001.mp3,True,129.985306,
data/raw/Echoes/Echoes/TTA/diffrhythm/Ohtli_Seclorance_diffrhythm_TTA_001.mp3,True,136.997732,
data/raw/Echoes/Echoes/TTA/diffrhythm/Okiirobo_Navigation_System_Henry_Homesweet_diffrhythm_TTA_001.mp3,True,124.969796,
data/raw/Echoes/Echoes/TTA/diffrhythm/Only_Instrumental_Broke_For_Free_diffrhythm_TTA_001.mp3,True,128.963628,
data/raw/Echoes/Echoes/TTA/diffrhythm/OOOTHERSIDE_-_Liquid_Paper_Mike_B._Fort_diffrhythm_TTA_001.mp3,True,98.963447,
data/raw/Echoes/Echoes/TTA/diffrhythm/OOOTHERSIDE_-_This_Time_Mike_B._Fort_diffrhythm_TTA_001.mp3,True,128.963628,
data/raw/Echoes/Echoes/TTA/diffrhythm/OST_04_Ship_under_attack_sawsquarenoise_diffrhythm_TTA_001.mp3,True,99.985125,
data/raw/Echoes/Echoes/TTA/diffrhythm/Paris_Fleslit_diffrhythm_TTA_001.mp3,True,140.991565,
data/raw/Echoes/Echoes/TTA/diffrhythm/Pista_Afuera_Epstein_diffrhythm_TTA_001.mp3,True,113.963537,
data/raw/Echoes/Echoes/TTA/diffrhythm/Ponky_McFonky_My_brother_Daniel_diffrhythm_TTA_001.mp3,True,101.982041,
data/raw/Echoes/Echoes/TTA/diffrhythm/Promo_Mix_Vocal_Edit_Luv_Dub_Mix_Pierlo_diffrhythm_TTA_001.mp3,True,107.972789,
data/raw/Echoes/Echoes/TTA/diffrhythm/Realize_Me_Jim_Rooster_diffrhythm_TTA_001.mp3,True,97.988209,
data/raw/Echoes/Echoes/TTA/diffrhythm/Resistentialism_Nihilore_diffrhythm_TTA_001.mp3,True,112.988299,
data/raw/Echoes/Echoes/TTA/diffrhythm/Robot_Heart_Mystery_Mammal_diffrhythm_TTA_001.mp3,True,135.976054,
data/raw/Echoes/Echoes/TTA/diffrhythm/Rolling_On_Avaren_diffrhythm_TTA_001.mp3,True,125.991474,
data/raw/Echoes/Echoes/TTA/diffrhythm/Running_Free_Michett_featuring_Kalipluche_diffrhythm_TTA_001.mp3,True,116.982132,
data/raw/Echoes/Echoes/TTA/diffrhythm/Scape_from_the_city_Rolemusic_diffrhythm_TTA_001.mp3,True,134.954376,
data/raw/Echoes/Echoes/TTA/diffrhythm/SD_Ill_Mix_H-LR_diffrhythm_TTA_001.mp3,True,122.97288,
data/raw/Echoes/Echoes/TTA/diffrhythm/Seppuku_Bot_Decktonic_diffrhythm_TTA_001.mp3,True,108.994467,
data/raw/Echoes/Echoes/TTA/diffrhythm/Set_Fire_to_Creation_Nihilore_diffrhythm_TTA_001.mp3,True,108.994467,
data/raw/Echoes/Echoes/TTA/diffrhythm/shmoove_epsilon_not_diffrhythm_TTA_001.mp3,True,136.997732,
data/raw/Echoes/Echoes/TTA/diffrhythm/Slot_Neotnas_diffrhythm_TTA_001.mp3,True,136.997732,
data/raw/Echoes/Echoes/TTA/diffrhythm/some_dextromethorphan_Jeva_diffrhythm_TTA_001.mp3,True,125.991474,
data/raw/Echoes/Echoes/TTA/diffrhythm/Straw_Fields_Rolemusic_diffrhythm_TTA_001.mp3,True,139.969887,
data/raw/Echoes/Echoes/TTA/diffrhythm/Strongbreeze_Rowan_Box_diffrhythm_TTA_001.mp3,True,122.97288,
data/raw/Echoes/Echoes/TTA/diffrhythm/Sturgeons_Law_Nihilore_diffrhythm_TTA_001.mp3,True,124.969796,
data/raw/Echoes/Echoes/TTA/diffrhythm/Support_Me_in_This_Moment_That_Im_About_To_Lose_Heart_Nihilore_diffrhythm_TTA_001.mp3,True,118.979048,
data/raw/Echoes/Echoes/TTA/diffrhythm/Take_Your_Fingers_Michael_Fakesch_diffrhythm_TTA_001.mp3,True,105.975873,
data/raw/Echoes/Echoes/TTA/diffrhythm/Tapes_Gumbel_diffrhythm_TTA_001.mp3,True,100.960363,
data/raw/Echoes/Echoes/TTA/diffrhythm/Tartu_Tähän_Hetkeen_Paavoharju_diffrhythm_TTA_001.mp3,True,128.963628,
data/raw/Echoes/Echoes/TTA/diffrhythm/The_Adventures_Of_Roderick_Random_Maps_And_Diagrams_diffrhythm_TTA_001.mp3,True,144.985397,
data/raw/Echoes/Echoes/TTA/diffrhythm/The_Big_House_Jason_Shaw_diffrhythm_TTA_001.mp3,True,139.969887,
data/raw/Echoes/Echoes/TTA/diffrhythm/The_Boss_Multifaros_diffrhythm_TTA_001.mp3,True,122.97288,
data/raw/Echoes/Echoes/TTA/diffrhythm/The_Courtyard_Uncle_Bibby_diffrhythm_TTA_001.mp3,True,97.988209,
data/raw/Echoes/Echoes/TTA/diffrhythm/The_Factory_Multifaros_diffrhythm_TTA_001.mp3,True,110.991383,
data/raw/Echoes/Echoes/TTA/diffrhythm/The_Front_Yard_HarleyLikesMusic_diffrhythm_TTA_001.mp3,True,134.954376,
data/raw/Echoes/Echoes/TTA/diffrhythm/The_Secret_Garden_Barbarix_diffrhythm_TTA_001.mp3,True,118.979048,
data/raw/Echoes/Echoes/TTA/diffrhythm/The_Stairway_WarpToken_diffrhythm_TTA_001.mp3,True,125.991474,
data/raw/Echoes/Echoes/TTA/diffrhythm/Three_Bird_My_brother_Daniel_diffrhythm_TTA_001.mp3,True,104.954195,
data/raw/Echoes/Echoes/TTA/diffrhythm/Timen_Passing_By_Jason_Shaw_diffrhythm_TTA_001.mp3,True,143.963719,
data/raw/Echoes/Echoes/TTA/diffrhythm/Time_Up_ENDRUDARK_diffrhythm_TTA_001.mp3,True,112.988299,
data/raw/Echoes/Echoes/TTA/diffrhythm/Topam_Twin_Heads_diffrhythm_TTA_001.mp3,True,112.988299,
data/raw/Echoes/Echoes/TTA/diffrhythm/TTL_Twin_Heads_diffrhythm_TTA_001.mp3,True,97.988209,
data/raw/Echoes/Echoes/TTA/diffrhythm/Ugh_Humans_Can_Join_Mystery_Mammal_diffrhythm_TTA_001.mp3,True,95.991293,
data/raw/Echoes/Echoes/TTA/diffrhythm/Ugly_Vienna_Ditto_diffrhythm_TTA_001.mp3,True,135.976054,
data/raw/Echoes/Echoes/TTA/diffrhythm/Understand_That_This_Is_A_Dream_-_From_the_album_Modulating_Coil_RSVP008_Forrest_James_diffrhythm_TTA_001.mp3,True,124.969796,
data/raw/Echoes/Echoes/TTA/diffrhythm/Unexpected_Little_Happenings_UltraCat_diffrhythm_TTA_001.mp3,True,106.997551,
data/raw/Echoes/Echoes/TTA/diffrhythm/Vanishing_Horizon_Jason_Shaw_diffrhythm_TTA_001.mp3,True,122.97288,
data/raw/Echoes/Echoes/TTA/diffrhythm/Westside_Chillers_Little_Glass_Men_diffrhythm_TTA_001.mp3,True,134.954376,
data/raw/Echoes/Echoes/TTA/diffrhythm/When_I_Was_Taller_Dan_Deacon_diffrhythm_TTA_001.mp3,True,120.975964,
data/raw/Echoes/Echoes/TTA/diffrhythm/When_Will_We_Ever_Learn_Ontayso_diffrhythm_TTA_001.mp3,True,101.982041,
data/raw/Echoes/Echoes/TTA/diffrhythm/Yurtology_Michett_diffrhythm_TTA_001.mp3,True,114.985215,
data/raw/Echoes/Echoes/TTA/diffrhythm/Agora_Malaventura_diffrhythm_TTA_001.mp3,True,128.963628,
data/raw/Echoes/Echoes/TTA/diffrhythm/Autopsy_Oh_Yeah_the_Future_diffrhythm_TTA_001.mp3,True,135.976054,
data/raw/Echoes/Echoes/TTA/diffrhythm/Breeze_Funk_Malaventura_diffrhythm_TTA_001.mp3,True,124.969796,
data/raw/Echoes/Echoes/TTA/diffrhythm/Busby_Berkeley_Ergo_Phizmiz_diffrhythm_TTA_001.mp3,True,119.954286,
data/raw/Echoes/Echoes/TTA/diffrhythm/Celia_Ergo_Phizmiz_diffrhythm_TTA_001.mp3,True,127.98839,
data/raw/Echoes/Echoes/TTA/diffrhythm/Convicted_Jazz_Drones_Malaventura_diffrhythm_TTA_001.mp3,True,136.997732,
data/raw/Echoes/Echoes/TTA/diffrhythm/danse_macabre_Katapulto_diffrhythm_TTA_001.mp3,True,107.972789,
data/raw/Echoes/Echoes/TTA/diffrhythm/Different_Day_First_diffrhythm_TTA_001.mp3,True,100.960363,
data/raw/Echoes/Echoes/TTA/diffrhythm/El_Burrito_Malaventura_diffrhythm_TTA_001.mp3,True,115.960454,
data/raw/Echoes/Echoes/TTA/diffrhythm/Evil_Cannot_Create_Caleb_Lemond_diffrhythm_TTA_001.mp3,True,105.975873,
data/raw/Echoes/Echoes/TTA/diffrhythm/First_Glance_Oh_Yeah_the_Future_diffrhythm_TTA_001.mp3,True,114.985215,
data/raw/Echoes/Echoes/TTA/diffrhythm/Food_and_War_Ergo_Phizmiz_diffrhythm_TTA_001.mp3,True,139.969887,
data/raw/Echoes/Echoes/TTA/diffrhythm/gospellioza_Katapulto_diffrhythm_TTA_001.mp3,True,134.954376,
data/raw/Echoes/Echoes/TTA/diffrhythm/Hungry_Oh_Yeah_the_Future_diffrhythm_TTA_001.mp3,True,136.997732,
data/raw/Echoes/Echoes/TTA/diffrhythm/Invaders_From_Within_Monroeville_Music_Center_diffrhythm_TTA_001.mp3,True,124.969796,
data/raw/Echoes/Echoes/TTA/diffrhythm/I_Think_From_Now_On_Caleb_Lemond_diffrhythm_TTA_001.mp3,True,144.985397,
data/raw/Echoes/Echoes/TTA/diffrhythm/John_the_Baby_Ergo_Phizmiz_diffrhythm_TTA_001.mp3,True,119.954286,
data/raw/Echoes/Echoes/TTA/diffrhythm/karaoke_megablast_Katapulto_diffrhythm_TTA_001.mp3,True,141.966803,
data/raw/Echoes/Echoes/TTA/diffrhythm/Kissing_Scars_Caleb_Lemond_diffrhythm_TTA_001.mp3,True,96.966531,
data/raw/Echoes/Echoes/TTA/diffrhythm/kolorowe_wody_Katapulto_diffrhythm_TTA_001.mp3,True,125.991474,
data/raw/Echoes/Echoes/TTA/diffrhythm/Lackadaisical_Oh_Yeah_the_Future_diffrhythm_TTA_001.mp3,True,95.991293,
data/raw/Echoes/Echoes/TTA/diffrhythm/Lets_the_kids_play_Malaventura_diffrhythm_TTA_001.mp3,True,137.972971,
data/raw/Echoes/Echoes/TTA/diffrhythm/Lets_the_kids_play_Malaventura_diffrhythm_TTA_002.mp3,True,142.988481,
data/raw/Echoes/Echoes/TTA/diffrhythm/Lovedreams_Oh_Yeah_the_Future_diffrhythm_TTA_001.mp3,True,100.960363,
data/raw/Echoes/Echoes/TTA/diffrhythm/Mandrill_Ergo_Phizmiz_diffrhythm_TTA_001.mp3,True,104.954195,
data/raw/Echoes/Echoes/TTA/diffrhythm/mc_trabalenguas_Volumina_diffrhythm_TTA_001.mp3,True,112.988299,
data/raw/Echoes/Echoes/TTA/diffrhythm/Monkeystage_Ergo_Phizmiz_diffrhythm_TTA_001.mp3,True,136.997732,
data/raw/Echoes/Echoes/TTA/diffrhythm/Motocross_Mania_Monroeville_Music_Center_diffrhythm_TTA_001.mp3,True,121.997642,
data/raw/Echoes/Echoes/TTA/diffrhythm/Music_For_an_Underground_Circu_Ergo_Phizmiz_diffrhythm_TTA_001.mp3,True,117.95737,
data/raw/Echoes/Echoes/TTA/diffrhythm/My_Body_Is_A_Weapon_Compromise_Edit_Silence_is_full_of_birds_diffrhythm_TTA_001.mp3,True,103.978957,
data/raw/Echoes/Echoes/TTA/diffrhythm/My_Body_Is_A_Weapon_Compromise_Edit_Silence_is_full_of_birds_diffrhythm_TTA_002.mp3,True,120.975964,
data/raw/Echoes/Echoes/TTA/diffrhythm/Nature_Is_Over_Defined_Bird_Names_diffrhythm_TTA_001.mp3,True,98.963447,
data/raw/Echoes/Echoes/TTA/diffrhythm/Nature_Is_Over_Defined_Bird_Names_diffrhythm_TTA_002.mp3,True,99.985125,
data/raw/Echoes/Echoes/TTA/diffrhythm/New_Brave_Face_Oh_Yeah_the_Future_diffrhythm_TTA_001.mp3,True,108.994467,
data/raw/Echoes/Echoes/TTA/diffrhythm/New_Life_take_1_Bird_Names_diffrhythm_TTA_001.mp3,True,131.982222,
data/raw/Echoes/Echoes/TTA/diffrhythm/New_Life_take_1_Bird_Names_diffrhythm_TTA_002.mp3,True,134.954376,
data/raw/Echoes/Echoes/TTA/diffrhythm/Norweigian_Wood_II_Bird_Names_diffrhythm_TTA_001.mp3,True,138.994649,
data/raw/Echoes/Echoes/TTA/diffrhythm/Nostalgia_Malaventura_diffrhythm_TTA_001.mp3,True,106.997551,
data/raw/Echoes/Echoes/TTA/diffrhythm/On_My_Mind_Ergo_Phizmiz_diffrhythm_TTA_001.mp3,True,142.988481,
data/raw/Echoes/Echoes/TTA/diffrhythm/Outro_Caleb_Lemond_diffrhythm_TTA_001.mp3,True,110.991383,
data/raw/Echoes/Echoes/TTA/diffrhythm/philcollins_takes_your_hand_Katapulto_diffrhythm_TTA_001.mp3,True,139.969887,
data/raw/Echoes/Echoes/TTA/diffrhythm/Polinesia_Malaventura_diffrhythm_TTA_001.mp3,True,133.979138,
data/raw/Echoes/Echoes/TTA/diffrhythm/Production_Bird_Names_diffrhythm_TTA_001.mp3,True,101.982041,
data/raw/Echoes/Echoes/TTA/diffrhythm/purity_danger_Katapulto_diffrhythm_TTA_001.mp3,True,116.982132,
data/raw/Echoes/Echoes/TTA/diffrhythm/purity_danger_Katapulto_diffrhythm_TTA_002.mp3,True,143.963719,
data/raw/Echoes/Echoes/TTA/diffrhythm/Roller_Star_Monroeville_Music_Center_diffrhythm_TTA_001.mp3,True,99.985125,
data/raw/Echoes/Echoes/TTA/diffrhythm/Roundtrip_Oh_Yeah_the_Future_diffrhythm_TTA_001.mp3,True,110.991383,
data/raw/Echoes/Echoes/TTA/diffrhythm/Shadow_Government_Bird_Names_diffrhythm_TTA_001.mp3,True,123.994558,
data/raw/Echoes/Echoes/TTA/diffrhythm/She_Works_Tepid_Waters_Bird_Names_diffrhythm_TTA_001.mp3,True,118.979048,
data/raw/Echoes/Echoes/TTA/diffrhythm/She_Works_Tepid_Waters_Bird_Names_diffrhythm_TTA_002.mp3,True,125.991474,
data/raw/Echoes/Echoes/TTA/diffrhythm/Slow_and_Steady_Caleb_Lemond_diffrhythm_TTA_001.mp3,True,131.982222,
data/raw/Echoes/Echoes/TTA/diffrhythm/Snowday_Oh_Yeah_the_Future_diffrhythm_TTA_001.mp3,True,142.988481,
data/raw/Echoes/Echoes/TTA/diffrhythm/Solearesbeats_Malaventura_diffrhythm_TTA_001.mp3,True,135.976054,
data/raw/Echoes/Echoes/TTA/diffrhythm/Something_Dirty_Ergo_Phizmiz_diffrhythm_TTA_001.mp3,True,117.95737,
data/raw/Echoes/Echoes/TTA/diffrhythm/Space_is_my_pace_Malaventura_diffrhythm_TTA_001.mp3,True,131.982222,
data/raw/Echoes/Echoes/TTA/diffrhythm/Spanish_BEEEYYAAACHHH_Malaventura_diffrhythm_TTA_001.mp3,True,95.991293,
data/raw/Echoes/Echoes/TTA/diffrhythm/Stockholm_Syndrome_People_Should_Be_More_Aware_Bird_Names_diffrhythm_TTA_001.mp3,True,97.988209,
data/raw/Echoes/Echoes/TTA/diffrhythm/Stockholm_Syndrome_People_Should_Be_More_Aware_Bird_Names_diffrhythm_TTA_002.mp3,True,106.997551,
data/raw/Echoes/Echoes/TTA/diffrhythm/The_Cave_of_Time_Monroeville_Music_Center_diffrhythm_TTA_001.mp3,True,108.994467,
data/raw/Echoes/Echoes/TTA/diffrhythm/The_Coldest_Winter_Caleb_Lemond_diffrhythm_TTA_001.mp3,True,106.997551,
data/raw/Echoes/Echoes/TTA/diffrhythm/The_Dream_and_the_Dreamer_Caleb_Lemond_diffrhythm_TTA_001.mp3,True,114.985215,
data/raw/Echoes/Echoes/TTA/diffrhythm/The_plot_Malaventura_diffrhythm_TTA_001.mp3,True,128.963628,
data/raw/Echoes/Echoes/TTA/diffrhythm/The_Pursuit_of_Unintentional_Humor_Oh_Yeah_the_Future_diffrhythm_TTA_001.mp3,True,139.969887,
data/raw/Echoes/Echoes/TTA/diffrhythm/The_Queen_Malaventura_diffrhythm_TTA_001.mp3,True,116.982132,
data/raw/Echoes/Echoes/TTA/diffrhythm/The_Race_Forever_Monroeville_Music_Center_diffrhythm_TTA_001.mp3,True,104.954195,
data/raw/Echoes/Echoes/TTA/diffrhythm/The_Reality_Machine_Monroeville_Music_Center_diffrhythm_TTA_001.mp3,True,103.978957,
data/raw/Echoes/Echoes/TTA/diffrhythm/The_Sandman_Ergo_Phizmiz_diffrhythm_TTA_001.mp3,True,111.966621,
data/raw/Echoes/Echoes/TTA/diffrhythm/Time_Is_Love_Silence_is_full_of_birds_diffrhythm_TTA_001.mp3,True,130.960544,
data/raw/Echoes/Echoes/TTA/diffrhythm/Troubles_Ive_seen_Malaventura_diffrhythm_TTA_001.mp3,True,115.960454,
data/raw/Echoes/Echoes/TTA/diffrhythm/Troubles_Ive_seen_Malaventura_diffrhythm_TTA_002.mp3,True,144.985397,
data/raw/Echoes/Echoes/TTA/diffrhythm/We_Are_Canucks_David_Blair_diffrhythm_TTA_001.mp3,True,109.969705,
data/raw/Echoes/Echoes/TTA/diffrhythm/With_the_Summer_Oh_Yeah_the_Future_diffrhythm_TTA_001.mp3,True,110.991383,
data/raw/Echoes/Echoes/TTA/diffrhythm/Yoko_live_at_FoEG_Emma_Acs_diffrhythm_TTA_001.mp3,True,131.982222,
data/raw/Echoes/Echoes/TTA/diffrhythm/You_Are_A_Monster_Monroeville_Music_Center_diffrhythm_TTA_001.mp3,True,105.975873,
data/raw/Echoes/Echoes/TTA/diffrhythm/zero_rhythm_dollar_boy_Katapulto_diffrhythm_TTA_001.mp3,True,126.966712,
data/raw/Echoes/Echoes/TTA/diffrhythm/1984_Punk_Rock_Opera_diffrhythm_TTA_001.mp3,True,121.997642,
data/raw/Echoes/Echoes/TTA/diffrhythm/November_25_2007_Kenneth_Kirschner_diffrhythm_TTA_002.mp3,True,112.988299,
data/raw/Echoes/Echoes/TTA/diffrhythm/2_Wasnt_There_Isle_of_Pine_diffrhythm_TTA_001.mp3,True,130.960544,
data/raw/Echoes/Echoes/TTA/diffrhythm/50000_Volts_of_Democracy_mp3_Legally_Blind_diffrhythm_TTA_001.mp3,True,117.95737,
data/raw/Echoes/Echoes/TTA/diffrhythm/5_Lexington_Isle_of_Pine_diffrhythm_TTA_001.mp3,True,138.994649,
data/raw/Echoes/Echoes/TTA/diffrhythm/6_Coat_of_Arms_Close_Isle_of_Pine_diffrhythm_TTA_001.mp3,True,106.997551,
data/raw/Echoes/Echoes/TTA/diffrhythm/Apparitions_Under_Glass_Sarin_diffrhythm_TTA_001.mp3,True,125.991474,
data/raw/Echoes/Echoes/TTA/diffrhythm/Attention_Pete_Prodoehl_diffrhythm_TTA_001.mp3,True,141.966803,
data/raw/Echoes/Echoes/TTA/diffrhythm/A_Dark_Blue_Arc_Pipe_Choir_diffrhythm_TTA_001.mp3,True,109.969705,
data/raw/Echoes/Echoes/TTA/diffrhythm/A_Lady_In_Red_With_A_Plan_To_Steal_Did_You_Just_Hex_Me_diffrhythm_TTA_001.mp3,True,141.966803,
data/raw/Echoes/Echoes/TTA/diffrhythm/Bergwald_Bergwald_Every_Now_and_Every_Then_diffrhythm_TTA_001.mp3,True,104.954195,
data/raw/Echoes/Echoes/TTA/diffrhythm/Better_Run_Away_From_Me_Miss_Derringer_diffrhythm_TTA_001.mp3,True,103.978957,
data/raw/Echoes/Echoes/TTA/diffrhythm/Beyond_Luxury_Mors_Ontologica_diffrhythm_TTA_001.mp3,True,142.988481,
data/raw/Echoes/Echoes/TTA/diffrhythm/Black_Panda_The_Crypts_diffrhythm_TTA_001.mp3,True,110.991383,
data/raw/Echoes/Echoes/TTA/diffrhythm/Breathe_New_Life_Scott_Holmes_diffrhythm_TTA_001.mp3,True,116.982132,
data/raw/Echoes/Echoes/TTA/diffrhythm/Burn_Room_For_A_Ghost_diffrhythm_TTA_001.mp3,True,132.95746,
data/raw/Echoes/Echoes/TTA/diffrhythm/Cassie_Lace_The_Zombie_Dandies_diffrhythm_TTA_001.mp3,True,130.960544,
data/raw/Echoes/Echoes/TTA/diffrhythm/Colossal_Stillness_Scott_Holmes_diffrhythm_TTA_001.mp3,True,134.954376,
data/raw/Echoes/Echoes/TTA/diffrhythm/Crossing_Los_Llamarada_diffrhythm_TTA_001.mp3,True,109.969705,
data/raw/Echoes/Echoes/TTA/diffrhythm/Demolition_Michett_diffrhythm_TTA_001.mp3,True,135.976054,
data/raw/Echoes/Echoes/TTA/diffrhythm/Digital_Lightning_Cloudkicker_diffrhythm_TTA_001.mp3,True,107.972789,
data/raw/Echoes/Echoes/TTA/diffrhythm/Dont_want_to_be_your_man_Frigg_A_Go_Go_F.A.G.G._diffrhythm_TTA_001.mp3,True,135.976054,
data/raw/Echoes/Echoes/TTA/diffrhythm/Dr._Bodysnatcher_Modey_Lemon_diffrhythm_TTA_001.mp3,True,120.975964,
data/raw/Echoes/Echoes/TTA/diffrhythm/Electric_Girlfriend_The_Zombie_Dandies_diffrhythm_TTA_001.mp3,True,141.966803,
data/raw/Echoes/Echoes/TTA/diffrhythm/Empty_Pockets_Pete_Prodoehl_diffrhythm_TTA_001.mp3,True,115.960454,
data/raw/Echoes/Echoes/TTA/diffrhythm/Enemy_Modey_Lemon_diffrhythm_TTA_001.mp3,True,129.985306,
data/raw/Echoes/Echoes/TTA/diffrhythm/Eyes_Getting_Louder_Mod_Fun_diffrhythm_TTA_001.mp3,True,116.982132,
data/raw/Echoes/Echoes/TTA/diffrhythm/Fear_Los_Fancy_Free_diffrhythm_TTA_001.mp3,True,127.98839,
data/raw/Echoes/Echoes/TTA/diffrhythm/Five_40_DerbySlow_Whistle_The_Crypts_diffrhythm_TTA_001.mp3,True,130.960544,
data/raw/Echoes/Echoes/TTA/diffrhythm/Forest_Silence_Serpentarivm_diffrhythm_TTA_001.mp3,True,130.960544,
data/raw/Echoes/Echoes/TTA/diffrhythm/Formic_Acid_for_Blood_Punk_Rock_Opera_diffrhythm_TTA_001.mp3,True,101.982041,
data/raw/Echoes/Echoes/TTA/diffrhythm/Fridge_Railkid_Station_diffrhythm_TTA_001.mp3,True,129.985306,
data/raw/Echoes/Echoes/TTA/diffrhythm/Gila_Monster_FlopMusic_History_LessonThe_Sonics_The_Crypts_diffrhythm_TTA_001.mp3,True,130.960544,
data/raw/Echoes/Echoes/TTA/diffrhythm/Gloomy_Sunday_AmortE_diffrhythm_TTA_001.mp3,True,125.991474,
data/raw/Echoes/Echoes/TTA/diffrhythm/Hahaha_The_Moi_Non_Plus_diffrhythm_TTA_001.mp3,True,119.954286,
data/raw/Echoes/Echoes/TTA/diffrhythm/Half_a_Doubt_Droopies_diffrhythm_TTA_001.mp3,True,136.997732,
data/raw/Echoes/Echoes/TTA/diffrhythm/Happy_Lamprey_diffrhythm_TTA_001.mp3,True,138.994649,
data/raw/Echoes/Echoes/TTA/diffrhythm/Head_of_Ancante_Talking_Tree_Akchamel_The_Giver_of_Illness_diffrhythm_TTA_001.mp3,True,138.994649,
data/raw/Echoes/Echoes/TTA/diffrhythm/Hisko_Detria_Hisko_Detria_diffrhythm_TTA_001.mp3,True,108.994467,
data/raw/Echoes/Echoes/TTA/diffrhythm/Im_gonna_try_to_reach_Los_Llamarada_diffrhythm_TTA_001.mp3,True,115.960454,
data/raw/Echoes/Echoes/TTA/diffrhythm/Infinite_Light_Pipe_Choir_diffrhythm_TTA_001.mp3,True,135.976054,
data/raw/Echoes/Echoes/TTA/diffrhythm/Insectlaration_of_Independence_Punk_Rock_Opera_diffrhythm_TTA_001.mp3,True,136.997732,
data/raw/Echoes/Echoes/TTA/diffrhythm/I_Can_See_Everything_Mod_Fun_diffrhythm_TTA_001.mp3,True,135.976054,
data/raw/Echoes/Echoes/TTA/diffrhythm/I_Close_My_Eyes_Miss_Derringer_diffrhythm_TTA_001.mp3,True,141.966803,
data/raw/Echoes/Echoes/TTA/diffrhythm/I_Dream_So_Vividly_Uninhabitable_Mansions_diffrhythm_TTA_001.mp3,True,100.960363,
data/raw/Echoes/Echoes/TTA/diffrhythm/I_Fell_Mod_Fun_diffrhythm_TTA_001.mp3,True,115.960454,
data/raw/Echoes/Echoes/TTA/diffrhythm/I_Inflammator_diffrhythm_TTA_001.mp3,True,122.97288,
data/raw/Echoes/Echoes/TTA/diffrhythm/I_Nocturnal_Mayhem_diffrhythm_TTA_001.mp3,True,143.963719,
data/raw/Echoes/Echoes/TTA/diffrhythm/Johnny_I_Lie_The_Moi_Non_Plus_diffrhythm_TTA_001.mp3,True,96.966531,
data/raw/Echoes/Echoes/TTA/diffrhythm/KISS_my_Boots_The_Zombie_Dandies_diffrhythm_TTA_001.mp3,True,118.979048,
data/raw/Echoes/Echoes/TTA/diffrhythm/KOMFORT_voyageurs_diffrhythm_TTA_001.mp3,True,127.98839,
data/raw/Echoes/Echoes/TTA/diffrhythm/Lady_Love_Parsley_Flakes_diffrhythm_TTA_001.mp3,True,133.979138,
data/raw/Echoes/Echoes/TTA/diffrhythm/Larbre_Salmo_diffrhythm_TTA_001.mp3,True,129.985306,
data/raw/Echoes/Echoes/TTA/diffrhythm/Leaving_Here_Mod_Fun_diffrhythm_TTA_001.mp3,True,114.985215,
data/raw/Echoes/Echoes/TTA/diffrhythm/Liberation_is_not_Easy_Frigg_A_Go_Go_F.A.G.G._diffrhythm_TTA_001.mp3,True,125.991474,
data/raw/Echoes/Echoes/TTA/diffrhythm/Lights_Up_Pipe_Choir_diffrhythm_TTA_001.mp3,True,96.966531,
data/raw/Echoes/Echoes/TTA/diffrhythm/LIQUID_SKULLS_voyageurs_diffrhythm_TTA_001.mp3,True,100.960363,
data/raw/Echoes/Echoes/TTA/diffrhythm/Lost_Paradise_Autumn_Interlude_diffrhythm_TTA_001.mp3,True,119.954286,
data/raw/Echoes/Echoes/TTA/diffrhythm/Love_Dream_The_Zombie_Dandies_diffrhythm_TTA_001.mp3,True,112.988299,
data/raw/Echoes/Echoes/TTA/diffrhythm/March_of_the_GPA_Mechanics_tghost_diffrhythm_TTA_001.mp3,True,119.954286,
data/raw/Echoes/Echoes/TTA/diffrhythm/Mettle_Pipe_Choir_diffrhythm_TTA_001.mp3,True,110.991383,
data/raw/Echoes/Echoes/TTA/diffrhythm/Millitary_Industrial_Complex_Punk_Rock_Opera_diffrhythm_TTA_001.mp3,True,135.976054,
data/raw/Echoes/Echoes/TTA/diffrhythm/Moja_Krypta_AmortE_diffrhythm_TTA_001.mp3,True,103.978957,
data/raw/Echoes/Echoes/TTA/diffrhythm/Moontime_The_IMG_diffrhythm_TTA_001.mp3,True,130.960544,
data/raw/Echoes/Echoes/TTA/diffrhythm/Mosque_Sarin_diffrhythm_TTA_001.mp3,True,98.963447,
data/raw/Echoes/Echoes/TTA/diffrhythm/Mountain_Mist_Modey_Lemon_diffrhythm_TTA_001.mp3,True,123.994558,
data/raw/Echoes/Echoes/TTA/diffrhythm/Natron_Queen_AmortE_diffrhythm_TTA_001.mp3,True,143.963719,
data/raw/Echoes/Echoes/TTA/diffrhythm/Niche_Dreams_Square_People_diffrhythm_TTA_001.mp3,True,143.963719,
data/raw/Echoes/Echoes/TTA/diffrhythm/Nose_DUSTdevils_diffrhythm_TTA_001.mp3,True,132.95746,
data/raw/Echoes/Echoes/TTA/diffrhythm/One_Eyed_GhostThis_is_gonna_be_a_rough_show_The_Crypts_diffrhythm_TTA_001.mp3,True,114.985215,
data/raw/Echoes/Echoes/TTA/diffrhythm/Puertas_de_Fuego_Guerra_de_Cerdos_diffrhythm_TTA_001.mp3,True,115.960454,
data/raw/Echoes/Echoes/TTA/diffrhythm/Reagan_Shut_Down_the_Asylums_Punk_Rock_Opera_diffrhythm_TTA_001.mp3,True,141.966803,
data/raw/Echoes/Echoes/TTA/diffrhythm/Redlight_Room_For_A_Ghost_diffrhythm_TTA_001.mp3,True,143.963719,
data/raw/Echoes/Echoes/TTA/diffrhythm/Roach-Man_Punk_Rock_Opera_diffrhythm_TTA_001.mp3,True,115.960454,
data/raw/Echoes/Echoes/TTA/diffrhythm/Robocall_Legally_Blind_diffrhythm_TTA_001.mp3,True,139.969887,
data/raw/Echoes/Echoes/TTA/diffrhythm/Roland_Garros_2048_Zoliborz_diffrhythm_TTA_001.mp3,True,97.988209,
data/raw/Echoes/Echoes/TTA/diffrhythm/Rumble_Railkid_Station_diffrhythm_TTA_001.mp3,True,103.978957,
data/raw/Echoes/Echoes/TTA/diffrhythm/Scramby_Eggs_Andy_G._Cohen_diffrhythm_TTA_001.mp3,True,141.966803,
data/raw/Echoes/Echoes/TTA/diffrhythm/Sea_Monster_The_Crypts_diffrhythm_TTA_001.mp3,True,128.963628,
data/raw/Echoes/Echoes/TTA/diffrhythm/Sfogare_Il_Dissenso_Deiezione_HC_diffrhythm_TTA_001.mp3,True,101.982041,
data/raw/Echoes/Echoes/TTA/diffrhythm/Sheffield_Hall_Andy_G._Cohen_diffrhythm_TTA_001.mp3,True,119.954286,
data/raw/Echoes/Echoes/TTA/diffrhythm/Shipwrecked_Crew_Pete_Prodoehl_diffrhythm_TTA_001.mp3,True,140.991565,
data/raw/Echoes/Echoes/TTA/diffrhythm/Snakefirewalking_Los_Llamarada_diffrhythm_TTA_001.mp3,True,104.954195,
data/raw/Echoes/Echoes/TTA/diffrhythm/Sonzis_FM_Pipe_Choir_diffrhythm_TTA_001.mp3,True,143.963719,
data/raw/Echoes/Echoes/TTA/diffrhythm/Soul_of_the_Demon_Zombie_Raiders_diffrhythm_TTA_001.mp3,True,138.994649,
data/raw/Echoes/Echoes/TTA/diffrhythm/Stranger_Frigg_A_Go_Go_F.A.G.G._diffrhythm_TTA_001.mp3,True,135.976054,
data/raw/Echoes/Echoes/TTA/diffrhythm/Stuttgart_Portrayal_diffrhythm_TTA_001.mp3,True,127.98839,
data/raw/Echoes/Echoes/TTA/diffrhythm/Take_It_All_Mod_Fun_diffrhythm_TTA_001.mp3,True,103.978957,
data/raw/Echoes/Echoes/TTA/diffrhythm/Terve_Teille_Чокнутый_Пропеллер_diffrhythm_TTA_001.mp3,True,102.957279,
data/raw/Echoes/Echoes/TTA/diffrhythm/The_Contract_The_IMG_diffrhythm_TTA_001.mp3,True,113.963537,
data/raw/Echoes/Echoes/TTA/diffrhythm/The_Dawn_The_One_They_Fear_diffrhythm_TTA_001.mp3,True,108.994467,
data/raw/Echoes/Echoes/TTA/diffrhythm/The_girl_just_faded_Los_Llamarada_diffrhythm_TTA_001.mp3,True,115.960454,
data/raw/Echoes/Echoes/TTA/diffrhythm/The_Monster_MashYa_Look_Fantastic_The_Crypts_diffrhythm_TTA_001.mp3,True,104.954195,
data/raw/Echoes/Echoes/TTA/diffrhythm/Track_04_Lightning_Bolt_diffrhythm_TTA_001.mp3,True,119.954286,
data/raw/Echoes/Echoes/TTA/diffrhythm/Transmit_Lamprey_diffrhythm_TTA_001.mp3,True,95.991293,
data/raw/Echoes/Echoes/TTA/diffrhythm/Untitled_Fatal_Injection_diffrhythm_TTA_001.mp3,True,142.988481,
data/raw/Echoes/Echoes/TTA/diffrhythm/Versailles_Pierce_Murphy_diffrhythm_TTA_001.mp3,True,103.978957,
data/raw/Echoes/Echoes/TTA/diffrhythm/Voxel_Andy_G._Cohen_diffrhythm_TTA_001.mp3,True,113.963537,
data/raw/Echoes/Echoes/TTA/diffrhythm/Wake_Up_The_Moi_Non_Plus_diffrhythm_TTA_001.mp3,True,117.95737,
data/raw/Echoes/Echoes/TTA/diffrhythm/WET_DREAMS_voyageurs_diffrhythm_TTA_001.mp3,True,120.975964,
data/raw/Echoes/Echoes/TTA/diffrhythm/We_Misplaced_A_Cobra_In_the_Uninhabitable_Mansions_Uninhabitable_Mansions_diffrhythm_TTA_001.mp3,True,117.95737,
data/raw/Echoes/Echoes/TTA/diffrhythm/We_Move_in_Waves_Modey_Lemon_diffrhythm_TTA_001.mp3,True,112.988299,
data/raw/Echoes/Echoes/TTA/diffrhythm/Where_Is_Everything_The_Moi_Non_Plus_diffrhythm_TTA_001.mp3,True,128.963628,
data/raw/Echoes/Echoes/TTA/diffrhythm/Who_Loves_You_Dear_Mink_Lungs_diffrhythm_TTA_001.mp3,True,119.954286,
data/raw/Echoes/Echoes/TTA/diffrhythm/Windows_of_the_Skull_Alternate_Version_Sarin_diffrhythm_TTA_001.mp3,True,133.979138,
data/raw/Echoes/Echoes/TTA/diffrhythm/Windows_of_the_Skull_Sarin_diffrhythm_TTA_001.mp3,True,118.979048,
data/raw/Echoes/Echoes/TTA/diffrhythm/Wir_Werden_Gott_Japanische_Kampfhorspiele_diffrhythm_TTA_001.mp3,True,126.966712,
data/raw/Echoes/Echoes/TTA/diffrhythm/Ynkelig_Die_Morgendammerung_Des_Valhalla_diffrhythm_TTA_001.mp3,True,98.963447,
data/raw/Echoes/Echoes/TTA/diffrhythm/November_25_2007_Kenneth_Kirschner_diffrhythm_TTA_003.mp3,True,102.957279,
data/raw/Echoes/Echoes/TTA/mubert/Cold_Chains_Rolemusic_mubert_TTA_001.mp3,True,180.0,
data/raw/Echoes/Echoes/TTA/mubert/Only_Instrumental_Broke_For_Free_mubert_TTA_001.mp3,True,180.0,
data/raw/Echoes/Echoes/TTA/mubert/Night_Owl_Broke_For_Free_mubert_TTA_001.mp3,True,180.0,
data/raw/Echoes/Echoes/TTA/mubert/Seppuku_Bot_Decktonic_mubert_TTA_001.mp3,True,180.0,
data/raw/Echoes/Echoes/TTA/mubert/Tapes_Gumbel_mubert_TTA_001.mp3,True,180.0,
data/raw/Echoes/Echoes/TTA/mubert/Fuckaboing_RoccoW_mubert_TTA_001.mp3,True,180.0,
data/raw/Echoes/Echoes/TTA/mubert/The_Courtyard_Uncle_Bibby_mubert_TTA_001.mp3,True,180.0,
data/raw/Echoes/Echoes/TTA/mubert/OST_04_Ship_under_attack_sawsquarenoise_mubert_TTA_001.mp3,True,180.0,
data/raw/Echoes/Echoes/TTA/mubert/Jangus_inspired_by_ToeJam_and_Earl_UncleBibby_mubert_TTA_001.mp3,True,180.0,
data/raw/Echoes/Echoes/TTA/mubert/Night_Drive_Decktonic_mubert_TTA_001.mp3,True,180.0,
data/raw/Echoes/Echoes/TTA/mubert/Straw_Fields_Rolemusic_mubert_TTA_001.mp3,True,180.0,
data/raw/Echoes/Echoes/TTA/mubert/The_Front_Yard_HarleyLikesMusic_mubert_TTA_001.mp3,True,180.0,
data/raw/Echoes/Echoes/TTA/mubert/All_of_Us_Eric_Skiff_mubert_TTA_001.mp3,True,180.0,
data/raw/Echoes/Echoes/TTA/mubert/Resistentialism_Nihilore_mubert_TTA_001.mp3,True,180.0,
data/raw/Echoes/Echoes/TTA/mubert/Aquamarine_My_Distant_Blue_Nihilore_mubert_TTA_001.mp3,True,180.0,
data/raw/Echoes/Echoes/TTA/mubert/Clay_Heart_Nihilore_mubert_TTA_001.mp3,True,180.0,
data/raw/Echoes/Echoes/TTA/mubert/Dance_Harder_Three_Chain_Links_mubert_TTA_001.mp3,True,180.0,
data/raw/Echoes/Echoes/TTA/mubert/Ohtli_Seclorance_mubert_TTA_001.mp3,True,180.0,
data/raw/Echoes/Echoes/TTA/mubert/Flashback_Seclorance_mubert_TTA_001.mp3,True,180.0,
data/raw/Echoes/Echoes/TTA/mubert/Go_On_Then_Jim_Rooster_mubert_TTA_001.mp3,True,180.0,
data/raw/Echoes/Echoes/TTA/mubert/Realize_Me_Jim_Rooster_mubert_TTA_001.mp3,True,180.0,
data/raw/Echoes/Echoes/TTA/mubert/Running_Free_Michett_featuring_Kalipluche_mubert_TTA_001.mp3,True,180.0,
data/raw/Echoes/Echoes/TTA/mubert/Vanishing_Horizon_Jason_Shaw_mubert_TTA_001.mp3,True,180.0,
data/raw/Echoes/Echoes/TTA/mubert/Hammer_and_a_Nail_Vienna_Ditto_mubert_TTA_001.mp3,True,180.0,
data/raw/Echoes/Echoes/TTA/mubert/Edge_Mystery_Mammal_mubert_TTA_001.mp3,True,180.0,
data/raw/Echoes/Echoes/TTA/mubert/Robot_Heart_Mystery_Mammal_mubert_TTA_001.mp3,True,180.0,
data/raw/Echoes/Echoes/TTA/mubert/Acoustic_Unleashed_Remain_mubert_TTA_001.mp3,True,180.0,
data/raw/Echoes/Echoes/TTA/mubert/Improvisation_Broken_Chord_mubert_TTA_001.mp3,True,180.0,
data/raw/Echoes/Echoes/TTA/mubert/Nuo_Maisemat_Paavoharju_mubert_TTA_001.mp3,True,180.0,
data/raw/Echoes/Echoes/TTA/mubert/When_I_Was_Taller_Dan_Deacon_mubert_TTA_001.mp3,True,180.0,
data/raw/Echoes/Echoes/TTA/mubert/Take_Your_Fingers_Michael_Fakesch_mubert_TTA_001.mp3,True,180.0,
data/raw/Echoes/Echoes/TTA/mubert/Coliidae_K.D._Expression_mubert_TTA_001.mp3,True,180.0,
data/raw/Echoes/Echoes/TTA/mubert/Pista_Afuera_Epstein_mubert_TTA_001.mp3,True,180.0,
data/raw/Echoes/Echoes/TTA/mubert/CopperNickle_UncleBibby_mubert_TTA_001.mp3,True,180.0,
data/raw/Echoes/Echoes/TTA/mubert/Daylight_Savings_My_brother_Daniel_mubert_TTA_001.mp3,True,180.0,
data/raw/Echoes/Echoes/TTA/mubert/mystery_team_2090_Jesse_Futerman_mubert_TTA_001.mp3,True,180.0,
data/raw/Echoes/Echoes/TTA/mubert/Ponky_McFonky_My_brother_Daniel_mubert_TTA_001.mp3,True,180.0,
data/raw/Echoes/Echoes/TTA/mubert/Ugh_Humans_Can_Join_Mystery_Mammal_mubert_TTA_001.mp3,True,180.0,
data/raw/Echoes/Echoes/TTA/mubert/Okiirobo_Navigation_System_Henry_Homesweet_mubert_TTA_001.mp3,True,180.0,
data/raw/Echoes/Echoes/TTA/mubert/Introduction_beats_Itsensäsyöjät_mubert_TTA_001.mp3,True,180.0,
data/raw/Echoes/Echoes/TTA/mubert/Endless_The_Birth_and_Death_of_Silence_mubert_TTA_001.mp3,True,180.0,
data/raw/Echoes/Echoes/TTA/mubert/Noam_Chomskys_Corporate_Carbohydrate_Surprise_Quelle_Fromage_mubert_TTA_001.mp3,True,180.0,
data/raw/Echoes/Echoes/TTA/mubert/Ad_Astra_P_C_III_mubert_TTA_001.mp3,True,180.0,
data/raw/Echoes/Echoes/TTA/mubert/OOOTHERSIDE_-_Liquid_Paper_Mike_B._Fort_mubert_TTA_001.mp3,True,180.0,
data/raw/Echoes/Echoes/TTA/mubert/OOOTHERSIDE_-_This_Time_Mike_B._Fort_mubert_TTA_001.mp3,True,180.0,
data/raw/Echoes/Echoes/TTA/mubert/The_Big_House_Jason_Shaw_mubert_TTA_001.mp3,True,180.0,
data/raw/Echoes/Echoes/TTA/mubert/SD_Ill_Mix_H-LR_mubert_TTA_001.mp3,True,180.0,
data/raw/Echoes/Echoes/TTA/mubert/Autobahn_S-B-J_mubert_TTA_001.mp3,True,180.0,
data/raw/Echoes/Echoes/TTA/mubert/Empower_Thee_vargero_mubert_TTA_001.mp3,True,240.0,
data/raw/Echoes/Echoes/TTA/mubert/Paris_Fleslit_mubert_TTA_001.mp3,True,180.0,
data/raw/Echoes/Echoes/TTA/mubert/We_Are_Canucks_David_Blair_mubert_TTA_001.mp3,True,240.0,
data/raw/Echoes/Echoes/TTA/mubert/Stockholm_Syndrome_People_Should_Be_More_Aware_Bird_Names_mubert_TTA_001.mp3,True,240.0,
data/raw/Echoes/Echoes/TTA/mubert/Troubles_Ive_seen_Malaventura_mubert_TTA_001.mp3,True,240.0,
data/raw/Echoes/Echoes/TTA/mubert/Time_Is_Love_Silence_is_full_of_birds_mubert_TTA_001.mp3,True,240.0,
data/raw/Echoes/Echoes/TTA/mubert/The_plot_Malaventura_mubert_TTA_001.mp3,True,240.0,
data/raw/Echoes/Echoes/TTA/mubert/Roller_Star_Monroeville_Music_Center_mubert_TTA_001.mp3,True,240.0,
data/raw/Echoes/Echoes/TTA/mubert/Motocross_Mania_Monroeville_Music_Center_mubert_TTA_001.mp3,True,240.0,
data/raw/Echoes/Echoes/TTA/mubert/philcollins_takes_your_hand_Katapulto_mubert_TTA_001.mp3,True,240.0,
data/raw/Echoes/Echoes/TTA/mubert/Solearesbeats_Malaventura_mubert_TTA_001.mp3,True,240.0,
data/raw/Echoes/Echoes/TTA/mubert/Breeze_Funk_Malaventura_mubert_TTA_001.mp3,True,240.0,
data/raw/Echoes/Echoes/TTA/mubert/Different_Day_First_mubert_TTA_001.mp3,True,240.0,
data/raw/Echoes/Echoes/TTA/mubert/The_Coldest_Winter_Caleb_Lemond_mubert_TTA_001.mp3,True,240.0,
data/raw/Echoes/Echoes/TTA/mubert/Kissing_Scars_Caleb_Lemond_mubert_TTA_001.mp3,True,240.0,
data/raw/Echoes/Echoes/TTA/mubert/The_Dream_and_the_Dreamer_Caleb_Lemond_mubert_TTA_001.mp3,True,240.0,
data/raw/Echoes/Echoes/TTA/mubert/Evil_Cannot_Create_Caleb_Lemond_mubert_TTA_001.mp3,True,240.0,
data/raw/Echoes/Echoes/TTA/mubert/I_Think_From_Now_On_Caleb_Lemond_mubert_TTA_001.mp3,True,240.0,
data/raw/Echoes/Echoes/TTA/mubert/Lackadaisical_Oh_Yeah_the_Future_mubert_TTA_001.mp3,True,240.0,
data/raw/Echoes/Echoes/TTA/mubert/Hungry_Oh_Yeah_the_Future_mubert_TTA_001.mp3,True,240.0,
data/raw/Echoes/Echoes/TTA/mubert/Autopsy_Oh_Yeah_the_Future_mubert_TTA_001.mp3,True,240.0,
data/raw/Echoes/Echoes/TTA/mubert/Lovedreams_Oh_Yeah_the_Future_mubert_TTA_001.mp3,True,240.0,
data/raw/Echoes/Echoes/TTA/mubert/Roundtrip_Oh_Yeah_the_Future_mubert_TTA_001.mp3,True,240.0,
data/raw/Echoes/Echoes/TTA/mubert/She_Works_Tepid_Waters_Bird_Names_mubert_TTA_001.mp3,True,240.0,
data/raw/Echoes/Echoes/TTA/mubert/Convicted_Jazz_Drones_Malaventura_mubert_TTA_001.mp3,True,240.0,
data/raw/Echoes/Echoes/TTA/mubert/On_My_Mind_Ergo_Phizmiz_mubert_TTA_001.mp3,True,240.0,
data/raw/Echoes/Echoes/TTA/mubert/Something_Dirty_Ergo_Phizmiz_mubert_TTA_001.mp3,True,240.0,
data/raw/Echoes/Echoes/TTA/mubert/Mandrill_Ergo_Phizmiz_mubert_TTA_001.mp3,True,240.0,
data/raw/Echoes/Echoes/TTA/mubert/Busby_Berkeley_Ergo_Phizmiz_mubert_TTA_001.mp3,True,240.0,
data/raw/Echoes/Echoes/TTA/mubert/Celia_Ergo_Phizmiz_mubert_TTA_001.mp3,True,240.0,
data/raw/Echoes/Echoes/TTA/mubert/Food_and_War_Ergo_Phizmiz_mubert_TTA_001.mp3,True,240.0,
data/raw/Echoes/Echoes/TTA/mubert/John_the_Baby_Ergo_Phizmiz_mubert_TTA_001.mp3,True,240.0,
data/raw/Echoes/Echoes/TTA/mubert/Music_For_an_Underground_Circu_Ergo_Phizmiz_mubert_TTA_001.mp3,True,240.0,
data/raw/Echoes/Echoes/TTA/mubert/Monkeystage_Ergo_Phizmiz_mubert_TTA_001.mp3,True,240.0,
data/raw/Echoes/Echoes/TTA/mubert/Yoko_live_at_FoEG_Emma_Acs_mubert_TTA_001.mp3,True,240.0,
data/raw/Echoes/Echoes/TTA/mubert/zero_rhythm_dollar_boy_Katapulto_mubert_TTA_001.mp3,True,240.0,
data/raw/Echoes/Echoes/TTA/mubert/kolorowe_wody_Katapulto_mubert_TTA_001.mp3,True,240.0,
data/raw/Echoes/Echoes/TTA/mubert/Norweigian_Wood_II_Bird_Names_mubert_TTA_001.mp3,True,240.0,
data/raw/Echoes/Echoes/TTA/mubert/New_Life_take_1_Bird_Names_mubert_TTA_001.mp3,True,240.0,
data/raw/Echoes/Echoes/TTA/mubert/New_Life_take_1_Bird_Names_mubert_TTA_002.mp3,True,240.0,
data/raw/Echoes/Echoes/TTA/mubert/Nature_Is_Over_Defined_Bird_Names_mubert_TTA_001.mp3,True,240.0,
data/raw/Echoes/Echoes/TTA/mubert/Shadow_Government_Bird_Names_mubert_TTA_001.mp3,True,240.0,
data/raw/Echoes/Echoes/TTA/mubert/purity_danger_Katapulto_mubert_TTA_001.mp3,True,240.0,
data/raw/Echoes/Echoes/TTA/mubert/danse_macabre_Katapulto_mubert_TTA_001.mp3,True,240.0,
data/raw/Echoes/Echoes/TTA/mubert/gospellioza_Katapulto_mubert_TTA_001.mp3,True,240.0,
data/raw/Echoes/Echoes/TTA/mubert/mc_trabalenguas_Volumina_mubert_TTA_001.mp3,True,240.0,
data/raw/Echoes/Echoes/TTA/mubert/Invaders_From_Within_Monroeville_Music_Center_mubert_TTA_001.mp3,True,240.0,
data/raw/Echoes/Echoes/TTA/mubert/The_Reality_Machine_Monroeville_Music_Center_mubert_TTA_001.mp3,True,240.0,
data/raw/Echoes/Echoes/TTA/mubert/The_Cave_of_Time_Monroeville_Music_Center_mubert_TTA_001.mp3,True,240.0,
data/raw/Echoes/Echoes/TTA/mubert/You_Are_A_Monster_Monroeville_Music_Center_mubert_TTA_001.mp3,True,240.0,
data/raw/Echoes/Echoes/TTA/mubert/The_Race_Forever_Monroeville_Music_Center_mubert_TTA_001.mp3,True,240.0,
data/raw/Echoes/Echoes/TTA/mubert/Colossal_Stillness_Scott_Holmes_mubert_TTA_001.mp3,True,240.0,
data/raw/Echoes/Echoes/TTA/mubert/Lost_Paradise_Autumn_Interlude_mubert_TTA_001.mp3,True,240.0,
data/raw/Echoes/Echoes/TTA/mubert/Infinite_Light_Pipe_Choir_mubert_TTA_001.mp3,True,240.0,
data/raw/Echoes/Echoes/TTA/mubert/Where_Is_Everything_The_Moi_Non_Plus_mubert_TTA_001.mp3,True,240.0,
data/raw/Echoes/Echoes/TTA/mubert/Johnny_I_Lie_The_Moi_Non_Plus_mubert_TTA_001.mp3,True,240.0,
data/raw/Echoes/Echoes/TTA/mubert/I_Nocturnal_Mayhem_mubert_TTA_001.mp3,True,240.0,
data/raw/Echoes/Echoes/TTA/mubert/Ynkelig_Die_Morgendammerung_Des_Valhalla_mubert_TTA_001.mp3,True,240.0,
data/raw/Echoes/Echoes/TTA/mubert/Forest_Silence_Serpentarivm_mubert_TTA_001.mp3,True,240.0,
data/raw/Echoes/Echoes/TTA/mubert/Stuttgart_Portrayal_mubert_TTA_001.mp3,True,240.0,
data/raw/Echoes/Echoes/TTA/mubert/I_Inflammator_mubert_TTA_001.mp3,True,240.0,
data/raw/Echoes/Echoes/TTA/mubert/Transmit_Lamprey_mubert_TTA_001.mp3,True,240.0,
data/raw/Echoes/Echoes/TTA/mubert/The_Contract_The_IMG_mubert_TTA_001.mp3,True,240.0,
data/raw/Echoes/Echoes/TTA/mubert/We_Move_in_Waves_Modey_Lemon_mubert_TTA_001.mp3,True,240.0,
data/raw/Echoes/Echoes/TTA/mubert/Mountain_Mist_Modey_Lemon_mubert_TTA_001.mp3,True,240.0,
data/raw/Echoes/Echoes/TTA/mubert/One_Eyed_GhostThis_is_gonna_be_a_rough_show_The_Crypts_mubert_TTA_001.mp3,True,240.0,
data/raw/Echoes/Echoes/TTA/mubert/Gila_Monster_FlopMusic_History_LessonThe_Sonics_The_Crypts_mubert_TTA_001.mp3,True,240.0,
data/raw/Echoes/Echoes/TTA/mubert/Stranger_Frigg_A_Go_Go_F.A.G.G._mubert_TTA_001.mp3,True,240.0,
data/raw/Echoes/Echoes/TTA/mubert/Sea_Monster_The_Crypts_mubert_TTA_001.mp3,True,240.0,
data/raw/Echoes/Echoes/TTA/mubert/Wir_Werden_Gott_Japanische_Kampfhorspiele_mubert_TTA_001.mp3,True,240.0,
data/raw/Echoes/Echoes/TTA/mubert/Sfogare_Il_Dissenso_Deiezione_HC_mubert_TTA_001.mp3,True,240.0,
data/raw/Echoes/Echoes/TTA/mubert/Formic_Acid_for_Blood_Punk_Rock_Opera_mubert_TTA_001.mp3,True,240.0,
data/raw/Echoes/Echoes/TTA/mubert/Millitary_Industrial_Complex_Punk_Rock_Opera_mubert_TTA_001.mp3,True,240.0,
data/raw/Echoes/Echoes/TTA/mubert/1984_Punk_Rock_Opera_mubert_TTA_001.mp3,True,240.0,
data/raw/Echoes/Echoes/TTA/mubert/Roach-Man_Punk_Rock_Opera_mubert_TTA_001.mp3,True,240.0,
data/raw/Echoes/Echoes/TTA/mubert/Soul_of_the_Demon_Zombie_Raiders_mubert_TTA_001.mp3,True,240.0,
data/raw/Echoes/Echoes/TTA/mubert/Roland_Garros_2048_Zoliborz_mubert_TTA_001.mp3,True,240.0,
data/raw/Echoes/Echoes/TTA/mubert/Who_Loves_You_Dear_Mink_Lungs_mubert_TTA_001.mp3,True,240.0,
data/raw/Echoes/Echoes/TTA/mubert/Robocall_Legally_Blind_mubert_TTA_001.mp3,True,240.0,
data/raw/Echoes/Echoes/TTA/mubert/I_Dream_So_Vividly_Uninhabitable_Mansions_mubert_TTA_001.mp3,True,240.0,
data/raw/Echoes/Echoes/TTA/mubert/March_of_the_GPA_Mechanics_tghost_mubert_TTA_001.mp3,True,240.0,
data/raw/Echoes/Echoes/TTA/mubert/Windows_of_the_Skull_Sarin_mubert_TTA_001.mp3,True,240.0,
data/raw/Echoes/Echoes/TTA/mubert/Attention_Pete_Prodoehl_mubert_TTA_001.mp3,True,240.0,
data/raw/Echoes/Echoes/TTA/mubert/Empty_Pockets_Pete_Prodoehl_mubert_TTA_001.mp3,True,240.0,
data/raw/Echoes/Echoes/TTA/mubert/Digital_Lightning_Cloudkicker_mubert_TTA_001.mp3,True,240.0,
data/raw/Echoes/Echoes/TTA/mubert/Scramby_Eggs_Andy_G._Cohen_mubert_TTA_001.mp3,True,240.0,
data/raw/Echoes/Echoes/TTA/mubert/Voxel_Andy_G._Cohen_mubert_TTA_001.mp3,True,240.0,
data/raw/Echoes/Echoes/TTA/mubert/Love_Dream_The_Zombie_Dandies_mubert_TTA_001.mp3,True,240.0,
data/raw/Echoes/Echoes/TTA/mubert/The_girl_just_faded_Los_Llamarada_mubert_TTA_001.mp3,True,240.0,
data/raw/Echoes/Echoes/TTA/mubert/Snakefirewalking_Los_Llamarada_mubert_TTA_001.mp3,True,240.0,
data/raw/Echoes/Echoes/TTA/mubert/Nose_DUSTdevils_mubert_TTA_001.mp3,True,240.0,
data/raw/Echoes/Echoes/TTA/mubert/Track_04_Lightning_Bolt_mubert_TTA_001.mp3,True,240.0,
data/raw/Echoes/Echoes/TTA/mubert/Crossing_Los_Llamarada_mubert_TTA_001.mp3,True,240.0,
data/raw/Echoes/Echoes/TTA/mubert/2_Wasnt_There_Isle_of_Pine_mubert_TTA_001.mp3,True,240.0,
data/raw/Echoes/Echoes/TTA/mubert/Mettle_Pipe_Choir_mubert_TTA_001.mp3,True,240.0,
data/raw/Echoes/Echoes/TTA/mubert/I_Fell_Mod_Fun_mubert_TTA_001.mp3,True,240.0,
data/raw/Echoes/Echoes/TTA/mubert/Head_of_Ancante_Talking_Tree_Akchamel_The_Giver_of_Illness_mubert_TTA_001.mp3,True,240.0,
data/raw/Echoes/Echoes/TTA/mubert/Новый_Нью-Йорк_2_Чокнутый_Пропеллер_mubert_TTA_001.mp3,True,240.0,
data/raw/Echoes/Echoes/TTA/mubert/Terve_Teille_Чокнутый_Пропеллер_mubert_TTA_001.mp3,True,240.0,
data/raw/Echoes/Echoes/TTA/mubert/LIQUID_SKULLS_voyageurs_mubert_TTA_001.mp3,True,240.0,
data/raw/Echoes/Echoes/TTA/mubert/KOMFORT_voyageurs_mubert_TTA_001.mp3,True,240.0,
data/raw/Echoes/Echoes/TTA/producer/Acoustic_Unleashed_Remain_producer_TTA_001.mp3,True,200.620408,
data/raw/Echoes/Echoes/TTA/producer/Ad_Astra_P_C_III_producer_TTA_001.mp3,True,222.911565,
data/raw/Echoes/Echoes/TTA/producer/All_of_Us_Eric_Skiff_producer_TTA_001.mp3,True,182.787483,
data/raw/Echoes/Echoes/TTA/producer/Aquamarine_My_Distant_Blue_Nihilore_producer_TTA_001.mp3,True,214.738141,
data/raw/Echoes/Echoes/TTA/producer/Autobahn_S-B-J_producer_TTA_001.mp3,True,213.252063,
data/raw/Echoes/Echoes/TTA/producer/Clay_Heart_Nihilore_producer_TTA_001.mp3,True,178.329229,
data/raw/Echoes/Echoes/TTA/producer/Cold_Chains_Rolemusic_producer_TTA_001.mp3,True,186.502676,
data/raw/Echoes/Echoes/TTA/producer/Coliidae_K.D._Expression_producer_TTA_001.mp3,True,236.286259,
data/raw/Echoes/Echoes/TTA/producer/CopperNickle_UncleBibby_producer_TTA_001.mp3,True,176.843175,
data/raw/Echoes/Echoes/TTA/producer/Dance_Harder_Three_Chain_Links_producer_TTA_001.mp3,True,224.397642,
data/raw/Echoes/Echoes/TTA/producer/Daylight_Savings_My_brother_Daniel_producer_TTA_001.mp3,True,167.183651,
data/raw/Echoes/Echoes/TTA/producer/Edge_Mystery_Mammal_producer_TTA_001.mp3,True,230.34195,
data/raw/Echoes/Echoes/TTA/producer/Empower_Thee_vargero_producer_TTA_001.mp3,True,213.252063,
data/raw/Echoes/Echoes/TTA/producer/Endless_The_Birth_and_Death_of_Silence_producer_TTA_001.mp3,True,227.369796,
data/raw/Echoes/Echoes/TTA/producer/Flashback_Seclorance_producer_TTA_001.mp3,True,233.314104,
data/raw/Echoes/Echoes/TTA/producer/Fuckaboing_RoccoW_producer_TTA_001.mp3,True,173.87102,
data/raw/Echoes/Echoes/TTA/producer/Go_On_Then_Jim_Rooster_producer_TTA_001.mp3,True,202.849524,
data/raw/Echoes/Echoes/TTA/producer/Hammer_and_a_Nail_Vienna_Ditto_producer_TTA_001.mp3,True,213.995102,
data/raw/Echoes/Echoes/TTA/producer/Improvisation_Broken_Chord_producer_TTA_001.mp3,True,216.967256,
data/raw/Echoes/Echoes/TTA/producer/Introduction_beats_Itsensäsyöjät_producer_TTA_001.mp3,True,205.078639,
data/raw/Echoes/Echoes/TTA/producer/Jangus_inspired_by_ToeJam_and_Earl_UncleBibby_producer_TTA_001.mp3,True,129.288707,
data/raw/Echoes/Echoes/TTA/producer/mystery_team_2090_Jesse_Futerman_producer_TTA_001.mp3,True,144.149478,
data/raw/Echoes/Echoes/TTA/producer/Night_Drive_Decktonic_producer_TTA_001.mp3,True,198.391293,
data/raw/Echoes/Echoes/TTA/producer/Night_Owl_Broke_For_Free_producer_TTA_001.mp3,True,141.920363,
data/raw/Echoes/Echoes/TTA/producer/Noam_Chomskys_Corporate_Carbohydrate_Surprise_Quelle_Fromage_producer_TTA_001.mp3,True,211.022948,
data/raw/Echoes/Echoes/TTA/producer/Nuo_Maisemat_Paavoharju_producer_TTA_001.mp3,True,213.252063,
data/raw/Echoes/Echoes/TTA/producer/Ohtli_Seclorance_producer_TTA_001.mp3,True,213.995102,
data/raw/Echoes/Echoes/TTA/producer/Okiirobo_Navigation_System_Henry_Homesweet_producer_TTA_001.mp3,True,156.781134,
data/raw/Echoes/Echoes/TTA/producer/Only_Instrumental_Broke_For_Free_producer_TTA_001.mp3,True,154.552018,
data/raw/Echoes/Echoes/TTA/producer/OOOTHERSIDE_-_Liquid_Paper_Mike_B._Fort_producer_TTA_001.mp3,True,212.509025,
data/raw/Echoes/Echoes/TTA/producer/OOOTHERSIDE_-_This_Time_Mike_B._Fort_producer_TTA_001.mp3,True,192.446984,
data/raw/Echoes/Echoes/TTA/producer/OST_04_Ship_under_attack_sawsquarenoise_producer_TTA_001.mp3,True,139.691247,
data/raw/Echoes/Echoes/TTA/producer/Paris_Fleslit_producer_TTA_001.mp3,True,136.71907,
data/raw/Echoes/Echoes/TTA/producer/Pista_Afuera_Epstein_producer_TTA_001.mp3,True,185.759637,
data/raw/Echoes/Echoes/TTA/producer/Ponky_McFonky_My_brother_Daniel_producer_TTA_001.mp3,True,176.100136,
data/raw/Echoes/Echoes/TTA/producer/Realize_Me_Jim_Rooster_producer_TTA_001.mp3,True,199.134331,
data/raw/Echoes/Echoes/TTA/producer/Resistentialism_Nihilore_producer_TTA_001.mp3,True,220.682449,
data/raw/Echoes/Echoes/TTA/producer/Robot_Heart_Mystery_Mammal_producer_TTA_001.mp3,True,213.995102,
data/raw/Echoes/Echoes/TTA/producer/Running_Free_Michett_featuring_Kalipluche_producer_TTA_001.mp3,True,213.252063,
data/raw/Echoes/Echoes/TTA/producer/SD_Ill_Mix_H-LR_producer_TTA_001.mp3,True,218.453333,
data/raw/Echoes/Echoes/TTA/producer/Seppuku_Bot_Decktonic_producer_TTA_001.mp3,True,200.620408,
data/raw/Echoes/Echoes/TTA/producer/Straw_Fields_Rolemusic_producer_TTA_001.mp3,True,190.960907,
data/raw/Echoes/Echoes/TTA/producer/Take_Your_Fingers_Michael_Fakesch_producer_TTA_001.mp3,True,195.419138,
data/raw/Echoes/Echoes/TTA/producer/Tapes_Gumbel_producer_TTA_001.mp3,True,173.127982,
data/raw/Echoes/Echoes/TTA/producer/The_Big_House_Jason_Shaw_producer_TTA_001.mp3,True,179.815329,
data/raw/Echoes/Echoes/TTA/producer/The_Courtyard_Uncle_Bibby_producer_TTA_001.mp3,True,151.579864,
data/raw/Echoes/Echoes/TTA/producer/The_Front_Yard_HarleyLikesMusic_producer_TTA_001.mp3,True,173.87102,
data/raw/Echoes/Echoes/TTA/producer/Ugh_Humans_Can_Join_Mystery_Mammal_producer_TTA_001.mp3,True,214.738141,
data/raw/Echoes/Echoes/TTA/producer/Vanishing_Horizon_Jason_Shaw_producer_TTA_001.mp3,True,185.759637,
data/raw/Echoes/Echoes/TTA/producer/When_I_Was_Taller_Dan_Deacon_producer_TTA_001.mp3,True,201.363447,
data/raw/Echoes/Echoes/TTA/producer/Autopsy_Oh_Yeah_the_Future_producer_TTA_001.mp3,True,220.682449,
data/raw/Echoes/Echoes/TTA/producer/Breeze_Funk_Malaventura_producer_TTA_001.mp3,True,164.211519,
data/raw/Echoes/Echoes/TTA/producer/Busby_Berkeley_Ergo_Phizmiz_producer_TTA_001.mp3,True,176.843175,
data/raw/Echoes/Echoes/TTA/producer/Celia_Ergo_Phizmiz_producer_TTA_001.mp3,True,201.363447,
data/raw/Echoes/Echoes/TTA/producer/Convicted_Jazz_Drones_Malaventura_producer_TTA_001.mp3,True,193.933061,
data/raw/Echoes/Echoes/TTA/producer/danse_macabre_Katapulto_producer_TTA_001.mp3,True,174.614059,
data/raw/Echoes/Echoes/TTA/producer/Different_Day_First_producer_TTA_001.mp3,True,191.703946,
data/raw/Echoes/Echoes/TTA/producer/Evil_Cannot_Create_Caleb_Lemond_producer_TTA_001.mp3,True,197.648254,
data/raw/Echoes/Echoes/TTA/producer/First_Glance_Oh_Yeah_the_Future_producer_TTA_001.mp3,True,214.738141,
data/raw/Echoes/Echoes/TTA/producer/Food_and_War_Ergo_Phizmiz_producer_TTA_001.mp3,True,176.100136,
data/raw/Echoes/Echoes/TTA/producer/gospellioza_Katapulto_producer_TTA_001.mp3,True,167.183651,
data/raw/Echoes/Echoes/TTA/producer/Hungry_Oh_Yeah_the_Future_producer_TTA_001.mp3,True,199.87737,
data/raw/Echoes/Echoes/TTA/producer/I_Think_From_Now_On_Caleb_Lemond_producer_TTA_001.mp3,True,150.836825,
data/raw/Echoes/Echoes/TTA/producer/Invaders_From_Within_Monroeville_Music_Center_producer_TTA_001.mp3,True,211.022948,
data/raw/Echoes/Echoes/TTA/producer/John_the_Baby_Ergo_Phizmiz_producer_TTA_001.mp3,True,31.950658,
data/raw/Echoes/Echoes/TTA/producer/Kissing_Scars_Caleb_Lemond_producer_TTA_001.mp3,True,200.620408,
data/raw/Echoes/Echoes/TTA/producer/kolorowe_wody_Katapulto_producer_TTA_001.mp3,True,194.6761,
data/raw/Echoes/Echoes/TTA/producer/Lackadaisical_Oh_Yeah_the_Future_producer_TTA_001.mp3,True,193.933061,
data/raw/Echoes/Echoes/TTA/producer/Lovedreams_Oh_Yeah_the_Future_producer_TTA_001.mp3,True,199.134331,
data/raw/Echoes/Echoes/TTA/producer/Mandrill_Ergo_Phizmiz_producer_TTA_001.mp3,True,28.978503,
data/raw/Echoes/Echoes/TTA/producer/mc_trabalenguas_Volumina_producer_TTA_001.mp3,True,88.421587,
data/raw/Echoes/Echoes/TTA/producer/Monkeystage_Ergo_Phizmiz_producer_TTA_001.mp3,True,153.065941,
data/raw/Echoes/Echoes/TTA/producer/Motocross_Mania_Monroeville_Music_Center_producer_TTA_001.mp3,True,196.905215,
data/raw/Echoes/Echoes/TTA/producer/Music_For_an_Underground_Circu_Ergo_Phizmiz_producer_TTA_001.mp3,True,208.050794,
data/raw/Echoes/Echoes/TTA/producer/Music_For_an_Underground_Circu_Ergo_Phizmiz_producer_TTA_002.mp3,True,132.260862,
data/raw/Echoes/Echoes/TTA/producer/Nature_Is_Over_Defined_Bird_Names_producer_TTA_001.mp3,True,155.295057,
data/raw/Echoes/Echoes/TTA/producer/New_Life_take_1_Bird_Names_producer_TTA_001.mp3,True,115.170975,
data/raw/Echoes/Echoes/TTA/producer/Norweigian_Wood_II_Bird_Names_producer_TTA_001.mp3,True,175.357098,
data/raw/Echoes/Echoes/TTA/producer/On_My_Mind_Ergo_Phizmiz_producer_TTA_001.mp3,True,187.245714,
data/raw/Echoes/Echoes/TTA/producer/philcollins_takes_your_hand_Katapulto_producer_TTA_001.mp3,True,156.038095,
data/raw/Echoes/Echoes/TTA/producer/purity_danger_Katapulto_producer_TTA_001.mp3,True,167.183651,
data/raw/Echoes/Echoes/TTA/producer/Roller_Star_Monroeville_Music_Center_producer_TTA_001.mp3,True,188.731791,
data/raw/Echoes/Echoes/TTA/producer/Roundtrip_Oh_Yeah_the_Future_producer_TTA_001.mp3,True,222.168526,
data/raw/Echoes/Echoes/TTA/producer/Shadow_Government_Bird_Names_producer_TTA_001.mp3,True,152.322902,
data/raw/Echoes/Echoes/TTA/producer/She_Works_Tepid_Waters_Bird_Names_producer_TTA_001.mp3,True,199.134331,
data/raw/Echoes/Echoes/TTA/producer/Solearesbeats_Malaventura_producer_TTA_001.mp3,True,187.98873,
data/raw/Echoes/Echoes/TTA/producer/Something_Dirty_Ergo_Phizmiz_producer_TTA_001.mp3,True,140.434286,
data/raw/Echoes/Echoes/TTA/producer/Spanish_BEEEYYAAACHHH_Malaventura_producer_TTA_001.mp3,True,154.552018,
data/raw/Echoes/Echoes/TTA/producer/Stockholm_Syndrome_People_Should_Be_More_Aware_Bird_Names_producer_TTA_001.mp3,True,161.239365,
data/raw/Echoes/Echoes/TTA/producer/The_Cave_of_Time_Monroeville_Music_Center_producer_TTA_001.mp3,True,195.419138,
data/raw/Echoes/Echoes/TTA/producer/The_Coldest_Winter_Caleb_Lemond_producer_TTA_001.mp3,True,229.598912,
data/raw/Echoes/Echoes/TTA/producer/The_Dream_and_the_Dreamer_Caleb_Lemond_producer_TTA_001.mp3,True,191.703946,
data/raw/Echoes/Echoes/TTA/producer/The_plot_Malaventura_producer_TTA_001.mp3,True,205.078639,
data/raw/Echoes/Echoes/TTA/producer/The_Race_Forever_Monroeville_Music_Center_producer_TTA_001.mp3,True,206.564717,
data/raw/Echoes/Echoes/TTA/producer/The_Reality_Machine_Monroeville_Music_Center_producer_TTA_001.mp3,True,202.106485,
data/raw/Echoes/Echoes/TTA/producer/Time_Is_Love_Silence_is_full_of_birds_producer_TTA_001.mp3,True,164.954558,
data/raw/Echoes/Echoes/TTA/producer/Troubles_Ive_seen_Malaventura_producer_TTA_001.mp3,True,196.905215,
data/raw/Echoes/Echoes/TTA/producer/We_Are_Canucks_David_Blair_producer_TTA_001.mp3,True,199.134331,
data/raw/Echoes/Echoes/TTA/producer/Yoko_live_at_FoEG_Emma_Acs_producer_TTA_001.mp3,True,222.911565,
data/raw/Echoes/Echoes/TTA/producer/You_Are_A_Monster_Monroeville_Music_Center_producer_TTA_001.mp3,True,211.765986,
data/raw/Echoes/Echoes/TTA/producer/zero_rhythm_dollar_boy_Katapulto_producer_TTA_001.mp3,True,198.391293,
data/raw/Echoes/Echoes/TTA/producer/1984_Punk_Rock_Opera_producer_TTA_001.mp3,True,26.006349,
data/raw/Echoes/Echoes/TTA/producer/2_Wasnt_There_Isle_of_Pine_producer_TTA_001.mp3,True,193.190023,
data/raw/Echoes/Echoes/TTA/producer/Attention_Pete_Prodoehl_producer_TTA_001.mp3,True,208.050794,
data/raw/Echoes/Echoes/TTA/producer/Colossal_Stillness_Scott_Holmes_producer_TTA_001.mp3,True,179.07229,
data/raw/Echoes/Echoes/TTA/producer/Crossing_Los_Llamarada_producer_TTA_001.mp3,True,191.703946,
data/raw/Echoes/Echoes/TTA/producer/Digital_Lightning_Cloudkicker_producer_TTA_001.mp3,True,223.654603,
data/raw/Echoes/Echoes/TTA/producer/Empty_Pockets_Pete_Prodoehl_producer_TTA_001.mp3,True,223.654603,
data/raw/Echoes/Echoes/TTA/producer/Forest_Silence_Serpentarivm_producer_TTA_001.mp3,True,219.196372,
data/raw/Echoes/Echoes/TTA/producer/Formic_Acid_for_Blood_Punk_Rock_Opera_producer_TTA_001.mp3,True,196.162177,
data/raw/Echoes/Echoes/TTA/producer/Gila_Monster_FlopMusic_History_LessonThe_Sonics_The_Crypts_producer_TTA_001.mp3,True,133.0039,
data/raw/Echoes/Echoes/TTA/producer/Head_of_Ancante_Talking_Tree_Akchamel_The_Giver_of_Illness_producer_TTA_001.mp3,True,235.54322,
data/raw/Echoes/Echoes/TTA/producer/I_Dream_So_Vividly_Uninhabitable_Mansions_producer_TTA_001.mp3,True,209.536871,
data/raw/Echoes/Echoes/TTA/producer/I_Fell_Mod_Fun_producer_TTA_001.mp3,True,203.592562,
data/raw/Echoes/Echoes/TTA/producer/Infinite_Light_Pipe_Choir_producer_TTA_001.mp3,True,224.397642,
data/raw/Echoes/Echoes/TTA/producer/I_Inflammator_producer_TTA_001.mp3,True,227.369796,
data/raw/Echoes/Echoes/TTA/producer/Johnny_I_Lie_The_Moi_Non_Plus_producer_TTA_001.mp3,True,182.787483,
data/raw/Echoes/Echoes/TTA/producer/KOMFORT_voyageurs_producer_TTA_001.mp3,True,229.598912,
data/raw/Echoes/Echoes/TTA/producer/LIQUID_SKULLS_voyageurs_producer_TTA_001.mp3,True,218.453333,
data/raw/Echoes/Echoes/TTA/producer/Lost_Paradise_Autumn_Interlude_producer_TTA_001.mp3,True,219.93941,
data/raw/Echoes/Echoes/TTA/producer/Love_Dream_The_Zombie_Dandies_producer_TTA_001.mp3,True,138.948209,
data/raw/Echoes/Echoes/TTA/producer/March_of_the_GPA_Mechanics_tghost_producer_TTA_001.mp3,True,222.168526,
data/raw/Echoes/Echoes/TTA/producer/Mettle_Pipe_Choir_producer_TTA_001.mp3,True,221.425488,
data/raw/Echoes/Echoes/TTA/producer/Millitary_Industrial_Complex_Punk_Rock_Opera_producer_TTA_001.mp3,True,27.492426,
data/raw/Echoes/Echoes/TTA/producer/Mountain_Mist_Modey_Lemon_producer_TTA_001.mp3,True,199.134331,
data/raw/Echoes/Echoes/TTA/producer/I_Nocturnal_Mayhem_producer_TTA_001.mp3,True,212.509025,
data/raw/Echoes/Echoes/TTA/producer/Nose_DUSTdevils_producer_TTA_001.mp3,True,209.536871,
data/raw/Echoes/Echoes/TTA/producer/One_Eyed_GhostThis_is_gonna_be_a_rough_show_The_Crypts_producer_TTA_001.mp3,True,134.489977,
data/raw/Echoes/Echoes/TTA/producer/Roach-Man_Punk_Rock_Opera_producer_TTA_001.mp3,True,98.824127,
data/raw/Echoes/Echoes/TTA/producer/Robocall_Legally_Blind_producer_TTA_001.mp3,True,218.453333,
data/raw/Echoes/Echoes/TTA/producer/Roland_Garros_2048_Zoliborz_producer_TTA_001.mp3,True,200.620408,
data/raw/Echoes/Echoes/TTA/producer/Scramby_Eggs_Andy_G._Cohen_producer_TTA_001.mp3,True,196.905215,
data/raw/Echoes/Echoes/TTA/producer/Sea_Monster_The_Crypts_producer_TTA_001.mp3,True,167.926712,
data/raw/Echoes/Echoes/TTA/producer/Sfogare_Il_Dissenso_Deiezione_HC_producer_TTA_001.mp3,True,187.98873,
data/raw/Echoes/Echoes/TTA/producer/Snakefirewalking_Los_Llamarada_producer_TTA_001.mp3,True,127.80263,
data/raw/Echoes/Echoes/TTA/producer/Soul_of_the_Demon_Zombie_Raiders_producer_TTA_001.mp3,True,173.127982,
data/raw/Echoes/Echoes/TTA/producer/Stranger_Frigg_A_Go_Go_F.A.G.G._producer_TTA_001.mp3,True,210.279909,
data/raw/Echoes/Echoes/TTA/producer/Stuttgart_Portrayal_producer_TTA_001.mp3,True,196.162177,
data/raw/Echoes/Echoes/TTA/producer/Terve_Teille_Чокнутый_Пропеллер_producer_TTA_001.mp3,True,150.093787,
data/raw/Echoes/Echoes/TTA/producer/The_Contract_The_IMG_producer_TTA_001.mp3,True,231.084989,
data/raw/Echoes/Echoes/TTA/producer/The_girl_just_faded_Los_Llamarada_producer_TTA_001.mp3,True,135.233016,
data/raw/Echoes/Echoes/TTA/producer/Track_04_Lightning_Bolt_producer_TTA_001.mp3,True,216.967256,
data/raw/Echoes/Echoes/TTA/producer/Transmit_Lamprey_producer_TTA_001.mp3,True,193.933061,
data/raw/Echoes/Echoes/TTA/producer/Voxel_Andy_G._Cohen_producer_TTA_001.mp3,True,203.592562,
data/raw/Echoes/Echoes/TTA/producer/We_Move_in_Waves_Modey_Lemon_producer_TTA_001.mp3,True,182.787483,
data/raw/Echoes/Echoes/TTA/producer/Where_Is_Everything_The_Moi_Non_Plus_producer_TTA_001.mp3,True,42.353197,
data/raw/Echoes/Echoes/TTA/producer/Who_Loves_You_Dear_Mink_Lungs_producer_TTA_001.mp3,True,190.960907,
data/raw/Echoes/Echoes/TTA/producer/Windows_of_the_Skull_Sarin_producer_TTA_001.mp3,True,177.586213,
data/raw/Echoes/Echoes/TTA/producer/Wir_Werden_Gott_Japanische_Kampfhorspiele_producer_TTA_001.mp3,True,49.783583,
data/raw/Echoes/Echoes/TTA/producer/Ynkelig_Die_Morgendammerung_Des_Valhalla_producer_TTA_001.mp3,True,217.710295,
data/raw/Echoes/Echoes/TTA/producer/Новый_Нью-Йорк_2_Чокнутый_Пропеллер_producer_TTA_001.mp3,True,141.177324,
data/raw/Echoes/Echoes/TTA/songgen/10000_People_Chanting_Im_an_Individual_Nihilore_songgen_TTA_001.mp3,True,23.48,
data/raw/Echoes/Echoes/TTA/songgen/2Much_Andy_Spinelli_Alex_Sánchez_House_Edit_Tentacles_songgen_TTA_001.mp3,True,28.18,
data/raw/Echoes/Echoes/TTA/songgen/3_am_West_End_statusq_songgen_TTA_001.mp3,True,26.84,
data/raw/Echoes/Echoes/TTA/songgen/Acoustic_Unleashed_Remain_songgen_TTA_001.mp3,True,29.84,
data/raw/Echoes/Echoes/TTA/songgen/Ad_Astra_P_C_III_songgen_TTA_001.mp3,True,29.84,
data/raw/Echoes/Echoes/TTA/songgen/All_of_Us_Eric_Skiff_songgen_TTA_001.mp3,True,24.86,
data/raw/Echoes/Echoes/TTA/songgen/Ancient_Whispers_I_P_C_III_songgen_TTA_001.mp3,True,29.84,
data/raw/Echoes/Echoes/TTA/songgen/And_Over_The_Rainbows_milky-chu_songgen_TTA_001.mp3,True,29.84,
data/raw/Echoes/Echoes/TTA/songgen/Aquamarine_My_Distant_Blue_Nihilore_songgen_TTA_001.mp3,True,24.5,
data/raw/Echoes/Echoes/TTA/songgen/Artificial_anxiety_Michett_songgen_TTA_001.mp3,True,29.84,
data/raw/Echoes/Echoes/TTA/songgen/As_Nihilism_Gives_Way_To_Existentialism_Nihilore_songgen_TTA_001.mp3,True,27.98,
data/raw/Echoes/Echoes/TTA/songgen/Authenticity_Nihilore_songgen_TTA_001.mp3,True,29.84,
data/raw/Echoes/Echoes/TTA/songgen/Autobahn_S-B-J_songgen_TTA_001.mp3,True,29.84,
data/raw/Echoes/Echoes/TTA/songgen/A_Different_World_By_Night_Nihilore_songgen_TTA_001.mp3,True,29.8,
data/raw/Echoes/Echoes/TTA/songgen/Bizzy_The_Tleilaxu_Music_Machine_songgen_TTA_001.mp3,True,29.84,
data/raw/Echoes/Echoes/TTA/songgen/Clay_Heart_Nihilore_songgen_TTA_001.mp3,True,27.0,
data/raw/Echoes/Echoes/TTA/songgen/Cloudy_Subway_Sonicbeat_songgen_TTA_001.mp3,True,23.4,
data/raw/Echoes/Echoes/TTA/songgen/Cold_Chains_Rolemusic_songgen_TTA_001.mp3,True,28.94,
data/raw/Echoes/Echoes/TTA/songgen/Coliidae_K.D._Expression_songgen_TTA_001.mp3,True,27.48,
data/raw/Echoes/Echoes/TTA/songgen/CopperNickle_UncleBibby_songgen_TTA_001.mp3,True,29.74,
data/raw/Echoes/Echoes/TTA/songgen/Dance_Harder_Three_Chain_Links_songgen_TTA_001.mp3,True,29.84,
data/raw/Echoes/Echoes/TTA/songgen/Dance_of_the_Martians_SynthStep_Edit_Maxim_Kornyshev_songgen_TTA_001.mp3,True,29.84,
data/raw/Echoes/Echoes/TTA/songgen/Daylight_Savings_My_brother_Daniel_songgen_TTA_001.mp3,True,27.48,
data/raw/Echoes/Echoes/TTA/songgen/Dreams_ENDRUDARK_songgen_TTA_001.mp3,True,24.5,
data/raw/Echoes/Echoes/TTA/songgen/Dr_Deimos-Scribble_Mizukis_Last_ChanceDr_Deimos_songgen_TTA_001.mp3,True,29.84,
data/raw/Echoes/Echoes/TTA/songgen/Edge_Mystery_Mammal_songgen_TTA_001.mp3,True,29.84,
data/raw/Echoes/Echoes/TTA/songgen/Empower_Thee_vargero_songgen_TTA_001.mp3,True,27.24,
data/raw/Echoes/Echoes/TTA/songgen/Endless_The_Birth_and_Death_of_Silence_songgen_TTA_001.mp3,True,26.12,
data/raw/Echoes/Echoes/TTA/songgen/End_of_the_Line_H-LR_songgen_TTA_001.mp3,True,25.28,
data/raw/Echoes/Echoes/TTA/songgen/End_titles_Itsensäsyöjät_songgen_TTA_001.mp3,True,29.84,
data/raw/Echoes/Echoes/TTA/songgen/Enthalpy_Rolemusic_songgen_TTA_001.mp3,True,29.4,
data/raw/Echoes/Echoes/TTA/songgen/Fifth_Ramble_-_From_the_album_Keith_RSVP007_My_brother_Daniel_songgen_TTA_001.mp3,True,29.84,
data/raw/Echoes/Echoes/TTA/songgen/Flashback_Seclorance_songgen_TTA_001.mp3,True,28.54,
data/raw/Echoes/Echoes/TTA/songgen/Fleslit_Fleslit_songgen_TTA_001.mp3,True,29.84,
data/raw/Echoes/Echoes/TTA/songgen/Fly_2_Andre_Jetson_songgen_TTA_001.mp3,True,28.84,
data/raw/Echoes/Echoes/TTA/songgen/Four_and_a_Half_Tatami_Nihilore_songgen_TTA_001.mp3,True,29.84,
data/raw/Echoes/Echoes/TTA/songgen/Fuckaboing_RoccoW_songgen_TTA_001.mp3,True,23.98,
data/raw/Echoes/Echoes/TTA/songgen/Go_On_Then_Jim_Rooster_songgen_TTA_001.mp3,True,29.84,
data/raw/Echoes/Echoes/TTA/songgen/Hammer_and_a_Nail_Vienna_Ditto_songgen_TTA_001.mp3,True,29.84,
data/raw/Echoes/Echoes/TTA/songgen/If_Youre_Ther_Nicola_Ratti_songgen_TTA_001.mp3,True,29.84,
data/raw/Echoes/Echoes/TTA/songgen/Improvisation_Broken_Chord_songgen_TTA_001.mp3,True,29.84,
data/raw/Echoes/Echoes/TTA/songgen/Introduction_beats_Itsensäsyöjät_songgen_TTA_001.mp3,True,29.84,
data/raw/Echoes/Echoes/TTA/songgen/It_Cant_Be_Bargained_With_Three_Chain_Links_songgen_TTA_001.mp3,True,28.78,
data/raw/Echoes/Echoes/TTA/songgen/I_Know_His_Blood_Vienna_Ditto_songgen_TTA_001.mp3,True,28.86,
data/raw/Echoes/Echoes/TTA/songgen/Jangus_inspired_by_ToeJam_and_Earl_UncleBibby_songgen_TTA_001.mp3,True,29.0,
data/raw/Echoes/Echoes/TTA/songgen/Key_trick_Krisa_songgen_TTA_001.mp3,True,29.84,
data/raw/Echoes/Echoes/TTA/songgen/Killing_Bosses_Gumbel_songgen_TTA_001.mp3,True,28.38,
data/raw/Echoes/Echoes/TTA/songgen/Kumorizoranohajimarutokoro_Hosomi_songgen_TTA_001.mp3,True,26.72,
data/raw/Echoes/Echoes/TTA/songgen/Laika_NGC_1365_songgen_TTA_001.mp3,True,29.84,
data/raw/Echoes/Echoes/TTA/songgen/La_Nina_Blanca_Vienna_Ditto_songgen_TTA_001.mp3,True,27.26,
data/raw/Echoes/Echoes/TTA/songgen/Lets_Start_Out_Slow_RoccoW_songgen_TTA_001.mp3,True,25.8,
data/raw/Echoes/Echoes/TTA/songgen/Let_Youre_Body_Move_D_SMILEZ_songgen_TTA_001.mp3,True,29.84,
data/raw/Echoes/Echoes/TTA/songgen/Liar_Liar_Quietly_Vienna_Ditto_songgen_TTA_001.mp3,True,29.84,
data/raw/Echoes/Echoes/TTA/songgen/Liberosis_Nihilore_songgen_TTA_001.mp3,True,29.84,
data/raw/Echoes/Echoes/TTA/songgen/Little_Fingers_Vienna_Ditto_songgen_TTA_001.mp3,True,29.84,
data/raw/Echoes/Echoes/TTA/songgen/Lost_In_The_Music_D-Smilez_Mix_D_SMILEZ_songgen_TTA_001.mp3,True,26.6,
data/raw/Echoes/Echoes/TTA/songgen/Loved_Ones_Rowan_Box_songgen_TTA_001.mp3,True,27.86,
data/raw/Echoes/Echoes/TTA/songgen/Morning_Bell_Nihilore_songgen_TTA_001.mp3,True,27.9,
data/raw/Echoes/Echoes/TTA/songgen/mystery_team_2090_Jesse_Futerman_songgen_TTA_001.mp3,True,25.76,
data/raw/Echoes/Echoes/TTA/songgen/Night_Drive_Decktonic_songgen_TTA_001.mp3,True,26.06,
data/raw/Echoes/Echoes/TTA/songgen/Night_Owl_Broke_For_Free_songgen_TTA_001.mp3,True,29.84,
data/raw/Echoes/Echoes/TTA/songgen/Noam_Chomskys_Corporate_Carbohydrate_Surprise_Quelle_Fromage_songgen_TTA_001.mp3,True,26.08,
data/raw/Echoes/Echoes/TTA/songgen/November_25_2007_Kenneth_Kirschner_songgen_TTA_001.mp3,True,29.84,
data/raw/Echoes/Echoes/TTA/songgen/Nuo_Maisemat_Paavoharju_songgen_TTA_001.mp3,True,25.78,
data/raw/Echoes/Echoes/TTA/songgen/Ohtli_Seclorance_songgen_TTA_001.mp3,True,28.26,
data/raw/Echoes/Echoes/TTA/songgen/Okiirobo_Navigation_System_Henry_Homesweet_songgen_TTA_001.mp3,True,29.84,
data/raw/Echoes/Echoes/TTA/songgen/Only_Instrumental_Broke_For_Free_songgen_TTA_001.mp3,True,29.84,
data/raw/Echoes/Echoes/TTA/songgen/OOOTHERSIDE_-_Liquid_Paper_Mike_B._Fort_songgen_TTA_001.mp3,True,29.84,
data/raw/Echoes/Echoes/TTA/songgen/OOOTHERSIDE_-_This_Time_Mike_B._Fort_songgen_TTA_001.mp3,True,24.56,
data/raw/Echoes/Echoes/TTA/songgen/OST_04_Ship_under_attack_sawsquarenoise_songgen_TTA_001.mp3,True,29.84,
data/raw/Echoes/Echoes/TTA/songgen/Paris_Fleslit_songgen_TTA_001.mp3,True,29.84,
data/raw/Echoes/Echoes/TTA/songgen/Pista_Afuera_Epstein_songgen_TTA_001.mp3,True,29.18,
data/raw/Echoes/Echoes/TTA/songgen/Ponky_McFonky_My_brother_Daniel_songgen_TTA_001.mp3,True,22.66,
data/raw/Echoes/Echoes/TTA/songgen/Promo_Mix_Vocal_Edit_Luv_Dub_Mix_Pierlo_songgen_TTA_001.mp3,True,29.84,
data/raw/Echoes/Echoes/TTA/songgen/Realize_Me_Jim_Rooster_songgen_TTA_001.mp3,True,29.84,
data/raw/Echoes/Echoes/TTA/songgen/Resistentialism_Nihilore_songgen_TTA_001.mp3,True,29.84,
data/raw/Echoes/Echoes/TTA/songgen/Robot_Heart_Mystery_Mammal_songgen_TTA_001.mp3,True,29.84,
data/raw/Echoes/Echoes/TTA/songgen/Rolling_On_Avaren_songgen_TTA_001.mp3,True,29.74,
data/raw/Echoes/Echoes/TTA/songgen/Running_Free_Michett_featuring_Kalipluche_songgen_TTA_001.mp3,True,27.56,
data/raw/Echoes/Echoes/TTA/songgen/Scape_from_the_city_Rolemusic_songgen_TTA_001.mp3,True,29.84,
data/raw/Echoes/Echoes/TTA/songgen/SD_Ill_Mix_H-LR_songgen_TTA_001.mp3,True,25.24,
data/raw/Echoes/Echoes/TTA/songgen/Seppuku_Bot_Decktonic_songgen_TTA_001.mp3,True,19.28,
data/raw/Echoes/Echoes/TTA/songgen/Set_Fire_to_Creation_Nihilore_songgen_TTA_001.mp3,True,29.84,
data/raw/Echoes/Echoes/TTA/songgen/shmoove_epsilon_not_songgen_TTA_001.mp3,True,29.84,
data/raw/Echoes/Echoes/TTA/songgen/Slot_Neotnas_songgen_TTA_001.mp3,True,27.58,
data/raw/Echoes/Echoes/TTA/songgen/some_dextromethorphan_Jeva_songgen_TTA_001.mp3,True,29.84,
data/raw/Echoes/Echoes/TTA/songgen/Straw_Fields_Rolemusic_songgen_TTA_001.mp3,True,25.36,
data/raw/Echoes/Echoes/TTA/songgen/Strongbreeze_Rowan_Box_songgen_TTA_001.mp3,True,27.16,
data/raw/Echoes/Echoes/TTA/songgen/Sturgeons_Law_Nihilore_songgen_TTA_001.mp3,True,24.36,
data/raw/Echoes/Echoes/TTA/songgen/Support_Me_in_This_Moment_That_Im_About_To_Lose_Heart_Nihilore_songgen_TTA_001.mp3,True,29.6,
data/raw/Echoes/Echoes/TTA/songgen/Take_Your_Fingers_Michael_Fakesch_songgen_TTA_001.mp3,True,29.84,
data/raw/Echoes/Echoes/TTA/songgen/Tapes_Gumbel_songgen_TTA_001.mp3,True,29.84,
data/raw/Echoes/Echoes/TTA/songgen/Tartu_Tähän_Hetkeen_Paavoharju_songgen_TTA_001.mp3,True,24.3,
data/raw/Echoes/Echoes/TTA/songgen/The_Adventures_Of_Roderick_Random_Maps_And_Diagrams_songgen_TTA_001.mp3,True,29.84,
data/raw/Echoes/Echoes/TTA/songgen/The_Big_House_Jason_Shaw_songgen_TTA_001.mp3,True,29.84,
data/raw/Echoes/Echoes/TTA/songgen/The_Boss_Multifaros_songgen_TTA_001.mp3,True,29.84,
data/raw/Echoes/Echoes/TTA/songgen/The_Courtyard_Uncle_Bibby_songgen_TTA_001.mp3,True,28.48,
data/raw/Echoes/Echoes/TTA/songgen/The_Factory_Multifaros_songgen_TTA_001.mp3,True,29.84,
data/raw/Echoes/Echoes/TTA/songgen/The_Front_Yard_HarleyLikesMusic_songgen_TTA_001.mp3,True,26.74,
data/raw/Echoes/Echoes/TTA/songgen/The_Secret_Garden_Barbarix_songgen_TTA_001.mp3,True,29.84,
data/raw/Echoes/Echoes/TTA/songgen/The_Stairway_WarpToken_songgen_TTA_001.mp3,True,29.84,
data/raw/Echoes/Echoes/TTA/songgen/Three_Bird_My_brother_Daniel_songgen_TTA_001.mp3,True,27.84,
data/raw/Echoes/Echoes/TTA/songgen/Timen_Passing_By_Jason_Shaw_songgen_TTA_001.mp3,True,29.84,
data/raw/Echoes/Echoes/TTA/songgen/Time_Up_ENDRUDARK_songgen_TTA_001.mp3,True,28.94,
data/raw/Echoes/Echoes/TTA/songgen/Topam_Twin_Heads_songgen_TTA_001.mp3,True,28.66,
data/raw/Echoes/Echoes/TTA/songgen/TTL_Twin_Heads_songgen_TTA_001.mp3,True,29.84,
data/raw/Echoes/Echoes/TTA/songgen/Ugh_Humans_Can_Join_Mystery_Mammal_songgen_TTA_001.mp3,True,28.5,
data/raw/Echoes/Echoes/TTA/songgen/Ugly_Vienna_Ditto_songgen_TTA_001.mp3,True,28.26,
data/raw/Echoes/Echoes/TTA/songgen/Understand_That_This_Is_A_Dream_-_From_the_album_Modulating_Coil_RSVP008_Forrest_James_songgen_TTA_001.mp3,True,29.84,
data/raw/Echoes/Echoes/TTA/songgen/Unexpected_Little_Happenings_UltraCat_songgen_TTA_001.mp3,True,29.84,
data/raw/Echoes/Echoes/TTA/songgen/Vanishing_Horizon_Jason_Shaw_songgen_TTA_001.mp3,True,29.84,
data/raw/Echoes/Echoes/TTA/songgen/Westside_Chillers_Little_Glass_Men_songgen_TTA_001.mp3,True,29.84,
data/raw/Echoes/Echoes/TTA/songgen/When_I_Was_Taller_Dan_Deacon_songgen_TTA_001.mp3,True,28.12,
data/raw/Echoes/Echoes/TTA/songgen/When_Will_We_Ever_Learn_Ontayso_songgen_TTA_001.mp3,True,29.6,
data/raw/Echoes/Echoes/TTA/songgen/Yurtology_Michett_songgen_TTA_001.mp3,True,29.84,
data/raw/Echoes/Echoes/TTA/songgen/Z-Saber_feat_Jake_Allison_Decktonic_songgen_TTA_001.mp3,True,29.84,
data/raw/Echoes/Echoes/TTA/songgen/Agora_Malaventura_songgen_TTA_001.mp3,True,25.22,
data/raw/Echoes/Echoes/TTA/songgen/Autopsy_Oh_Yeah_the_Future_songgen_TTA_001.mp3,True,29.82,
data/raw/Echoes/Echoes/TTA/songgen/Breeze_Funk_Malaventura_songgen_TTA_001.mp3,True,23.86,
data/raw/Echoes/Echoes/TTA/songgen/Busby_Berkeley_Ergo_Phizmiz_songgen_TTA_001.mp3,True,23.92,
data/raw/Echoes/Echoes/TTA/songgen/Celia_Ergo_Phizmiz_songgen_TTA_001.mp3,True,29.84,
data/raw/Echoes/Echoes/TTA/songgen/Convicted_Jazz_Drones_Malaventura_songgen_TTA_001.mp3,True,29.7,
data/raw/Echoes/Echoes/TTA/songgen/danse_macabre_Katapulto_songgen_TTA_001.mp3,True,29.84,
data/raw/Echoes/Echoes/TTA/songgen/Different_Day_First_songgen_TTA_001.mp3,True,29.84,
data/raw/Echoes/Echoes/TTA/songgen/El_Burrito_Malaventura_songgen_TTA_001.mp3,True,29.22,
data/raw/Echoes/Echoes/TTA/songgen/Evil_Cannot_Create_Caleb_Lemond_songgen_TTA_001.mp3,True,29.66,
data/raw/Echoes/Echoes/TTA/songgen/First_Glance_Oh_Yeah_the_Future_songgen_TTA_001.mp3,True,29.84,
data/raw/Echoes/Echoes/TTA/songgen/Food_and_War_Ergo_Phizmiz_songgen_TTA_001.mp3,True,29.84,
data/raw/Echoes/Echoes/TTA/songgen/gospellioza_Katapulto_songgen_TTA_001.mp3,True,29.84,
data/raw/Echoes/Echoes/TTA/songgen/Hungry_Oh_Yeah_the_Future_songgen_TTA_001.mp3,True,29.84,
data/raw/Echoes/Echoes/TTA/songgen/Invaders_From_Within_Monroeville_Music_Center_songgen_TTA_001.mp3,True,29.24,
data/raw/Echoes/Echoes/TTA/songgen/I_Think_From_Now_On_Caleb_Lemond_songgen_TTA_001.mp3,True,29.84,
data/raw/Echoes/Echoes/TTA/songgen/John_the_Baby_Ergo_Phizmiz_songgen_TTA_001.mp3,True,25.84,
data/raw/Echoes/Echoes/TTA/songgen/karaoke_megablast_Katapulto_songgen_TTA_001.mp3,True,29.84,
data/raw/Echoes/Echoes/TTA/songgen/Kissing_Scars_Caleb_Lemond_songgen_TTA_001.mp3,True,23.14,
data/raw/Echoes/Echoes/TTA/songgen/kolorowe_wody_Katapulto_songgen_TTA_001.mp3,True,29.84,
data/raw/Echoes/Echoes/TTA/songgen/Lackadaisical_Oh_Yeah_the_Future_songgen_TTA_001.mp3,True,29.0,
data/raw/Echoes/Echoes/TTA/songgen/Lets_the_kids_play_Malaventura_songgen_TTA_001.mp3,True,29.58,
data/raw/Echoes/Echoes/TTA/songgen/Lovedreams_Oh_Yeah_the_Future_songgen_TTA_001.mp3,True,29.84,
data/raw/Echoes/Echoes/TTA/songgen/Mandrill_Ergo_Phizmiz_songgen_TTA_001.mp3,True,29.84,
data/raw/Echoes/Echoes/TTA/songgen/mc_trabalenguas_Volumina_songgen_TTA_001.mp3,True,29.84,
data/raw/Echoes/Echoes/TTA/songgen/Monkeystage_Ergo_Phizmiz_songgen_TTA_001.mp3,True,26.46,
data/raw/Echoes/Echoes/TTA/songgen/Motocross_Mania_Monroeville_Music_Center_songgen_TTA_001.mp3,True,25.1,
data/raw/Echoes/Echoes/TTA/songgen/Music_For_an_Underground_Circu_Ergo_Phizmiz_songgen_TTA_001.mp3,True,29.84,
data/raw/Echoes/Echoes/TTA/songgen/My_Body_Is_A_Weapon_Compromise_Edit_Silence_is_full_of_birds_songgen_TTA_001.mp3,True,29.26,
data/raw/Echoes/Echoes/TTA/songgen/Nature_Is_Over_Defined_Bird_Names_songgen_TTA_001.mp3,True,25.88,
data/raw/Echoes/Echoes/TTA/songgen/New_Brave_Face_Oh_Yeah_the_Future_songgen_TTA_001.mp3,True,29.84,
data/raw/Echoes/Echoes/TTA/songgen/New_Life_take_1_Bird_Names_songgen_TTA_001.mp3,True,29.64,
data/raw/Echoes/Echoes/TTA/songgen/Norweigian_Wood_II_Bird_Names_songgen_TTA_001.mp3,True,29.1,
data/raw/Echoes/Echoes/TTA/songgen/Nostalgia_Malaventura_songgen_TTA_001.mp3,True,29.84,
data/raw/Echoes/Echoes/TTA/songgen/On_My_Mind_Ergo_Phizmiz_songgen_TTA_001.mp3,True,28.06,
data/raw/Echoes/Echoes/TTA/songgen/Outro_Caleb_Lemond_songgen_TTA_001.mp3,True,28.42,
data/raw/Echoes/Echoes/TTA/songgen/philcollins_takes_your_hand_Katapulto_songgen_TTA_001.mp3,True,25.8,
data/raw/Echoes/Echoes/TTA/songgen/Polinesia_Malaventura_songgen_TTA_001.mp3,True,29.84,
data/raw/Echoes/Echoes/TTA/songgen/Production_Bird_Names_songgen_TTA_001.mp3,True,29.84,
data/raw/Echoes/Echoes/TTA/songgen/purity_danger_Katapulto_songgen_TTA_001.mp3,True,29.7,
data/raw/Echoes/Echoes/TTA/songgen/Roller_Star_Monroeville_Music_Center_songgen_TTA_001.mp3,True,29.84,
data/raw/Echoes/Echoes/TTA/songgen/Roundtrip_Oh_Yeah_the_Future_songgen_TTA_001.mp3,True,29.84,
data/raw/Echoes/Echoes/TTA/songgen/Shadow_Government_Bird_Names_songgen_TTA_001.mp3,True,29.72,
data/raw/Echoes/Echoes/TTA/songgen/She_Works_Tepid_Waters_Bird_Names_songgen_TTA_001.mp3,True,24.16,
data/raw/Echoes/Echoes/TTA/songgen/Slow_and_Steady_Caleb_Lemond_songgen_TTA_001.mp3,True,29.84,
data/raw/Echoes/Echoes/TTA/songgen/Snowday_Oh_Yeah_the_Future_songgen_TTA_001.mp3,True,29.84,
data/raw/Echoes/Echoes/TTA/songgen/Solearesbeats_Malaventura_songgen_TTA_001.mp3,True,29.54,
data/raw/Echoes/Echoes/TTA/songgen/Something_Dirty_Ergo_Phizmiz_songgen_TTA_001.mp3,True,29.8,
data/raw/Echoes/Echoes/TTA/songgen/Space_is_my_pace_Malaventura_songgen_TTA_001.mp3,True,29.84,
data/raw/Echoes/Echoes/TTA/songgen/Spanish_BEEEYYAAACHHH_Malaventura_songgen_TTA_001.mp3,True,29.84,
data/raw/Echoes/Echoes/TTA/songgen/Stockholm_Syndrome_People_Should_Be_More_Aware_Bird_Names_songgen_TTA_001.mp3,True,29.84,
data/raw/Echoes/Echoes/TTA/songgen/The_Cave_of_Time_Monroeville_Music_Center_songgen_TTA_001.mp3,True,27.22,
data/raw/Echoes/Echoes/TTA/songgen/The_Coldest_Winter_Caleb_Lemond_songgen_TTA_001.mp3,True,29.84,
data/raw/Echoes/Echoes/TTA/songgen/The_Dream_and_the_Dreamer_Caleb_Lemond_songgen_TTA_001.mp3,True,29.84,
data/raw/Echoes/Echoes/TTA/songgen/The_plot_Malaventura_songgen_TTA_001.mp3,True,25.94,
data/raw/Echoes/Echoes/TTA/songgen/The_Pursuit_of_Unintentional_Humor_Oh_Yeah_the_Future_songgen_TTA_001.mp3,True,29.84,
data/raw/Echoes/Echoes/TTA/songgen/The_Queen_Malaventura_songgen_TTA_001.mp3,True,29.48,
data/raw/Echoes/Echoes/TTA/songgen/The_Race_Forever_Monroeville_Music_Center_songgen_TTA_001.mp3,True,29.72,
data/raw/Echoes/Echoes/TTA/songgen/The_Reality_Machine_Monroeville_Music_Center_songgen_TTA_001.mp3,True,27.8,
data/raw/Echoes/Echoes/TTA/songgen/The_Sandman_Ergo_Phizmiz_songgen_TTA_001.mp3,True,29.84,
data/raw/Echoes/Echoes/TTA/songgen/Time_Is_Love_Silence_is_full_of_birds_songgen_TTA_001.mp3,True,29.84,
data/raw/Echoes/Echoes/TTA/songgen/Troubles_Ive_seen_Malaventura_songgen_TTA_001.mp3,True,29.84,
data/raw/Echoes/Echoes/TTA/songgen/We_Are_Canucks_David_Blair_songgen_TTA_001.mp3,True,27.5,
data/raw/Echoes/Echoes/TTA/songgen/With_the_Summer_Oh_Yeah_the_Future_songgen_TTA_001.mp3,True,23.76,
data/raw/Echoes/Echoes/TTA/songgen/Yoko_live_at_FoEG_Emma_Acs_songgen_TTA_001.mp3,True,28.92,
data/raw/Echoes/Echoes/TTA/songgen/You_Are_A_Monster_Monroeville_Music_Center_songgen_TTA_001.mp3,True,26.06,
data/raw/Echoes/Echoes/TTA/songgen/zero_rhythm_dollar_boy_Katapulto_songgen_TTA_001.mp3,True,29.84,
data/raw/Echoes/Echoes/TTA/songgen/1984_Punk_Rock_Opera_songgen_TTA_001.mp3,True,24.74,
data/raw/Echoes/Echoes/TTA/songgen/November_25_2007_Kenneth_Kirschner_songgen_TTA_002.mp3,True,29.84,
data/raw/Echoes/Echoes/TTA/songgen/2_Wasnt_There_Isle_of_Pine_songgen_TTA_001.mp3,True,26.86,
data/raw/Echoes/Echoes/TTA/songgen/50000_Volts_of_Democracy_mp3_Legally_Blind_songgen_TTA_001.mp3,True,24.3,
data/raw/Echoes/Echoes/TTA/songgen/5_Lexington_Isle_of_Pine_songgen_TTA_001.mp3,True,29.84,
data/raw/Echoes/Echoes/TTA/songgen/6_Coat_of_Arms_Close_Isle_of_Pine_songgen_TTA_001.mp3,True,27.56,
data/raw/Echoes/Echoes/TTA/songgen/Apparitions_Under_Glass_Sarin_songgen_TTA_001.mp3,True,28.96,
data/raw/Echoes/Echoes/TTA/songgen/Attention_Pete_Prodoehl_songgen_TTA_001.mp3,True,26.42,
data/raw/Echoes/Echoes/TTA/songgen/A_Dark_Blue_Arc_Pipe_Choir_songgen_TTA_001.mp3,True,29.52,
data/raw/Echoes/Echoes/TTA/songgen/A_Lady_In_Red_With_A_Plan_To_Steal_Did_You_Just_Hex_Me_songgen_TTA_001.mp3,True,28.9,
data/raw/Echoes/Echoes/TTA/songgen/Bergwald_Bergwald_Every_Now_and_Every_Then_songgen_TTA_001.mp3,True,22.9,
data/raw/Echoes/Echoes/TTA/songgen/Better_Run_Away_From_Me_Miss_Derringer_songgen_TTA_001.mp3,True,29.84,
data/raw/Echoes/Echoes/TTA/songgen/Beyond_Luxury_Mors_Ontologica_songgen_TTA_001.mp3,True,29.84,
data/raw/Echoes/Echoes/TTA/songgen/Black_Panda_The_Crypts_songgen_TTA_001.mp3,True,29.84,
data/raw/Echoes/Echoes/TTA/songgen/Breathe_New_Life_Scott_Holmes_songgen_TTA_001.mp3,True,29.84,
data/raw/Echoes/Echoes/TTA/songgen/Burn_Room_For_A_Ghost_songgen_TTA_001.mp3,True,29.84,
data/raw/Echoes/Echoes/TTA/songgen/Cassie_Lace_The_Zombie_Dandies_songgen_TTA_001.mp3,True,27.16,
data/raw/Echoes/Echoes/TTA/songgen/Colossal_Stillness_Scott_Holmes_songgen_TTA_001.mp3,True,29.84,
data/raw/Echoes/Echoes/TTA/songgen/Crossing_Los_Llamarada_songgen_TTA_001.mp3,True,29.02,
data/raw/Echoes/Echoes/TTA/songgen/Demolition_Michett_songgen_TTA_001.mp3,True,29.64,
data/raw/Echoes/Echoes/TTA/songgen/Digital_Lightning_Cloudkicker_songgen_TTA_001.mp3,True,22.82,
data/raw/Echoes/Echoes/TTA/songgen/Dont_want_to_be_your_man_Frigg_A_Go_Go_F.A.G.G._songgen_TTA_001.mp3,True,25.02,
data/raw/Echoes/Echoes/TTA/songgen/Dr._Bodysnatcher_Modey_Lemon_songgen_TTA_001.mp3,True,29.84,
data/raw/Echoes/Echoes/TTA/songgen/Electric_Girlfriend_The_Zombie_Dandies_songgen_TTA_001.mp3,True,29.84,
data/raw/Echoes/Echoes/TTA/songgen/Empty_Pockets_Pete_Prodoehl_songgen_TTA_001.mp3,True,29.12,
data/raw/Echoes/Echoes/TTA/songgen/Enemy_Modey_Lemon_songgen_TTA_001.mp3,True,21.1,
data/raw/Echoes/Echoes/TTA/songgen/Eyes_Getting_Louder_Mod_Fun_songgen_TTA_001.mp3,True,29.38,
data/raw/Echoes/Echoes/TTA/songgen/Fear_Los_Fancy_Free_songgen_TTA_001.mp3,True,29.84,
data/raw/Echoes/Echoes/TTA/songgen/Five_40_DerbySlow_Whistle_The_Crypts_songgen_TTA_001.mp3,True,29.84,
data/raw/Echoes/Echoes/TTA/songgen/Forest_Silence_Serpentarivm_songgen_TTA_001.mp3,True,29.84,
data/raw/Echoes/Echoes/TTA/songgen/Formic_Acid_for_Blood_Punk_Rock_Opera_songgen_TTA_001.mp3,True,28.88,
data/raw/Echoes/Echoes/TTA/songgen/Fridge_Railkid_Station_songgen_TTA_001.mp3,True,27.9,
data/raw/Echoes/Echoes/TTA/songgen/Gila_Monster_FlopMusic_History_LessonThe_Sonics_The_Crypts_songgen_TTA_001.mp3,True,17.96,
data/raw/Echoes/Echoes/TTA/songgen/Gloomy_Sunday_AmortE_songgen_TTA_001.mp3,True,23.96,
data/raw/Echoes/Echoes/TTA/songgen/Hahaha_The_Moi_Non_Plus_songgen_TTA_001.mp3,True,27.34,
data/raw/Echoes/Echoes/TTA/songgen/Half_a_Doubt_Droopies_songgen_TTA_001.mp3,True,24.64,
data/raw/Echoes/Echoes/TTA/songgen/Happy_Lamprey_songgen_TTA_001.mp3,True,29.72,
data/raw/Echoes/Echoes/TTA/songgen/Head_of_Ancante_Talking_Tree_Akchamel_The_Giver_of_Illness_songgen_TTA_001.mp3,True,29.58,
data/raw/Echoes/Echoes/TTA/songgen/Hisko_Detria_Hisko_Detria_songgen_TTA_001.mp3,True,27.24,
data/raw/Echoes/Echoes/TTA/songgen/Im_gonna_try_to_reach_Los_Llamarada_songgen_TTA_001.mp3,True,29.84,
data/raw/Echoes/Echoes/TTA/songgen/Infinite_Light_Pipe_Choir_songgen_TTA_001.mp3,True,28.06,
data/raw/Echoes/Echoes/TTA/songgen/Insectlaration_of_Independence_Punk_Rock_Opera_songgen_TTA_001.mp3,True,29.84,
data/raw/Echoes/Echoes/TTA/songgen/I_Can_See_Everything_Mod_Fun_songgen_TTA_001.mp3,True,24.88,
data/raw/Echoes/Echoes/TTA/songgen/I_Close_My_Eyes_Miss_Derringer_songgen_TTA_001.mp3,True,25.72,
data/raw/Echoes/Echoes/TTA/songgen/I_Dream_So_Vividly_Uninhabitable_Mansions_songgen_TTA_001.mp3,True,28.26,
data/raw/Echoes/Echoes/TTA/songgen/I_Fell_Mod_Fun_songgen_TTA_001.mp3,True,29.84,
data/raw/Echoes/Echoes/TTA/songgen/I_Inflammator_songgen_TTA_001.mp3,True,25.02,
data/raw/Echoes/Echoes/TTA/songgen/I_Nocturnal_Mayhem_songgen_TTA_001.mp3,True,29.84,
data/raw/Echoes/Echoes/TTA/songgen/Johnny_I_Lie_The_Moi_Non_Plus_songgen_TTA_001.mp3,True,29.84,
data/raw/Echoes/Echoes/TTA/songgen/KISS_my_Boots_The_Zombie_Dandies_songgen_TTA_001.mp3,True,29.84,
data/raw/Echoes/Echoes/TTA/songgen/KOMFORT_voyageurs_songgen_TTA_001.mp3,True,29.66,
data/raw/Echoes/Echoes/TTA/songgen/Lady_Love_Parsley_Flakes_songgen_TTA_001.mp3,True,25.3,
data/raw/Echoes/Echoes/TTA/songgen/Larbre_Salmo_songgen_TTA_001.mp3,True,25.52,
data/raw/Echoes/Echoes/TTA/songgen/Leaving_Here_Mod_Fun_songgen_TTA_001.mp3,True,29.84,
data/raw/Echoes/Echoes/TTA/songgen/Liberation_is_not_Easy_Frigg_A_Go_Go_F.A.G.G._songgen_TTA_001.mp3,True,29.84,
data/raw/Echoes/Echoes/TTA/songgen/Lights_Up_Pipe_Choir_songgen_TTA_001.mp3,True,23.16,
data/raw/Echoes/Echoes/TTA/songgen/LIQUID_SKULLS_voyageurs_songgen_TTA_001.mp3,True,29.44,
data/raw/Echoes/Echoes/TTA/songgen/Lost_Paradise_Autumn_Interlude_songgen_TTA_001.mp3,True,29.84,
data/raw/Echoes/Echoes/TTA/songgen/Love_Dream_The_Zombie_Dandies_songgen_TTA_001.mp3,True,23.26,
data/raw/Echoes/Echoes/TTA/songgen/March_of_the_GPA_Mechanics_tghost_songgen_TTA_001.mp3,True,29.84,
data/raw/Echoes/Echoes/TTA/songgen/Mettle_Pipe_Choir_songgen_TTA_001.mp3,True,29.84,
data/raw/Echoes/Echoes/TTA/songgen/Millitary_Industrial_Complex_Punk_Rock_Opera_songgen_TTA_001.mp3,True,22.2,
data/raw/Echoes/Echoes/TTA/songgen/Moja_Krypta_AmortE_songgen_TTA_001.mp3,True,29.84,
data/raw/Echoes/Echoes/TTA/songgen/Moontime_The_IMG_songgen_TTA_001.mp3,True,29.84,
data/raw/Echoes/Echoes/TTA/songgen/Mosque_Sarin_songgen_TTA_001.mp3,True,25.8,
data/raw/Echoes/Echoes/TTA/songgen/Mountain_Mist_Modey_Lemon_songgen_TTA_001.mp3,True,22.12,
data/raw/Echoes/Echoes/TTA/songgen/Natron_Queen_AmortE_songgen_TTA_001.mp3,True,29.84,
data/raw/Echoes/Echoes/TTA/songgen/Niche_Dreams_Square_People_songgen_TTA_001.mp3,True,24.94,
data/raw/Echoes/Echoes/TTA/songgen/Nose_DUSTdevils_songgen_TTA_001.mp3,True,29.84,
data/raw/Echoes/Echoes/TTA/songgen/One_Eyed_GhostThis_is_gonna_be_a_rough_show_The_Crypts_songgen_TTA_001.mp3,True,24.98,
data/raw/Echoes/Echoes/TTA/songgen/Puertas_de_Fuego_Guerra_de_Cerdos_songgen_TTA_001.mp3,True,28.14,
data/raw/Echoes/Echoes/TTA/songgen/Reagan_Shut_Down_the_Asylums_Punk_Rock_Opera_songgen_TTA_001.mp3,True,22.52,
data/raw/Echoes/Echoes/TTA/songgen/Redlight_Room_For_A_Ghost_songgen_TTA_001.mp3,True,29.84,
data/raw/Echoes/Echoes/TTA/songgen/Roach-Man_Punk_Rock_Opera_songgen_TTA_001.mp3,True,24.4,
data/raw/Echoes/Echoes/TTA/songgen/Robocall_Legally_Blind_songgen_TTA_001.mp3,True,29.84,
data/raw/Echoes/Echoes/TTA/songgen/Roland_Garros_2048_Zoliborz_songgen_TTA_001.mp3,True,26.74,
data/raw/Echoes/Echoes/TTA/songgen/Rumble_Railkid_Station_songgen_TTA_001.mp3,True,25.16,
data/raw/Echoes/Echoes/TTA/songgen/Scramby_Eggs_Andy_G._Cohen_songgen_TTA_001.mp3,True,29.84,
data/raw/Echoes/Echoes/TTA/songgen/Sea_Monster_The_Crypts_songgen_TTA_001.mp3,True,28.82,
data/raw/Echoes/Echoes/TTA/songgen/Sfogare_Il_Dissenso_Deiezione_HC_songgen_TTA_001.mp3,True,29.84,
data/raw/Echoes/Echoes/TTA/songgen/Sheffield_Hall_Andy_G._Cohen_songgen_TTA_001.mp3,True,29.84,
data/raw/Echoes/Echoes/TTA/songgen/Shipwrecked_Crew_Pete_Prodoehl_songgen_TTA_001.mp3,True,29.8,
data/raw/Echoes/Echoes/TTA/songgen/Snakefirewalking_Los_Llamarada_songgen_TTA_001.mp3,True,29.84,
data/raw/Echoes/Echoes/TTA/songgen/Sonzis_FM_Pipe_Choir_songgen_TTA_001.mp3,True,26.94,
data/raw/Echoes/Echoes/TTA/songgen/Soul_of_the_Demon_Zombie_Raiders_songgen_TTA_001.mp3,True,24.98,
data/raw/Echoes/Echoes/TTA/songgen/Stranger_Frigg_A_Go_Go_F.A.G.G._songgen_TTA_001.mp3,True,29.84,
data/raw/Echoes/Echoes/TTA/songgen/Stuttgart_Portrayal_songgen_TTA_001.mp3,True,24.6,
data/raw/Echoes/Echoes/TTA/songgen/Take_It_All_Mod_Fun_songgen_TTA_001.mp3,True,29.84,
data/raw/Echoes/Echoes/TTA/songgen/Terve_Teille_Чокнутый_Пропеллер_songgen_TTA_001.mp3,True,29.84,
data/raw/Echoes/Echoes/TTA/songgen/The_Contract_The_IMG_songgen_TTA_001.mp3,True,29.84,
data/raw/Echoes/Echoes/TTA/songgen/The_Dawn_The_One_They_Fear_songgen_TTA_001.mp3,True,29.84,
data/raw/Echoes/Echoes/TTA/songgen/The_girl_just_faded_Los_Llamarada_songgen_TTA_001.mp3,True,26.02,
data/raw/Echoes/Echoes/TTA/songgen/The_Monster_MashYa_Look_Fantastic_The_Crypts_songgen_TTA_001.mp3,True,26.3,
data/raw/Echoes/Echoes/TTA/songgen/Track_04_Lightning_Bolt_songgen_TTA_001.mp3,True,24.94,
data/raw/Echoes/Echoes/TTA/songgen/Transmit_Lamprey_songgen_TTA_001.mp3,True,29.84,
data/raw/Echoes/Echoes/TTA/songgen/Untitled_Fatal_Injection_songgen_TTA_001.mp3,True,27.66,
data/raw/Echoes/Echoes/TTA/songgen/Versailles_Pierce_Murphy_songgen_TTA_001.mp3,True,28.5,
data/raw/Echoes/Echoes/TTA/songgen/Voxel_Andy_G._Cohen_songgen_TTA_001.mp3,True,28.96,
data/raw/Echoes/Echoes/TTA/songgen/Wake_Up_The_Moi_Non_Plus_songgen_TTA_001.mp3,True,29.84,
data/raw/Echoes/Echoes/TTA/songgen/WET_DREAMS_voyageurs_songgen_TTA_001.mp3,True,28.22,
data/raw/Echoes/Echoes/TTA/songgen/We_Misplaced_A_Cobra_In_the_Uninhabitable_Mansions_Uninhabitable_Mansions_songgen_TTA_001.mp3,True,29.84,
data/raw/Echoes/Echoes/TTA/songgen/We_Move_in_Waves_Modey_Lemon_songgen_TTA_001.mp3,True,26.38,
data/raw/Echoes/Echoes/TTA/songgen/Where_Is_Everything_The_Moi_Non_Plus_songgen_TTA_001.mp3,True,25.36,
data/raw/Echoes/Echoes/TTA/songgen/Who_Loves_You_Dear_Mink_Lungs_songgen_TTA_001.mp3,True,29.84,
data/raw/Echoes/Echoes/TTA/songgen/Windows_of_the_Skull_Alternate_Version_Sarin_songgen_TTA_001.mp3,True,25.58,
data/raw/Echoes/Echoes/TTA/songgen/Windows_of_the_Skull_Sarin_songgen_TTA_001.mp3,True,28.14,
data/raw/Echoes/Echoes/TTA/songgen/Wir_Werden_Gott_Japanische_Kampfhorspiele_songgen_TTA_001.mp3,True,25.8,
data/raw/Echoes/Echoes/TTA/songgen/Ynkelig_Die_Morgendammerung_Des_Valhalla_songgen_TTA_001.mp3,True,29.84,
data/raw/Echoes/Echoes/TTA/songgen/November_25_2007_Kenneth_Kirschner_songgen_TTA_003.mp3,True,29.84,
data/raw/Echoes/Echoes/TTA/suno/Acoustic_Unleashed_Remain_suno_TTA_001.mp3,True,235.719979,
data/raw/Echoes/Echoes/TTA/suno/Acoustic_Unleashed_Remain_suno_TTA_002.mp3,True,262.759979,
data/raw/Echoes/Echoes/TTA/suno/Ad_Astra_P_C_III_suno_TTA_001.mp3,True,274.599979,
data/raw/Echoes/Echoes/TTA/suno/Ad_Astra_P_C_III_suno_TTA_002.mp3,True,317.959979,
data/raw/Echoes/Echoes/TTA/suno/All_of_Us_Eric_Skiff_suno_TTA_001.mp3,True,234.999979,
data/raw/Echoes/Echoes/TTA/suno/All_of_Us_Eric_Skiff_suno_TTA_002.mp3,True,194.999979,
data/raw/Echoes/Echoes/TTA/suno/Aquamarine_My_Distant_Blue_Nihilore_suno_TTA_001.mp3,True,253.279979,
data/raw/Echoes/Echoes/TTA/suno/Aquamarine_My_Distant_Blue_Nihilore_suno_TTA_002.mp3,True,265.679979,
data/raw/Echoes/Echoes/TTA/suno/Autobahn_S-B-J_suno_TTA_001.mp3,True,285.079979,
data/raw/Echoes/Echoes/TTA/suno/Autobahn_S-B-J_suno_TTA_002.mp3,True,235.999979,
data/raw/Echoes/Echoes/TTA/suno/Clay_Heart_Nihilore_suno_TTA_001.mp3,True,190.239979,
data/raw/Echoes/Echoes/TTA/suno/Clay_Heart_Nihilore_suno_TTA_002.mp3,True,209.559979,
data/raw/Echoes/Echoes/TTA/suno/Cold_Chains_Rolemusic_suno_TTA_001.mp3,True,250.359979,
data/raw/Echoes/Echoes/TTA/suno/Cold_Chains_Rolemusic_suno_TTA_002.mp3,True,224.999979,
data/raw/Echoes/Echoes/TTA/suno/Coliidae_K.D._Expression_suno_TTA_001.mp3,True,217.519979,
data/raw/Echoes/Echoes/TTA/suno/Coliidae_K.D._Expression_suno_TTA_002.mp3,True,186.839979,
data/raw/Echoes/Echoes/TTA/suno/CopperNickle_UncleBibby_suno_TTA_001.mp3,True,184.799979,
data/raw/Echoes/Echoes/TTA/suno/CopperNickle_UncleBibby_suno_TTA_002.mp3,True,189.319979,
data/raw/Echoes/Echoes/TTA/suno/Dance_Harder_Three_Chain_Links_suno_TTA_001.mp3,True,260.119979,
data/raw/Echoes/Echoes/TTA/suno/Dance_Harder_Three_Chain_Links_suno_TTA_002.mp3,True,259.999979,
data/raw/Echoes/Echoes/TTA/suno/Daylight_Savings_My_brother_Daniel_suno_TTA_001.mp3,True,128.639979,
data/raw/Echoes/Echoes/TTA/suno/Daylight_Savings_My_brother_Daniel_suno_TTA_002.mp3,True,154.039979,
data/raw/Echoes/Echoes/TTA/suno/Edge_Mystery_Mammal_suno_TTA_001.mp3,True,250.239979,
data/raw/Echoes/Echoes/TTA/suno/Edge_Mystery_Mammal_suno_TTA_002.mp3,True,272.999979,
data/raw/Echoes/Echoes/TTA/suno/Empower_Thee_vargero_suno_TTA_001.mp3,True,222.759979,
data/raw/Echoes/Echoes/TTA/suno/Empower_Thee_vargero_suno_TTA_002.mp3,True,226.239979,
data/raw/Echoes/Echoes/TTA/suno/Endless_The_Birth_and_Death_of_Silence_suno_TTA_001.mp3,True,334.999979,
data/raw/Echoes/Echoes/TTA/suno/Endless_The_Birth_and_Death_of_Silence_suno_TTA_002.mp3,True,360.159979,
data/raw/Echoes/Echoes/TTA/suno/Flashback_Seclorance_suno_TTA_001.mp3,True,209.959979,
data/raw/Echoes/Echoes/TTA/suno/Flashback_Seclorance_suno_TTA_002.mp3,True,254.999979,
data/raw/Echoes/Echoes/TTA/suno/Fuckaboing_RoccoW_suno_TTA_001.mp3,True,171.999979,
data/raw/Echoes/Echoes/TTA/suno/Fuckaboing_RoccoW_suno_TTA_002.mp3,True,107.519979,
data/raw/Echoes/Echoes/TTA/suno/Go_On_Then_Jim_Rooster_suno_TTA_001.mp3,True,195.999979,
data/raw/Echoes/Echoes/TTA/suno/Go_On_Then_Jim_Rooster_suno_TTA_002.mp3,True,181.079979,
data/raw/Echoes/Echoes/TTA/suno/Hammer_and_a_Nail_Vienna_Ditto_suno_TTA_001.mp3,True,269.839979,
data/raw/Echoes/Echoes/TTA/suno/Hammer_and_a_Nail_Vienna_Ditto_suno_TTA_002.mp3,True,179.999979,
data/raw/Echoes/Echoes/TTA/suno/Improvisation_Broken_Chord_suno_TTA_001.mp3,True,324.879979,
data/raw/Echoes/Echoes/TTA/suno/Improvisation_Broken_Chord_suno_TTA_002.mp3,True,224.199979,
data/raw/Echoes/Echoes/TTA/suno/Introduction_beats_Itsensäsyöjät_suno_TTA_001.mp3,True,237.639979,
data/raw/Echoes/Echoes/TTA/suno/Introduction_beats_Itsensäsyöjät_suno_TTA_002.mp3,True,294.999979,
data/raw/Echoes/Echoes/TTA/suno/Jangus_inspired_by_ToeJam_and_Earl_UncleBibby_suno_TTA_001.mp3,True,217.439979,
data/raw/Echoes/Echoes/TTA/suno/Jangus_inspired_by_ToeJam_and_Earl_UncleBibby_suno_TTA_002.mp3,True,192.879979,
data/raw/Echoes/Echoes/TTA/suno/mystery_team_2090_Jesse_Futerman_suno_TTA_001.mp3,True,118.919979,
data/raw/Echoes/Echoes/TTA/suno/mystery_team_2090_Jesse_Futerman_suno_TTA_002.mp3,True,190.359979,
data/raw/Echoes/Echoes/TTA/suno/Night_Drive_Decktonic_suno_TTA_001.mp3,True,220.839979,
data/raw/Echoes/Echoes/TTA/suno/Night_Drive_Decktonic_suno_TTA_002.mp3,True,204.959979,
data/raw/Echoes/Echoes/TTA/suno/Night_Owl_Broke_For_Free_suno_TTA_001.mp3,True,198.119979,
data/raw/Echoes/Echoes/TTA/suno/Night_Owl_Broke_For_Free_suno_TTA_002.mp3,True,169.399979,
data/raw/Echoes/Echoes/TTA/suno/Noam_Chomskys_Corporate_Carbohydrate_Surprise_Quelle_Fromage_suno_TTA_001.mp3,True,169.959979,
data/raw/Echoes/Echoes/TTA/suno/Noam_Chomskys_Corporate_Carbohydrate_Surprise_Quelle_Fromage_suno_TTA_002.mp3,True,232.479979,
data/raw/Echoes/Echoes/TTA/suno/Nuo_Maisemat_Paavoharju_suno_TTA_001.mp3,True,214.159979,
data/raw/Echoes/Echoes/TTA/suno/Nuo_Maisemat_Paavoharju_suno_TTA_002.mp3,True,244.759979,
data/raw/Echoes/Echoes/TTA/suno/Ohtli_Seclorance_suno_TTA_001.mp3,True,264.839979,
data/raw/Echoes/Echoes/TTA/suno/Ohtli_Seclorance_suno_TTA_002.mp3,True,208.159979,
data/raw/Echoes/Echoes/TTA/suno/Okiirobo_Navigation_System_Henry_Homesweet_suno_TTA_001.mp3,True,122.639979,
data/raw/Echoes/Echoes/TTA/suno/Okiirobo_Navigation_System_Henry_Homesweet_suno_TTA_002.mp3,True,137.999979,
data/raw/Echoes/Echoes/TTA/suno/Only_Instrumental_Broke_For_Free_suno_TTA_001.mp3,True,169.079979,
data/raw/Echoes/Echoes/TTA/suno/Only_Instrumental_Broke_For_Free_suno_TTA_002.mp3,True,178.479979,
data/raw/Echoes/Echoes/TTA/suno/OOOTHERSIDE_-_Liquid_Paper_Mike_B._Fort_suno_TTA_001.mp3,True,221.119979,
data/raw/Echoes/Echoes/TTA/suno/OOOTHERSIDE_-_Liquid_Paper_Mike_B._Fort_suno_TTA_002.mp3,True,205.959979,
data/raw/Echoes/Echoes/TTA/suno/OOOTHERSIDE_-_This_Time_Mike_B._Fort_suno_TTA_001.mp3,True,254.479979,
data/raw/Echoes/Echoes/TTA/suno/OOOTHERSIDE_-_This_Time_Mike_B._Fort_suno_TTA_002.mp3,True,254.159979,
data/raw/Echoes/Echoes/TTA/suno/OST_04_Ship_under_attack_sawsquarenoise_suno_TTA_001.mp3,True,222.319979,
data/raw/Echoes/Echoes/TTA/suno/OST_04_Ship_under_attack_sawsquarenoise_suno_TTA_002.mp3,True,324.959979,
data/raw/Echoes/Echoes/TTA/suno/Paris_Fleslit_suno_TTA_001.mp3,True,127.92,
data/raw/Echoes/Echoes/TTA/suno/Paris_Fleslit_suno_TTA_002.mp3,True,153.0,
data/raw/Echoes/Echoes/TTA/suno/Pista_Afuera_Epstein_suno_TTA_001.mp3,True,180.599979,
data/raw/Echoes/Echoes/TTA/suno/Pista_Afuera_Epstein_suno_TTA_002.mp3,True,153.079979,
data/raw/Echoes/Echoes/TTA/suno/Ponky_McFonky_My_brother_Daniel_suno_TTA_001.mp3,True,139.872,
data/raw/Echoes/Echoes/TTA/suno/Ponky_McFonky_My_brother_Daniel_suno_TTA_002.mp3,True,132.384,
data/raw/Echoes/Echoes/TTA/suno/Realize_Me_Jim_Rooster_suno_TTA_001.mp3,True,203.479979,
data/raw/Echoes/Echoes/TTA/suno/Realize_Me_Jim_Rooster_suno_TTA_002.mp3,True,280.079979,
data/raw/Echoes/Echoes/TTA/suno/Resistentialism_Nihilore_suno_TTA_001.mp3,True,204.759979,
data/raw/Echoes/Echoes/TTA/suno/Resistentialism_Nihilore_suno_TTA_002.mp3,True,227.119979,
data/raw/Echoes/Echoes/TTA/suno/Robot_Heart_Mystery_Mammal_suno_TTA_001.mp3,True,209.519979,
data/raw/Echoes/Echoes/TTA/suno/Robot_Heart_Mystery_Mammal_suno_TTA_002.mp3,True,214.999979,
data/raw/Echoes/Echoes/TTA/suno/Running_Free_Michett_featuring_Kalipluche_suno_TTA_001.mp3,True,224.559979,
data/raw/Echoes/Echoes/TTA/suno/Running_Free_Michett_featuring_Kalipluche_suno_TTA_002.mp3,True,213.759979,
data/raw/Echoes/Echoes/TTA/suno/SD_Ill_Mix_H-LR_suno_TTA_001.mp3,True,172.639979,
data/raw/Echoes/Echoes/TTA/suno/SD_Ill_Mix_H-LR_suno_TTA_002.mp3,True,184.959979,
data/raw/Echoes/Echoes/TTA/suno/Seppuku_Bot_Decktonic_suno_TTA_001.mp3,True,161.039979,
data/raw/Echoes/Echoes/TTA/suno/Seppuku_Bot_Decktonic_suno_TTA_002.mp3,True,116.959979,
data/raw/Echoes/Echoes/TTA/suno/Straw_Fields_Rolemusic_suno_TTA_001.mp3,True,197.519979,
data/raw/Echoes/Echoes/TTA/suno/Straw_Fields_Rolemusic_suno_TTA_002.mp3,True,133.319979,
data/raw/Echoes/Echoes/TTA/suno/Take_Your_Fingers_Michael_Fakesch_suno_TTA_001.mp3,True,144.999979,
data/raw/Echoes/Echoes/TTA/suno/Take_Your_Fingers_Michael_Fakesch_suno_TTA_002.mp3,True,161.799979,
data/raw/Echoes/Echoes/TTA/suno/Tapes_Gumbel_suno_TTA_001.mp3,True,262.839979,
data/raw/Echoes/Echoes/TTA/suno/Tapes_Gumbel_suno_TTA_002.mp3,True,169.959979,
data/raw/Echoes/Echoes/TTA/suno/The_Big_House_Jason_Shaw_suno_TTA_001.mp3,True,172.039979,
data/raw/Echoes/Echoes/TTA/suno/The_Big_House_Jason_Shaw_suno_TTA_002.mp3,True,185.639979,
data/raw/Echoes/Echoes/TTA/suno/The_Courtyard_Uncle_Bibby_suno_TTA_001.mp3,True,208.199979,
data/raw/Echoes/Echoes/TTA/suno/The_Courtyard_Uncle_Bibby_suno_TTA_002.mp3,True,122.919979,
data/raw/Echoes/Echoes/TTA/suno/The_Front_Yard_HarleyLikesMusic_suno_TTA_001.mp3,True,136.039979,
data/raw/Echoes/Echoes/TTA/suno/The_Front_Yard_HarleyLikesMusic_suno_TTA_002.mp3,True,109.759979,
data/raw/Echoes/Echoes/TTA/suno/Ugh_Humans_Can_Join_Mystery_Mammal_suno_TTA_001.mp3,True,199.239979,
data/raw/Echoes/Echoes/TTA/suno/Ugh_Humans_Can_Join_Mystery_Mammal_suno_TTA_002.mp3,True,381.999979,
data/raw/Echoes/Echoes/TTA/suno/Vanishing_Horizon_Jason_Shaw_suno_TTA_001.mp3,True,211.519979,
data/raw/Echoes/Echoes/TTA/suno/Vanishing_Horizon_Jason_Shaw_suno_TTA_002.mp3,True,244.999979,
data/raw/Echoes/Echoes/TTA/suno/When_I_Was_Taller_Dan_Deacon_suno_TTA_001.mp3,True,107.719979,
data/raw/Echoes/Echoes/TTA/suno/When_I_Was_Taller_Dan_Deacon_suno_TTA_002.mp3,True,129.599979,
data/raw/Echoes/Echoes/TTA/suno/Autopsy_Oh_Yeah_the_Future_suno_TTA_001.mp3,True,168.719979,
data/raw/Echoes/Echoes/TTA/suno/Autopsy_Oh_Yeah_the_Future_suno_TTA_002.mp3,True,156.799979,
data/raw/Echoes/Echoes/TTA/suno/Breeze_Funk_Malaventura_suno_TTA_001.mp3,True,129.839979,
data/raw/Echoes/Echoes/TTA/suno/Breeze_Funk_Malaventura_suno_TTA_002.mp3,True,134.879979,
data/raw/Echoes/Echoes/TTA/suno/Busby_Berkeley_Ergo_Phizmiz_suno_TTA_001.mp3,True,184.879979,
data/raw/Echoes/Echoes/TTA/suno/Busby_Berkeley_Ergo_Phizmiz_suno_TTA_002.mp3,True,144.879979,
data/raw/Echoes/Echoes/TTA/suno/Celia_Ergo_Phizmiz_suno_TTA_001.mp3,True,173.319979,
data/raw/Echoes/Echoes/TTA/suno/Celia_Ergo_Phizmiz_suno_TTA_002.mp3,True,151.959979,
data/raw/Echoes/Echoes/TTA/suno/Convicted_Jazz_Drones_Malaventura_suno_TTA_001.mp3,True,203.159979,
data/raw/Echoes/Echoes/TTA/suno/Convicted_Jazz_Drones_Malaventura_suno_TTA_002.mp3,True,208.279979,
data/raw/Echoes/Echoes/TTA/suno/danse_macabre_Katapulto_suno_TTA_001.mp3,True,131.999979,
data/raw/Echoes/Echoes/TTA/suno/danse_macabre_Katapulto_suno_TTA_002.mp3,True,144.879979,
data/raw/Echoes/Echoes/TTA/suno/Different_Day_First_suno_TTA_001.mp3,True,208.119979,
data/raw/Echoes/Echoes/TTA/suno/Different_Day_First_suno_TTA_002.mp3,True,199.639979,
data/raw/Echoes/Echoes/TTA/suno/Evil_Cannot_Create_Caleb_Lemond_suno_TTA_001.mp3,True,202.159979,
data/raw/Echoes/Echoes/TTA/suno/Evil_Cannot_Create_Caleb_Lemond_suno_TTA_002.mp3,True,258.079979,
data/raw/Echoes/Echoes/TTA/suno/First_Glance_Oh_Yeah_the_Future_suno_TTA_001.mp3,True,178.959979,
data/raw/Echoes/Echoes/TTA/suno/First_Glance_Oh_Yeah_the_Future_suno_TTA_002.mp3,True,216.839979,
data/raw/Echoes/Echoes/TTA/suno/Food_and_War_Ergo_Phizmiz_suno_TTA_001.mp3,True,135.279979,
data/raw/Echoes/Echoes/TTA/suno/Food_and_War_Ergo_Phizmiz_suno_TTA_002.mp3,True,102.279979,
data/raw/Echoes/Echoes/TTA/suno/gospellioza_Katapulto_suno_TTA_001.mp3,True,121.559979,
data/raw/Echoes/Echoes/TTA/suno/gospellioza_Katapulto_suno_TTA_002.mp3,True,146.119979,
data/raw/Echoes/Echoes/TTA/suno/Hungry_Oh_Yeah_the_Future_suno_TTA_001.mp3,True,129.839979,
data/raw/Echoes/Echoes/TTA/suno/Hungry_Oh_Yeah_the_Future_suno_TTA_002.mp3,True,121.879979,
data/raw/Echoes/Echoes/TTA/suno/I_Think_From_Now_On_Caleb_Lemond_suno_TTA_001.mp3,True,184.199979,
data/raw/Echoes/Echoes/TTA/suno/I_Think_From_Now_On_Caleb_Lemond_suno_TTA_002.mp3,True,197.039979,
data/raw/Echoes/Echoes/TTA/suno/Invaders_From_Within_Monroeville_Music_Center_suno_TTA_001.mp3,True,189.799979,
data/raw/Echoes/Echoes/TTA/suno/Invaders_From_Within_Monroeville_Music_Center_suno_TTA_002.mp3,True,146.559979,
data/raw/Echoes/Echoes/TTA/suno/John_the_Baby_Ergo_Phizmiz_suno_TTA_001.mp3,True,104.359979,
data/raw/Echoes/Echoes/TTA/suno/John_the_Baby_Ergo_Phizmiz_suno_TTA_002.mp3,True,118.959979,
data/raw/Echoes/Echoes/TTA/suno/Kissing_Scars_Caleb_Lemond_suno_TTA_001.mp3,True,209.959979,
data/raw/Echoes/Echoes/TTA/suno/Kissing_Scars_Caleb_Lemond_suno_TTA_002.mp3,True,209.919979,
data/raw/Echoes/Echoes/TTA/suno/kolorowe_wody_Katapulto_suno_TTA_001.mp3,True,111.399979,
data/raw/Echoes/Echoes/TTA/suno/kolorowe_wody_Katapulto_suno_TTA_002.mp3,True,143.239979,
data/raw/Echoes/Echoes/TTA/suno/Lackadaisical_Oh_Yeah_the_Future_suno_TTA_001.mp3,True,174.919979,
data/raw/Echoes/Echoes/TTA/suno/Lackadaisical_Oh_Yeah_the_Future_suno_TTA_002.mp3,True,178.799979,
data/raw/Echoes/Echoes/TTA/suno/Lovedreams_Oh_Yeah_the_Future_suno_TTA_001.mp3,True,201.839979,
data/raw/Echoes/Echoes/TTA/suno/Lovedreams_Oh_Yeah_the_Future_suno_TTA_002.mp3,True,221.959979,
data/raw/Echoes/Echoes/TTA/suno/Mandrill_Ergo_Phizmiz_suno_TTA_001.mp3,True,124.959979,
data/raw/Echoes/Echoes/TTA/suno/Mandrill_Ergo_Phizmiz_suno_TTA_002.mp3,True,93.559979,
data/raw/Echoes/Echoes/TTA/suno/mc_trabalenguas_Volumina_suno_TTA_001.mp3,True,73.559979,
data/raw/Echoes/Echoes/TTA/suno/mc_trabalenguas_Volumina_suno_TTA_002.mp3,True,71.279979,
data/raw/Echoes/Echoes/TTA/suno/Monkeystage_Ergo_Phizmiz_suno_TTA_001.mp3,True,119.239979,
data/raw/Echoes/Echoes/TTA/suno/Monkeystage_Ergo_Phizmiz_suno_TTA_002.mp3,True,131.839979,
data/raw/Echoes/Echoes/TTA/suno/Motocross_Mania_Monroeville_Music_Center_suno_TTA_001.mp3,True,129.759979,
data/raw/Echoes/Echoes/TTA/suno/Motocross_Mania_Monroeville_Music_Center_suno_TTA_002.mp3,True,141.759979,
data/raw/Echoes/Echoes/TTA/suno/Music_For_an_Underground_Circu_Ergo_Phizmiz_suno_TTA_001.mp3,True,112.039979,
data/raw/Echoes/Echoes/TTA/suno/Music_For_an_Underground_Circu_Ergo_Phizmiz_suno_TTA_002.mp3,True,113.759979,
data/raw/Echoes/Echoes/TTA/suno/Nature_Is_Over_Defined_Bird_Names_suno_TTA_001.mp3,True,147.919979,
data/raw/Echoes/Echoes/TTA/suno/Nature_Is_Over_Defined_Bird_Names_suno_TTA_002.mp3,True,159.639979,
data/raw/Echoes/Echoes/TTA/suno/New_Life_take_1_Bird_Names_suno_TTA_001.mp3,True,199.959979,
data/raw/Echoes/Echoes/TTA/suno/New_Life_take_1_Bird_Names_suno_TTA_002.mp3,True,196.319979,
data/raw/Echoes/Echoes/TTA/suno/Norweigian_Wood_II_Bird_Names_suno_TTA_001.mp3,True,171.599979,
data/raw/Echoes/Echoes/TTA/suno/Norweigian_Wood_II_Bird_Names_suno_TTA_002.mp3,True,216.079979,
data/raw/Echoes/Echoes/TTA/suno/On_My_Mind_Ergo_Phizmiz_suno_TTA_001.mp3,True,128.039979,
data/raw/Echoes/Echoes/TTA/suno/On_My_Mind_Ergo_Phizmiz_suno_TTA_002.mp3,True,124.239979,
data/raw/Echoes/Echoes/TTA/suno/philcollins_takes_your_hand_Katapulto_suno_TTA_001.mp3,True,107.199979,
data/raw/Echoes/Echoes/TTA/suno/philcollins_takes_your_hand_Katapulto_suno_TTA_002.mp3,True,105.359979,
data/raw/Echoes/Echoes/TTA/suno/purity_danger_Katapulto_suno_TTA_001.mp3,True,141.999979,
data/raw/Echoes/Echoes/TTA/suno/purity_danger_Katapulto_suno_TTA_002.mp3,True,127.039979,
data/raw/Echoes/Echoes/TTA/suno/Roller_Star_Monroeville_Music_Center_suno_TTA_001.mp3,True,134.199979,
data/raw/Echoes/Echoes/TTA/suno/Roller_Star_Monroeville_Music_Center_suno_TTA_002.mp3,True,155.599979,
data/raw/Echoes/Echoes/TTA/suno/Roundtrip_Oh_Yeah_the_Future_suno_TTA_001.mp3,True,140.119979,
data/raw/Echoes/Echoes/TTA/suno/Roundtrip_Oh_Yeah_the_Future_suno_TTA_002.mp3,True,122.319979,
data/raw/Echoes/Echoes/TTA/suno/Shadow_Government_Bird_Names_suno_TTA_001.mp3,True,159.959979,
data/raw/Echoes/Echoes/TTA/suno/Shadow_Government_Bird_Names_suno_TTA_002.mp3,True,163.439979,
data/raw/Echoes/Echoes/TTA/suno/She_Works_Tepid_Waters_Bird_Names_suno_TTA_001.mp3,True,194.719979,
data/raw/Echoes/Echoes/TTA/suno/She_Works_Tepid_Waters_Bird_Names_suno_TTA_002.mp3,True,166.799979,
data/raw/Echoes/Echoes/TTA/suno/Solearesbeats_Malaventura_suno_TTA_001.mp3,True,204.199979,
data/raw/Echoes/Echoes/TTA/suno/Solearesbeats_Malaventura_suno_TTA_002.mp3,True,194.959979,
data/raw/Echoes/Echoes/TTA/suno/Something_Dirty_Ergo_Phizmiz_suno_TTA_001.mp3,True,139.679979,
data/raw/Echoes/Echoes/TTA/suno/Something_Dirty_Ergo_Phizmiz_suno_TTA_002.mp3,True,138.279979,
data/raw/Echoes/Echoes/TTA/suno/Spanish_BEEEYYAAACHHH_Malaventura_suno_TTA_001.mp3,True,176.199979,
data/raw/Echoes/Echoes/TTA/suno/Spanish_BEEEYYAAACHHH_Malaventura_suno_TTA_002.mp3,True,164.399979,
data/raw/Echoes/Echoes/TTA/suno/Stockholm_Syndrome_People_Should_Be_More_Aware_Bird_Names_suno_TTA_001.mp3,True,104.959979,
data/raw/Echoes/Echoes/TTA/suno/Stockholm_Syndrome_People_Should_Be_More_Aware_Bird_Names_suno_TTA_002.mp3,True,109.959979,
data/raw/Echoes/Echoes/TTA/suno/The_Cave_of_Time_Monroeville_Music_Center_suno_TTA_001.mp3,True,179.399979,
data/raw/Echoes/Echoes/TTA/suno/The_Cave_of_Time_Monroeville_Music_Center_suno_TTA_002.mp3,True,182.679979,
data/raw/Echoes/Echoes/TTA/suno/The_Coldest_Winter_Caleb_Lemond_suno_TTA_001.mp3,True,249.959979,
data/raw/Echoes/Echoes/TTA/suno/The_Coldest_Winter_Caleb_Lemond_suno_TTA_002.mp3,True,202.719979,
data/raw/Echoes/Echoes/TTA/suno/The_Dream_and_the_Dreamer_Caleb_Lemond_suno_TTA_001.mp3,True,228.519979,
data/raw/Echoes/Echoes/TTA/suno/The_Dream_and_the_Dreamer_Caleb_Lemond_suno_TTA_002.mp3,True,209.039979,
data/raw/Echoes/Echoes/TTA/suno/The_plot_Malaventura_suno_TTA_001.mp3,True,199.559979,
data/raw/Echoes/Echoes/TTA/suno/The_plot_Malaventura_suno_TTA_002.mp3,True,219.399979,
data/raw/Echoes/Echoes/TTA/suno/The_Race_Forever_Monroeville_Music_Center_suno_TTA_001.mp3,True,166.879979,
data/raw/Echoes/Echoes/TTA/suno/The_Race_Forever_Monroeville_Music_Center_suno_TTA_002.mp3,True,171.839979,
data/raw/Echoes/Echoes/TTA/suno/The_Reality_Machine_Monroeville_Music_Center_suno_TTA_001.mp3,True,182.319979,
data/raw/Echoes/Echoes/TTA/suno/The_Reality_Machine_Monroeville_Music_Center_suno_TTA_002.mp3,True,131.479979,
data/raw/Echoes/Echoes/TTA/suno/Time_Is_Love_Silence_is_full_of_birds_suno_TTA_001.mp3,True,161.079979,
data/raw/Echoes/Echoes/TTA/suno/Time_Is_Love_Silence_is_full_of_birds_suno_TTA_002.mp3,True,183.599979,
data/raw/Echoes/Echoes/TTA/suno/Troubles_Ive_seen_Malaventura_suno_TTA_001.mp3,True,192.919979,
data/raw/Echoes/Echoes/TTA/suno/Troubles_Ive_seen_Malaventura_suno_TTA_002.mp3,True,189.919979,
data/raw/Echoes/Echoes/TTA/suno/We_Are_Canucks_David_Blair_suno_TTA_001.mp3,True,119.759979,
data/raw/Echoes/Echoes/TTA/suno/We_Are_Canucks_David_Blair_suno_TTA_002.mp3,True,149.959979,
data/raw/Echoes/Echoes/TTA/suno/Yoko_live_at_FoEG_Emma_Acs_suno_TTA_001.mp3,True,219.792,
data/raw/Echoes/Echoes/TTA/suno/Yoko_live_at_FoEG_Emma_Acs_suno_TTA_002.mp3,True,221.424,
data/raw/Echoes/Echoes/TTA/suno/You_Are_A_Monster_Monroeville_Music_Center_suno_TTA_001.mp3,True,179.159979,
data/raw/Echoes/Echoes/TTA/suno/You_Are_A_Monster_Monroeville_Music_Center_suno_TTA_002.mp3,True,169.159979,
data/raw/Echoes/Echoes/TTA/suno/zero_rhythm_dollar_boy_Katapulto_suno_TTA_001.mp3,True,108.559979,
data/raw/Echoes/Echoes/TTA/suno/zero_rhythm_dollar_boy_Katapulto_suno_TTA_002.mp3,True,93.519979,
data/raw/Echoes/Echoes/TTA/suno/November_25_2007_Kenneth_Kirschner_suno_TTA_001.mp3,True,114.399979,
data/raw/Echoes/Echoes/TTA/suno/1984_Punk_Rock_Opera_suno_TTA_001.mp3,True,107.279979,
data/raw/Echoes/Echoes/TTA/suno/2_Wasnt_There_Isle_of_Pine_suno_TTA_001.mp3,True,269.919979,
data/raw/Echoes/Echoes/TTA/suno/2_Wasnt_There_Isle_of_Pine_suno_TTA_002.mp3,True,143.839979,
data/raw/Echoes/Echoes/TTA/suno/Attention_Pete_Prodoehl_suno_TTA_001.mp3,True,147.399979,
data/raw/Echoes/Echoes/TTA/suno/Attention_Pete_Prodoehl_suno_TTA_002.mp3,True,141.199979,
data/raw/Echoes/Echoes/TTA/suno/Colossal_Stillness_Scott_Holmes_suno_TTA_001.mp3,True,186.919979,
data/raw/Echoes/Echoes/TTA/suno/Colossal_Stillness_Scott_Holmes_suno_TTA_002.mp3,True,221.119979,
data/raw/Echoes/Echoes/TTA/suno/Crossing_Los_Llamarada_suno_TTA_001.mp3,True,328.119979,
data/raw/Echoes/Echoes/TTA/suno/Crossing_Los_Llamarada_suno_TTA_002.mp3,True,226.759979,
data/raw/Echoes/Echoes/TTA/suno/Digital_Lightning_Cloudkicker_suno_TTA_001.mp3,True,239.879979,
data/raw/Echoes/Echoes/TTA/suno/Digital_Lightning_Cloudkicker_suno_TTA_002.mp3,True,233.119979,
data/raw/Echoes/Echoes/TTA/suno/Empty_Pockets_Pete_Prodoehl_suno_TTA_001.mp3,True,181.679979,
data/raw/Echoes/Echoes/TTA/suno/Empty_Pockets_Pete_Prodoehl_suno_TTA_002.mp3,True,159.719979,
data/raw/Echoes/Echoes/TTA/suno/Forest_Silence_Serpentarivm_suno_TTA_001.mp3,True,202.559979,
data/raw/Echoes/Echoes/TTA/suno/Forest_Silence_Serpentarivm_suno_TTA_002.mp3,True,202.599979,
data/raw/Echoes/Echoes/TTA/suno/Formic_Acid_for_Blood_Punk_Rock_Opera_suno_TTA_001.mp3,True,154.919979,
data/raw/Echoes/Echoes/TTA/suno/Formic_Acid_for_Blood_Punk_Rock_Opera_suno_TTA_002.mp3,True,145.519979,
data/raw/Echoes/Echoes/TTA/suno/Gila_Monster_FlopMusic_History_LessonThe_Sonics_The_Crypts_suno_TTA_001.mp3,True,123.519979,
data/raw/Echoes/Echoes/TTA/suno/Gila_Monster_FlopMusic_History_LessonThe_Sonics_The_Crypts_suno_TTA_002.mp3,True,89.799979,
data/raw/Echoes/Echoes/TTA/suno/Head_of_Ancante_Talking_Tree_Akchamel_The_Giver_of_Illness_suno_TTA_001.mp3,True,244.919979,
data/raw/Echoes/Echoes/TTA/suno/Head_of_Ancante_Talking_Tree_Akchamel_The_Giver_of_Illness_suno_TTA_002.mp3,True,202.879979,
data/raw/Echoes/Echoes/TTA/suno/I_Dream_So_Vividly_Uninhabitable_Mansions_suno_TTA_001.mp3,True,183.839979,
data/raw/Echoes/Echoes/TTA/suno/I_Dream_So_Vividly_Uninhabitable_Mansions_suno_TTA_002.mp3,True,219.039979,
data/raw/Echoes/Echoes/TTA/suno/I_Fell_Mod_Fun_suno_TTA_001.mp3,True,96.839979,
data/raw/Echoes/Echoes/TTA/suno/I_Fell_Mod_Fun_suno_TTA_002.mp3,True,99.839979,
data/raw/Echoes/Echoes/TTA/suno/Infinite_Light_Pipe_Choir_suno_TTA_001.mp3,True,240.719979,
data/raw/Echoes/Echoes/TTA/suno/Infinite_Light_Pipe_Choir_suno_TTA_002.mp3,True,289.959979,
data/raw/Echoes/Echoes/TTA/suno/I_Inflammator_suno_TTA_001.mp3,True,134.4,
data/raw/Echoes/Echoes/TTA/suno/I_Inflammator_suno_TTA_002.mp3,True,147.552,
data/raw/Echoes/Echoes/TTA/suno/Johnny_I_Lie_The_Moi_Non_Plus_suno_TTA_001.mp3,True,134.879979,
data/raw/Echoes/Echoes/TTA/suno/Johnny_I_Lie_The_Moi_Non_Plus_suno_TTA_002.mp3,True,189.879979,
data/raw/Echoes/Echoes/TTA/suno/KOMFORT_voyageurs_suno_TTA_001.mp3,True,187.279979,
data/raw/Echoes/Echoes/TTA/suno/KOMFORT_voyageurs_suno_TTA_002.mp3,True,219.479979,
data/raw/Echoes/Echoes/TTA/suno/LIQUID_SKULLS_voyageurs_suno_TTA_001.mp3,True,182.079979,
data/raw/Echoes/Echoes/TTA/suno/LIQUID_SKULLS_voyageurs_suno_TTA_002.mp3,True,165.919979,
data/raw/Echoes/Echoes/TTA/suno/Lost_Paradise_Autumn_Interlude_suno_TTA_001.mp3,True,227.319979,
data/raw/Echoes/Echoes/TTA/suno/Lost_Paradise_Autumn_Interlude_suno_TTA_002.mp3,True,214.959979,
data/raw/Echoes/Echoes/TTA/suno/Love_Dream_The_Zombie_Dandies_suno_TTA_001.mp3,True,136.599979,
data/raw/Echoes/Echoes/TTA/suno/Love_Dream_The_Zombie_Dandies_suno_TTA_002.mp3,True,82.319979,
data/raw/Echoes/Echoes/TTA/suno/March_of_the_GPA_Mechanics_tghost_suno_TTA_001.mp3,True,196.439979,
data/raw/Echoes/Echoes/TTA/suno/March_of_the_GPA_Mechanics_tghost_suno_TTA_002.mp3,True,208.479979,
data/raw/Echoes/Echoes/TTA/suno/Mettle_Pipe_Choir_suno_TTA_001.mp3,True,232.959979,
data/raw/Echoes/Echoes/TTA/suno/Mettle_Pipe_Choir_suno_TTA_002.mp3,True,269.919979,
data/raw/Echoes/Echoes/TTA/suno/Millitary_Industrial_Complex_Punk_Rock_Opera_suno_TTA_001.mp3,True,117.879979,
data/raw/Echoes/Echoes/TTA/suno/Millitary_Industrial_Complex_Punk_Rock_Opera_suno_TTA_002.mp3,True,96.559979,
data/raw/Echoes/Echoes/TTA/suno/Mountain_Mist_Modey_Lemon_suno_TTA_001.mp3,True,169.479979,
data/raw/Echoes/Echoes/TTA/suno/Mountain_Mist_Modey_Lemon_suno_TTA_002.mp3,True,157.679979,
data/raw/Echoes/Echoes/TTA/suno/I_Nocturnal_Mayhem_suno_TTA_001.mp3,True,192.479979,
data/raw/Echoes/Echoes/TTA/suno/I_Nocturnal_Mayhem_suno_TTA_002.mp3,True,178.039979,
data/raw/Echoes/Echoes/TTA/suno/Nose_DUSTdevils_suno_TTA_001.mp3,True,187.759979,
data/raw/Echoes/Echoes/TTA/suno/Nose_DUSTdevils_suno_TTA_002.mp3,True,124.879979,
data/raw/Echoes/Echoes/TTA/suno/One_Eyed_GhostThis_is_gonna_be_a_rough_show_The_Crypts_suno_TTA_001.mp3,True,136.599979,
data/raw/Echoes/Echoes/TTA/suno/One_Eyed_GhostThis_is_gonna_be_a_rough_show_The_Crypts_suno_TTA_002.mp3,True,117.199979,
data/raw/Echoes/Echoes/TTA/suno/Roach-Man_Punk_Rock_Opera_suno_TTA_001.mp3,True,134.679979,
data/raw/Echoes/Echoes/TTA/suno/Roach-Man_Punk_Rock_Opera_suno_TTA_002.mp3,True,129.319979,
data/raw/Echoes/Echoes/TTA/suno/Robocall_Legally_Blind_suno_TTA_001.mp3,True,137.319979,
data/raw/Echoes/Echoes/TTA/suno/Robocall_Legally_Blind_suno_TTA_002.mp3,True,156.279979,
data/raw/Echoes/Echoes/TTA/suno/Roland_Garros_2048_Zoliborz_suno_TTA_001.mp3,True,149.679979,
data/raw/Echoes/Echoes/TTA/suno/Roland_Garros_2048_Zoliborz_suno_TTA_002.mp3,True,119.959979,
data/raw/Echoes/Echoes/TTA/suno/Scramby_Eggs_Andy_G._Cohen_suno_TTA_001.mp3,True,132.839979,
data/raw/Echoes/Echoes/TTA/suno/Scramby_Eggs_Andy_G._Cohen_suno_TTA_002.mp3,True,126.039979,
data/raw/Echoes/Echoes/TTA/suno/Sea_Monster_The_Crypts_suno_TTA_001.mp3,True,174.919979,
data/raw/Echoes/Echoes/TTA/suno/Sea_Monster_The_Crypts_suno_TTA_002.mp3,True,163.159979,
data/raw/Echoes/Echoes/TTA/suno/Sfogare_Il_Dissenso_Deiezione_HC_suno_TTA_001.mp3,True,77.88,
data/raw/Echoes/Echoes/TTA/suno/Sfogare_Il_Dissenso_Deiezione_HC_suno_TTA_002.mp3,True,90.72,
data/raw/Echoes/Echoes/TTA/suno/Snakefirewalking_Los_Llamarada_suno_TTA_001.mp3,True,275.999979,
data/raw/Echoes/Echoes/TTA/suno/Snakefirewalking_Los_Llamarada_suno_TTA_002.mp3,True,259.439979,
data/raw/Echoes/Echoes/TTA/suno/Soul_of_the_Demon_Zombie_Raiders_suno_TTA_001.mp3,True,149.399979,
data/raw/Echoes/Echoes/TTA/suno/Soul_of_the_Demon_Zombie_Raiders_suno_TTA_002.mp3,True,125.359979,
data/raw/Echoes/Echoes/TTA/suno/Stranger_Frigg_A_Go_Go_F.A.G.G._suno_TTA_001.mp3,True,99.959979,
data/raw/Echoes/Echoes/TTA/suno/Stranger_Frigg_A_Go_Go_F.A.G.G._suno_TTA_002.mp3,True,94.959979,
data/raw/Echoes/Echoes/TTA/suno/Stuttgart_Portrayal_suno_TTA_001.mp3,True,214.639979,
data/raw/Echoes/Echoes/TTA/suno/Stuttgart_Portrayal_suno_TTA_002.mp3,True,233.599979,
data/raw/Echoes/Echoes/TTA/suno/Terve_Teille_Чокнутый_Пропеллер_suno_TTA_001.mp3,True,124.479979,
data/raw/Echoes/Echoes/TTA/suno/Terve_Teille_Чокнутый_Пропеллер_suno_TTA_002.mp3,True,85.439979,
data/raw/Echoes/Echoes/TTA/suno/The_Contract_The_IMG_suno_TTA_001.mp3,True,210.719979,
data/raw/Echoes/Echoes/TTA/suno/The_Contract_The_IMG_suno_TTA_002.mp3,True,184.759979,
data/raw/Echoes/Echoes/TTA/suno/The_girl_just_faded_Los_Llamarada_suno_TTA_001.mp3,True,253.799979,
data/raw/Echoes/Echoes/TTA/suno/The_girl_just_faded_Los_Llamarada_suno_TTA_002.mp3,True,259.959979,
data/raw/Echoes/Echoes/TTA/suno/Track_04_Lightning_Bolt_suno_TTA_001.mp3,True,111.999979,
data/raw/Echoes/Echoes/TTA/suno/Track_04_Lightning_Bolt_suno_TTA_002.mp3,True,146.559979,
data/raw/Echoes/Echoes/TTA/suno/Transmit_Lamprey_suno_TTA_001.mp3,True,209.039979,
data/raw/Echoes/Echoes/TTA/suno/Transmit_Lamprey_suno_TTA_002.mp3,True,213.359979,
data/raw/Echoes/Echoes/TTA/suno/Voxel_Andy_G._Cohen_suno_TTA_001.mp3,True,126.199979,
data/raw/Echoes/Echoes/TTA/suno/Voxel_Andy_G._Cohen_suno_TTA_002.mp3,True,166.479979,
data/raw/Echoes/Echoes/TTA/suno/We_Move_in_Waves_Modey_Lemon_suno_TTA_001.mp3,True,198.119979,
data/raw/Echoes/Echoes/TTA/suno/We_Move_in_Waves_Modey_Lemon_suno_TTA_002.mp3,True,193.879979,
data/raw/Echoes/Echoes/TTA/suno/Where_Is_Everything_The_Moi_Non_Plus_suno_TTA_001.mp3,True,113.639979,
data/raw/Echoes/Echoes/TTA/suno/Where_Is_Everything_The_Moi_Non_Plus_suno_TTA_002.mp3,True,119.839979,
data/raw/Echoes/Echoes/TTA/suno/Who_Loves_You_Dear_Mink_Lungs_suno_TTA_001.mp3,True,149.719979,
data/raw/Echoes/Echoes/TTA/suno/Who_Loves_You_Dear_Mink_Lungs_suno_TTA_002.mp3,True,122.679979,
data/raw/Echoes/Echoes/TTA/suno/Windows_of_the_Skull_Sarin_suno_TTA_001.mp3,True,222.599979,
data/raw/Echoes/Echoes/TTA/suno/Windows_of_the_Skull_Sarin_suno_TTA_002.mp3,True,169.719979,
data/raw/Echoes/Echoes/TTA/suno/Wir_Werden_Gott_Japanische_Kampfhorspiele_suno_TTA_001.mp3,True,101.519979,
data/raw/Echoes/Echoes/TTA/suno/Wir_Werden_Gott_Japanische_Kampfhorspiele_suno_TTA_002.mp3,True,109.919979,
data/raw/Echoes/Echoes/TTA/suno/Ynkelig_Die_Morgendammerung_Des_Valhalla_suno_TTA_001.mp3,True,202.479979,
data/raw/Echoes/Echoes/TTA/suno/Ynkelig_Die_Morgendammerung_Des_Valhalla_suno_TTA_002.mp3,True,189.919979,
data/raw/Echoes/Echoes/TTA/suno/Новый_Нью-Йорк_2_Чокнутый_Пропеллер_suno_TTA_001.mp3,True,134.399979,
data/raw/Echoes/Echoes/TTA/suno/Новый_Нью-Йорк_2_Чокнутый_Пропеллер_suno_TTA_002.mp3,True,89.919979,
data/raw/Echoes/Echoes/TTA/udio/Acoustic_Unleashed_Remain_udio_TTA_001.mp3,True,131.114667,
data/raw/Echoes/Echoes/TTA/udio/Acoustic_Unleashed_Remain_udio_TTA_002.mp3,True,131.114667,
data/raw/Echoes/Echoes/TTA/udio/Ad_Astra_P_C_III_udio_TTA_001.mp3,True,131.114667,
data/raw/Echoes/Echoes/TTA/udio/Ad_Astra_P_C_III_udio_TTA_002.mp3,True,131.114667,
data/raw/Echoes/Echoes/TTA/udio/All_of_Us_Eric_Skiff_udio_TTA_001.mp3,True,131.114667,
data/raw/Echoes/Echoes/TTA/udio/All_of_Us_Eric_Skiff_udio_TTA_002.mp3,True,131.114667,
data/raw/Echoes/Echoes/TTA/udio/Aquamarine_My_Distant_Blue_Nihilore_udio_TTA_001.mp3,True,131.114667,
data/raw/Echoes/Echoes/TTA/udio/Aquamarine_My_Distant_Blue_Nihilore_udio_TTA_002.mp3,True,131.114667,
data/raw/Echoes/Echoes/TTA/udio/Autobahn_S-B-J_udio_TTA_001.mp3,True,131.114667,
data/raw/Echoes/Echoes/TTA/udio/Autobahn_S-B-J_udio_TTA_002.mp3,True,131.114667,
data/raw/Echoes/Echoes/TTA/udio/Clay_Heart_Nihilore_udio_TTA_001.mp3,True,131.114667,
data/raw/Echoes/Echoes/TTA/udio/Clay_Heart_Nihilore_udio_TTA_002.mp3,True,131.114667,
data/raw/Echoes/Echoes/TTA/udio/Cold_Chains_Rolemusic_udio_TTA_001.mp3,True,131.114667,
data/raw/Echoes/Echoes/TTA/udio/Cold_Chains_Rolemusic_udio_TTA_002.mp3,True,131.114667,
data/raw/Echoes/Echoes/TTA/udio/Coliidae_K.D._Expression_udio_TTA_001.mp3,True,131.114667,
data/raw/Echoes/Echoes/TTA/udio/Coliidae_K.D._Expression_udio_TTA_002.mp3,True,131.114667,
data/raw/Echoes/Echoes/TTA/udio/CopperNickle_UncleBibby_udio_TTA_001.mp3,True,131.114667,
data/raw/Echoes/Echoes/TTA/udio/CopperNickle_UncleBibby_udio_TTA_002.mp3,True,131.114667,
data/raw/Echoes/Echoes/TTA/udio/Dance_Harder_Three_Chain_Links_udio_TTA_001.mp3,True,131.114667,
data/raw/Echoes/Echoes/TTA/udio/Dance_Harder_Three_Chain_Links_udio_TTA_002.mp3,True,131.114667,
data/raw/Echoes/Echoes/TTA/udio/Daylight_Savings_My_brother_Daniel_udio_TTA_001.mp3,True,131.114667,
data/raw/Echoes/Echoes/TTA/udio/Daylight_Savings_My_brother_Daniel_udio_TTA_002.mp3,True,131.114667,
data/raw/Echoes/Echoes/TTA/udio/Edge_Mystery_Mammal_udio_TTA_001.mp3,True,131.114667,
data/raw/Echoes/Echoes/TTA/udio/Edge_Mystery_Mammal_udio_TTA_002.mp3,True,131.114667,
data/raw/Echoes/Echoes/TTA/udio/Empower_Thee_vargero_udio_TTA_001.mp3,True,131.114667,
data/raw/Echoes/Echoes/TTA/udio/Empower_Thee_vargero_udio_TTA_002.mp3,True,131.114667,
data/raw/Echoes/Echoes/TTA/udio/Endless_The_Birth_and_Death_of_Silence_udio_TTA_001.mp3,True,131.114667,
data/raw/Echoes/Echoes/TTA/udio/Endless_The_Birth_and_Death_of_Silence_udio_TTA_002.mp3,True,131.114667,
data/raw/Echoes/Echoes/TTA/udio/Flashback_Seclorance_udio_TTA_001.mp3,True,131.114667,
data/raw/Echoes/Echoes/TTA/udio/Flashback_Seclorance_udio_TTA_002.mp3,True,131.114667,
data/raw/Echoes/Echoes/TTA/udio/Fuckaboing_RoccoW_udio_TTA_001.mp3,True,131.114667,
data/raw/Echoes/Echoes/TTA/udio/Fuckaboing_RoccoW_udio_TTA_002.mp3,True,131.114667,
data/raw/Echoes/Echoes/TTA/udio/Go_On_Then_Jim_Rooster_udio_TTA_001.mp3,True,131.114667,
data/raw/Echoes/Echoes/TTA/udio/Go_On_Then_Jim_Rooster_udio_TTA_002.mp3,True,131.114667,
data/raw/Echoes/Echoes/TTA/udio/Hammer_and_a_Nail_Vienna_Ditto_udio_TTA_001.mp3,True,131.114667,
data/raw/Echoes/Echoes/TTA/udio/Hammer_and_a_Nail_Vienna_Ditto_udio_TTA_002.mp3,True,131.114667,
data/raw/Echoes/Echoes/TTA/udio/Improvisation_Broken_Chord_udio_TTA_001.mp3,True,131.114667,
data/raw/Echoes/Echoes/TTA/udio/Improvisation_Broken_Chord_udio_TTA_002.mp3,True,131.114667,
data/raw/Echoes/Echoes/TTA/udio/Introduction_beats_Itsensäsyöjät_udio_TTA_001.mp3,True,131.114667,
data/raw/Echoes/Echoes/TTA/udio/Introduction_beats_Itsensäsyöjät_udio_TTA_002.mp3,True,131.114667,
data/raw/Echoes/Echoes/TTA/udio/Jangus_inspired_by_ToeJam_and_Earl_UncleBibby_udio_TTA_001.mp3,True,131.114667,
data/raw/Echoes/Echoes/TTA/udio/Jangus_inspired_by_ToeJam_and_Earl_UncleBibby_udio_TTA_002.mp3,True,131.114667,
data/raw/Echoes/Echoes/TTA/udio/mystery_team_2090_Jesse_Futerman_udio_TTA_001.mp3,True,131.114667,
data/raw/Echoes/Echoes/TTA/udio/mystery_team_2090_Jesse_Futerman_udio_TTA_002.mp3,True,131.114667,
data/raw/Echoes/Echoes/TTA/udio/Night_Drive_Decktonic_udio_TTA_001.mp3,True,131.114667,
data/raw/Echoes/Echoes/TTA/udio/Night_Drive_Decktonic_udio_TTA_002.mp3,True,131.114667,
data/raw/Echoes/Echoes/TTA/udio/Night_Owl_Broke_For_Free_udio_TTA_001.mp3,True,131.114667,
data/raw/Echoes/Echoes/TTA/udio/Night_Owl_Broke_For_Free_udio_TTA_002.mp3,True,131.114667,
data/raw/Echoes/Echoes/TTA/udio/Noam_Chomskys_Corporate_Carbohydrate_Surprise_Quelle_Fromage_udio_TTA_001.mp3,True,131.114667,
data/raw/Echoes/Echoes/TTA/udio/Noam_Chomskys_Corporate_Carbohydrate_Surprise_Quelle_Fromage_udio_TTA_002.mp3,True,131.114667,
data/raw/Echoes/Echoes/TTA/udio/Nuo_Maisemat_Paavoharju_udio_TTA_001.mp3,True,131.114667,
data/raw/Echoes/Echoes/TTA/udio/Nuo_Maisemat_Paavoharju_udio_TTA_002.mp3,True,131.114667,
data/raw/Echoes/Echoes/TTA/udio/Ohtli_Seclorance_udio_TTA_001.mp3,True,131.114667,
data/raw/Echoes/Echoes/TTA/udio/Ohtli_Seclorance_udio_TTA_002.mp3,True,131.114667,
data/raw/Echoes/Echoes/TTA/udio/Okiirobo_Navigation_System_Henry_Homesweet_udio_TTA_001.mp3,True,131.114667,
data/raw/Echoes/Echoes/TTA/udio/Okiirobo_Navigation_System_Henry_Homesweet_udio_TTA_002.mp3,True,131.114667,
data/raw/Echoes/Echoes/TTA/udio/Only_Instrumental_Broke_For_Free_udio_TTA_001.mp3,True,131.114667,
data/raw/Echoes/Echoes/TTA/udio/Only_Instrumental_Broke_For_Free_udio_TTA_002.mp3,True,131.114667,
data/raw/Echoes/Echoes/TTA/udio/OOOTHERSIDE_-_Liquid_Paper_Mike_B._Fort_udio_TTA_001.mp3,True,131.114667,
data/raw/Echoes/Echoes/TTA/udio/OOOTHERSIDE_-_Liquid_Paper_Mike_B._Fort_udio_TTA_002.mp3,True,131.114667,
data/raw/Echoes/Echoes/TTA/udio/OOOTHERSIDE_-_This_Time_Mike_B._Fort_udio_TTA_001.mp3,True,131.114667,
data/raw/Echoes/Echoes/TTA/udio/OOOTHERSIDE_-_This_Time_Mike_B._Fort_udio_TTA_002.mp3,True,131.114667,
data/raw/Echoes/Echoes/TTA/udio/OST_04_Ship_under_attack_sawsquarenoise_udio_TTA_001.mp3,True,131.114667,
data/raw/Echoes/Echoes/TTA/udio/OST_04_Ship_under_attack_sawsquarenoise_udio_TTA_002.mp3,True,131.114667,
data/raw/Echoes/Echoes/TTA/udio/Paris_Fleslit_udio_TTA_001.mp3,True,131.114667,
data/raw/Echoes/Echoes/TTA/udio/Paris_Fleslit_udio_TTA_002.mp3,True,131.114667,
data/raw/Echoes/Echoes/TTA/udio/Pista_Afuera_Epstein_udio_TTA_001.mp3,True,131.114667,
data/raw/Echoes/Echoes/TTA/udio/Pista_Afuera_Epstein_udio_TTA_002.mp3,True,131.114667,
data/raw/Echoes/Echoes/TTA/udio/Ponky_McFonky_My_brother_Daniel_udio_TTA_001.mp3,True,131.114667,
data/raw/Echoes/Echoes/TTA/udio/Ponky_McFonky_My_brother_Daniel_udio_TTA_002.mp3,True,131.114667,
data/raw/Echoes/Echoes/TTA/udio/Realize_Me_Jim_Rooster_udio_TTA_001.mp3,True,131.114667,
data/raw/Echoes/Echoes/TTA/udio/Realize_Me_Jim_Rooster_udio_TTA_002.mp3,True,131.114667,
data/raw/Echoes/Echoes/TTA/udio/Resistentialism_Nihilore_udio_TTA_001.mp3,True,131.114667,
data/raw/Echoes/Echoes/TTA/udio/Resistentialism_Nihilore_udio_TTA_002.mp3,True,131.114667,
data/raw/Echoes/Echoes/TTA/udio/Robot_Heart_Mystery_Mammal_udio_TTA_001.mp3,True,131.114667,
data/raw/Echoes/Echoes/TTA/udio/Robot_Heart_Mystery_Mammal_udio_TTA_002.mp3,True,131.114667,
data/raw/Echoes/Echoes/TTA/udio/Running_Free_Michett_featuring_Kalipluche_udio_TTA_001.mp3,True,131.114667,
data/raw/Echoes/Echoes/TTA/udio/Running_Free_Michett_featuring_Kalipluche_udio_TTA_002.mp3,True,131.114667,
data/raw/Echoes/Echoes/TTA/udio/SD_Ill_Mix_H-LR_udio_TTA_001.mp3,True,131.114667,
data/raw/Echoes/Echoes/TTA/udio/SD_Ill_Mix_H-LR_udio_TTA_002.mp3,True,131.114667,
data/raw/Echoes/Echoes/TTA/udio/Seppuku_Bot_Decktonic_udio_TTA_001.mp3,True,131.114667,
data/raw/Echoes/Echoes/TTA/udio/Seppuku_Bot_Decktonic_udio_TTA_002.mp3,True,131.114667,
data/raw/Echoes/Echoes/TTA/udio/Straw_Fields_Rolemusic_udio_TTA_001.mp3,True,131.114667,
data/raw/Echoes/Echoes/TTA/udio/Straw_Fields_Rolemusic_udio_TTA_002.mp3,True,131.114667,
data/raw/Echoes/Echoes/TTA/udio/Take_Your_Fingers_Michael_Fakesch_udio_TTA_001.mp3,True,131.114667,
data/raw/Echoes/Echoes/TTA/udio/Take_Your_Fingers_Michael_Fakesch_udio_TTA_002.mp3,True,131.114667,
data/raw/Echoes/Echoes/TTA/udio/Tapes_Gumbel_udio_TTA_001.mp3,True,131.114667,
data/raw/Echoes/Echoes/TTA/udio/Tapes_Gumbel_udio_TTA_002.mp3,True,131.114667,
data/raw/Echoes/Echoes/TTA/udio/The_Big_House_Jason_Shaw_udio_TTA_001.mp3,True,131.114667,
data/raw/Echoes/Echoes/TTA/udio/The_Big_House_Jason_Shaw_udio_TTA_002.mp3,True,131.114667,
data/raw/Echoes/Echoes/TTA/udio/The_Courtyard_Uncle_Bibby_udio_TTA_001.mp3,True,131.114667,
data/raw/Echoes/Echoes/TTA/udio/The_Courtyard_Uncle_Bibby_udio_TTA_002.mp3,True,131.114667,
data/raw/Echoes/Echoes/TTA/udio/The_Front_Yard_HarleyLikesMusic_udio_TTA_001.mp3,True,131.114667,
data/raw/Echoes/Echoes/TTA/udio/The_Front_Yard_HarleyLikesMusic_udio_TTA_002.mp3,True,131.114667,
data/raw/Echoes/Echoes/TTA/udio/Ugh_Humans_Can_Join_Mystery_Mammal_udio_TTA_001.mp3,True,131.114667,
data/raw/Echoes/Echoes/TTA/udio/Ugh_Humans_Can_Join_Mystery_Mammal_udio_TTA_002.mp3,True,131.114667,
data/raw/Echoes/Echoes/TTA/udio/Vanishing_Horizon_Jason_Shaw_udio_TTA_001.mp3,True,131.114667,
data/raw/Echoes/Echoes/TTA/udio/Vanishing_Horizon_Jason_Shaw_udio_TTA_002.mp3,True,131.114667,
data/raw/Echoes/Echoes/TTA/udio/When_I_Was_Taller_Dan_Deacon_udio_TTA_001.mp3,True,131.114667,
data/raw/Echoes/Echoes/TTA/udio/When_I_Was_Taller_Dan_Deacon_udio_TTA_002.mp3,True,131.114667,
data/raw/Echoes/Echoes/TTA/udio/Autopsy_Oh_Yeah_the_Future_udio_TTA_001.mp3,True,130.858667,
data/raw/Echoes/Echoes/TTA/udio/Autopsy_Oh_Yeah_the_Future_udio_TTA_002.mp3,True,130.858667,
data/raw/Echoes/Echoes/TTA/udio/Breeze_Funk_Malaventura_udio_TTA_001.mp3,True,130.858667,
data/raw/Echoes/Echoes/TTA/udio/Breeze_Funk_Malaventura_udio_TTA_002.mp3,True,130.858667,
data/raw/Echoes/Echoes/TTA/udio/Busby_Berkeley_Ergo_Phizmiz_udio_TTA_001.mp3,True,130.858667,
data/raw/Echoes/Echoes/TTA/udio/Busby_Berkeley_Ergo_Phizmiz_udio_TTA_002.mp3,True,130.858667,
data/raw/Echoes/Echoes/TTA/udio/Celia_Ergo_Phizmiz_udio_TTA_001.mp3,True,130.858667,
data/raw/Echoes/Echoes/TTA/udio/Celia_Ergo_Phizmiz_udio_TTA_002.mp3,True,130.858667,
data/raw/Echoes/Echoes/TTA/udio/Convicted_Jazz_Drones_Malaventura_udio_TTA_001.mp3,True,130.858667,
data/raw/Echoes/Echoes/TTA/udio/Convicted_Jazz_Drones_Malaventura_udio_TTA_002.mp3,True,130.858667,
data/raw/Echoes/Echoes/TTA/udio/danse_macabre_Katapulto_udio_TTA_001.mp3,True,130.858667,
data/raw/Echoes/Echoes/TTA/udio/danse_macabre_Katapulto_udio_TTA_002.mp3,True,130.858667,
data/raw/Echoes/Echoes/TTA/udio/Different_Day_First_udio_TTA_001.mp3,True,130.858667,
data/raw/Echoes/Echoes/TTA/udio/Different_Day_First_udio_TTA_002.mp3,True,130.858667,
data/raw/Echoes/Echoes/TTA/udio/Evil_Cannot_Create_Caleb_Lemond_udio_TTA_001.mp3,True,130.858667,
data/raw/Echoes/Echoes/TTA/udio/Evil_Cannot_Create_Caleb_Lemond_udio_TTA_002.mp3,True,130.858667,
data/raw/Echoes/Echoes/TTA/udio/First_Glance_Oh_Yeah_the_Future_udio_TTA_001.mp3,True,130.858667,
data/raw/Echoes/Echoes/TTA/udio/First_Glance_Oh_Yeah_the_Future_udio_TTA_002.mp3,True,130.858667,
data/raw/Echoes/Echoes/TTA/udio/Food_and_War_Ergo_Phizmiz_udio_TTA_001.mp3,True,130.858667,
data/raw/Echoes/Echoes/TTA/udio/Food_and_War_Ergo_Phizmiz_udio_TTA_002.mp3,True,130.858667,
data/raw/Echoes/Echoes/TTA/udio/gospellioza_Katapulto_udio_TTA_001.mp3,True,130.858667,
data/raw/Echoes/Echoes/TTA/udio/gospellioza_Katapulto_udio_TTA_002.mp3,True,130.858667,
data/raw/Echoes/Echoes/TTA/udio/Hungry_Oh_Yeah_the_Future_udio_TTA_001.mp3,True,130.858667,
data/raw/Echoes/Echoes/TTA/udio/Hungry_Oh_Yeah_the_Future_udio_TTA_002.mp3,True,130.858667,
data/raw/Echoes/Echoes/TTA/udio/I_Think_From_Now_On_Caleb_Lemond_udio_TTA_001.mp3,True,130.858667,
data/raw/Echoes/Echoes/TTA/udio/I_Think_From_Now_On_Caleb_Lemond_udio_TTA_002.mp3,True,130.858667,
data/raw/Echoes/Echoes/TTA/udio/Invaders_From_Within_Monroeville_Music_Center_udio_TTA_001.mp3,True,130.858667,
data/raw/Echoes/Echoes/TTA/udio/Invaders_From_Within_Monroeville_Music_Center_udio_TTA_002.mp3,True,130.858667,
data/raw/Echoes/Echoes/TTA/udio/John_the_Baby_Ergo_Phizmiz_udio_TTA_001.mp3,True,130.858667,
data/raw/Echoes/Echoes/TTA/udio/John_the_Baby_Ergo_Phizmiz_udio_TTA_002.mp3,True,130.858667,
data/raw/Echoes/Echoes/TTA/udio/Kissing_Scars_Caleb_Lemond_udio_TTA_001.mp3,True,130.858667,
data/raw/Echoes/Echoes/TTA/udio/Kissing_Scars_Caleb_Lemond_udio_TTA_002.mp3,True,130.858667,
data/raw/Echoes/Echoes/TTA/udio/kolorowe_wody_Katapulto_udio_TTA_001.mp3,True,130.858667,
data/raw/Echoes/Echoes/TTA/udio/kolorowe_wody_Katapulto_udio_TTA_002.mp3,True,130.858667,
data/raw/Echoes/Echoes/TTA/udio/Lackadaisical_Oh_Yeah_the_Future_udio_TTA_001.mp3,True,130.858667,
data/raw/Echoes/Echoes/TTA/udio/Lackadaisical_Oh_Yeah_the_Future_udio_TTA_002.mp3,True,130.858667,
data/raw/Echoes/Echoes/TTA/udio/Lovedreams_Oh_Yeah_the_Future_udio_TTA_001.mp3,True,130.858667,
data/raw/Echoes/Echoes/TTA/udio/Lovedreams_Oh_Yeah_the_Future_udio_TTA_002.mp3,True,130.858667,
data/raw/Echoes/Echoes/TTA/udio/Mandrill_Ergo_Phizmiz_udio_TTA_001.mp3,True,130.858667,
data/raw/Echoes/Echoes/TTA/udio/Mandrill_Ergo_Phizmiz_udio_TTA_002.mp3,True,130.858667,
data/raw/Echoes/Echoes/TTA/udio/mc_trabalenguas_Volumina_udio_TTA_001.mp3,True,130.858667,
data/raw/Echoes/Echoes/TTA/udio/mc_trabalenguas_Volumina_udio_TTA_002.mp3,True,130.858667,
data/raw/Echoes/Echoes/TTA/udio/Monkeystage_Ergo_Phizmiz_udio_TTA_001.mp3,True,130.858667,
data/raw/Echoes/Echoes/TTA/udio/Monkeystage_Ergo_Phizmiz_udio_TTA_002.mp3,True,130.858667,
data/raw/Echoes/Echoes/TTA/udio/Motocross_Mania_Monroeville_Music_Center_udio_TTA_001.mp3,True,130.858667,
data/raw/Echoes/Echoes/TTA/udio/Motocross_Mania_Monroeville_Music_Center_udio_TTA_002.mp3,True,130.858667,
data/raw/Echoes/Echoes/TTA/udio/Music_For_an_Underground_Circu_Ergo_Phizmiz_udio_TTA_001.mp3,True,130.858667,
data/raw/Echoes/Echoes/TTA/udio/Music_For_an_Underground_Circu_Ergo_Phizmiz_udio_TTA_002.mp3,True,130.858667,
data/raw/Echoes/Echoes/TTA/udio/Nature_Is_Over_Defined_Bird_Names_udio_TTA_001.mp3,True,130.858667,
data/raw/Echoes/Echoes/TTA/udio/Nature_Is_Over_Defined_Bird_Names_udio_TTA_002.mp3,True,130.858667,
data/raw/Echoes/Echoes/TTA/udio/New_Life_take_1_Bird_Names_udio_TTA_001.mp3,True,130.858667,
data/raw/Echoes/Echoes/TTA/udio/New_Life_take_1_Bird_Names_udio_TTA_002.mp3,True,130.858667,
data/raw/Echoes/Echoes/TTA/udio/Norweigian_Wood_II_Bird_Names_udio_TTA_001.mp3,True,130.858667,
data/raw/Echoes/Echoes/TTA/udio/Norweigian_Wood_II_Bird_Names_udio_TTA_002.mp3,True,130.858667,
data/raw/Echoes/Echoes/TTA/udio/On_My_Mind_Ergo_Phizmiz_udio_TTA_001.mp3,True,130.858667,
data/raw/Echoes/Echoes/TTA/udio/On_My_Mind_Ergo_Phizmiz_udio_TTA_002.mp3,True,130.858667,
data/raw/Echoes/Echoes/TTA/udio/philcollins_takes_your_hand_Katapulto_udio_TTA_001.mp3,True,130.858667,
data/raw/Echoes/Echoes/TTA/udio/philcollins_takes_your_hand_Katapulto_udio_TTA_002.mp3,True,130.858667,
data/raw/Echoes/Echoes/TTA/udio/purity_danger_Katapulto_udio_TTA_001.mp3,True,130.858667,
data/raw/Echoes/Echoes/TTA/udio/purity_danger_Katapulto_udio_TTA_002.mp3,True,130.858667,
data/raw/Echoes/Echoes/TTA/udio/Roller_Star_Monroeville_Music_Center_udio_TTA_001.mp3,True,130.858667,
data/raw/Echoes/Echoes/TTA/udio/Roller_Star_Monroeville_Music_Center_udio_TTA_002.mp3,True,130.858667,
data/raw/Echoes/Echoes/TTA/udio/Roundtrip_Oh_Yeah_the_Future_udio_TTA_001.mp3,True,130.858667,
data/raw/Echoes/Echoes/TTA/udio/Roundtrip_Oh_Yeah_the_Future_udio_TTA_002.mp3,True,130.858667,
data/raw/Echoes/Echoes/TTA/udio/Shadow_Government_Bird_Names_udio_TTA_001.mp3,True,130.858667,
data/raw/Echoes/Echoes/TTA/udio/Shadow_Government_Bird_Names_udio_TTA_002.mp3,True,130.858667,
data/raw/Echoes/Echoes/TTA/udio/She_Works_Tepid_Waters_Bird_Names_udio_TTA_001.mp3,True,130.858667,
data/raw/Echoes/Echoes/TTA/udio/She_Works_Tepid_Waters_Bird_Names_udio_TTA_002.mp3,True,130.858667,
data/raw/Echoes/Echoes/TTA/udio/Solearesbeats_Malaventura_udio_TTA_001.mp3,True,130.858667,
data/raw/Echoes/Echoes/TTA/udio/Solearesbeats_Malaventura_udio_TTA_002.mp3,True,130.858667,
data/raw/Echoes/Echoes/TTA/udio/Something_Dirty_Ergo_Phizmiz_udio_TTA_001.mp3,True,130.858667,
data/raw/Echoes/Echoes/TTA/udio/Something_Dirty_Ergo_Phizmiz_udio_TTA_002.mp3,True,130.858667,
data/raw/Echoes/Echoes/TTA/udio/Spanish_BEEEYYAAACHHH_Malaventura_udio_TTA_001.mp3,True,130.858667,
data/raw/Echoes/Echoes/TTA/udio/Spanish_BEEEYYAAACHHH_Malaventura_udio_TTA_002.mp3,True,130.858667,
data/raw/Echoes/Echoes/TTA/udio/Stockholm_Syndrome_People_Should_Be_More_Aware_Bird_Names_udio_TTA_001.mp3,True,130.858667,
data/raw/Echoes/Echoes/TTA/udio/Stockholm_Syndrome_People_Should_Be_More_Aware_Bird_Names_udio_TTA_002.mp3,True,130.858667,
data/raw/Echoes/Echoes/TTA/udio/The_Cave_of_Time_Monroeville_Music_Center_udio_TTA_001.mp3,True,130.858667,
data/raw/Echoes/Echoes/TTA/udio/The_Cave_of_Time_Monroeville_Music_Center_udio_TTA_002.mp3,True,130.858667,
data/raw/Echoes/Echoes/TTA/udio/The_Coldest_Winter_Caleb_Lemond_udio_TTA_001.mp3,True,130.858667,
data/raw/Echoes/Echoes/TTA/udio/The_Coldest_Winter_Caleb_Lemond_udio_TTA_002.mp3,True,130.858667,
data/raw/Echoes/Echoes/TTA/udio/The_Dream_and_the_Dreamer_Caleb_Lemond_udio_TTA_001.mp3,True,130.858667,
data/raw/Echoes/Echoes/TTA/udio/The_Dream_and_the_Dreamer_Caleb_Lemond_udio_TTA_002.mp3,True,130.858667,
data/raw/Echoes/Echoes/TTA/udio/The_plot_Malaventura_udio_TTA_001.mp3,True,130.858667,
data/raw/Echoes/Echoes/TTA/udio/The_plot_Malaventura_udio_TTA_002.mp3,True,130.858667,
data/raw/Echoes/Echoes/TTA/udio/The_Race_Forever_Monroeville_Music_Center_udio_TTA_001.mp3,True,130.858667,
data/raw/Echoes/Echoes/TTA/udio/The_Race_Forever_Monroeville_Music_Center_udio_TTA_002.mp3,True,130.858667,
data/raw/Echoes/Echoes/TTA/udio/The_Reality_Machine_Monroeville_Music_Center_udio_TTA_001.mp3,True,130.858667,
data/raw/Echoes/Echoes/TTA/udio/The_Reality_Machine_Monroeville_Music_Center_udio_TTA_002.mp3,True,130.858667,
data/raw/Echoes/Echoes/TTA/udio/Time_Is_Love_Silence_is_full_of_birds_udio_TTA_001.mp3,True,130.858667,
data/raw/Echoes/Echoes/TTA/udio/Time_Is_Love_Silence_is_full_of_birds_udio_TTA_002.mp3,True,130.858667,
data/raw/Echoes/Echoes/TTA/udio/Troubles_Ive_seen_Malaventura_udio_TTA_001.mp3,True,130.858667,
data/raw/Echoes/Echoes/TTA/udio/Troubles_Ive_seen_Malaventura_udio_TTA_002.mp3,True,130.858667,
data/raw/Echoes/Echoes/TTA/udio/We_Are_Canucks_David_Blair_udio_TTA_001.mp3,True,130.858667,
data/raw/Echoes/Echoes/TTA/udio/We_Are_Canucks_David_Blair_udio_TTA_002.mp3,True,130.858667,
data/raw/Echoes/Echoes/TTA/udio/Yoko_live_at_FoEG_Emma_Acs_udio_TTA_001.mp3,True,130.858667,
data/raw/Echoes/Echoes/TTA/udio/Yoko_live_at_FoEG_Emma_Acs_udio_TTA_002.mp3,True,130.858667,
data/raw/Echoes/Echoes/TTA/udio/You_Are_A_Monster_Monroeville_Music_Center_udio_TTA_001.mp3,True,130.858667,
data/raw/Echoes/Echoes/TTA/udio/You_Are_A_Monster_Monroeville_Music_Center_udio_TTA_002.mp3,True,130.858667,
data/raw/Echoes/Echoes/TTA/udio/zero_rhythm_dollar_boy_Katapulto_udio_TTA_001.mp3,True,130.858667,
data/raw/Echoes/Echoes/TTA/udio/zero_rhythm_dollar_boy_Katapulto_udio_TTA_002.mp3,True,130.858667,
data/raw/Echoes/Echoes/TTA/udio/November_25_2007_Kenneth_Kirschner_udio_TTA_001.mp3,True,130.858667,
data/raw/Echoes/Echoes/TTA/udio/1984_Punk_Rock_Opera_udio_TTA_001.mp3,True,130.858667,
data/raw/Echoes/Echoes/TTA/udio/2_Wasnt_There_Isle_of_Pine_udio_TTA_001.mp3,True,130.858667,
data/raw/Echoes/Echoes/TTA/udio/2_Wasnt_There_Isle_of_Pine_udio_TTA_002.mp3,True,130.858667,
data/raw/Echoes/Echoes/TTA/udio/Attention_Pete_Prodoehl_udio_TTA_001.mp3,True,130.858667,
data/raw/Echoes/Echoes/TTA/udio/Attention_Pete_Prodoehl_udio_TTA_002.mp3,True,130.858667,
data/raw/Echoes/Echoes/TTA/udio/Colossal_Stillness_Scott_Holmes_udio_TTA_001.mp3,True,130.858667,
data/raw/Echoes/Echoes/TTA/udio/Colossal_Stillness_Scott_Holmes_udio_TTA_002.mp3,True,130.858667,
data/raw/Echoes/Echoes/TTA/udio/Crossing_Los_Llamarada_udio_TTA_001.mp3,True,130.858667,
data/raw/Echoes/Echoes/TTA/udio/Crossing_Los_Llamarada_udio_TTA_002.mp3,True,130.858667,
data/raw/Echoes/Echoes/TTA/udio/Digital_Lightning_Cloudkicker_udio_TTA_001.mp3,True,130.858667,
data/raw/Echoes/Echoes/TTA/udio/Digital_Lightning_Cloudkicker_udio_TTA_002.mp3,True,130.858667,
data/raw/Echoes/Echoes/TTA/udio/Empty_Pockets_Pete_Prodoehl_udio_TTA_001.mp3,True,130.858667,
data/raw/Echoes/Echoes/TTA/udio/Empty_Pockets_Pete_Prodoehl_udio_TTA_002.mp3,True,130.858667,
data/raw/Echoes/Echoes/TTA/udio/Forest_Silence_Serpentarivm_udio_TTA_001.mp3,True,130.858667,
data/raw/Echoes/Echoes/TTA/udio/Forest_Silence_Serpentarivm_udio_TTA_002.mp3,True,130.858667,
data/raw/Echoes/Echoes/TTA/udio/Formic_Acid_for_Blood_Punk_Rock_Opera_udio_TTA_001.mp3,True,130.858667,
data/raw/Echoes/Echoes/TTA/udio/Formic_Acid_for_Blood_Punk_Rock_Opera_udio_TTA_002.mp3,True,130.858667,
data/raw/Echoes/Echoes/TTA/udio/Gila_Monster_FlopMusic_History_LessonThe_Sonics_The_Crypts_udio_TTA_001.mp3,True,130.858667,
data/raw/Echoes/Echoes/TTA/udio/Gila_Monster_FlopMusic_History_LessonThe_Sonics_The_Crypts_udio_TTA_002.mp3,True,130.858667,
data/raw/Echoes/Echoes/TTA/udio/Head_of_Ancante_Talking_Tree_Akchamel_The_Giver_of_Illness_udio_TTA_001.mp3,True,130.858667,
data/raw/Echoes/Echoes/TTA/udio/Head_of_Ancante_Talking_Tree_Akchamel_The_Giver_of_Illness_udio_TTA_002.mp3,True,130.858667,
data/raw/Echoes/Echoes/TTA/udio/I_Dream_So_Vividly_Uninhabitable_Mansions_udio_TTA_001.mp3,True,130.858667,
data/raw/Echoes/Echoes/TTA/udio/I_Dream_So_Vividly_Uninhabitable_Mansions_udio_TTA_002.mp3,True,130.858667,
data/raw/Echoes/Echoes/TTA/udio/I_Fell_Mod_Fun_udio_TTA_001.mp3,True,130.858667,
data/raw/Echoes/Echoes/TTA/udio/I_Fell_Mod_Fun_udio_TTA_002.mp3,True,130.858667,
data/raw/Echoes/Echoes/TTA/udio/Infinite_Light_Pipe_Choir_udio_TTA_001.mp3,True,130.858667,
data/raw/Echoes/Echoes/TTA/udio/Infinite_Light_Pipe_Choir_udio_TTA_002.mp3,True,130.858667,
data/raw/Echoes/Echoes/TTA/udio/I_Inflammator_udio_TTA_001.mp3,True,130.858667,
data/raw/Echoes/Echoes/TTA/udio/I_Inflammator_udio_TTA_002.mp3,True,130.858667,
data/raw/Echoes/Echoes/TTA/udio/Johnny_I_Lie_The_Moi_Non_Plus_udio_TTA_001.mp3,True,130.858667,
data/raw/Echoes/Echoes/TTA/udio/Johnny_I_Lie_The_Moi_Non_Plus_udio_TTA_002.mp3,True,130.858667,
data/raw/Echoes/Echoes/TTA/udio/KOMFORT_voyageurs_udio_TTA_001.mp3,True,130.858667,
data/raw/Echoes/Echoes/TTA/udio/KOMFORT_voyageurs_udio_TTA_002.mp3,True,130.858667,
data/raw/Echoes/Echoes/TTA/udio/LIQUID_SKULLS_voyageurs_udio_TTA_001.mp3,True,130.858667,
data/raw/Echoes/Echoes/TTA/udio/LIQUID_SKULLS_voyageurs_udio_TTA_002.mp3,True,130.858667,
data/raw/Echoes/Echoes/TTA/udio/Lost_Paradise_Autumn_Interlude_udio_TTA_001.mp3,True,130.858667,
data/raw/Echoes/Echoes/TTA/udio/Lost_Paradise_Autumn_Interlude_udio_TTA_002.mp3,True,130.858667,
data/raw/Echoes/Echoes/TTA/udio/Love_Dream_The_Zombie_Dandies_udio_TTA_001.mp3,True,130.858667,
data/raw/Echoes/Echoes/TTA/udio/Love_Dream_The_Zombie_Dandies_udio_TTA_002.mp3,True,130.858667,
data/raw/Echoes/Echoes/TTA/udio/March_of_the_GPA_Mechanics_tghost_udio_TTA_001.mp3,True,130.858667,
data/raw/Echoes/Echoes/TTA/udio/March_of_the_GPA_Mechanics_tghost_udio_TTA_002.mp3,True,130.858667,
data/raw/Echoes/Echoes/TTA/udio/Mettle_Pipe_Choir_udio_TTA_001.mp3,True,130.858667,
data/raw/Echoes/Echoes/TTA/udio/Mettle_Pipe_Choir_udio_TTA_002.mp3,True,130.858667,
data/raw/Echoes/Echoes/TTA/udio/Millitary_Industrial_Complex_Punk_Rock_Opera_udio_TTA_001.mp3,True,130.858667,
data/raw/Echoes/Echoes/TTA/udio/Millitary_Industrial_Complex_Punk_Rock_Opera_udio_TTA_002.mp3,True,130.858667,
data/raw/Echoes/Echoes/TTA/udio/Mountain_Mist_Modey_Lemon_udio_TTA_001.mp3,True,130.858667,
data/raw/Echoes/Echoes/TTA/udio/Mountain_Mist_Modey_Lemon_udio_TTA_002.mp3,True,130.858667,
data/raw/Echoes/Echoes/TTA/udio/I_Nocturnal_Mayhem_udio_TTA_001.mp3,True,130.858667,
data/raw/Echoes/Echoes/TTA/udio/I_Nocturnal_Mayhem_udio_TTA_002.mp3,True,130.858667,
data/raw/Echoes/Echoes/TTA/udio/Nose_DUSTdevils_udio_TTA_001.mp3,True,130.858667,
data/raw/Echoes/Echoes/TTA/udio/Nose_DUSTdevils_udio_TTA_002.mp3,True,130.858667,
data/raw/Echoes/Echoes/TTA/udio/One_Eyed_GhostThis_is_gonna_be_a_rough_show_The_Crypts_udio_TTA_001.mp3,True,130.858667,
data/raw/Echoes/Echoes/TTA/udio/One_Eyed_GhostThis_is_gonna_be_a_rough_show_The_Crypts_udio_TTA_002.mp3,True,130.858667,
data/raw/Echoes/Echoes/TTA/udio/Roach-Man_Punk_Rock_Opera_udio_TTA_001.mp3,True,130.858667,
data/raw/Echoes/Echoes/TTA/udio/Roach-Man_Punk_Rock_Opera_udio_TTA_002.mp3,True,130.858667,
data/raw/Echoes/Echoes/TTA/udio/Robocall_Legally_Blind_udio_TTA_001.mp3,True,130.858667,
data/raw/Echoes/Echoes/TTA/udio/Robocall_Legally_Blind_udio_TTA_002.mp3,True,130.858667,
data/raw/Echoes/Echoes/TTA/udio/Roland_Garros_2048_Zoliborz_udio_TTA_001.mp3,True,130.858667,
data/raw/Echoes/Echoes/TTA/udio/Roland_Garros_2048_Zoliborz_udio_TTA_002.mp3,True,130.858667,
data/raw/Echoes/Echoes/TTA/udio/Scramby_Eggs_Andy_G._Cohen_udio_TTA_001.mp3,True,130.858667,
data/raw/Echoes/Echoes/TTA/udio/Scramby_Eggs_Andy_G._Cohen_udio_TTA_002.mp3,True,130.858667,
data/raw/Echoes/Echoes/TTA/udio/Sea_Monster_The_Crypts_udio_TTA_001.mp3,True,130.858667,
data/raw/Echoes/Echoes/TTA/udio/Sea_Monster_The_Crypts_udio_TTA_002.mp3,True,130.858667,
data/raw/Echoes/Echoes/TTA/udio/Sfogare_Il_Dissenso_Deiezione_HC_udio_TTA_001.mp3,True,130.858667,
data/raw/Echoes/Echoes/TTA/udio/Sfogare_Il_Dissenso_Deiezione_HC_udio_TTA_002.mp3,True,130.858667,
data/raw/Echoes/Echoes/TTA/udio/Snakefirewalking_Los_Llamarada_udio_TTA_001.mp3,True,130.858667,
data/raw/Echoes/Echoes/TTA/udio/Snakefirewalking_Los_Llamarada_udio_TTA_002.mp3,True,130.858667,
data/raw/Echoes/Echoes/TTA/udio/Soul_of_the_Demon_Zombie_Raiders_udio_TTA_001.mp3,True,130.858667,
data/raw/Echoes/Echoes/TTA/udio/Soul_of_the_Demon_Zombie_Raiders_udio_TTA_002.mp3,True,130.858667,
data/raw/Echoes/Echoes/TTA/udio/Stranger_Frigg_A_Go_Go_F.A.G.G._udio_TTA_001.mp3,True,130.858667,
data/raw/Echoes/Echoes/TTA/udio/Stranger_Frigg_A_Go_Go_F.A.G.G._udio_TTA_002.mp3,True,130.858667,
data/raw/Echoes/Echoes/TTA/udio/Stuttgart_Portrayal_udio_TTA_001.mp3,True,130.858667,
data/raw/Echoes/Echoes/TTA/udio/Stuttgart_Portrayal_udio_TTA_002.mp3,True,130.858667,
data/raw/Echoes/Echoes/TTA/udio/Terve_Teille_Чокнутый_Пропеллер_udio_TTA_001.mp3,True,130.858667,
data/raw/Echoes/Echoes/TTA/udio/Terve_Teille_Чокнутый_Пропеллер_udio_TTA_002.mp3,True,130.858667,
data/raw/Echoes/Echoes/TTA/udio/The_Contract_The_IMG_udio_TTA_001.mp3,True,130.858667,
data/raw/Echoes/Echoes/TTA/udio/The_Contract_The_IMG_udio_TTA_002.mp3,True,130.858667,
data/raw/Echoes/Echoes/TTA/udio/The_girl_just_faded_Los_Llamarada_udio_TTA_001.mp3,True,130.858667,
data/raw/Echoes/Echoes/TTA/udio/The_girl_just_faded_Los_Llamarada_udio_TTA_002.mp3,True,130.858667,
data/raw/Echoes/Echoes/TTA/udio/Track_04_Lightning_Bolt_udio_TTA_001.mp3,True,130.858667,
data/raw/Echoes/Echoes/TTA/udio/Track_04_Lightning_Bolt_udio_TTA_002.mp3,True,130.858667,
data/raw/Echoes/Echoes/TTA/udio/Transmit_Lamprey_udio_TTA_001.mp3,True,130.858667,
data/raw/Echoes/Echoes/TTA/udio/Transmit_Lamprey_udio_TTA_002.mp3,True,130.858667,
data/raw/Echoes/Echoes/TTA/udio/Voxel_Andy_G._Cohen_udio_TTA_001.mp3,True,130.858667,
data/raw/Echoes/Echoes/TTA/udio/Voxel_Andy_G._Cohen_udio_TTA_002.mp3,True,130.858667,
data/raw/Echoes/Echoes/TTA/udio/We_Move_in_Waves_Modey_Lemon_udio_TTA_001.mp3,True,130.858667,
data/raw/Echoes/Echoes/TTA/udio/We_Move_in_Waves_Modey_Lemon_udio_TTA_002.mp3,True,130.858667,
data/raw/Echoes/Echoes/TTA/udio/Where_Is_Everything_The_Moi_Non_Plus_udio_TTA_001.mp3,True,130.858667,
data/raw/Echoes/Echoes/TTA/udio/Where_Is_Everything_The_Moi_Non_Plus_udio_TTA_002.mp3,True,130.858667,
data/raw/Echoes/Echoes/TTA/udio/Who_Loves_You_Dear_Mink_Lungs_udio_TTA_001.mp3,True,130.858667,
data/raw/Echoes/Echoes/TTA/udio/Who_Loves_You_Dear_Mink_Lungs_udio_TTA_002.mp3,True,130.858667,
data/raw/Echoes/Echoes/TTA/udio/Windows_of_the_Skull_Sarin_udio_TTA_001.mp3,True,130.858667,
data/raw/Echoes/Echoes/TTA/udio/Windows_of_the_Skull_Sarin_udio_TTA_002.mp3,True,130.858667,
data/raw/Echoes/Echoes/TTA/udio/Wir_Werden_Gott_Japanische_Kampfhorspiele_udio_TTA_001.mp3,True,130.858667,
data/raw/Echoes/Echoes/TTA/udio/Wir_Werden_Gott_Japanische_Kampfhorspiele_udio_TTA_002.mp3,True,130.858667,
data/raw/Echoes/Echoes/TTA/udio/Ynkelig_Die_Morgendammerung_Des_Valhalla_udio_TTA_001.mp3,True,130.858667,
data/raw/Echoes/Echoes/TTA/udio/Ynkelig_Die_Morgendammerung_Des_Valhalla_udio_TTA_002.mp3,True,130.858667,
data/raw/Echoes/Echoes/TTA/udio/Новый_Нью-Йорк_2_Чокнутый_Пропеллер_udio_TTA_001.mp3,True,130.858667,
data/raw/Echoes/Echoes/TTA/udio/Новый_Нью-Йорк_2_Чокнутый_Пропеллер_udio_TTA_002.mp3,True,130.858667,
data/raw/Echoes/Echoes/TTA/stableaudio/Acoustic_Unleashed_Remain_stableaudio_TTA_001.mp3,True,180.0,
data/raw/Echoes/Echoes/TTA/stableaudio/Ad_Astra_P_C_III_stableaudio_TTA_001.mp3,True,180.0,
data/raw/Echoes/Echoes/TTA/stableaudio/All_of_Us_Eric_Skiff_stableaudio_TTA_001.mp3,True,180.0,
data/raw/Echoes/Echoes/TTA/stableaudio/Aquamarine_My_Distant_Blue_Nihilore_stableaudio_TTA_001.mp3,True,180.0,
data/raw/Echoes/Echoes/TTA/stableaudio/Autobahn_S-B-J_stableaudio_TTA_001.mp3,True,180.0,
data/raw/Echoes/Echoes/TTA/stableaudio/Clay_Heart_Nihilore_stableaudio_TTA_001.mp3,True,180.0,
data/raw/Echoes/Echoes/TTA/stableaudio/Cold_Chains_Rolemusic_stableaudio_TTA_001.mp3,True,180.0,
data/raw/Echoes/Echoes/TTA/stableaudio/CopperNickle_UncleBibby_stableaudio_TTA_001.mp3,True,180.0,
data/raw/Echoes/Echoes/TTA/stableaudio/Dance_Harder_Three_Chain_Links_stableaudio_TTA_001.mp3,True,180.0,
data/raw/Echoes/Echoes/TTA/stableaudio/Daylight_Savings_My_brother_Daniel_stableaudio_TTA_001.mp3,True,180.0,
data/raw/Echoes/Echoes/TTA/stableaudio/Empower_Thee_vargero_stableaudio_TTA_001.mp3,True,180.0,
data/raw/Echoes/Echoes/TTA/stableaudio/Endless_The_Birth_and_Death_of_Silence_stableaudio_TTA_001.mp3,True,180.0,
data/raw/Echoes/Echoes/TTA/stableaudio/Fuckaboing_RoccoW_stableaudio_TTA_001.mp3,True,180.0,
data/raw/Echoes/Echoes/TTA/stableaudio/Go_On_Then_Jim_Rooster_stableaudio_TTA_001.mp3,True,180.0,
data/raw/Echoes/Echoes/TTA/stableaudio/Hammer_and_a_Nail_Vienna_Ditto_stableaudio_TTA_001.mp3,True,180.0,
data/raw/Echoes/Echoes/TTA/stableaudio/Improvisation_Broken_Chord_stableaudio_TTA_001.mp3,True,180.0,
data/raw/Echoes/Echoes/TTA/stableaudio/Introduction_beats_Itsensäsyöjät_stableaudio_TTA_001.mp3,True,180.0,
data/raw/Echoes/Echoes/TTA/stableaudio/Jangus_inspired_by_ToeJam_and_Earl_UncleBibby_stableaudio_TTA_001.mp3,True,180.0,
data/raw/Echoes/Echoes/TTA/stableaudio/mystery_team_2090_Jesse_Futerman_stableaudio_TTA_001.mp3,True,180.0,
data/raw/Echoes/Echoes/TTA/stableaudio/Night_Drive_Decktonic_stableaudio_TTA_001.mp3,True,180.0,
data/raw/Echoes/Echoes/TTA/stableaudio/Night_Owl_Broke_For_Free_stableaudio_TTA_001.mp3,True,180.0,
data/raw/Echoes/Echoes/TTA/stableaudio/Noam_Chomskys_Corporate_Carbohydrate_Surprise_Quelle_Fromage_stableaudio_TTA_001.mp3,True,180.0,
data/raw/Echoes/Echoes/TTA/stableaudio/Ohtli_Seclorance_stableaudio_TTA_001.mp3,True,180.0,
data/raw/Echoes/Echoes/TTA/stableaudio/Okiirobo_Navigation_System_Henry_Homesweet_stableaudio_TTA_001.mp3,True,180.0,
data/raw/Echoes/Echoes/TTA/stableaudio/Only_Instrumental_Broke_For_Free_stableaudio_TTA_001.mp3,True,180.0,
data/raw/Echoes/Echoes/TTA/stableaudio/OOOTHERSIDE_-_Liquid_Paper_Mike_B._Fort_stableaudio_TTA_001.mp3,True,180.0,
data/raw/Echoes/Echoes/TTA/stableaudio/OOOTHERSIDE_-_This_Time_Mike_B._Fort_stableaudio_TTA_001.mp3,True,180.0,
data/raw/Echoes/Echoes/TTA/stableaudio/OST_04_Ship_under_attack_sawsquarenoise_stableaudio_TTA_001.mp3,True,180.0,
data/raw/Echoes/Echoes/TTA/stableaudio/Fleslit_Fleslit_stableaudio_TTA_001.mp3,True,180.0,
data/raw/Echoes/Echoes/TTA/stableaudio/Pista_Afuera_Epstein_stableaudio_TTA_001.mp3,True,180.0,
data/raw/Echoes/Echoes/TTA/stableaudio/Ponky_McFonky_My_brother_Daniel_stableaudio_TTA_001.mp3,True,180.0,
data/raw/Echoes/Echoes/TTA/stableaudio/Realize_Me_Jim_Rooster_stableaudio_TTA_001.mp3,True,180.0,
data/raw/Echoes/Echoes/TTA/stableaudio/Resistentialism_Nihilore_stableaudio_TTA_001.mp3,True,180.0,
data/raw/Echoes/Echoes/TTA/stableaudio/Robot_Heart_Mystery_Mammal_stableaudio_TTA_001.mp3,True,180.0,
data/raw/Echoes/Echoes/TTA/stableaudio/Running_Free_Michett_featuring_Kalipluche_stableaudio_TTA_001.mp3,True,180.0,
data/raw/Echoes/Echoes/TTA/stableaudio/End_of_the_Line_H-LR_stableaudio_TTA_001.mp3,True,180.0,
data/raw/Echoes/Echoes/TTA/stableaudio/Seppuku_Bot_Decktonic_stableaudio_TTA_001.mp3,True,180.0,
data/raw/Echoes/Echoes/TTA/stableaudio/Straw_Fields_Rolemusic_stableaudio_TTA_001.mp3,True,180.0,
data/raw/Echoes/Echoes/TTA/stableaudio/Take_Your_Fingers_Michael_Fakesch_stableaudio_TTA_001.mp3,True,180.0,
data/raw/Echoes/Echoes/TTA/stableaudio/The_Reality_Machine_Monroeville_Music_Center_stableaudio_TTA_001.mp3,True,180.0,
data/raw/Echoes/Echoes/TTA/stableaudio/The_Big_House_Jason_Shaw_stableaudio_TTA_001.mp3,True,180.0,
data/raw/Echoes/Echoes/TTA/stableaudio/The_Courtyard_Uncle_Bibby_stableaudio_TTA_001.mp3,True,180.0,
data/raw/Echoes/Echoes/TTA/stableaudio/The_Front_Yard_HarleyLikesMusic_stableaudio_TTA_001.mp3,True,180.0,
data/raw/Echoes/Echoes/TTA/stableaudio/Ugh_Humans_Can_Join_Mystery_Mammal_stableaudio_TTA_001.mp3,True,180.0,
data/raw/Echoes/Echoes/TTA/stableaudio/Vanishing_Horizon_Jason_Shaw_stableaudio_TTA_001.mp3,True,180.0,
data/raw/Echoes/Echoes/TTA/stableaudio/When_I_Was_Taller_Dan_Deacon_stableaudio_TTA_001.mp3,True,180.0,
data/raw/Echoes/Echoes/TTA/stableaudio/Agora_Malaventura_stableaudio_TTA_001.mp3,True,180.0,
data/raw/Echoes/Echoes/TTA/stableaudio/New_Brave_Face_Oh_Yeah_the_Future_stableaudio_TTA_001.mp3,True,180.0,
data/raw/Echoes/Echoes/TTA/stableaudio/Breeze_Funk_Malaventura_stableaudio_TTA_001.mp3,True,180.0,
data/raw/Echoes/Echoes/TTA/stableaudio/Busby_Berkeley_Ergo_Phizmiz_stableaudio_TTA_001.mp3,True,180.0,
data/raw/Echoes/Echoes/TTA/stableaudio/Celia_Ergo_Phizmiz_stableaudio_TTA_001.mp3,True,180.0,
data/raw/Echoes/Echoes/TTA/stableaudio/Convicted_Jazz_Drones_Malaventura_stableaudio_TTA_001.mp3,True,180.0,
data/raw/Echoes/Echoes/TTA/stableaudio/purity_danger_Katapulto_stableaudio_TTA_001.mp3,True,180.0,
data/raw/Echoes/Echoes/TTA/stableaudio/El_Burrito_Malaventura_stableaudio_TTA_001.mp3,True,180.0,
data/raw/Echoes/Echoes/TTA/stableaudio/Evil_Cannot_Create_Caleb_Lemond_stableaudio_TTA_001.mp3,True,180.0,
data/raw/Echoes/Echoes/TTA/stableaudio/First_Glance_Oh_Yeah_the_Future_stableaudio_TTA_001.mp3,True,180.0,
data/raw/Echoes/Echoes/TTA/stableaudio/Food_and_War_Ergo_Phizmiz_stableaudio_TTA_001.mp3,True,180.0,
data/raw/Echoes/Echoes/TTA/stableaudio/purity_danger_Katapulto_stableaudio_TTA_002.mp3,True,180.0,
data/raw/Echoes/Echoes/TTA/stableaudio/New_Brave_Face_Oh_Yeah_the_Future_stableaudio_TTA_002.mp3,True,180.0,
data/raw/Echoes/Echoes/TTA/stableaudio/Invaders_From_Within_Monroeville_Music_Center_stableaudio_TTA_001.mp3,True,180.0,
data/raw/Echoes/Echoes/TTA/stableaudio/I_Think_From_Now_On_Caleb_Lemond_stableaudio_TTA_001.mp3,True,180.0,
data/raw/Echoes/Echoes/TTA/stableaudio/John_the_Baby_Ergo_Phizmiz_stableaudio_TTA_001.mp3,True,180.0,
data/raw/Echoes/Echoes/TTA/stableaudio/karaoke_megablast_Katapulto_stableaudio_TTA_001.mp3,True,180.0,
data/raw/Echoes/Echoes/TTA/stableaudio/Kissing_Scars_Caleb_Lemond_stableaudio_TTA_001.mp3,True,180.0,
data/raw/Echoes/Echoes/TTA/stableaudio/kolorowe_wody_Katapulto_stableaudio_TTA_001.mp3,True,180.0,
data/raw/Echoes/Echoes/TTA/stableaudio/New_Brave_Face_Oh_Yeah_the_Future_stableaudio_TTA_003.mp3,True,180.0,
data/raw/Echoes/Echoes/TTA/stableaudio/Lets_the_kids_play_Malaventura_stableaudio_TTA_001.mp3,True,180.0,
data/raw/Echoes/Echoes/TTA/stableaudio/Mandrill_Ergo_Phizmiz_stableaudio_TTA_001.mp3,True,180.0,
data/raw/Echoes/Echoes/TTA/stableaudio/mc_trabalenguas_Volumina_stableaudio_TTA_001.mp3,True,180.0,
data/raw/Echoes/Echoes/TTA/stableaudio/Monkeystage_Ergo_Phizmiz_stableaudio_TTA_001.mp3,True,180.0,
data/raw/Echoes/Echoes/TTA/stableaudio/Motocross_Mania_Monroeville_Music_Center_stableaudio_TTA_001.mp3,True,180.0,
data/raw/Echoes/Echoes/TTA/stableaudio/Music_For_an_Underground_Circu_Ergo_Phizmiz_stableaudio_TTA_001.mp3,True,180.0,
data/raw/Echoes/Echoes/TTA/stableaudio/My_Body_Is_A_Weapon_Compromise_Edit_Silence_is_full_of_birds_stableaudio_TTA_001.mp3,True,180.0,
data/raw/Echoes/Echoes/TTA/stableaudio/Nature_Is_Over_Defined_Bird_Names_stableaudio_TTA_001.mp3,True,180.0,
data/raw/Echoes/Echoes/TTA/stableaudio/New_Life_take_1_Bird_Names_stableaudio_TTA_001.mp3,True,180.0,
data/raw/Echoes/Echoes/TTA/stableaudio/Norweigian_Wood_II_Bird_Names_stableaudio_TTA_001.mp3,True,180.0,
data/raw/Echoes/Echoes/TTA/stableaudio/Nostalgia_Malaventura_stableaudio_TTA_001.mp3,True,180.0,
data/raw/Echoes/Echoes/TTA/stableaudio/On_My_Mind_Ergo_Phizmiz_stableaudio_TTA_001.mp3,True,180.0,
data/raw/Echoes/Echoes/TTA/stableaudio/Outro_Caleb_Lemond_stableaudio_TTA_001.mp3,True,180.0,
data/raw/Echoes/Echoes/TTA/stableaudio/philcollins_takes_your_hand_Katapulto_stableaudio_TTA_001.mp3,True,180.0,
data/raw/Echoes/Echoes/TTA/stableaudio/Polinesia_Malaventura_stableaudio_TTA_001.mp3,True,180.0,
data/raw/Echoes/Echoes/TTA/stableaudio/Production_Bird_Names_stableaudio_TTA_001.mp3,True,180.0,
data/raw/Echoes/Echoes/TTA/stableaudio/purity_danger_Katapulto_stableaudio_TTA_003.mp3,True,180.0,
data/raw/Echoes/Echoes/TTA/stableaudio/Roller_Star_Monroeville_Music_Center_stableaudio_TTA_001.mp3,True,180.0,
data/raw/Echoes/Echoes/TTA/stableaudio/Shadow_Government_Bird_Names_stableaudio_TTA_001.mp3,True,180.0,
data/raw/Echoes/Echoes/TTA/stableaudio/She_Works_Tepid_Waters_Bird_Names_stableaudio_TTA_001.mp3,True,180.0,
data/raw/Echoes/Echoes/TTA/stableaudio/Slow_and_Steady_Caleb_Lemond_stableaudio_TTA_001.mp3,True,180.0,
data/raw/Echoes/Echoes/TTA/stableaudio/Solearesbeats_Malaventura_stableaudio_TTA_001.mp3,True,180.0,
data/raw/Echoes/Echoes/TTA/stableaudio/Something_Dirty_Ergo_Phizmiz_stableaudio_TTA_001.mp3,True,180.0,
data/raw/Echoes/Echoes/TTA/stableaudio/Space_is_my_pace_Malaventura_stableaudio_TTA_001.mp3,True,180.0,
data/raw/Echoes/Echoes/TTA/stableaudio/Spanish_BEEEYYAAACHHH_Malaventura_stableaudio_TTA_001.mp3,True,180.0,
data/raw/Echoes/Echoes/TTA/stableaudio/Stockholm_Syndrome_People_Should_Be_More_Aware_Bird_Names_stableaudio_TTA_001.mp3,True,180.0,
data/raw/Echoes/Echoes/TTA/stableaudio/The_Cave_of_Time_Monroeville_Music_Center_stableaudio_TTA_001.mp3,True,180.0,
data/raw/Echoes/Echoes/TTA/stableaudio/The_Coldest_Winter_Caleb_Lemond_stableaudio_TTA_001.mp3,True,180.0,
data/raw/Echoes/Echoes/TTA/stableaudio/The_Dream_and_the_Dreamer_Caleb_Lemond_stableaudio_TTA_001.mp3,True,180.0,
data/raw/Echoes/Echoes/TTA/stableaudio/The_plot_Malaventura_stableaudio_TTA_001.mp3,True,180.0,
data/raw/Echoes/Echoes/TTA/stableaudio/The_Pursuit_of_Unintentional_Humor_Oh_Yeah_the_Future_stableaudio_TTA_001.mp3,True,180.0,
data/raw/Echoes/Echoes/TTA/stableaudio/The_Queen_Malaventura_stableaudio_TTA_001.mp3,True,180.0,
data/raw/Echoes/Echoes/TTA/stableaudio/The_Race_Forever_Monroeville_Music_Center_stableaudio_TTA_001.mp3,True,180.0,
data/raw/Echoes/Echoes/TTA/stableaudio/The_Reality_Machine_Monroeville_Music_Center_stableaudio_TTA_002.mp3,True,180.0,
data/raw/Echoes/Echoes/TTA/stableaudio/The_Sandman_Ergo_Phizmiz_stableaudio_TTA_001.mp3,True,180.0,
data/raw/Echoes/Echoes/TTA/stableaudio/Time_Is_Love_Silence_is_full_of_birds_stableaudio_TTA_001.mp3,True,180.0,
data/raw/Echoes/Echoes/TTA/stableaudio/Troubles_Ive_seen_Malaventura_stableaudio_TTA_001.mp3,True,180.0,
data/raw/Echoes/Echoes/TTA/stableaudio/We_Are_Canucks_David_Blair_stableaudio_TTA_001.mp3,True,180.0,
data/raw/Echoes/Echoes/TTA/stableaudio/With_the_Summer_Oh_Yeah_the_Future_stableaudio_TTA_001.mp3,True,180.0,
data/raw/Echoes/Echoes/TTA/stableaudio/Yoko_live_at_FoEG_Emma_Acs_stableaudio_TTA_001.mp3,True,180.0,
data/raw/Echoes/Echoes/TTA/stableaudio/You_Are_A_Monster_Monroeville_Music_Center_stableaudio_TTA_001.mp3,True,180.0,
data/raw/Echoes/Echoes/TTA/stableaudio/zero_rhythm_dollar_boy_Katapulto_stableaudio_TTA_001.mp3,True,180.0,
data/raw/Echoes/Echoes/TTA/stableaudio/1984_Punk_Rock_Opera_stableaudio_TTA_001.mp3,True,180.0,
data/raw/Echoes/Echoes/TTA/stableaudio/2_Wasnt_There_Isle_of_Pine_stableaudio_TTA_001.mp3,True,180.0,
data/raw/Echoes/Echoes/TTA/stableaudio/50000_Volts_of_Democracy_mp3_Legally_Blind_stableaudio_TTA_001.mp3,True,180.0,
data/raw/Echoes/Echoes/TTA/stableaudio/5_Lexington_Isle_of_Pine_stableaudio_TTA_001.mp3,True,180.0,
data/raw/Echoes/Echoes/TTA/stableaudio/6_Coat_of_Arms_Close_Isle_of_Pine_stableaudio_TTA_001.mp3,True,180.0,
data/raw/Echoes/Echoes/TTA/stableaudio/Apparitions_Under_Glass_Sarin_stableaudio_TTA_001.mp3,True,180.0,
data/raw/Echoes/Echoes/TTA/stableaudio/Attention_Pete_Prodoehl_stableaudio_TTA_001.mp3,True,180.0,
data/raw/Echoes/Echoes/TTA/stableaudio/A_Dark_Blue_Arc_Pipe_Choir_stableaudio_TTA_001.mp3,True,180.0,
data/raw/Echoes/Echoes/TTA/stableaudio/A_Lady_In_Red_With_A_Plan_To_Steal_Did_You_Just_Hex_Me_stableaudio_TTA_001.mp3,True,180.0,
data/raw/Echoes/Echoes/TTA/stableaudio/Bergwald_Bergwald_Every_Now_and_Every_Then_stableaudio_TTA_001.mp3,True,180.0,
data/raw/Echoes/Echoes/TTA/stableaudio/Better_Run_Away_From_Me_Miss_Derringer_stableaudio_TTA_001.mp3,True,180.0,
data/raw/Echoes/Echoes/TTA/stableaudio/Beyond_Luxury_Mors_Ontologica_stableaudio_TTA_001.mp3,True,180.0,
data/raw/Echoes/Echoes/TTA/stableaudio/Black_Panda_The_Crypts_stableaudio_TTA_001.mp3,True,180.0,
data/raw/Echoes/Echoes/TTA/stableaudio/Colossal_Stillness_Scott_Holmes_stableaudio_TTA_001.mp3,True,180.0,
data/raw/Echoes/Echoes/TTA/stableaudio/Burn_Room_For_A_Ghost_stableaudio_TTA_001.mp3,True,180.0,
data/raw/Echoes/Echoes/TTA/stableaudio/Cassie_Lace_The_Zombie_Dandies_stableaudio_TTA_001.mp3,True,180.0,
data/raw/Echoes/Echoes/TTA/stableaudio/Colossal_Stillness_Scott_Holmes_stableaudio_TTA_002.mp3,True,180.0,
data/raw/Echoes/Echoes/TTA/stableaudio/Crossing_Los_Llamarada_stableaudio_TTA_001.mp3,True,180.0,
data/raw/Echoes/Echoes/TTA/stableaudio/Demolition_Michett_stableaudio_TTA_001.mp3,True,180.0,
data/raw/Echoes/Echoes/TTA/stableaudio/Digital_Lightning_Cloudkicker_stableaudio_TTA_001.mp3,True,180.0,
data/raw/Echoes/Echoes/TTA/stableaudio/Dont_want_to_be_your_man_Frigg_A_Go_Go_F.A.G.G._stableaudio_TTA_001.mp3,True,180.0,
data/raw/Echoes/Echoes/TTA/stableaudio/Electric_Girlfriend_The_Zombie_Dandies_stableaudio_TTA_001.mp3,True,180.0,
data/raw/Echoes/Echoes/TTA/stableaudio/Empty_Pockets_Pete_Prodoehl_stableaudio_TTA_001.mp3,True,180.0,
data/raw/Echoes/Echoes/TTA/stableaudio/Eyes_Getting_Louder_Mod_Fun_stableaudio_TTA_001.mp3,True,180.0,
data/raw/Echoes/Echoes/TTA/stableaudio/Five_40_DerbySlow_Whistle_The_Crypts_stableaudio_TTA_001.mp3,True,180.0,
data/raw/Echoes/Echoes/TTA/stableaudio/Forest_Silence_Serpentarivm_stableaudio_TTA_001.mp3,True,180.0,
data/raw/Echoes/Echoes/TTA/stableaudio/Formic_Acid_for_Blood_Punk_Rock_Opera_stableaudio_TTA_001.mp3,True,180.0,
data/raw/Echoes/Echoes/TTA/stableaudio/Gila_Monster_FlopMusic_History_LessonThe_Sonics_The_Crypts_stableaudio_TTA_001.mp3,True,180.0,
data/raw/Echoes/Echoes/TTA/stableaudio/Half_a_Doubt_Droopies_stableaudio_TTA_001.mp3,True,180.0,
data/raw/Echoes/Echoes/TTA/stableaudio/Head_of_Ancante_Talking_Tree_Akchamel_The_Giver_of_Illness_stableaudio_TTA_001.mp3,True,180.0,
data/raw/Echoes/Echoes/TTA/stableaudio/Hisko_Detria_Hisko_Detria_stableaudio_TTA_001.mp3,True,180.0,
data/raw/Echoes/Echoes/TTA/stableaudio/Im_gonna_try_to_reach_Los_Llamarada_stableaudio_TTA_001.mp3,True,180.0,
data/raw/Echoes/Echoes/TTA/stableaudio/Infinite_Light_Pipe_Choir_stableaudio_TTA_001.mp3,True,180.0,
data/raw/Echoes/Echoes/TTA/stableaudio/Insectlaration_of_Independence_Punk_Rock_Opera_stableaudio_TTA_001.mp3,True,180.0,
data/raw/Echoes/Echoes/TTA/stableaudio/I_Can_See_Everything_Mod_Fun_stableaudio_TTA_001.mp3,True,180.0,
data/raw/Echoes/Echoes/TTA/stableaudio/I_Close_My_Eyes_Miss_Derringer_stableaudio_TTA_001.mp3,True,180.0,
data/raw/Echoes/Echoes/TTA/stableaudio/I_Dream_So_Vividly_Uninhabitable_Mansions_stableaudio_TTA_001.mp3,True,180.0,
data/raw/Echoes/Echoes/TTA/stableaudio/I_Nocturnal_Mayhem_stableaudio_TTA_001.mp3,True,180.0,
data/raw/Echoes/Echoes/TTA/stableaudio/KISS_my_Boots_The_Zombie_Dandies_stableaudio_TTA_001.mp3,True,180.0,
data/raw/Echoes/Echoes/TTA/stableaudio/KOMFORT_voyageurs_stableaudio_TTA_001.mp3,True,180.0,
data/raw/Echoes/Echoes/TTA/stableaudio/Lady_Love_Parsley_Flakes_stableaudio_TTA_001.mp3,True,180.0,
data/raw/Echoes/Echoes/TTA/stableaudio/Liberation_is_not_Easy_Frigg_A_Go_Go_F.A.G.G._stableaudio_TTA_001.mp3,True,180.0,
data/raw/Echoes/Echoes/TTA/stableaudio/Lights_Up_Pipe_Choir_stableaudio_TTA_001.mp3,True,180.0,
data/raw/Echoes/Echoes/TTA/stableaudio/LIQUID_SKULLS_voyageurs_stableaudio_TTA_001.mp3,True,180.0,
data/raw/Echoes/Echoes/TTA/stableaudio/Lost_Paradise_Autumn_Interlude_stableaudio_TTA_001.mp3,True,180.0,
data/raw/Echoes/Echoes/TTA/stableaudio/Love_Dream_The_Zombie_Dandies_stableaudio_TTA_001.mp3,True,180.0,
data/raw/Echoes/Echoes/TTA/stableaudio/March_of_the_GPA_Mechanics_tghost_stableaudio_TTA_001.mp3,True,180.0,
data/raw/Echoes/Echoes/TTA/stableaudio/Mettle_Pipe_Choir_stableaudio_TTA_001.mp3,True,180.0,
data/raw/Echoes/Echoes/TTA/stableaudio/Millitary_Industrial_Complex_Punk_Rock_Opera_stableaudio_TTA_001.mp3,True,180.0,
data/raw/Echoes/Echoes/TTA/stableaudio/Moontime_The_IMG_stableaudio_TTA_001.mp3,True,180.0,
data/raw/Echoes/Echoes/TTA/stableaudio/Mosque_Sarin_stableaudio_TTA_001.mp3,True,180.0,
data/raw/Echoes/Echoes/TTA/stableaudio/Nose_DUSTdevils_stableaudio_TTA_001.mp3,True,180.0,
data/raw/Echoes/Echoes/TTA/stableaudio/One_Eyed_GhostThis_is_gonna_be_a_rough_show_The_Crypts_stableaudio_TTA_001.mp3,True,180.0,
data/raw/Echoes/Echoes/TTA/stableaudio/Puertas_de_Fuego_Guerra_de_Cerdos_stableaudio_TTA_001.mp3,True,180.0,
data/raw/Echoes/Echoes/TTA/stableaudio/Reagan_Shut_Down_the_Asylums_Punk_Rock_Opera_stableaudio_TTA_001.mp3,True,180.0,
data/raw/Echoes/Echoes/TTA/stableaudio/Redlight_Room_For_A_Ghost_stableaudio_TTA_001.mp3,True,180.0,
data/raw/Echoes/Echoes/TTA/stableaudio/Roach-Man_Punk_Rock_Opera_stableaudio_TTA_001.mp3,True,180.0,
data/raw/Echoes/Echoes/TTA/stableaudio/Robocall_Legally_Blind_stableaudio_TTA_001.mp3,True,180.0,
data/raw/Echoes/Echoes/TTA/stableaudio/Roland_Garros_2048_Zoliborz_stableaudio_TTA_001.mp3,True,180.0,
data/raw/Echoes/Echoes/TTA/stableaudio/Scramby_Eggs_Andy_G._Cohen_stableaudio_TTA_001.mp3,True,180.0,
data/raw/Echoes/Echoes/TTA/stableaudio/Sfogare_Il_Dissenso_Deiezione_HC_stableaudio_TTA_001.mp3,True,180.0,
data/raw/Echoes/Echoes/TTA/stableaudio/Sheffield_Hall_Andy_G._Cohen_stableaudio_TTA_001.mp3,True,180.0,
data/raw/Echoes/Echoes/TTA/stableaudio/Shipwrecked_Crew_Pete_Prodoehl_stableaudio_TTA_001.mp3,True,180.0,
data/raw/Echoes/Echoes/TTA/stableaudio/Snakefirewalking_Los_Llamarada_stableaudio_TTA_001.mp3,True,180.0,
data/raw/Echoes/Echoes/TTA/stableaudio/Sonzis_FM_Pipe_Choir_stableaudio_TTA_001.mp3,True,180.0,
data/raw/Echoes/Echoes/TTA/stableaudio/Soul_of_the_Demon_Zombie_Raiders_stableaudio_TTA_001.mp3,True,180.0,
data/raw/Echoes/Echoes/TTA/stableaudio/Stranger_Frigg_A_Go_Go_F.A.G.G._stableaudio_TTA_001.mp3,True,180.0,
data/raw/Echoes/Echoes/TTA/stableaudio/Stuttgart_Portrayal_stableaudio_TTA_001.mp3,True,180.0,
data/raw/Echoes/Echoes/TTA/stableaudio/В_Наших_Сердцах_Чокнутый_Пропеллер_stableaudio_TTA_001.mp3,True,180.0,
data/raw/Echoes/Echoes/TTA/stableaudio/The_Contract_The_IMG_stableaudio_TTA_001.mp3,True,180.0,
data/raw/Echoes/Echoes/TTA/stableaudio/The_Dawn_The_One_They_Fear_stableaudio_TTA_001.mp3,True,180.0,
data/raw/Echoes/Echoes/TTA/stableaudio/The_girl_just_faded_Los_Llamarada_stableaudio_TTA_001.mp3,True,180.0,
data/raw/Echoes/Echoes/TTA/stableaudio/The_Monster_MashYa_Look_Fantastic_The_Crypts_stableaudio_TTA_001.mp3,True,180.0,
data/raw/Echoes/Echoes/TTA/stableaudio/Untitled_Fatal_Injection_stableaudio_TTA_001.mp3,True,180.0,
data/raw/Echoes/Echoes/TTA/stableaudio/Versailles_Pierce_Murphy_stableaudio_TTA_001.mp3,True,180.0,
data/raw/Echoes/Echoes/TTA/stableaudio/Voxel_Andy_G._Cohen_stableaudio_TTA_001.mp3,True,180.0,
data/raw/Echoes/Echoes/TTA/stableaudio/WET_DREAMS_voyageurs_stableaudio_TTA_001.mp3,True,180.0,
data/raw/Echoes/Echoes/TTA/stableaudio/We_Misplaced_A_Cobra_In_the_Uninhabitable_Mansions_Uninhabitable_Mansions_stableaudio_TTA_001.mp3,True,180.0,
data/raw/Echoes/Echoes/TTA/stableaudio/Who_Loves_You_Dear_Mink_Lungs_stableaudio_TTA_001.mp3,True,180.0,
data/raw/Echoes/Echoes/TTA/stableaudio/Windows_of_the_Skull_Alternate_Version_Sarin_stableaudio_TTA_001.mp3,True,180.0,
data/raw/Echoes/Echoes/TTA/stableaudio/Windows_of_the_Skull_Alternate_Version_Sarin_stableaudio_TTA_002.mp3,True,180.0,
data/raw/Echoes/Echoes/TTA/stableaudio/Wir_Werden_Gott_Japanische_Kampfhorspiele_stableaudio_TTA_001.mp3,True,180.0,
data/raw/Echoes/Echoes/TTA/stableaudio/Ynkelig_Die_Morgendammerung_Des_Valhalla_stableaudio_TTA_001.mp3,True,180.0,
data/raw/Echoes/Echoes/TTA/stableaudio/В_Наших_Сердцах_Чокнутый_Пропеллер_stableaudio_TTA_002.mp3,True,180.0,
data/raw/Echoes/Echoes/TTA/stableaudio/Глазами_Детей_Чокнутый_Пропеллер_stableaudio_TTA_001.mp3,True,180.0,
data/raw/Echoes/Echoes/TTA/stableaudio/В_Наших_Сердцах_Чокнутый_Пропеллер_stableaudio_TTA_003.mp3,True,180.0,
data/raw/Echoes/Echoes/TTA/elevenlabs/1984_Punk_Rock_Opera_elevenlabs_TTA_001.mp3,True,150.047333,
data/raw/Echoes/Echoes/TTA/elevenlabs/1984_Punk_Rock_Opera_elevenlabs_TTA_002.mp3,True,150.047333,
data/raw/Echoes/Echoes/TTA/elevenlabs/2_Wasnt_There_Isle_of_Pine_elevenlabs_TTA_001.mp3,True,210.050583,
data/raw/Echoes/Echoes/TTA/elevenlabs/2_Wasnt_There_Isle_of_Pine_elevenlabs_TTA_002.mp3,True,210.050583,
data/raw/Echoes/Echoes/TTA/elevenlabs/Acoustic_Unleashed_Remain_elevenlabs_TTA_001.mp3,True,180.035917,
data/raw/Echoes/Echoes/TTA/elevenlabs/Acoustic_Unleashed_Remain_elevenlabs_TTA_002.mp3,True,180.035917,
data/raw/Echoes/Echoes/TTA/elevenlabs/Ad_Astra_P_C_III_elevenlabs_TTA_001.mp3,True,300.042417,
data/raw/Echoes/Echoes/TTA/elevenlabs/Ad_Astra_P_C_III_elevenlabs_TTA_002.mp3,True,300.042417,
data/raw/Echoes/Echoes/TTA/elevenlabs/All_of_Us_Eric_Skiff_elevenlabs_TTA_001.mp3,True,180.035917,
data/raw/Echoes/Echoes/TTA/elevenlabs/All_of_Us_Eric_Skiff_elevenlabs_TTA_002.mp3,True,180.035917,
data/raw/Echoes/Echoes/TTA/elevenlabs/Aquamarine_My_Distant_Blue_Nihilore_elevenlabs_TTA_001.mp3,True,210.050583,
data/raw/Echoes/Echoes/TTA/elevenlabs/Aquamarine_My_Distant_Blue_Nihilore_elevenlabs_TTA_002.mp3,True,210.050583,
data/raw/Echoes/Echoes/TTA/elevenlabs/Attention_Pete_Prodoehl_elevenlabs_TTA_001.mp3,True,180.035917,
data/raw/Echoes/Echoes/TTA/elevenlabs/Attention_Pete_Prodoehl_elevenlabs_TTA_002.mp3,True,180.035917,
data/raw/Echoes/Echoes/TTA/elevenlabs/Autobahn_S-B-J_elevenlabs_TTA_001.mp3,True,210.050583,
data/raw/Echoes/Echoes/TTA/elevenlabs/Autobahn_S-B-J_elevenlabs_TTA_002.mp3,True,240.039167,
data/raw/Echoes/Echoes/TTA/elevenlabs/Autopsy_Oh_Yeah_the_Future_elevenlabs_TTA_001.mp3,True,210.050583,
data/raw/Echoes/Echoes/TTA/elevenlabs/Autopsy_Oh_Yeah_the_Future_elevenlabs_TTA_002.mp3,True,210.050583,
data/raw/Echoes/Echoes/TTA/elevenlabs/Breeze_Funk_Malaventura_elevenlabs_TTA_001.mp3,True,180.035917,
data/raw/Echoes/Echoes/TTA/elevenlabs/Breeze_Funk_Malaventura_elevenlabs_TTA_002.mp3,True,180.035917,
data/raw/Echoes/Echoes/TTA/elevenlabs/Busby_Berkeley_Ergo_Phizmiz_elevenlabs_TTA_001.mp3,True,180.035917,
data/raw/Echoes/Echoes/TTA/elevenlabs/Busby_Berkeley_Ergo_Phizmiz_elevenlabs_TTA_002.mp3,True,180.035917,
data/raw/Echoes/Echoes/TTA/elevenlabs/Celia_Ergo_Phizmiz_elevenlabs_TTA_001.mp3,True,180.035917,
data/raw/Echoes/Echoes/TTA/elevenlabs/Celia_Ergo_Phizmiz_elevenlabs_TTA_002.mp3,True,180.035917,
data/raw/Echoes/Echoes/TTA/elevenlabs/Clay_Heart_Nihilore_elevenlabs_TTA_001.mp3,True,210.050583,
data/raw/Echoes/Echoes/TTA/elevenlabs/Clay_Heart_Nihilore_elevenlabs_TTA_002.mp3,True,210.050583,
data/raw/Echoes/Echoes/TTA/elevenlabs/Cold_Chains_Rolemusic_elevenlabs_TTA_001.mp3,True,150.047333,
data/raw/Echoes/Echoes/TTA/elevenlabs/Cold_Chains_Rolemusic_elevenlabs_TTA_002.mp3,True,150.047333,
data/raw/Echoes/Echoes/TTA/elevenlabs/Coliidae_K.D._Expression_elevenlabs_TTA_001.mp3,True,180.035917,
data/raw/Echoes/Echoes/TTA/elevenlabs/Coliidae_K.D._Expression_elevenlabs_TTA_002.mp3,True,180.035917,
data/raw/Echoes/Echoes/TTA/elevenlabs/Colossal_Stillness_Scott_Holmes_elevenlabs_TTA_001.mp3,True,240.039167,
data/raw/Echoes/Echoes/TTA/elevenlabs/Colossal_Stillness_Scott_Holmes_elevenlabs_TTA_002.mp3,True,240.039167,
data/raw/Echoes/Echoes/TTA/elevenlabs/Convicted_Jazz_Drones_Malaventura_elevenlabs_TTA_001.mp3,True,180.035917,
data/raw/Echoes/Echoes/TTA/elevenlabs/Convicted_Jazz_Drones_Malaventura_elevenlabs_TTA_002.mp3,True,210.050583,
data/raw/Echoes/Echoes/TTA/elevenlabs/CopperNickle_UncleBibby_elevenlabs_TTA_001.mp3,True,150.047333,
data/raw/Echoes/Echoes/TTA/elevenlabs/CopperNickle_UncleBibby_elevenlabs_TTA_002.mp3,True,150.047333,
data/raw/Echoes/Echoes/TTA/elevenlabs/Crossing_Los_Llamarada_elevenlabs_TTA_001.mp3,True,210.050583,
data/raw/Echoes/Echoes/TTA/elevenlabs/Crossing_Los_Llamarada_elevenlabs_TTA_002.mp3,True,210.050583,
data/raw/Echoes/Echoes/TTA/elevenlabs/Dance_Harder_Three_Chain_Links_elevenlabs_TTA_001.mp3,True,210.050583,
data/raw/Echoes/Echoes/TTA/elevenlabs/Dance_Harder_Three_Chain_Links_elevenlabs_TTA_002.mp3,True,180.035917,
data/raw/Echoes/Echoes/TTA/elevenlabs/Daylight_Savings_My_brother_Daniel_elevenlabs_TTA_001.mp3,True,150.047333,
data/raw/Echoes/Echoes/TTA/elevenlabs/Daylight_Savings_My_brother_Daniel_elevenlabs_TTA_002.mp3,True,150.047333,
data/raw/Echoes/Echoes/TTA/elevenlabs/Different_Day_First_elevenlabs_TTA_001.mp3,True,210.050583,
data/raw/Echoes/Echoes/TTA/elevenlabs/Different_Day_First_elevenlabs_TTA_002.mp3,True,210.050583,
data/raw/Echoes/Echoes/TTA/elevenlabs/Digital_Lightning_Cloudkicker_elevenlabs_TTA_001.mp3,True,240.039167,
data/raw/Echoes/Echoes/TTA/elevenlabs/Digital_Lightning_Cloudkicker_elevenlabs_TTA_002.mp3,True,240.039167,
data/raw/Echoes/Echoes/TTA/elevenlabs/Edge_Mystery_Mammal_elevenlabs_TTA_001.mp3,True,180.035917,
data/raw/Echoes/Echoes/TTA/elevenlabs/Edge_Mystery_Mammal_elevenlabs_TTA_002.mp3,True,180.035917,
data/raw/Echoes/Echoes/TTA/elevenlabs/Empower_Thee_vargero_elevenlabs_TTA_001.mp3,True,240.039167,
data/raw/Echoes/Echoes/TTA/elevenlabs/Empower_Thee_vargero_elevenlabs_TTA_002.mp3,True,240.039167,
data/raw/Echoes/Echoes/TTA/elevenlabs/Empty_Pockets_Pete_Prodoehl_elevenlabs_TTA_001.mp3,True,180.035917,
data/raw/Echoes/Echoes/TTA/elevenlabs/Empty_Pockets_Pete_Prodoehl_elevenlabs_TTA_002.mp3,True,180.035917,
data/raw/Echoes/Echoes/TTA/elevenlabs/Endless_The_Birth_and_Death_of_Silence_elevenlabs_TTA_001.mp3,True,300.042417,
data/raw/Echoes/Echoes/TTA/elevenlabs/Endless_The_Birth_and_Death_of_Silence_elevenlabs_TTA_002.mp3,True,300.042417,
data/raw/Echoes/Echoes/TTA/elevenlabs/Evil_Cannot_Create_Caleb_Lemond_elevenlabs_TTA_001.mp3,True,210.050583,
data/raw/Echoes/Echoes/TTA/elevenlabs/Evil_Cannot_Create_Caleb_Lemond_elevenlabs_TTA_002.mp3,True,180.035917,
data/raw/Echoes/Echoes/TTA/elevenlabs/First_Glance_Oh_Yeah_the_Future_elevenlabs_TTA_001.mp3,True,180.035917,
data/raw/Echoes/Echoes/TTA/elevenlabs/First_Glance_Oh_Yeah_the_Future_elevenlabs_TTA_002.mp3,True,180.035917,
data/raw/Echoes/Echoes/TTA/elevenlabs/Flashback_Seclorance_elevenlabs_TTA_001.mp3,True,210.050583,
data/raw/Echoes/Echoes/TTA/elevenlabs/Flashback_Seclorance_elevenlabs_TTA_002.mp3,True,210.050583,
data/raw/Echoes/Echoes/TTA/elevenlabs/Food_and_War_Ergo_Phizmiz_elevenlabs_TTA_001.mp3,True,180.035917,
data/raw/Echoes/Echoes/TTA/elevenlabs/Food_and_War_Ergo_Phizmiz_elevenlabs_TTA_002.mp3,True,180.035917,
data/raw/Echoes/Echoes/TTA/elevenlabs/Forest_Silence_Serpentarivm_elevenlabs_TTA_001.mp3,True,300.042417,
data/raw/Echoes/Echoes/TTA/elevenlabs/Forest_Silence_Serpentarivm_elevenlabs_TTA_002.mp3,True,300.042417,
data/raw/Echoes/Echoes/TTA/elevenlabs/Formic_Acid_for_Blood_Punk_Rock_Opera_elevenlabs_TTA_001.mp3,True,180.035917,
data/raw/Echoes/Echoes/TTA/elevenlabs/Formic_Acid_for_Blood_Punk_Rock_Opera_elevenlabs_TTA_002.mp3,True,180.035917,
data/raw/Echoes/Echoes/TTA/elevenlabs/Fuckaboing_RoccoW_elevenlabs_TTA_001.mp3,True,150.047333,
data/raw/Echoes/Echoes/TTA/elevenlabs/Fuckaboing_RoccoW_elevenlabs_TTA_002.mp3,True,150.047333,
data/raw/Echoes/Echoes/TTA/elevenlabs/Gila_Monster_FlopMusic_History_LessonThe_Sonics_The_Crypts_elevenlabs_TTA_001.mp3,True,150.047333,
data/raw/Echoes/Echoes/TTA/elevenlabs/Gila_Monster_FlopMusic_History_LessonThe_Sonics_The_Crypts_elevenlabs_TTA_002.mp3,True,180.035917,
data/raw/Echoes/Echoes/TTA/elevenlabs/Go_On_Then_Jim_Rooster_elevenlabs_TTA_001.mp3,True,180.035917,
data/raw/Echoes/Echoes/TTA/elevenlabs/Go_On_Then_Jim_Rooster_elevenlabs_TTA_002.mp3,True,210.050583,
data/raw/Echoes/Echoes/TTA/elevenlabs/Hammer_and_a_Nail_Vienna_Ditto_elevenlabs_TTA_001.mp3,True,210.050583,
data/raw/Echoes/Echoes/TTA/elevenlabs/Hammer_and_a_Nail_Vienna_Ditto_elevenlabs_TTA_002.mp3,True,210.050583,
data/raw/Echoes/Echoes/TTA/elevenlabs/Head_of_Ancante_Talking_Tree_Akchamel_The_Giver_of_Illness_elevenlabs_TTA_001.mp3,True,210.050583,
data/raw/Echoes/Echoes/TTA/elevenlabs/Head_of_Ancante_Talking_Tree_Akchamel_The_Giver_of_Illness_elevenlabs_TTA_002.mp3,True,210.050583,
data/raw/Echoes/Echoes/TTA/elevenlabs/Hungry_Oh_Yeah_the_Future_elevenlabs_TTA_001.mp3,True,225.044875,
data/raw/Echoes/Echoes/TTA/elevenlabs/Hungry_Oh_Yeah_the_Future_elevenlabs_TTA_002.mp3,True,210.050583,
data/raw/Echoes/Echoes/TTA/elevenlabs/I_Dream_So_Vividly_Uninhabitable_Mansions_elevenlabs_TTA_001.mp3,True,180.035917,
data/raw/Echoes/Echoes/TTA/elevenlabs/I_Dream_So_Vividly_Uninhabitable_Mansions_elevenlabs_TTA_002.mp3,True,210.050583,
data/raw/Echoes/Echoes/TTA/elevenlabs/I_Fell_Mod_Fun_elevenlabs_TTA_001.mp3,True,160.026083,
data/raw/Echoes/Echoes/TTA/elevenlabs/I_Fell_Mod_Fun_elevenlabs_TTA_002.mp3,True,180.035917,
data/raw/Echoes/Echoes/TTA/elevenlabs/I_Inflammator_elevenlabs_TTA_001.mp3,True,210.050583,
data/raw/Echoes/Echoes/TTA/elevenlabs/I_Inflammator_elevenlabs_TTA_002.mp3,True,210.050583,
data/raw/Echoes/Echoes/TTA/elevenlabs/I_Nocturnal_Mayhem_elevenlabs_TTA_001.mp3,True,210.050583,
data/raw/Echoes/Echoes/TTA/elevenlabs/I_Nocturnal_Mayhem_elevenlabs_TTA_002.mp3,True,210.050583,
data/raw/Echoes/Echoes/TTA/elevenlabs/I_Think_From_Now_On_Caleb_Lemond_elevenlabs_TTA_001.mp3,True,210.050583,
data/raw/Echoes/Echoes/TTA/elevenlabs/I_Think_From_Now_On_Caleb_Lemond_elevenlabs_TTA_002.mp3,True,180.035917,
data/raw/Echoes/Echoes/TTA/elevenlabs/Improvisation_Broken_Chord_elevenlabs_TTA_001.mp3,True,210.050583,
data/raw/Echoes/Echoes/TTA/elevenlabs/Improvisation_Broken_Chord_elevenlabs_TTA_002.mp3,True,210.050583,
data/raw/Echoes/Echoes/TTA/elevenlabs/Infinite_Light_Pipe_Choir_elevenlabs_TTA_001.mp3,True,240.039167,
data/raw/Echoes/Echoes/TTA/elevenlabs/Infinite_Light_Pipe_Choir_elevenlabs_TTA_002.mp3,True,240.039167,
data/raw/Echoes/Echoes/TTA/elevenlabs/Introduction_beats_Itsensäsyöjät_elevenlabs_TTA_001.mp3,True,180.035917,
data/raw/Echoes/Echoes/TTA/elevenlabs/Introduction_beats_Itsensäsyöjät_elevenlabs_TTA_002.mp3,True,180.035917,
data/raw/Echoes/Echoes/TTA/elevenlabs/Invaders_From_Within_Monroeville_Music_Center_elevenlabs_TTA_001.mp3,True,180.035917,
data/raw/Echoes/Echoes/TTA/elevenlabs/Invaders_From_Within_Monroeville_Music_Center_elevenlabs_TTA_002.mp3,True,180.035917,
data/raw/Echoes/Echoes/TTA/elevenlabs/Jangus_inspired_by_ToeJam_and_Earl_UncleBibby_elevenlabs_TTA_001.mp3,True,180.035917,
data/raw/Echoes/Echoes/TTA/elevenlabs/Jangus_inspired_by_ToeJam_and_Earl_UncleBibby_elevenlabs_TTA_002.mp3,True,180.035917,
data/raw/Echoes/Echoes/TTA/elevenlabs/John_the_Baby_Ergo_Phizmiz_elevenlabs_TTA_001.mp3,True,180.035917,
data/raw/Echoes/Echoes/TTA/elevenlabs/John_the_Baby_Ergo_Phizmiz_elevenlabs_TTA_002.mp3,True,180.035917,
data/raw/Echoes/Echoes/TTA/elevenlabs/Johnny_I_Lie_The_Moi_Non_Plus_elevenlabs_TTA_001.mp3,True,180.035917,
data/raw/Echoes/Echoes/TTA/elevenlabs/Johnny_I_Lie_The_Moi_Non_Plus_elevenlabs_TTA_002.mp3,True,210.050583,
data/raw/Echoes/Echoes/TTA/elevenlabs/KOMFORT_voyageurs_elevenlabs_TTA_001.mp3,True,210.050583,
data/raw/Echoes/Echoes/TTA/elevenlabs/KOMFORT_voyageurs_elevenlabs_TTA_002.mp3,True,210.050583,
data/raw/Echoes/Echoes/TTA/elevenlabs/Kissing_Scars_Caleb_Lemond_elevenlabs_TTA_001.mp3,True,180.035917,
data/raw/Echoes/Echoes/TTA/elevenlabs/Kissing_Scars_Caleb_Lemond_elevenlabs_TTA_002.mp3,True,180.035917,
data/raw/Echoes/Echoes/TTA/elevenlabs/LIQUID_SKULLS_voyageurs_elevenlabs_TTA_001.mp3,True,210.050583,
data/raw/Echoes/Echoes/TTA/elevenlabs/LIQUID_SKULLS_voyageurs_elevenlabs_TTA_002.mp3,True,210.050583,
data/raw/Echoes/Echoes/TTA/elevenlabs/Lackadaisical_Oh_Yeah_the_Future_elevenlabs_TTA_001.mp3,True,180.035917,
data/raw/Echoes/Echoes/TTA/elevenlabs/Lackadaisical_Oh_Yeah_the_Future_elevenlabs_TTA_002.mp3,True,180.035917,
data/raw/Echoes/Echoes/TTA/elevenlabs/Lost_Paradise_Autumn_Interlude_elevenlabs_TTA_001.mp3,True,210.050583,
data/raw/Echoes/Echoes/TTA/elevenlabs/Lost_Paradise_Autumn_Interlude_elevenlabs_TTA_002.mp3,True,210.050583,
data/raw/Echoes/Echoes/TTA/elevenlabs/Love_Dream_The_Zombie_Dandies_elevenlabs_TTA_001.mp3,True,180.035917,
data/raw/Echoes/Echoes/TTA/elevenlabs/Love_Dream_The_Zombie_Dandies_elevenlabs_TTA_002.mp3,True,130.037542,
data/raw/Echoes/Echoes/TTA/elevenlabs/Lovedreams_Oh_Yeah_the_Future_elevenlabs_TTA_001.mp3,True,210.050583,
data/raw/Echoes/Echoes/TTA/elevenlabs/Lovedreams_Oh_Yeah_the_Future_elevenlabs_TTA_002.mp3,True,180.035917,
data/raw/Echoes/Echoes/TTA/elevenlabs/Mandrill_Ergo_Phizmiz_elevenlabs_TTA_001.mp3,True,180.035917,
data/raw/Echoes/Echoes/TTA/elevenlabs/Mandrill_Ergo_Phizmiz_elevenlabs_TTA_002.mp3,True,150.047333,
data/raw/Echoes/Echoes/TTA/elevenlabs/March_of_the_GPA_Mechanics_tghost_elevenlabs_TTA_001.mp3,True,210.050583,
data/raw/Echoes/Echoes/TTA/elevenlabs/March_of_the_GPA_Mechanics_tghost_elevenlabs_TTA_002.mp3,True,210.050583,
data/raw/Echoes/Echoes/TTA/elevenlabs/Mettle_Pipe_Choir_elevenlabs_TTA_001.mp3,True,240.039167,
data/raw/Echoes/Echoes/TTA/elevenlabs/Mettle_Pipe_Choir_elevenlabs_TTA_002.mp3,True,240.039167,
data/raw/Echoes/Echoes/TTA/elevenlabs/Millitary_Industrial_Complex_Punk_Rock_Opera_elevenlabs_TTA_001.mp3,True,180.035917,
data/raw/Echoes/Echoes/TTA/elevenlabs/Millitary_Industrial_Complex_Punk_Rock_Opera_elevenlabs_TTA_002.mp3,True,180.035917,
data/raw/Echoes/Echoes/TTA/elevenlabs/Monkeystage_Ergo_Phizmiz_elevenlabs_TTA_001.mp3,True,180.035917,
data/raw/Echoes/Echoes/TTA/elevenlabs/Monkeystage_Ergo_Phizmiz_elevenlabs_TTA_002.mp3,True,180.035917,
data/raw/Echoes/Echoes/TTA/elevenlabs/Motocross_Mania_Monroeville_Music_Center_elevenlabs_TTA_001.mp3,True,180.035917,
data/raw/Echoes/Echoes/TTA/elevenlabs/Motocross_Mania_Monroeville_Music_Center_elevenlabs_TTA_002.mp3,True,180.035917,
data/raw/Echoes/Echoes/TTA/elevenlabs/Mountain_Mist_Modey_Lemon_elevenlabs_TTA_001.mp3,True,210.050583,
data/raw/Echoes/Echoes/TTA/elevenlabs/Mountain_Mist_Modey_Lemon_elevenlabs_TTA_002.mp3,True,210.050583,
data/raw/Echoes/Echoes/TTA/elevenlabs/Music_For_an_Underground_Circu_Ergo_Phizmiz_elevenlabs_TTA_001.mp3,True,180.035917,
data/raw/Echoes/Echoes/TTA/elevenlabs/Music_For_an_Underground_Circu_Ergo_Phizmiz_elevenlabs_TTA_002.mp3,True,180.035917,
data/raw/Echoes/Echoes/TTA/elevenlabs/Nature_Is_Over_Defined_Bird_Names_elevenlabs_TTA_001.mp3,True,180.035917,
data/raw/Echoes/Echoes/TTA/elevenlabs/Nature_Is_Over_Defined_Bird_Names_elevenlabs_TTA_002.mp3,True,180.035917,
data/raw/Echoes/Echoes/TTA/elevenlabs/New_Life_take_1_Bird_Names_elevenlabs_TTA_001.mp3,True,180.035917,
data/raw/Echoes/Echoes/TTA/elevenlabs/New_Life_take_1_Bird_Names_elevenlabs_TTA_002.mp3,True,180.035917,
data/raw/Echoes/Echoes/TTA/elevenlabs/Night_Drive_Decktonic_elevenlabs_TTA_001.mp3,True,210.050583,
data/raw/Echoes/Echoes/TTA/elevenlabs/Night_Drive_Decktonic_elevenlabs_TTA_002.mp3,True,180.035917,
data/raw/Echoes/Echoes/TTA/elevenlabs/Night_Owl_Broke_For_Free_elevenlabs_TTA_001.mp3,True,180.035917,
data/raw/Echoes/Echoes/TTA/elevenlabs/Night_Owl_Broke_For_Free_elevenlabs_TTA_002.mp3,True,180.035917,
data/raw/Echoes/Echoes/TTA/elevenlabs/Noam_Chomskys_Corporate_Carbohydrate_Surprise_Quelle_Fromage_elevenlabs_TTA_001.mp3,True,210.050583,
data/raw/Echoes/Echoes/TTA/elevenlabs/Noam_Chomskys_Corporate_Carbohydrate_Surprise_Quelle_Fromage_elevenlabs_TTA_002.mp3,True,210.050583,
data/raw/Echoes/Echoes/TTA/elevenlabs/Norweigian_Wood_II_Bird_Names_elevenlabs_TTA_001.mp3,True,180.035917,
data/raw/Echoes/Echoes/TTA/elevenlabs/Norweigian_Wood_II_Bird_Names_elevenlabs_TTA_002.mp3,True,180.035917,
data/raw/Echoes/Echoes/TTA/elevenlabs/Nose_DUSTdevils_elevenlabs_TTA_001.mp3,True,180.035917,
data/raw/Echoes/Echoes/TTA/elevenlabs/Nose_DUSTdevils_elevenlabs_TTA_002.mp3,True,180.035917,
data/raw/Echoes/Echoes/TTA/elevenlabs/Nuo_Maisemat_Paavoharju_elevenlabs_TTA_001.mp3,True,210.050583,
data/raw/Echoes/Echoes/TTA/elevenlabs/Nuo_Maisemat_Paavoharju_elevenlabs_TTA_002.mp3,True,210.050583,
data/raw/Echoes/Echoes/TTA/elevenlabs/OOOTHERSIDE_-_Liquid_Paper_Mike_B._Fort_elevenlabs_TTA_001.mp3,True,210.050583,
data/raw/Echoes/Echoes/TTA/elevenlabs/OOOTHERSIDE_-_Liquid_Paper_Mike_B._Fort_elevenlabs_TTA_002.mp3,True,210.050583,
data/raw/Echoes/Echoes/TTA/elevenlabs/OOOTHERSIDE_-_This_Time_Mike_B._Fort_elevenlabs_TTA_001.mp3,True,180.035917,
data/raw/Echoes/Echoes/TTA/elevenlabs/OOOTHERSIDE_-_This_Time_Mike_B._Fort_elevenlabs_TTA_002.mp3,True,210.050583,
data/raw/Echoes/Echoes/TTA/elevenlabs/OST_04_Ship_under_attack_sawsquarenoise_elevenlabs_TTA_001.mp3,True,150.047333,
data/raw/Echoes/Echoes/TTA/elevenlabs/OST_04_Ship_under_attack_sawsquarenoise_elevenlabs_TTA_002.mp3,True,150.047333,
data/raw/Echoes/Echoes/TTA/elevenlabs/Ohtli_Seclorance_elevenlabs_TTA_001.mp3,True,180.035917,
data/raw/Echoes/Echoes/TTA/elevenlabs/Ohtli_Seclorance_elevenlabs_TTA_002.mp3,True,210.050583,
data/raw/Echoes/Echoes/TTA/elevenlabs/Okiirobo_Navigation_System_Henry_Homesweet_elevenlabs_TTA_001.mp3,True,150.047333,
data/raw/Echoes/Echoes/TTA/elevenlabs/Okiirobo_Navigation_System_Henry_Homesweet_elevenlabs_TTA_002.mp3,True,150.047333,
data/raw/Echoes/Echoes/TTA/elevenlabs/On_My_Mind_Ergo_Phizmiz_elevenlabs_TTA_001.mp3,True,210.050583,
data/raw/Echoes/Echoes/TTA/elevenlabs/On_My_Mind_Ergo_Phizmiz_elevenlabs_TTA_002.mp3,True,180.035917,
data/raw/Echoes/Echoes/TTA/elevenlabs/One_Eyed_GhostThis_is_gonna_be_a_rough_show_The_Crypts_elevenlabs_TTA_001.mp3,True,150.047333,
data/raw/Echoes/Echoes/TTA/elevenlabs/One_Eyed_GhostThis_is_gonna_be_a_rough_show_The_Crypts_elevenlabs_TTA_002.mp3,True,150.047333,
data/raw/Echoes/Echoes/TTA/elevenlabs/Only_Instrumental_Broke_For_Free_elevenlabs_TTA_001.mp3,True,180.035917,
data/raw/Echoes/Echoes/TTA/elevenlabs/Only_Instrumental_Broke_For_Free_elevenlabs_TTA_002.mp3,True,180.035917,
data/raw/Echoes/Echoes/TTA/elevenlabs/Paris_Fleslit_elevenlabs_TTA_001.mp3,True,180.035917,
data/raw/Echoes/Echoes/TTA/elevenlabs/Paris_Fleslit_elevenlabs_TTA_002.mp3,True,180.035917,
data/raw/Echoes/Echoes/TTA/elevenlabs/Pista_Afuera_Epstein_elevenlabs_TTA_001.mp3,True,180.035917,
data/raw/Echoes/Echoes/TTA/elevenlabs/Pista_Afuera_Epstein_elevenlabs_TTA_002.mp3,True,210.050583,
data/raw/Echoes/Echoes/TTA/elevenlabs/Ponky_McFonky_My_brother_Daniel_elevenlabs_TTA_001.mp3,True,150.047333,
data/raw/Echoes/Echoes/TTA/elevenlabs/Ponky_McFonky_My_brother_Daniel_elevenlabs_TTA_002.mp3,True,150.047333,
data/raw/Echoes/Echoes/TTA/elevenlabs/Realize_Me_Jim_Rooster_elevenlabs_TTA_001.mp3,True,180.035917,
data/raw/Echoes/Echoes/TTA/elevenlabs/Realize_Me_Jim_Rooster_elevenlabs_TTA_002.mp3,True,210.050583,
data/raw/Echoes/Echoes/TTA/elevenlabs/Resistentialism_Nihilore_elevenlabs_TTA_001.mp3,True,180.035917,
data/raw/Echoes/Echoes/TTA/elevenlabs/Resistentialism_Nihilore_elevenlabs_TTA_002.mp3,True,210.050583,
data/raw/Echoes/Echoes/TTA/elevenlabs/Roach-Man_Punk_Rock_Opera_elevenlabs_TTA_001.mp3,True,150.047333,
data/raw/Echoes/Echoes/TTA/elevenlabs/Roach-Man_Punk_Rock_Opera_elevenlabs_TTA_002.mp3,True,140.042417,
data/raw/Echoes/Echoes/TTA/elevenlabs/Robocall_Legally_Blind_elevenlabs_TTA_001.mp3,True,180.035917,
data/raw/Echoes/Echoes/TTA/elevenlabs/Robocall_Legally_Blind_elevenlabs_TTA_002.mp3,True,180.035917,
data/raw/Echoes/Echoes/TTA/elevenlabs/Robot_Heart_Mystery_Mammal_elevenlabs_TTA_001.mp3,True,210.050583,
data/raw/Echoes/Echoes/TTA/elevenlabs/Robot_Heart_Mystery_Mammal_elevenlabs_TTA_002.mp3,True,210.050583,
data/raw/Echoes/Echoes/TTA/elevenlabs/Roland_Garros_2048_Zoliborz_elevenlabs_TTA_001.mp3,True,180.035917,
data/raw/Echoes/Echoes/TTA/elevenlabs/Roland_Garros_2048_Zoliborz_elevenlabs_TTA_002.mp3,True,180.035917,
data/raw/Echoes/Echoes/TTA/elevenlabs/Roller_Star_Monroeville_Music_Center_elevenlabs_TTA_001.mp3,True,180.035917,
data/raw/Echoes/Echoes/TTA/elevenlabs/Roller_Star_Monroeville_Music_Center_elevenlabs_TTA_002.mp3,True,180.035917,
data/raw/Echoes/Echoes/TTA/elevenlabs/Roundtrip_Oh_Yeah_the_Future_elevenlabs_TTA_001.mp3,True,210.050583,
data/raw/Echoes/Echoes/TTA/elevenlabs/Roundtrip_Oh_Yeah_the_Future_elevenlabs_TTA_002.mp3,True,180.035917,
data/raw/Echoes/Echoes/TTA/elevenlabs/Running_Free_Michett_featuring_Kalipluche_elevenlabs_TTA_001.mp3,True,240.039167,
data/raw/Echoes/Echoes/TTA/elevenlabs/Running_Free_Michett_featuring_Kalipluche_elevenlabs_TTA_002.mp3,True,240.039167,
data/raw/Echoes/Echoes/TTA/elevenlabs/SD_Ill_Mix_H-LR_elevenlabs_TTA_001.mp3,True,300.042417,
data/raw/Echoes/Echoes/TTA/elevenlabs/SD_Ill_Mix_H-LR_elevenlabs_TTA_002.mp3,True,300.042417,
data/raw/Echoes/Echoes/TTA/elevenlabs/Scramby_Eggs_Andy_G._Cohen_elevenlabs_TTA_001.mp3,True,180.035917,
data/raw/Echoes/Echoes/TTA/elevenlabs/Scramby_Eggs_Andy_G._Cohen_elevenlabs_TTA_002.mp3,True,180.035917,
data/raw/Echoes/Echoes/TTA/elevenlabs/Sea_Monster_The_Crypts_elevenlabs_TTA_001.mp3,True,180.035917,
data/raw/Echoes/Echoes/TTA/elevenlabs/Sea_Monster_The_Crypts_elevenlabs_TTA_002.mp3,True,180.035917,
data/raw/Echoes/Echoes/TTA/elevenlabs/Seppuku_Bot_Decktonic_elevenlabs_TTA_001.mp3,True,150.047333,
data/raw/Echoes/Echoes/TTA/elevenlabs/Seppuku_Bot_Decktonic_elevenlabs_TTA_002.mp3,True,180.035917,
data/raw/Echoes/Echoes/TTA/elevenlabs/Sfogare_Il_Dissenso_Deiezione_HC_elevenlabs_TTA_001.mp3,True,150.047333,
data/raw/Echoes/Echoes/TTA/elevenlabs/Sfogare_Il_Dissenso_Deiezione_HC_elevenlabs_TTA_002.mp3,True,150.047333,
data/raw/Echoes/Echoes/TTA/elevenlabs/Shadow_Government_Bird_Names_elevenlabs_TTA_001.mp3,True,180.035917,
data/raw/Echoes/Echoes/TTA/elevenlabs/Shadow_Government_Bird_Names_elevenlabs_TTA_002.mp3,True,180.035917,
data/raw/Echoes/Echoes/TTA/elevenlabs/She_Works_Tepid_Waters_Bird_Names_elevenlabs_TTA_001.mp3,True,210.050583,
data/raw/Echoes/Echoes/TTA/elevenlabs/She_Works_Tepid_Waters_Bird_Names_elevenlabs_TTA_002.mp3,True,175.0465,
data/raw/Echoes/Echoes/TTA/elevenlabs/Snakefirewalking_Los_Llamarada_elevenlabs_TTA_001.mp3,True,210.050583,
data/raw/Echoes/Echoes/TTA/elevenlabs/Snakefirewalking_Los_Llamarada_elevenlabs_TTA_002.mp3,True,210.050583,
data/raw/Echoes/Echoes/TTA/elevenlabs/Solearesbeats_Malaventura_elevenlabs_TTA_001.mp3,True,180.035917,
data/raw/Echoes/Echoes/TTA/elevenlabs/Solearesbeats_Malaventura_elevenlabs_TTA_002.mp3,True,180.035917,
data/raw/Echoes/Echoes/TTA/elevenlabs/Something_Dirty_Ergo_Phizmiz_elevenlabs_TTA_001.mp3,True,180.035917,
data/raw/Echoes/Echoes/TTA/elevenlabs/Something_Dirty_Ergo_Phizmiz_elevenlabs_TTA_002.mp3,True,180.035917,
data/raw/Echoes/Echoes/TTA/elevenlabs/Soul_of_the_Demon_Zombie_Raiders_elevenlabs_TTA_001.mp3,True,120.032625,
data/raw/Echoes/Echoes/TTA/elevenlabs/Soul_of_the_Demon_Zombie_Raiders_elevenlabs_TTA_002.mp3,True,150.047333,
data/raw/Echoes/Echoes/TTA/elevenlabs/Spanish_BEEEYYAAACHHH_Malaventura_elevenlabs_TTA_001.mp3,True,180.035917,
data/raw/Echoes/Echoes/TTA/elevenlabs/Spanish_BEEEYYAAACHHH_Malaventura_elevenlabs_TTA_002.mp3,True,150.047333,
data/raw/Echoes/Echoes/TTA/elevenlabs/Stockholm_Syndrome_People_Should_Be_More_Aware_Bird_Names_elevenlabs_TTA_001.mp3,True,150.047333,
data/raw/Echoes/Echoes/TTA/elevenlabs/Stockholm_Syndrome_People_Should_Be_More_Aware_Bird_Names_elevenlabs_TTA_002.mp3,True,150.047333,
data/raw/Echoes/Echoes/TTA/elevenlabs/Stranger_Frigg_A_Go_Go_F.A.G.G._elevenlabs_TTA_001.mp3,True,150.047333,
data/raw/Echoes/Echoes/TTA/elevenlabs/Stranger_Frigg_A_Go_Go_F.A.G.G._elevenlabs_TTA_002.mp3,True,150.047333,
data/raw/Echoes/Echoes/TTA/elevenlabs/Straw_Fields_Rolemusic_elevenlabs_TTA_001.mp3,True,150.047333,
data/raw/Echoes/Echoes/TTA/elevenlabs/Straw_Fields_Rolemusic_elevenlabs_TTA_002.mp3,True,150.047333,
data/raw/Echoes/Echoes/TTA/elevenlabs/Stuttgart_Portrayal_elevenlabs_TTA_001.mp3,True,210.050583,
data/raw/Echoes/Echoes/TTA/elevenlabs/Stuttgart_Portrayal_elevenlabs_TTA_002.mp3,True,180.035917,
data/raw/Echoes/Echoes/TTA/elevenlabs/Take_Your_Fingers_Michael_Fakesch_elevenlabs_TTA_001.mp3,True,180.035917,
data/raw/Echoes/Echoes/TTA/elevenlabs/Take_Your_Fingers_Michael_Fakesch_elevenlabs_TTA_002.mp3,True,180.035917,
data/raw/Echoes/Echoes/TTA/elevenlabs/Tapes_Gumbel_elevenlabs_TTA_001.mp3,True,150.047333,
data/raw/Echoes/Echoes/TTA/elevenlabs/Tapes_Gumbel_elevenlabs_TTA_002.mp3,True,150.047333,
data/raw/Echoes/Echoes/TTA/elevenlabs/Terve_Teille_Чокнутый_Пропеллер_elevenlabs_TTA_001.mp3,True,150.047333,
data/raw/Echoes/Echoes/TTA/elevenlabs/Terve_Teille_Чокнутый_Пропеллер_elevenlabs_TTA_002.mp3,True,150.047333,
data/raw/Echoes/Echoes/TTA/elevenlabs/The_Big_House_Jason_Shaw_elevenlabs_TTA_001.mp3,True,210.050583,
data/raw/Echoes/Echoes/TTA/elevenlabs/The_Big_House_Jason_Shaw_elevenlabs_TTA_002.mp3,True,210.050583,
data/raw/Echoes/Echoes/TTA/elevenlabs/The_Cave_of_Time_Monroeville_Music_Center_elevenlabs_TTA_001.mp3,True,180.035917,
data/raw/Echoes/Echoes/TTA/elevenlabs/The_Cave_of_Time_Monroeville_Music_Center_elevenlabs_TTA_002.mp3,True,210.050583,
data/raw/Echoes/Echoes/TTA/elevenlabs/The_Coldest_Winter_Caleb_Lemond_elevenlabs_TTA_001.mp3,True,210.050583,
data/raw/Echoes/Echoes/TTA/elevenlabs/The_Coldest_Winter_Caleb_Lemond_elevenlabs_TTA_002.mp3,True,210.050583,
data/raw/Echoes/Echoes/TTA/elevenlabs/The_Contract_The_IMG_elevenlabs_TTA_001.mp3,True,180.035917,
data/raw/Echoes/Echoes/TTA/elevenlabs/The_Contract_The_IMG_elevenlabs_TTA_002.mp3,True,180.035917,
data/raw/Echoes/Echoes/TTA/elevenlabs/The_Courtyard_Uncle_Bibby_elevenlabs_TTA_001.mp3,True,150.047333,
data/raw/Echoes/Echoes/TTA/elevenlabs/The_Courtyard_Uncle_Bibby_elevenlabs_TTA_002.mp3,True,150.047333,
data/raw/Echoes/Echoes/TTA/elevenlabs/The_Dream_and_the_Dreamer_Caleb_Lemond_elevenlabs_TTA_001.mp3,True,210.050583,
data/raw/Echoes/Echoes/TTA/elevenlabs/The_Dream_and_the_Dreamer_Caleb_Lemond_elevenlabs_TTA_002.mp3,True,210.050583,
data/raw/Echoes/Echoes/TTA/elevenlabs/The_Front_Yard_HarleyLikesMusic_elevenlabs_TTA_001.mp3,True,150.047333,
data/raw/Echoes/Echoes/TTA/elevenlabs/The_Front_Yard_HarleyLikesMusic_elevenlabs_TTA_002.mp3,True,150.047333,
data/raw/Echoes/Echoes/TTA/elevenlabs/The_Race_Forever_Monroeville_Music_Center_elevenlabs_TTA_001.mp3,True,180.035917,
data/raw/Echoes/Echoes/TTA/elevenlabs/The_Race_Forever_Monroeville_Music_Center_elevenlabs_TTA_002.mp3,True,150.047333,
data/raw/Echoes/Echoes/TTA/elevenlabs/The_Reality_Machine_Monroeville_Music_Center_elevenlabs_TTA_001.mp3,True,150.047333,
data/raw/Echoes/Echoes/TTA/elevenlabs/The_Reality_Machine_Monroeville_Music_Center_elevenlabs_TTA_002.mp3,True,180.035917,
data/raw/Echoes/Echoes/TTA/elevenlabs/The_girl_just_faded_Los_Llamarada_elevenlabs_TTA_001.mp3,True,210.050583,
data/raw/Echoes/Echoes/TTA/elevenlabs/The_girl_just_faded_Los_Llamarada_elevenlabs_TTA_002.mp3,True,180.035917,
data/raw/Echoes/Echoes/TTA/elevenlabs/The_plot_Malaventura_elevenlabs_TTA_001.mp3,True,180.035917,
data/raw/Echoes/Echoes/TTA/elevenlabs/The_plot_Malaventura_elevenlabs_TTA_002.mp3,True,180.035917,
data/raw/Echoes/Echoes/TTA/elevenlabs/Time_Is_Love_Silence_is_full_of_birds_elevenlabs_TTA_001.mp3,True,210.050583,
data/raw/Echoes/Echoes/TTA/elevenlabs/Time_Is_Love_Silence_is_full_of_birds_elevenlabs_TTA_002.mp3,True,210.050583,
data/raw/Echoes/Echoes/TTA/elevenlabs/Track_04_Lightning_Bolt_elevenlabs_TTA_001.mp3,True,210.050583,
data/raw/Echoes/Echoes/TTA/elevenlabs/Track_04_Lightning_Bolt_elevenlabs_TTA_002.mp3,True,180.035917,
data/raw/Echoes/Echoes/TTA/elevenlabs/Transmit_Lamprey_elevenlabs_TTA_001.mp3,True,210.050583,
data/raw/Echoes/Echoes/TTA/elevenlabs/Transmit_Lamprey_elevenlabs_TTA_002.mp3,True,210.050583,
data/raw/Echoes/Echoes/TTA/elevenlabs/Troubles_Ive_seen_Malaventura_elevenlabs_TTA_001.mp3,True,180.035917,
data/raw/Echoes/Echoes/TTA/elevenlabs/Troubles_Ive_seen_Malaventura_elevenlabs_TTA_002.mp3,True,180.035917,
data/raw/Echoes/Echoes/TTA/elevenlabs/Ugh_Humans_Can_Join_Mystery_Mammal_elevenlabs_TTA_001.mp3,True,180.035917,
data/raw/Echoes/Echoes/TTA/elevenlabs/Ugh_Humans_Can_Join_Mystery_Mammal_elevenlabs_TTA_002.mp3,True,180.035917,
data/raw/Echoes/Echoes/TTA/elevenlabs/Vanishing_Horizon_Jason_Shaw_elevenlabs_TTA_001.mp3,True,210.050583,
data/raw/Echoes/Echoes/TTA/elevenlabs/Vanishing_Horizon_Jason_Shaw_elevenlabs_TTA_002.mp3,True,240.039167,
data/raw/Echoes/Echoes/TTA/elevenlabs/Voxel_Andy_G._Cohen_elevenlabs_TTA_001.mp3,True,180.035917,
data/raw/Echoes/Echoes/TTA/elevenlabs/Voxel_Andy_G._Cohen_elevenlabs_TTA_002.mp3,True,180.035917,
data/raw/Echoes/Echoes/TTA/elevenlabs/We_Are_Canucks_David_Blair_elevenlabs_TTA_001.mp3,True,210.050583,
data/raw/Echoes/Echoes/TTA/elevenlabs/We_Are_Canucks_David_Blair_elevenlabs_TTA_002.mp3,True,210.050583,
data/raw/Echoes/Echoes/TTA/elevenlabs/We_Move_in_Waves_Modey_Lemon_elevenlabs_TTA_001.mp3,True,210.050583,
data/raw/Echoes/Echoes/TTA/elevenlabs/We_Move_in_Waves_Modey_Lemon_elevenlabs_TTA_002.mp3,True,210.050583,
data/raw/Echoes/Echoes/TTA/elevenlabs/When_I_Was_Taller_Dan_Deacon_elevenlabs_TTA_001.mp3,True,180.035917,
data/raw/Echoes/Echoes/TTA/elevenlabs/When_I_Was_Taller_Dan_Deacon_elevenlabs_TTA_002.mp3,True,210.050583,
data/raw/Echoes/Echoes/TTA/elevenlabs/Where_Is_Everything_The_Moi_Non_Plus_elevenlabs_TTA_001.mp3,True,180.035917,
data/raw/Echoes/Echoes/TTA/elevenlabs/Where_Is_Everything_The_Moi_Non_Plus_elevenlabs_TTA_002.mp3,True,150.047333,
data/raw/Echoes/Echoes/TTA/elevenlabs/Who_Loves_You_Dear_Mink_Lungs_elevenlabs_TTA_001.mp3,True,160.026083,
data/raw/Echoes/Echoes/TTA/elevenlabs/Who_Loves_You_Dear_Mink_Lungs_elevenlabs_TTA_002.mp3,True,180.035917,
data/raw/Echoes/Echoes/TTA/elevenlabs/Windows_of_the_Skull_Sarin_elevenlabs_TTA_001.mp3,True,240.039167,
data/raw/Echoes/Echoes/TTA/elevenlabs/Windows_of_the_Skull_Sarin_elevenlabs_TTA_002.mp3,True,210.050583,
data/raw/Echoes/Echoes/TTA/elevenlabs/Wir_Werden_Gott_Japanische_Kampfhorspiele_elevenlabs_TTA_001.mp3,True,150.047333,
data/raw/Echoes/Echoes/TTA/elevenlabs/Wir_Werden_Gott_Japanische_Kampfhorspiele_elevenlabs_TTA_002.mp3,True,150.047333,
data/raw/Echoes/Echoes/TTA/elevenlabs/Ynkelig_Die_Morgendammerung_Des_Valhalla_elevenlabs_TTA_001.mp3,True,180.035917,
data/raw/Echoes/Echoes/TTA/elevenlabs/Ynkelig_Die_Morgendammerung_Des_Valhalla_elevenlabs_TTA_002.mp3,True,210.050583,
data/raw/Echoes/Echoes/TTA/elevenlabs/Yoko_live_at_FoEG_Emma_Acs_elevenlabs_TTA_001.mp3,True,180.035917,
data/raw/Echoes/Echoes/TTA/elevenlabs/Yoko_live_at_FoEG_Emma_Acs_elevenlabs_TTA_002.mp3,True,180.035917,
data/raw/Echoes/Echoes/TTA/elevenlabs/You_Are_A_Monster_Monroeville_Music_Center_elevenlabs_TTA_001.mp3,True,180.035917,
data/raw/Echoes/Echoes/TTA/elevenlabs/You_Are_A_Monster_Monroeville_Music_Center_elevenlabs_TTA_002.mp3,True,180.035917,
data/raw/Echoes/Echoes/TTA/elevenlabs/danse_macabre_Katapulto_elevenlabs_TTA_001.mp3,True,180.035917,
data/raw/Echoes/Echoes/TTA/elevenlabs/danse_macabre_Katapulto_elevenlabs_TTA_002.mp3,True,180.035917,
data/raw/Echoes/Echoes/TTA/elevenlabs/gospellioza_Katapulto_elevenlabs_TTA_001.mp3,True,150.047333,
data/raw/Echoes/Echoes/TTA/elevenlabs/gospellioza_Katapulto_elevenlabs_TTA_002.mp3,True,180.035917,
data/raw/Echoes/Echoes/TTA/elevenlabs/kolorowe_wody_Katapulto_elevenlabs_TTA_001.mp3,True,150.047333,
data/raw/Echoes/Echoes/TTA/elevenlabs/kolorowe_wody_Katapulto_elevenlabs_TTA_002.mp3,True,150.047333,
data/raw/Echoes/Echoes/TTA/elevenlabs/mc_trabalenguas_Volumina_elevenlabs_TTA_001.mp3,True,150.047333,
data/raw/Echoes/Echoes/TTA/elevenlabs/mc_trabalenguas_Volumina_elevenlabs_TTA_002.mp3,True,150.047333,
data/raw/Echoes/Echoes/TTA/elevenlabs/mystery_team_2090_Jesse_Futerman_elevenlabs_TTA_001.mp3,True,180.035917,
data/raw/Echoes/Echoes/TTA/elevenlabs/mystery_team_2090_Jesse_Futerman_elevenlabs_TTA_002.mp3,True,180.035917,
data/raw/Echoes/Echoes/TTA/elevenlabs/philcollins_takes_your_hand_Katapulto_elevenlabs_TTA_001.mp3,True,180.035917,
data/raw/Echoes/Echoes/TTA/elevenlabs/philcollins_takes_your_hand_Katapulto_elevenlabs_TTA_002.mp3,True,180.035917,
data/raw/Echoes/Echoes/TTA/elevenlabs/purity_danger_Katapulto_elevenlabs_TTA_001.mp3,True,180.035917,
data/raw/Echoes/Echoes/TTA/elevenlabs/purity_danger_Katapulto_elevenlabs_TTA_002.mp3,True,180.035917,
data/raw/Echoes/Echoes/TTA/elevenlabs/zero_rhythm_dollar_boy_Katapulto_elevenlabs_TTA_001.mp3,True,180.035917,
data/raw/Echoes/Echoes/TTA/elevenlabs/zero_rhythm_dollar_boy_Katapulto_elevenlabs_TTA_002.mp3,True,180.035917,
data/raw/Echoes/Echoes/TTA/elevenlabs/Новый_Нью-Йорк_2_Чокнутый_Пропеллер_elevenlabs_TTA_001.mp3,True,150.047333,
data/raw/Echoes/Echoes/TTA/elevenlabs/Новый_Нью-Йорк_2_Чокнутый_Пропеллер_elevenlabs_TTA_002.mp3,True,130.037542,
data/raw/Echoes/Echoes/TTA/musicgen/10000_People_Chanting_Im_an_Individual_Nihilore_musicgen_TTA_001.wav,True,29.94,
data/raw/Echoes/Echoes/TTA/musicgen/1984_Punk_Rock_Opera_musicgen_TTA_001.wav,True,29.94,
data/raw/Echoes/Echoes/TTA/musicgen/2Much_Andy_Spinelli_Alex_Snchez_House_Edit_Tentacles_musicgen_TTA_001.wav,True,29.94,
data/raw/Echoes/Echoes/TTA/musicgen/2_Wasnt_There_Isle_of_Pine_musicgen_TTA_001.wav,True,29.94,
data/raw/Echoes/Echoes/TTA/musicgen/3_am_West_End_statusq_musicgen_TTA_001.wav,True,29.94,
data/raw/Echoes/Echoes/TTA/musicgen/50000_Volts_of_Democracy_mp3_Legally_Blind_musicgen_TTA_001.wav,True,29.94,
data/raw/Echoes/Echoes/TTA/musicgen/5_Lexington_Isle_of_Pine_musicgen_TTA_001.wav,True,29.94,
data/raw/Echoes/Echoes/TTA/musicgen/6_Coat_of_Arms_Close_Isle_of_Pine_musicgen_TTA_001.wav,True,29.94,
data/raw/Echoes/Echoes/TTA/musicgen/Acoustic_Unleashed_Remain_musicgen_TTA_001.wav,True,29.94,
data/raw/Echoes/Echoes/TTA/musicgen/Ad_Astra_P_C_III_musicgen_TTA_001.wav,True,29.94,
data/raw/Echoes/Echoes/TTA/musicgen/Agora_Malaventura_musicgen_TTA_001.wav,True,29.94,
data/raw/Echoes/Echoes/TTA/musicgen/All_of_Us_Eric_Skiff_musicgen_TTA_001.wav,True,29.94,
data/raw/Echoes/Echoes/TTA/musicgen/Ancient_Whispers_I_P_C_III_musicgen_TTA_001.wav,True,29.94,
data/raw/Echoes/Echoes/TTA/musicgen/And_Over_The_Rainbows_milkychu_musicgen_TTA_001.wav,True,29.94,
data/raw/Echoes/Echoes/TTA/musicgen/Apparitions_Under_Glass_Sarin_musicgen_TTA_001.wav,True,29.94,
data/raw/Echoes/Echoes/TTA/musicgen/Aquamarine_My_Distant_Blue_Nihilore_musicgen_TTA_001.wav,True,29.94,
data/raw/Echoes/Echoes/TTA/musicgen/Artificial_anxiety_Michett_musicgen_TTA_001.wav,True,29.94,
data/raw/Echoes/Echoes/TTA/musicgen/As_Nihilism_Gives_Way_To_Existentialism_Nihilore_musicgen_TTA_001.wav,True,29.94,
data/raw/Echoes/Echoes/TTA/musicgen/Attention_Pete_Prodoehl_musicgen_TTA_001.wav,True,29.94,
data/raw/Echoes/Echoes/TTA/musicgen/Authenticity_Nihilore_musicgen_TTA_001.wav,True,29.94,
data/raw/Echoes/Echoes/TTA/musicgen/Autobahn_SBJ_musicgen_TTA_001.wav,True,29.94,
data/raw/Echoes/Echoes/TTA/musicgen/Autopsy_Oh_Yeah_the_Future_musicgen_TTA_001.wav,True,29.94,
data/raw/Echoes/Echoes/TTA/musicgen/A_Dark_Blue_Arc_Pipe_Choir_musicgen_TTA_001.wav,True,29.94,
data/raw/Echoes/Echoes/TTA/musicgen/A_Different_World_By_Night_Nihilore_musicgen_TTA_001.wav,True,29.94,
data/raw/Echoes/Echoes/TTA/musicgen/A_Lady_In_Red_With_A_Plan_To_Steal_Did_You_Just_Hex_Me_musicgen_TTA_001.wav,True,29.94,
data/raw/Echoes/Echoes/TTA/musicgen/Bergwald_Bergwald_Every_Now_and_Every_Then_musicgen_TTA_001.wav,True,29.94,
data/raw/Echoes/Echoes/TTA/musicgen/Better_Run_Away_From_Me_Miss_Derringer_musicgen_TTA_001.wav,True,29.94,
data/raw/Echoes/Echoes/TTA/musicgen/Beyond_Luxury_Mors_Ontologica_musicgen_TTA_001.wav,True,29.94,
data/raw/Echoes/Echoes/TTA/musicgen/Bizzy_The_Tleilaxu_Music_Machine_musicgen_TTA_001.wav,True,29.94,
data/raw/Echoes/Echoes/TTA/musicgen/Black_Panda_The_Crypts_musicgen_TTA_001.wav,True,29.94,
data/raw/Echoes/Echoes/TTA/musicgen/Breathe_New_Life_Scott_Holmes_musicgen_TTA_001.wav,True,29.94,
data/raw/Echoes/Echoes/TTA/musicgen/Breeze_Funk_Malaventura_musicgen_TTA_001.wav,True,29.94,
data/raw/Echoes/Echoes/TTA/musicgen/Burn_Room_For_A_Ghost_musicgen_TTA_001.wav,True,29.94,
data/raw/Echoes/Echoes/TTA/musicgen/Busby_Berkeley_Ergo_Phizmiz_musicgen_TTA_001.wav,True,29.94,
data/raw/Echoes/Echoes/TTA/musicgen/Cassie_Lace_The_Zombie_Dandies_musicgen_TTA_001.wav,True,29.94,
data/raw/Echoes/Echoes/TTA/musicgen/Celia_Ergo_Phizmiz_musicgen_TTA_001.wav,True,29.94,
data/raw/Echoes/Echoes/TTA/musicgen/Clay_Heart_Nihilore_musicgen_TTA_001.wav,True,29.94,
data/raw/Echoes/Echoes/TTA/musicgen/Cloudy_Subway_Sonicbeat_musicgen_TTA_001.wav,True,29.94,
data/raw/Echoes/Echoes/TTA/musicgen/Cold_Chains_Rolemusic_musicgen_TTA_001.wav,True,29.94,
data/raw/Echoes/Echoes/TTA/musicgen/Coliidae_KD_Expression_musicgen_TTA_001.wav,True,29.94,
data/raw/Echoes/Echoes/TTA/musicgen/Colossal_Stillness_Scott_Holmes_musicgen_TTA_001.wav,True,29.94,
data/raw/Echoes/Echoes/TTA/musicgen/Convicted_Jazz_Drones_Malaventura_musicgen_TTA_001.wav,True,29.94,
data/raw/Echoes/Echoes/TTA/musicgen/CopperNickle_UncleBibby_musicgen_TTA_001.wav,True,29.94,
data/raw/Echoes/Echoes/TTA/musicgen/Crossing_Los_Llamarada_musicgen_TTA_001.wav,True,29.94,
data/raw/Echoes/Echoes/TTA/musicgen/Dance_Harder_Three_Chain_Links_musicgen_TTA_001.wav,True,29.94,
data/raw/Echoes/Echoes/TTA/musicgen/Dance_of_the_Martians_SynthStep_Edit_Maxim_Kornyshev_musicgen_TTA_001.wav,True,29.94,
data/raw/Echoes/Echoes/TTA/musicgen/danse_macabre_Katapulto_musicgen_TTA_001.wav,True,29.94,
data/raw/Echoes/Echoes/TTA/musicgen/Daylight_Savings_My_brother_Daniel_musicgen_TTA_001.wav,True,29.94,
data/raw/Echoes/Echoes/TTA/musicgen/Demolition_Michett_musicgen_TTA_001.wav,True,29.94,
data/raw/Echoes/Echoes/TTA/musicgen/Different_Day_First_musicgen_TTA_001.wav,True,29.94,
data/raw/Echoes/Echoes/TTA/musicgen/Digital_Lightning_Cloudkicker_musicgen_TTA_001.wav,True,29.94,
data/raw/Echoes/Echoes/TTA/musicgen/Dont_want_to_be_your_man_Frigg_A_Go_Go_FAGG_musicgen_TTA_001.wav,True,29.94,
data/raw/Echoes/Echoes/TTA/musicgen/Dreams_ENDRUDARK_musicgen_TTA_001.wav,True,29.94,
data/raw/Echoes/Echoes/TTA/musicgen/Dr_Bodysnatcher_Modey_Lemon_musicgen_TTA_001.wav,True,29.94,
data/raw/Echoes/Echoes/TTA/musicgen/Dr_DeimosScribble_Mizukis_Last_ChanceDr_Deimos_musicgen_TTA_001.wav,True,29.94,
data/raw/Echoes/Echoes/TTA/musicgen/Edge_Mystery_Mammal_musicgen_TTA_001.wav,True,29.94,
data/raw/Echoes/Echoes/TTA/musicgen/Electric_Girlfriend_The_Zombie_Dandies_musicgen_TTA_001.wav,True,29.94,
data/raw/Echoes/Echoes/TTA/musicgen/El_Burrito_Malaventura_musicgen_TTA_001.wav,True,29.94,
data/raw/Echoes/Echoes/TTA/musicgen/Empower_Thee_vargero_musicgen_TTA_001.wav,True,29.94,
data/raw/Echoes/Echoes/TTA/musicgen/Empty_Pockets_Pete_Prodoehl_musicgen_TTA_001.wav,True,29.94,
data/raw/Echoes/Echoes/TTA/musicgen/Endless_The_Birth_and_Death_of_Silence_musicgen_TTA_001.wav,True,29.94,
data/raw/Echoes/Echoes/TTA/musicgen/End_of_the_Line_HLR_musicgen_TTA_001.wav,True,29.94,
data/raw/Echoes/Echoes/TTA/musicgen/End_titles_Itsenssyjt_musicgen_TTA_001.wav,True,29.94,
data/raw/Echoes/Echoes/TTA/musicgen/Enemy_Modey_Lemon_musicgen_TTA_001.wav,True,29.94,
data/raw/Echoes/Echoes/TTA/musicgen/Enthalpy_Rolemusic_musicgen_TTA_001.wav,True,29.94,
data/raw/Echoes/Echoes/TTA/musicgen/Evil_Cannot_Create_Caleb_Lemond_musicgen_TTA_001.wav,True,29.94,
data/raw/Echoes/Echoes/TTA/musicgen/Eyes_Getting_Louder_Mod_Fun_musicgen_TTA_001.wav,True,29.94,
data/raw/Echoes/Echoes/TTA/musicgen/Fear_Los_Fancy_Free_musicgen_TTA_001.wav,True,29.94,
data/raw/Echoes/Echoes/TTA/musicgen/Fifth_Ramble_From_the_album_Keith_RSVP007_My_brother_Daniel_musicgen_TTA_001.wav,True,29.94,
data/raw/Echoes/Echoes/TTA/musicgen/First_Glance_Oh_Yeah_the_Future_musicgen_TTA_001.wav,True,29.94,
data/raw/Echoes/Echoes/TTA/musicgen/Five_40_DerbySlow_Whistle_The_Crypts_musicgen_TTA_001.wav,True,29.94,
data/raw/Echoes/Echoes/TTA/musicgen/Flashback_Seclorance_musicgen_TTA_001.wav,True,29.94,
data/raw/Echoes/Echoes/TTA/musicgen/Fleslit_Fleslit_musicgen_TTA_001.wav,True,29.94,
data/raw/Echoes/Echoes/TTA/musicgen/Fly_2_Andre_Jetson_musicgen_TTA_001.wav,True,29.94,
data/raw/Echoes/Echoes/TTA/musicgen/Food_and_War_Ergo_Phizmiz_musicgen_TTA_001.wav,True,29.94,
data/raw/Echoes/Echoes/TTA/musicgen/Forest_Silence_Serpentarivm_musicgen_TTA_001.wav,True,29.94,
data/raw/Echoes/Echoes/TTA/musicgen/Formic_Acid_for_Blood_Punk_Rock_Opera_musicgen_TTA_001.wav,True,29.94,
data/raw/Echoes/Echoes/TTA/musicgen/Four_and_a_Half_Tatami_Nihilore_musicgen_TTA_001.wav,True,29.94,
data/raw/Echoes/Echoes/TTA/musicgen/Fridge_Railkid_Station_musicgen_TTA_001.wav,True,29.94,
data/raw/Echoes/Echoes/TTA/musicgen/Fuckaboing_RoccoW_musicgen_TTA_001.wav,True,29.94,
data/raw/Echoes/Echoes/TTA/musicgen/Gila_Monster_FlopMusic_History_LessonThe_Sonics_The_Crypts_musicgen_TTA_001.wav,True,29.94,
data/raw/Echoes/Echoes/TTA/musicgen/Gloomy_Sunday_AmortE_musicgen_TTA_001.wav,True,29.94,
data/raw/Echoes/Echoes/TTA/musicgen/gospellioza_Katapulto_musicgen_TTA_001.wav,True,29.94,
data/raw/Echoes/Echoes/TTA/musicgen/Go_On_Then_Jim_Rooster_musicgen_TTA_001.wav,True,29.94,
data/raw/Echoes/Echoes/TTA/musicgen/Hahaha_The_Moi_Non_Plus_musicgen_TTA_001.wav,True,29.94,
data/raw/Echoes/Echoes/TTA/musicgen/Half_a_Doubt_Droopies_musicgen_TTA_001.wav,True,29.94,
data/raw/Echoes/Echoes/TTA/musicgen/Hammer_and_a_Nail_Vienna_Ditto_musicgen_TTA_001.wav,True,29.94,
data/raw/Echoes/Echoes/TTA/musicgen/Happy_Lamprey_musicgen_TTA_001.wav,True,29.94,
data/raw/Echoes/Echoes/TTA/musicgen/Head_of_Ancante_Talking_Tree_Akchamel_The_Giver_of_Illness_musicgen_TTA_001.wav,True,29.94,
data/raw/Echoes/Echoes/TTA/musicgen/Hisko_Detria_Hisko_Detria_musicgen_TTA_001.wav,True,29.94,
data/raw/Echoes/Echoes/TTA/musicgen/Hungry_Oh_Yeah_the_Future_musicgen_TTA_001.wav,True,29.94,
data/raw/Echoes/Echoes/TTA/musicgen/If_Youre_Ther_Nicola_Ratti_musicgen_TTA_001.wav,True,29.94,
data/raw/Echoes/Echoes/TTA/musicgen/Improvisation_Broken_Chord_musicgen_TTA_001.wav,True,29.94,
data/raw/Echoes/Echoes/TTA/musicgen/Infinite_Light_Pipe_Choir_musicgen_TTA_001.wav,True,29.94,
data/raw/Echoes/Echoes/TTA/musicgen/Insectlaration_of_Independence_Punk_Rock_Opera_musicgen_TTA_001.wav,True,29.94,
data/raw/Echoes/Echoes/TTA/musicgen/Introduction_beats_Itsenssyjt_musicgen_TTA_001.wav,True,29.94,
data/raw/Echoes/Echoes/TTA/musicgen/Invaders_From_Within_Monroeville_Music_Center_musicgen_TTA_001.wav,True,29.94,
data/raw/Echoes/Echoes/TTA/musicgen/It_Cant_Be_Bargained_With_Three_Chain_Links_musicgen_TTA_001.wav,True,29.94,
data/raw/Echoes/Echoes/TTA/musicgen/I_Can_See_Everything_Mod_Fun_musicgen_TTA_001.wav,True,29.94,
data/raw/Echoes/Echoes/TTA/musicgen/I_Close_My_Eyes_Miss_Derringer_musicgen_TTA_001.wav,True,29.94,
data/raw/Echoes/Echoes/TTA/musicgen/I_Dream_So_Vividly_Uninhabitable_Mansions_musicgen_TTA_001.wav,True,29.94,
data/raw/Echoes/Echoes/TTA/musicgen/I_Fell_Mod_Fun_musicgen_TTA_001.wav,True,29.94,
data/raw/Echoes/Echoes/TTA/musicgen/I_Inflammator_musicgen_TTA_001.wav,True,29.94,
data/raw/Echoes/Echoes/TTA/musicgen/I_Know_His_Blood_Vienna_Ditto_musicgen_TTA_001.wav,True,29.94,
data/raw/Echoes/Echoes/TTA/musicgen/Im_gonna_try_to_reach_Los_Llamarada_musicgen_TTA_001.wav,True,29.94,
data/raw/Echoes/Echoes/TTA/musicgen/I_Nocturnal_Mayhem_musicgen_TTA_001.wav,True,29.94,
data/raw/Echoes/Echoes/TTA/musicgen/I_Think_From_Now_On_Caleb_Lemond_musicgen_TTA_001.wav,True,29.94,
data/raw/Echoes/Echoes/TTA/musicgen/Jangus_inspired_by_ToeJam_and_Earl_UncleBibby_musicgen_TTA_001.wav,True,29.94,
data/raw/Echoes/Echoes/TTA/musicgen/Johnny_I_Lie_The_Moi_Non_Plus_musicgen_TTA_001.wav,True,29.94,
data/raw/Echoes/Echoes/TTA/musicgen/John_the_Baby_Ergo_Phizmiz_musicgen_TTA_001.wav,True,29.94,
data/raw/Echoes/Echoes/TTA/musicgen/karaoke_megablast_Katapulto_musicgen_TTA_001.wav,True,29.94,
data/raw/Echoes/Echoes/TTA/musicgen/Key_trick_Krisa_musicgen_TTA_001.wav,True,29.94,
data/raw/Echoes/Echoes/TTA/musicgen/Killing_Bosses_Gumbel_musicgen_TTA_001.wav,True,29.94,
data/raw/Echoes/Echoes/TTA/musicgen/Kissing_Scars_Caleb_Lemond_musicgen_TTA_001.wav,True,29.94,
data/raw/Echoes/Echoes/TTA/musicgen/KISS_my_Boots_The_Zombie_Dandies_musicgen_TTA_001.wav,True,29.94,
data/raw/Echoes/Echoes/TTA/musicgen/kolorowe_wody_Katapulto_musicgen_TTA_001.wav,True,29.94,
data/raw/Echoes/Echoes/TTA/musicgen/KOMFORT_voyageurs_musicgen_TTA_001.wav,True,29.94,
data/raw/Echoes/Echoes/TTA/musicgen/Kumorizoranohajimarutokoro_Hosomi_musicgen_TTA_001.wav,True,29.94,
data/raw/Echoes/Echoes/TTA/musicgen/Lackadaisical_Oh_Yeah_the_Future_musicgen_TTA_001.wav,True,29.94,
data/raw/Echoes/Echoes/TTA/musicgen/Lady_Love_Parsley_Flakes_musicgen_TTA_001.wav,True,29.94,
data/raw/Echoes/Echoes/TTA/musicgen/Laika_NGC_1365_musicgen_TTA_001.wav,True,29.94,
data/raw/Echoes/Echoes/TTA/musicgen/La_Nina_Blanca_Vienna_Ditto_musicgen_TTA_001.wav,True,29.94,
data/raw/Echoes/Echoes/TTA/musicgen/Leaving_Here_Mod_Fun_musicgen_TTA_001.wav,True,29.94,
data/raw/Echoes/Echoes/TTA/musicgen/Lets_Start_Out_Slow_RoccoW_musicgen_TTA_001.wav,True,29.94,
data/raw/Echoes/Echoes/TTA/musicgen/Lets_the_kids_play_Malaventura_musicgen_TTA_001.wav,True,29.94,
data/raw/Echoes/Echoes/TTA/musicgen/Let_Youre_Body_Move_D_SMILEZ_musicgen_TTA_001.wav,True,29.94,
data/raw/Echoes/Echoes/TTA/musicgen/Liar_Liar_Quietly_Vienna_Ditto_musicgen_TTA_001.wav,True,29.94,
data/raw/Echoes/Echoes/TTA/musicgen/Liberation_is_not_Easy_Frigg_A_Go_Go_FAGG_musicgen_TTA_001.wav,True,29.94,
data/raw/Echoes/Echoes/TTA/musicgen/Liberosis_Nihilore_musicgen_TTA_001.wav,True,29.94,
data/raw/Echoes/Echoes/TTA/musicgen/Lights_Up_Pipe_Choir_musicgen_TTA_001.wav,True,29.94,
data/raw/Echoes/Echoes/TTA/musicgen/LIQUID_SKULLS_voyageurs_musicgen_TTA_001.wav,True,29.94,
data/raw/Echoes/Echoes/TTA/musicgen/Little_Fingers_Vienna_Ditto_musicgen_TTA_001.wav,True,29.94,
data/raw/Echoes/Echoes/TTA/musicgen/Lost_In_The_Music_DSmilez_Mix_D_SMILEZ_musicgen_TTA_001.wav,True,29.94,
data/raw/Echoes/Echoes/TTA/musicgen/Lost_Paradise_Autumn_Interlude_musicgen_TTA_001.wav,True,29.94,
data/raw/Echoes/Echoes/TTA/musicgen/Lovedreams_Oh_Yeah_the_Future_musicgen_TTA_001.wav,True,29.94,
data/raw/Echoes/Echoes/TTA/musicgen/Loved_Ones_Rowan_Box_musicgen_TTA_001.wav,True,29.94,
data/raw/Echoes/Echoes/TTA/musicgen/Love_Dream_The_Zombie_Dandies_musicgen_TTA_001.wav,True,29.94,
data/raw/Echoes/Echoes/TTA/musicgen/Larbre_Salmo_musicgen_TTA_001.wav,True,29.94,
data/raw/Echoes/Echoes/TTA/musicgen/Mandrill_Ergo_Phizmiz_musicgen_TTA_001.wav,True,29.94,
data/raw/Echoes/Echoes/TTA/musicgen/March_of_the_GPA_Mechanics_tghost_musicgen_TTA_001.wav,True,29.94,
data/raw/Echoes/Echoes/TTA/musicgen/mc_trabalenguas_Volumina_musicgen_TTA_001.wav,True,29.94,
data/raw/Echoes/Echoes/TTA/musicgen/Mettle_Pipe_Choir_musicgen_TTA_001.wav,True,29.94,
data/raw/Echoes/Echoes/TTA/musicgen/Millitary_Industrial_Complex_Punk_Rock_Opera_musicgen_TTA_001.wav,True,29.94,
data/raw/Echoes/Echoes/TTA/musicgen/Moja_Krypta_AmortE_musicgen_TTA_001.wav,True,29.94,
data/raw/Echoes/Echoes/TTA/musicgen/Monkeystage_Ergo_Phizmiz_musicgen_TTA_001.wav,True,29.94,
data/raw/Echoes/Echoes/TTA/musicgen/Moontime_The_IMG_musicgen_TTA_001.wav,True,29.94,
data/raw/Echoes/Echoes/TTA/musicgen/Morning_Bell_Nihilore_musicgen_TTA_001.wav,True,29.94,
data/raw/Echoes/Echoes/TTA/musicgen/Mosque_Sarin_musicgen_TTA_001.wav,True,29.94,
data/raw/Echoes/Echoes/TTA/musicgen/Motocross_Mania_Monroeville_Music_Center_musicgen_TTA_001.wav,True,29.94,
data/raw/Echoes/Echoes/TTA/musicgen/Mountain_Mist_Modey_Lemon_musicgen_TTA_001.wav,True,29.94,
data/raw/Echoes/Echoes/TTA/musicgen/Music_For_an_Underground_Circu_Ergo_Phizmiz_musicgen_TTA_001.wav,True,29.94,
data/raw/Echoes/Echoes/TTA/musicgen/mystery_team_2090_Jesse_Futerman_musicgen_TTA_001.wav,True,29.94,
data/raw/Echoes/Echoes/TTA/musicgen/My_Body_Is_A_Weapon_Compromise_Edit_Silence_is_full_of_birds_musicgen_TTA_001.wav,True,29.94,
data/raw/Echoes/Echoes/TTA/musicgen/Natron_Queen_AmortE_musicgen_TTA_001.wav,True,29.94,
data/raw/Echoes/Echoes/TTA/musicgen/Nature_Is_Over_Defined_Bird_Names_musicgen_TTA_001.wav,True,29.94,
data/raw/Echoes/Echoes/TTA/musicgen/New_Brave_Face_Oh_Yeah_the_Future_musicgen_TTA_001.wav,True,29.94,
data/raw/Echoes/Echoes/TTA/musicgen/New_Life_take_1_Bird_Names_musicgen_TTA_001.wav,True,29.94,
data/raw/Echoes/Echoes/TTA/musicgen/Niche_Dreams_Square_People_musicgen_TTA_001.wav,True,29.94,
data/raw/Echoes/Echoes/TTA/musicgen/Night_Drive_Decktonic_musicgen_TTA_001.wav,True,29.94,
data/raw/Echoes/Echoes/TTA/musicgen/Night_Owl_Broke_For_Free_musicgen_TTA_001.wav,True,29.94,
data/raw/Echoes/Echoes/TTA/musicgen/Noam_Chomskys_Corporate_Carbohydrate_Surprise_Quelle_Fromage_musicgen_TTA_001.wav,True,29.94,
data/raw/Echoes/Echoes/TTA/musicgen/Norweigian_Wood_II_Bird_Names_musicgen_TTA_001.wav,True,29.94,
data/raw/Echoes/Echoes/TTA/musicgen/Nose_DUSTdevils_musicgen_TTA_001.wav,True,29.94,
data/raw/Echoes/Echoes/TTA/musicgen/Nostalgia_Malaventura_musicgen_TTA_001.wav,True,29.94,
data/raw/Echoes/Echoes/TTA/musicgen/November_25_2007_Kenneth_Kirschner_musicgen_TTA_001.wav,True,29.94,
data/raw/Echoes/Echoes/TTA/musicgen/Nuo_Maisemat_Paavoharju_musicgen_TTA_001.wav,True,29.94,
data/raw/Echoes/Echoes/TTA/musicgen/Ohtli_Seclorance_musicgen_TTA_001.wav,True,29.94,
data/raw/Echoes/Echoes/TTA/musicgen/Okiirobo_Navigation_System_Henry_Homesweet_musicgen_TTA_001.wav,True,29.94,
data/raw/Echoes/Echoes/TTA/musicgen/One_Eyed_GhostThis_is_gonna_be_a_rough_show_The_Crypts_musicgen_TTA_001.wav,True,29.94,
data/raw/Echoes/Echoes/TTA/musicgen/Only_Instrumental_Broke_For_Free_musicgen_TTA_001.wav,True,29.94,
data/raw/Echoes/Echoes/TTA/musicgen/On_My_Mind_Ergo_Phizmiz_musicgen_TTA_001.wav,True,29.94,
data/raw/Echoes/Echoes/TTA/musicgen/OOOTHERSIDE_Liquid_Paper_Mike_B_Fort_musicgen_TTA_001.wav,True,29.94,
data/raw/Echoes/Echoes/TTA/musicgen/OOOTHERSIDE_This_Time_Mike_B_Fort_musicgen_TTA_001.wav,True,29.94,
data/raw/Echoes/Echoes/TTA/musicgen/OST_04_Ship_under_attack_sawsquarenoise_musicgen_TTA_001.wav,True,29.94,
data/raw/Echoes/Echoes/TTA/musicgen/Outro_Caleb_Lemond_musicgen_TTA_001.wav,True,29.94,
data/raw/Echoes/Echoes/TTA/musicgen/Paris_Fleslit_musicgen_TTA_001.wav,True,29.94,
data/raw/Echoes/Echoes/TTA/musicgen/philcollins_takes_your_hand_Katapulto_musicgen_TTA_001.wav,True,29.94,
data/raw/Echoes/Echoes/TTA/musicgen/Pista_Afuera_Epstein_musicgen_TTA_001.wav,True,29.94,
data/raw/Echoes/Echoes/TTA/musicgen/Polinesia_Malaventura_musicgen_TTA_001.wav,True,29.94,
data/raw/Echoes/Echoes/TTA/musicgen/Ponky_McFonky_My_brother_Daniel_musicgen_TTA_001.wav,True,29.94,
data/raw/Echoes/Echoes/TTA/musicgen/Production_Bird_Names_musicgen_TTA_001.wav,True,29.94,
data/raw/Echoes/Echoes/TTA/musicgen/Promo_Mix_Vocal_Edit_Luv_Dub_Mix_Pierlo_musicgen_TTA_001.wav,True,29.94,
data/raw/Echoes/Echoes/TTA/musicgen/Puertas_de_Fuego_Guerra_de_Cerdos_musicgen_TTA_001.wav,True,29.94,
data/raw/Echoes/Echoes/TTA/musicgen/purity_danger_Katapulto_musicgen_TTA_001.wav,True,29.94,
data/raw/Echoes/Echoes/TTA/musicgen/Reagan_Shut_Down_the_Asylums_Punk_Rock_Opera_musicgen_TTA_001.wav,True,29.94,
data/raw/Echoes/Echoes/TTA/musicgen/Realize_Me_Jim_Rooster_musicgen_TTA_001.wav,True,29.94,
data/raw/Echoes/Echoes/TTA/musicgen/Redlight_Room_For_A_Ghost_musicgen_TTA_001.wav,True,29.94,
data/raw/Echoes/Echoes/TTA/musicgen/Resistentialism_Nihilore_musicgen_TTA_001.wav,True,29.94,
data/raw/Echoes/Echoes/TTA/musicgen/RoachMan_Punk_Rock_Opera_musicgen_TTA_001.wav,True,29.94,
data/raw/Echoes/Echoes/TTA/musicgen/Robocall_Legally_Blind_musicgen_TTA_001.wav,True,29.94,
data/raw/Echoes/Echoes/TTA/musicgen/Robot_Heart_Mystery_Mammal_musicgen_TTA_001.wav,True,29.94,
data/raw/Echoes/Echoes/TTA/musicgen/Roland_Garros_2048_Zoliborz_musicgen_TTA_001.wav,True,29.94,
data/raw/Echoes/Echoes/TTA/musicgen/Roller_Star_Monroeville_Music_Center_musicgen_TTA_001.wav,True,29.94,
data/raw/Echoes/Echoes/TTA/musicgen/Rolling_On_Avaren_musicgen_TTA_001.wav,True,29.94,
data/raw/Echoes/Echoes/TTA/musicgen/Roundtrip_Oh_Yeah_the_Future_musicgen_TTA_001.wav,True,29.94,
data/raw/Echoes/Echoes/TTA/musicgen/Rumble_Railkid_Station_musicgen_TTA_001.wav,True,29.94,
data/raw/Echoes/Echoes/TTA/musicgen/Running_Free_Michett_featuring_Kalipluche_musicgen_TTA_001.wav,True,29.94,
data/raw/Echoes/Echoes/TTA/musicgen/Scape_from_the_city_Rolemusic_musicgen_TTA_001.wav,True,29.94,
data/raw/Echoes/Echoes/TTA/musicgen/Scramby_Eggs_Andy_G_Cohen_musicgen_TTA_001.wav,True,29.94,
data/raw/Echoes/Echoes/TTA/musicgen/SD_Ill_Mix_HLR_musicgen_TTA_001.wav,True,29.94,
data/raw/Echoes/Echoes/TTA/musicgen/Sea_Monster_The_Crypts_musicgen_TTA_001.wav,True,29.94,
data/raw/Echoes/Echoes/TTA/musicgen/Seppuku_Bot_Decktonic_musicgen_TTA_001.wav,True,29.94,
data/raw/Echoes/Echoes/TTA/musicgen/Set_Fire_to_Creation_Nihilore_musicgen_TTA_001.wav,True,29.94,
data/raw/Echoes/Echoes/TTA/musicgen/Sfogare_Il_Dissenso_Deiezione_HC_musicgen_TTA_001.wav,True,29.94,
data/raw/Echoes/Echoes/TTA/musicgen/Shadow_Government_Bird_Names_musicgen_TTA_001.wav,True,29.94,
data/raw/Echoes/Echoes/TTA/musicgen/Sheffield_Hall_Andy_G_Cohen_musicgen_TTA_001.wav,True,29.94,
data/raw/Echoes/Echoes/TTA/musicgen/She_Works_Tepid_Waters_Bird_Names_musicgen_TTA_001.wav,True,29.94,
data/raw/Echoes/Echoes/TTA/musicgen/Shipwrecked_Crew_Pete_Prodoehl_musicgen_TTA_001.wav,True,29.94,
data/raw/Echoes/Echoes/TTA/musicgen/shmoove_epsilon_not_musicgen_TTA_001.wav,True,29.94,
data/raw/Echoes/Echoes/TTA/musicgen/Slot_Neotnas_musicgen_TTA_001.wav,True,29.94,
data/raw/Echoes/Echoes/TTA/musicgen/Slow_and_Steady_Caleb_Lemond_musicgen_TTA_001.wav,True,29.94,
data/raw/Echoes/Echoes/TTA/musicgen/Snakefirewalking_Los_Llamarada_musicgen_TTA_001.wav,True,29.94,
data/raw/Echoes/Echoes/TTA/musicgen/Snowday_Oh_Yeah_the_Future_musicgen_TTA_001.wav,True,29.94,
data/raw/Echoes/Echoes/TTA/musicgen/Solearesbeats_Malaventura_musicgen_TTA_001.wav,True,29.94,
data/raw/Echoes/Echoes/TTA/musicgen/Something_Dirty_Ergo_Phizmiz_musicgen_TTA_001.wav,True,29.94,
data/raw/Echoes/Echoes/TTA/musicgen/some_dextromethorphan_Jeva_musicgen_TTA_001.wav,True,29.94,
data/raw/Echoes/Echoes/TTA/musicgen/Sonzis_FM_Pipe_Choir_musicgen_TTA_001.wav,True,29.94,
data/raw/Echoes/Echoes/TTA/musicgen/Soul_of_the_Demon_Zombie_Raiders_musicgen_TTA_001.wav,True,29.94,
data/raw/Echoes/Echoes/TTA/musicgen/Space_is_my_pace_Malaventura_musicgen_TTA_001.wav,True,29.94,
data/raw/Echoes/Echoes/TTA/musicgen/Spanish_BEEEYYAAACHHH_Malaventura_musicgen_TTA_001.wav,True,29.94,
data/raw/Echoes/Echoes/TTA/musicgen/Stockholm_Syndrome_People_Should_Be_More_Aware_Bird_Names_musicgen_TTA_001.wav,True,29.94,
data/raw/Echoes/Echoes/TTA/musicgen/Stranger_Frigg_A_Go_Go_FAGG_musicgen_TTA_001.wav,True,29.94,
data/raw/Echoes/Echoes/TTA/musicgen/Straw_Fields_Rolemusic_musicgen_TTA_001.wav,True,29.94,
data/raw/Echoes/Echoes/TTA/musicgen/Strongbreeze_Rowan_Box_musicgen_TTA_001.wav,True,29.94,
data/raw/Echoes/Echoes/TTA/musicgen/Sturgeons_Law_Nihilore_musicgen_TTA_001.wav,True,29.94,
data/raw/Echoes/Echoes/TTA/musicgen/Stuttgart_Portrayal_musicgen_TTA_001.wav,True,29.94,
data/raw/Echoes/Echoes/TTA/musicgen/Support_Me_in_This_Moment_That_Im_About_To_Lose_Heart_Nihilore_musicgen_TTA_001.wav,True,29.94,
data/raw/Echoes/Echoes/TTA/musicgen/Take_It_All_Mod_Fun_musicgen_TTA_001.wav,True,29.94,
data/raw/Echoes/Echoes/TTA/musicgen/Take_Your_Fingers_Michael_Fakesch_musicgen_TTA_001.wav,True,29.94,
data/raw/Echoes/Echoes/TTA/musicgen/Tapes_Gumbel_musicgen_TTA_001.wav,True,29.94,
data/raw/Echoes/Echoes/TTA/musicgen/Tartu_Thn_Hetkeen_Paavoharju_musicgen_TTA_001.wav,True,29.94,
data/raw/Echoes/Echoes/TTA/musicgen/Terve_Teille_musicgen_TTA_001.wav,True,29.94,
data/raw/Echoes/Echoes/TTA/musicgen/The_Adventures_Of_Roderick_Random_Maps_And_Diagrams_musicgen_TTA_001.wav,True,29.94,
data/raw/Echoes/Echoes/TTA/musicgen/The_Big_House_Jason_Shaw_musicgen_TTA_001.wav,True,29.94,
data/raw/Echoes/Echoes/TTA/musicgen/The_Boss_Multifaros_musicgen_TTA_001.wav,True,29.94,
data/raw/Echoes/Echoes/TTA/musicgen/The_Cave_of_Time_Monroeville_Music_Center_musicgen_TTA_001.wav,True,29.94,
data/raw/Echoes/Echoes/TTA/musicgen/The_Coldest_Winter_Caleb_Lemond_musicgen_TTA_001.wav,True,29.94,
data/raw/Echoes/Echoes/TTA/musicgen/The_Contract_The_IMG_musicgen_TTA_001.wav,True,29.94,
data/raw/Echoes/Echoes/TTA/musicgen/The_Courtyard_Uncle_Bibby_musicgen_TTA_001.wav,True,29.94,
data/raw/Echoes/Echoes/TTA/musicgen/The_Dawn_The_One_They_Fear_musicgen_TTA_001.wav,True,29.94,
data/raw/Echoes/Echoes/TTA/musicgen/The_Dream_and_the_Dreamer_Caleb_Lemond_musicgen_TTA_001.wav,True,29.94,
data/raw/Echoes/Echoes/TTA/musicgen/The_Factory_Multifaros_musicgen_TTA_001.wav,True,29.94,
data/raw/Echoes/Echoes/TTA/musicgen/The_Front_Yard_HarleyLikesMusic_musicgen_TTA_001.wav,True,29.94,
data/raw/Echoes/Echoes/TTA/musicgen/The_girl_just_faded_Los_Llamarada_musicgen_TTA_001.wav,True,29.94,
data/raw/Echoes/Echoes/TTA/musicgen/The_Monster_MashYa_Look_Fantastic_The_Crypts_musicgen_TTA_001.wav,True,29.94,
data/raw/Echoes/Echoes/TTA/musicgen/The_plot_Malaventura_musicgen_TTA_001.wav,True,29.94,
data/raw/Echoes/Echoes/TTA/musicgen/The_Pursuit_of_Unintentional_Humor_Oh_Yeah_the_Future_musicgen_TTA_001.wav,True,29.94,
data/raw/Echoes/Echoes/TTA/musicgen/The_Queen_Malaventura_musicgen_TTA_001.wav,True,29.94,
data/raw/Echoes/Echoes/TTA/musicgen/The_Race_Forever_Monroeville_Music_Center_musicgen_TTA_001.wav,True,29.94,
data/raw/Echoes/Echoes/TTA/musicgen/The_Reality_Machine_Monroeville_Music_Center_musicgen_TTA_001.wav,True,29.94,
data/raw/Echoes/Echoes/TTA/musicgen/The_Sandman_Ergo_Phizmiz_musicgen_TTA_001.wav,True,29.94,
data/raw/Echoes/Echoes/TTA/musicgen/The_Secret_Garden_Barbarix_musicgen_TTA_001.wav,True,29.94,
data/raw/Echoes/Echoes/TTA/musicgen/The_Stairway_WarpToken_musicgen_TTA_001.wav,True,29.94,
data/raw/Echoes/Echoes/TTA/musicgen/Three_Bird_My_brother_Daniel_musicgen_TTA_001.wav,True,29.94,
data/raw/Echoes/Echoes/TTA/musicgen/Timen_Passing_By_Jason_Shaw_musicgen_TTA_001.wav,True,29.94,
data/raw/Echoes/Echoes/TTA/musicgen/Time_Is_Love_Silence_is_full_of_birds_musicgen_TTA_001.wav,True,29.94,
data/raw/Echoes/Echoes/TTA/musicgen/Time_Up_ENDRUDARK_musicgen_TTA_001.wav,True,29.94,
data/raw/Echoes/Echoes/TTA/musicgen/Topam_Twin_Heads_musicgen_TTA_001.wav,True,29.94,
data/raw/Echoes/Echoes/TTA/musicgen/Track_04_Lightning_Bolt_musicgen_TTA_001.wav,True,29.94,
data/raw/Echoes/Echoes/TTA/musicgen/Transmit_Lamprey_musicgen_TTA_001.wav,True,29.94,
data/raw/Echoes/Echoes/TTA/musicgen/Troubles_Ive_seen_Malaventura_musicgen_TTA_001.wav,True,29.94,
data/raw/Echoes/Echoes/TTA/musicgen/TTL_Twin_Heads_musicgen_TTA_001.wav,True,29.94,
data/raw/Echoes/Echoes/TTA/musicgen/Ugh_Humans_Can_Join_Mystery_Mammal_musicgen_TTA_001.wav,True,29.94,
data/raw/Echoes/Echoes/TTA/musicgen/Ugly_Vienna_Ditto_musicgen_TTA_001.wav,True,29.94,
data/raw/Echoes/Echoes/TTA/musicgen/Understand_That_This_Is_A_Dream_From_the_album_Modulating_Coil_RSVP008_Forrest_James_musicgen_TTA_001.wav,True,29.94,
data/raw/Echoes/Echoes/TTA/musicgen/Unexpected_Little_Happenings_UltraCat_musicgen_TTA_001.wav,True,29.94,
data/raw/Echoes/Echoes/TTA/musicgen/Untitled_Fatal_Injection_musicgen_TTA_001.wav,True,29.94,
data/raw/Echoes/Echoes/TTA/musicgen/Vanishing_Horizon_Jason_Shaw_musicgen_TTA_001.wav,True,29.94,
data/raw/Echoes/Echoes/TTA/musicgen/Versailles_Pierce_Murphy_musicgen_TTA_001.wav,True,29.94,
data/raw/Echoes/Echoes/TTA/musicgen/Voxel_Andy_G_Cohen_musicgen_TTA_001.wav,True,29.94,
data/raw/Echoes/Echoes/TTA/musicgen/Wake_Up_The_Moi_Non_Plus_musicgen_TTA_001.wav,True,29.94,
data/raw/Echoes/Echoes/TTA/musicgen/Westside_Chillers_Little_Glass_Men_musicgen_TTA_001.wav,True,29.94,
data/raw/Echoes/Echoes/TTA/musicgen/WET_DREAMS_voyageurs_musicgen_TTA_001.wav,True,29.94,
data/raw/Echoes/Echoes/TTA/musicgen/We_Are_Canucks_David_Blair_musicgen_TTA_001.wav,True,29.94,
data/raw/Echoes/Echoes/TTA/musicgen/We_Misplaced_A_Cobra_In_the_Uninhabitable_Mansions_Uninhabitable_Mansions_musicgen_TTA_001.wav,True,29.94,
data/raw/Echoes/Echoes/TTA/musicgen/We_Move_in_Waves_Modey_Lemon_musicgen_TTA_001.wav,True,29.94,
data/raw/Echoes/Echoes/TTA/musicgen/When_I_Was_Taller_Dan_Deacon_musicgen_TTA_001.wav,True,29.94,
data/raw/Echoes/Echoes/TTA/musicgen/When_Will_We_Ever_Learn_Ontayso_musicgen_TTA_001.wav,True,29.94,
data/raw/Echoes/Echoes/TTA/musicgen/Where_Is_Everything_The_Moi_Non_Plus_musicgen_TTA_001.wav,True,29.94,
data/raw/Echoes/Echoes/TTA/musicgen/Who_Loves_You_Dear_Mink_Lungs_musicgen_TTA_001.wav,True,29.94,
data/raw/Echoes/Echoes/TTA/musicgen/Windows_of_the_Skull_Alternate_Version_Sarin_musicgen_TTA_001.wav,True,29.94,
data/raw/Echoes/Echoes/TTA/musicgen/Wir_Werden_Gott_Japanische_Kampfhorspiele_musicgen_TTA_001.wav,True,29.94,
data/raw/Echoes/Echoes/TTA/musicgen/With_the_Summer_Oh_Yeah_the_Future_musicgen_TTA_001.wav,True,29.94,
data/raw/Echoes/Echoes/TTA/musicgen/Ynkelig_Die_Morgendammerung_Des_Valhalla_musicgen_TTA_001.wav,True,29.94,
data/raw/Echoes/Echoes/TTA/musicgen/Yoko_live_at_FoEG_Emma_Acs_musicgen_TTA_001.wav,True,29.94,
data/raw/Echoes/Echoes/TTA/musicgen/You_Are_A_Monster_Monroeville_Music_Center_musicgen_TTA_001.wav,True,29.94,
data/raw/Echoes/Echoes/TTA/musicgen/Yurtology_Michett_musicgen_TTA_001.wav,True,29.94,
data/raw/Echoes/Echoes/TTA/musicgen/zero_rhythm_dollar_boy_Katapulto_musicgen_TTA_001.wav,True,29.94,
data/raw/Echoes/Echoes/TTA/musicgen/ZSaber_feat_Jake_Allison_Decktonic_musicgen_TTA_001.wav,True,29.94,
data/raw/Echoes/Echoes/TTA/musicgen/2_musicgen_TTA_001.wav,True,29.94,
data/raw/Echoes/Echoes/TTA/musicgen/Variations_Decktonic_musicgen_TTA_001.wav,True,29.94,
data/raw/Echoes/Echoes/TTA/musicgen/Windows_of_the_Skull_Sarin_musicgen_TTA_001.wav,True,29.94,
data/raw/Echoes/Echoes/TTA/musicgen/Chipho_instrumental_RoccoW_musicgen_TTA_001.wav,True,29.94,
